/*******************************************************************************
 * jp_font_14: 14 px, 4 bpp, 626 glyphs
 * Source: SourceHanSansSC-Regular.otf (Source Han Sans CN Regular)
 * Generated by tools/jp_learner/gen_fonts.py -- do not edit.
 * Font license: SIL Open Font License 1.1 (see assets/fonts/README.md).
 ******************************************************************************/

#include "lvgl.h"

static LV_ATTRIBUTE_LARGE_CONST const uint8_t glyph_bitmap[] = {
    /* U+0020 "\x20" */
    /* U+0021 "!" */
    0x49, 0x06, 0xd0, 0x5d, 0x05, 0xc0, 0x4c, 0x04, 0xb0, 0x3b, 0x02, 0x80, 0x00, 0x06, 0xc0, 0x6d,
    0x10,
    /* U+0022 "\x22" */
    0xb9, 0x0f, 0x5b, 0x80, 0xe5, 0x97, 0x0d, 0x38, 0x60, 0xb2, 0x00, 0x00, 0x00,
    /* U+0023 "#" */
    0x00, 0x56, 0x06, 0x50, 0x00, 0x85, 0x09, 0x30, 0x00, 0xa3, 0x0b, 0x20, 0x2d, 0xfd, 0xdf, 0xd4,
    0x00, 0xc0, 0x0d, 0x00, 0x01, 0xc0, 0x2b, 0x00, 0x6e, 0xed, 0xee, 0xd0, 0x04, 0x80, 0x67, 0x00,
    0x06, 0x60, 0x75, 0x00, 0x08, 0x40, 0x93, 0x00,
    /* U+0024 "$" */
    0x00, 0x08, 0x60, 0x00, 0x01, 0xa6, 0x00, 0x03, 0xec, 0xaa, 0x30, 0xaa, 0x00, 0x31, 0x0b, 0x80,
    0x00, 0x00, 0x5f, 0x60, 0x00, 0x00, 0x5e, 0xc2, 0x00, 0x00, 0x1a, 0xe3, 0x00, 0x00, 0x0a, 0xb0,
    0x00, 0x00, 0x8c, 0x1c, 0x62, 0x4d, 0x70, 0x4b, 0xfe, 0x80, 0x00, 0x08, 0x60, 0x00, 0x00, 0x54,
    0x00,
    /* U+0025 "%" */
    0x06, 0xcc, 0x30, 0x00, 0x67, 0x00, 0x02, 0xd0, 0x3d, 0x00, 0x1c, 0x00, 0x00, 0x69, 0x00, 0xd2,
    0x07, 0x60, 0x00, 0x07, 0x80, 0x0c, 0x21, 0xc0, 0x00, 0x00, 0x5a, 0x00, 0xe1, 0x76, 0x2a, 0xa2,
    0x01, 0xd3, 0x6b, 0x1c, 0x0c, 0x44, 0xd0, 0x03, 0xb9, 0x18, 0x52, 0xc0, 0x0c, 0x30, 0x00, 0x01,
    0xc0, 0x4a, 0x00, 0xa5, 0x00, 0x00, 0x85, 0x03, 0xb0, 0x0a, 0x40, 0x00, 0x2c, 0x00, 0x1d, 0x11,
    0xd1, 0x00, 0x09, 0x40, 0x00, 0x4c, 0xc5, 0x00,
    /* U+0026 "&" */
    0x00, 0x4d, 0xe8, 0x00, 0x00, 0x00, 0xe6, 0x1e, 0x20, 0x00, 0x02, 0xf1, 0x0e, 0x20, 0x00, 0x00,
    0xf3, 0x8b, 0x00, 0x00, 0x00, 0xae, 0xb1, 0x00, 0x00, 0x02, 0xdf, 0x30, 0x03, 0xd0, 0x1e, 0x78,
    0xc1, 0x08, 0xa0, 0x6e, 0x00, 0xbb, 0x2e, 0x30, 0x6d, 0x00, 0x1c, 0xe9, 0x00, 0x2e, 0x71, 0x3b,
    0xee, 0x60, 0x04, 0xce, 0xd8, 0x16, 0xc2,
    /* U+0027 "'" */
    0xb9, 0xb8, 0x97, 0x86, 0x00,
    /* U+0028 "(" */
    0x00, 0x10, 0x01, 0xd0, 0x07, 0x90, 0x0d, 0x20, 0x4c, 0x00, 0x7a, 0x00, 0x98, 0x00, 0xa6, 0x00,
    0xa6, 0x00, 0x98, 0x00, 0x7a, 0x00, 0x3d, 0x00, 0x0c, 0x30, 0x05, 0xa0, 0x00, 0xb0,
    /* U+0029 ")" */
    0x01, 0x00, 0x4a, 0x00, 0x0d, 0x20, 0x07, 0x90, 0x01, 0xe0, 0x00, 0xe3, 0x00, 0xc5, 0x00, 0xa6,
    0x00, 0xa6, 0x00, 0xc5, 0x00, 0xe2, 0x02, 0xe0, 0x08, 0x80, 0x0d, 0x10, 0x39, 0x00,
    /* U+002A "\x2A" */
    0x00, 0x3a, 0x00, 0x09, 0x8d, 0x75, 0x04, 0xdf, 0x81, 0x02, 0xd9, 0x90, 0x02, 0x30, 0x50,
    /* U+002B "+" */
    0x00, 0x00, 0x00, 0x00, 0x00, 0x09, 0x60, 0x00, 0x00, 0x09, 0x60, 0x00, 0x00, 0x09, 0x60, 0x00,
    0x7e, 0xef, 0xee, 0xe3, 0x00, 0x09, 0x60, 0x00, 0x00, 0x09, 0x60, 0x00, 0x00, 0x09, 0x60, 0x00,
    0x00, 0x01, 0x00, 0x00,
    /* U+002C "," */
    0x08, 0x70, 0x0b, 0xf1, 0x01, 0xe0, 0x1a, 0x60, 0x14, 0x00,
    /* U+002D "-" */
    0x5f, 0xff, 0x30,
    /* U+002E "." */
    0xa8, 0xb9,
    /* U+002F "\x2F" */
    0x00, 0x00, 0xc2, 0x00, 0x02, 0xc0, 0x00, 0x06, 0x70, 0x00, 0x0b, 0x30, 0x00, 0x1d, 0x00, 0x00,
    0x59, 0x00, 0x00, 0xa4, 0x00, 0x00, 0xd0, 0x00, 0x04, 0xa0, 0x00, 0x09, 0x50, 0x00, 0x0d, 0x10,
    0x00, 0x3b, 0x00, 0x00, 0x86, 0x00, 0x00, 0x72, 0x00, 0x00,
    /* U+0030 "0" */
    0x00, 0x8d, 0xd5, 0x00, 0x07, 0xd2, 0x4e, 0x40, 0x0d, 0x50, 0x09, 0xa0, 0x2f, 0x10, 0x05, 0xd0,
    0x3f, 0x00, 0x03, 0xf0, 0x4e, 0x00, 0x03, 0xf1, 0x3f, 0x00, 0x03, 0xf0, 0x2f, 0x10, 0x05, 0xd0,
    0x0d, 0x50, 0x09, 0x90, 0x07, 0xd2, 0x4e, 0x30, 0x00, 0x8e, 0xd5, 0x00,
    /* U+0031 "1" */
    0x17, 0xdc, 0x00, 0x38, 0xcc, 0x00, 0x00, 0x7c, 0x00, 0x00, 0x7c, 0x00, 0x00, 0x7c, 0x00, 0x00,
    0x7c, 0x00, 0x00, 0x7c, 0x00, 0x00, 0x7c, 0x00, 0x00, 0x7c, 0x00, 0x11, 0x8c, 0x11, 0xcf, 0xff,
    0xfd,
    /* U+0032 "2" */
    0x04, 0xbe, 0xc5, 0x00, 0x3e, 0x52, 0x7f, 0x30, 0x01, 0x00, 0x0d, 0x70, 0x00, 0x00, 0x0b, 0x80,
    0x00, 0x00, 0x0e, 0x50, 0x00, 0x00, 0x6e, 0x00, 0x00, 0x01, 0xe6, 0x00, 0x00, 0x0b, 0xa0, 0x00,
    0x00, 0xac, 0x10, 0x00, 0x0a, 0xd2, 0x11, 0x10, 0x6f, 0xff, 0xff, 0xf1,
    /* U+0033 "3" */
    0x04, 0xbe, 0xd7, 0x01, 0xd6, 0x26, 0xf5, 0x00, 0x00, 0x0c, 0x80, 0x00, 0x00, 0xc6, 0x00, 0x02,
    0x8d, 0x10, 0x08, 0xfe, 0x30, 0x00, 0x01, 0x5e, 0x60, 0x00, 0x00, 0x7d, 0x01, 0x00, 0x06, 0xd5,
    0xd5, 0x24, 0xd8, 0x06, 0xbe, 0xd8, 0x00,
    /* U+0034 "4" */
    0x00, 0x00, 0xbe, 0x00, 0x00, 0x05, 0xde, 0x00, 0x00, 0x1d, 0x7e, 0x00, 0x00, 0x8a, 0x4e, 0x00,
    0x02, 0xe2, 0x4e, 0x00, 0x0b, 0x70, 0x4e, 0x00, 0x5d, 0x10, 0x4e, 0x00, 0xbf, 0xff, 0xff, 0xf5,
    0x00, 0x00, 0x4e, 0x00, 0x00, 0x00, 0x4e, 0x00, 0x00, 0x00, 0x4e, 0x00,
    /* U+0035 "5" */
    0x08, 0xff, 0xff, 0x80, 0x08, 0xa1, 0x11, 0x10, 0x09, 0x80, 0x00, 0x00, 0x0a, 0x70, 0x00, 0x00,
    0x0b, 0xcd, 0xe8, 0x10, 0x05, 0x40, 0x3e, 0x80, 0x00, 0x00, 0x07, 0xd0, 0x00, 0x00, 0x05, 0xf0,
    0x01, 0x00, 0x08, 0xc0, 0x6c, 0x52, 0x5e, 0x60, 0x06, 0xbe, 0xd6, 0x00,
    /* U+0036 "6" */
    0x00, 0x3b, 0xec, 0x50, 0x03, 0xe6, 0x25, 0x80, 0x0a, 0x80, 0x00, 0x00, 0x0f, 0x30, 0x00, 0x00,
    0x1f, 0x4b, 0xda, 0x10, 0x3f, 0xc3, 0x1b, 0xb0, 0x2f, 0x20, 0x03, 0xf1, 0x0f, 0x30, 0x01, 0xf2,
    0x0b, 0x70, 0x03, 0xf0, 0x04, 0xe3, 0x1b, 0x90, 0x00, 0x5c, 0xe9, 0x10,
    /* U+0037 "7" */
    0x5f, 0xff, 0xff, 0xf1, 0x01, 0x11, 0x19, 0xa0, 0x00, 0x00, 0x2e, 0x20, 0x00, 0x00, 0xa8, 0x00,
    0x00, 0x01, 0xf2, 0x00, 0x00, 0x06, 0xc0, 0x00, 0x00, 0x0a, 0x90, 0x00, 0x00, 0x0d, 0x60, 0x00,
    0x00, 0x0f, 0x40, 0x00, 0x00, 0x2f, 0x30, 0x00, 0x00, 0x3f, 0x20, 0x00,
    /* U+0038 "8" */
    0x01, 0x9e, 0xd8, 0x00, 0x08, 0xc2, 0x2d, 0x70, 0x0c, 0x60, 0x07, 0xb0, 0x0a, 0x80, 0x07, 0x80,
    0x03, 0xe9, 0x3d, 0x30, 0x01, 0xbc, 0xfa, 0x00, 0x0c, 0x60, 0x5e, 0x80, 0x4e, 0x00, 0x04, 0xf0,
    0x4d, 0x00, 0x02, 0xf1, 0x1d, 0x70, 0x1a, 0xb0, 0x02, 0xbe, 0xe9, 0x10,
    /* U+0039 "9" */
    0x02, 0xbe, 0xc3, 0x00, 0xc8, 0x15, 0xe2, 0x3e, 0x00, 0x0a, 0x85, 0xd0, 0x00, 0x5c, 0x4f, 0x10,
    0x05, 0xe1, 0xe8, 0x15, 0xdf, 0x03, 0xcd, 0xa6, 0xd0, 0x00, 0x00, 0x7b, 0x00, 0x00, 0x0c, 0x60,
    0x94, 0x29, 0xd1, 0x07, 0xde, 0xa2, 0x00,
    /* U+003A ":" */
    0xa8, 0xb9, 0x00, 0x00, 0x00, 0x00, 0xa8, 0xb9,
    /* U+003B ";" */
    0x0b, 0x90, 0x0a, 0x90, 0x00, 0x00, 0x00, 0x00, 0x00, 0x00, 0x08, 0x70, 0x0b, 0xf1, 0x01, 0xe0,
    0x1a, 0x60, 0x14, 0x00,
    /* U+003C "<" */
    0x00, 0x00, 0x00, 0x11, 0x00, 0x00, 0x39, 0xe3, 0x01, 0x6c, 0xd7, 0x20, 0x5e, 0x93, 0x00, 0x00,
    0x3b, 0xd7, 0x20, 0x00, 0x00, 0x28, 0xdb, 0x61, 0x00, 0x00, 0x05, 0xb4,
    /* U+003D "=" */
    0x7e, 0xee, 0xee, 0xe4, 0x00, 0x00, 0x00, 0x00, 0x00, 0x00, 0x00, 0x00, 0x7e, 0xee, 0xee, 0xe3,
    /* U+003E ">" */
    0x10, 0x00, 0x00, 0x00, 0x6d, 0x82, 0x00, 0x00, 0x03, 0x8e, 0xb5, 0x00, 0x00, 0x00, 0x4a, 0xe3,
    0x00, 0x03, 0x9d, 0xa2, 0x17, 0xdc, 0x71, 0x00, 0x69, 0x30, 0x00, 0x00,
    /* U+003F "?" */
    0x06, 0xce, 0xb1, 0x2b, 0x43, 0xca, 0x00, 0x00, 0x7d, 0x00, 0x00, 0xa9, 0x00, 0x04, 0xe2, 0x00,
    0x1d, 0x60, 0x00, 0x6d, 0x00, 0x00, 0x57, 0x00, 0x00, 0x00, 0x00, 0x00, 0x8b, 0x00, 0x00, 0x9c,
    0x00,
    /* U+0040 "@" */
    0x00, 0x00, 0x5a, 0xcd, 0xc8, 0x10, 0x00, 0x01, 0xba, 0x30, 0x01, 0x6d, 0x30, 0x00, 0xb6, 0x00,
    0x00, 0x00, 0x4c, 0x00, 0x7a, 0x00, 0x6c, 0xa9, 0x10, 0xb3, 0x0d, 0x20, 0x6c, 0x25, 0xe0, 0x08,
    0x52, 0xe0, 0x0d, 0x30, 0x4b, 0x00, 0x85, 0x3c, 0x01, 0xe0, 0x06, 0x90, 0x0b, 0x21, 0xd0, 0x0f,
    0x31, 0xca, 0x06, 0xa0, 0x0d, 0x20, 0x6e, 0xb3, 0xbd, 0x91, 0x00, 0x6b, 0x00, 0x00, 0x00, 0x00,
    0x00, 0x00, 0xab, 0x30, 0x00, 0x50, 0x00, 0x00, 0x00, 0x4b, 0xdd, 0xc8, 0x10, 0x00,
    /* U+0041 "A" */
    0x00, 0x0a, 0xf2, 0x00, 0x00, 0x00, 0xeb, 0x70, 0x00, 0x00, 0x4c, 0x6b, 0x00, 0x00, 0x09, 0x92,
    0xf1, 0x00, 0x00, 0xd5, 0x0d, 0x60, 0x00, 0x3f, 0x10, 0x9b, 0x00, 0x08, 0xc0, 0x05, 0xf1, 0x00,
    0xdf, 0xff, 0xff, 0x50, 0x2f, 0x30, 0x00, 0xba, 0x07, 0xd0, 0x00, 0x06, 0xe0, 0xc8, 0x00, 0x00,
    0x1f, 0x40,
    /* U+0042 "B" */
    0x9f, 0xff, 0xd9, 0x10, 0x9b, 0x01, 0x3d, 0xa0, 0x9b, 0x00, 0x06, 0xe0, 0x9b, 0x00, 0x06, 0xc0,
    0x9b, 0x01, 0x4d, 0x60, 0x9f, 0xff, 0xfc, 0x10, 0x9b, 0x00, 0x27, 0xe2, 0x9b, 0x00, 0x00, 0xc7,
    0x9b, 0x00, 0x00, 0xd7, 0x9b, 0x01, 0x29, 0xe2, 0x9f, 0xff, 0xea, 0x30,
    /* U+0043 "C" */
    0x00, 0x08, 0xce, 0xb4, 0x00, 0x1c, 0xd5, 0x37, 0xc0, 0x07, 0xe1, 0x00, 0x00, 0x00, 0xd7, 0x00,
    0x00, 0x00, 0x1f, 0x40, 0x00, 0x00, 0x02, 0xf3, 0x00, 0x00, 0x00, 0x1f, 0x40, 0x00, 0x00, 0x00,
    0xe7, 0x00, 0x00, 0x00, 0x08, 0xe1, 0x00, 0x01, 0x00, 0x1c, 0xc5, 0x36, 0xe2, 0x00, 0x18, 0xde,
    0xb4, 0x00,
    /* U+0044 "D" */
    0x9f, 0xfe, 0xb5, 0x00, 0x9b, 0x13, 0x7f, 0x80, 0x9b, 0x00, 0x05, 0xf2, 0x9b, 0x00, 0x00, 0xc8,
    0x9b, 0x00, 0x00, 0xaa, 0x9b, 0x00, 0x00, 0x8b, 0x9b, 0x00, 0x00, 0xaa, 0x9b, 0x00, 0x00, 0xd8,
    0x9b, 0x00, 0x05, 0xf2, 0x9b, 0x13, 0x7f, 0x80, 0x9f, 0xfe, 0xb5, 0x00,
    /* U+0045 "E" */
    0x9f, 0xff, 0xff, 0x59, 0xb1, 0x11, 0x10, 0x9b, 0x00, 0x00, 0x09, 0xb0, 0x00, 0x00, 0x9b, 0x11,
    0x11, 0x09, 0xff, 0xff, 0x90, 0x9b, 0x00, 0x00, 0x09, 0xb0, 0x00, 0x00, 0x9b, 0x00, 0x00, 0x09,
    0xb1, 0x11, 0x11, 0x9f, 0xff, 0xff, 0x70,
    /* U+0046 "F" */
    0x9f, 0xff, 0xff, 0x59, 0xb1, 0x11, 0x10, 0x9b, 0x00, 0x00, 0x09, 0xb0, 0x00, 0x00, 0x9b, 0x11,
    0x11, 0x09, 0xff, 0xff, 0x90, 0x9b, 0x00, 0x00, 0x09, 0xb0, 0x00, 0x00, 0x9b, 0x00, 0x00, 0x09,
    0xb0, 0x00, 0x00, 0x9b, 0x00, 0x00, 0x00,
    /* U+0047 "G" */
    0x00, 0x08, 0xce, 0xc6, 0x00, 0x1c, 0xd5, 0x35, 0xc3, 0x08, 0xd1, 0x00, 0x00, 0x00, 0xe6, 0x00,
    0x00, 0x00, 0x1f, 0x30, 0x00, 0x00, 0x02, 0xf3, 0x00, 0xbf, 0xf9, 0x0f, 0x40, 0x01, 0x19, 0x90,
    0xd8, 0x00, 0x00, 0x99, 0x06, 0xe2, 0x00, 0x09, 0x90, 0x0c, 0xd6, 0x35, 0xd9, 0x00, 0x08, 0xce,
    0xc8, 0x00,
    /* U+0048 "H" */
    0x9b, 0x00, 0x00, 0x8c, 0x9b, 0x00, 0x00, 0x8c, 0x9b, 0x00, 0x00, 0x8c, 0x9b, 0x00, 0x00, 0x8c,
    0x9b, 0x22, 0x22, 0x9c, 0x9f, 0xff, 0xff, 0xfc, 0x9b, 0x00, 0x00, 0x8c, 0x9b, 0x00, 0x00, 0x8c,
    0x9b, 0x00, 0x00, 0x8c, 0x9b, 0x00, 0x00, 0x8c, 0x9b, 0x00, 0x00, 0x8c,
    /* U+0049 "I" */
    0x9b, 0x9b, 0x9b, 0x9b, 0x9b, 0x9b, 0x9b, 0x9b, 0x9b, 0x9b, 0x9b,
    /* U+004A "J" */
    0x00, 0x00, 0x2f, 0x20, 0x00, 0x02, 0xf2, 0x00, 0x00, 0x2f, 0x20, 0x00, 0x02, 0xf2, 0x00, 0x00,
    0x2f, 0x20, 0x00, 0x02, 0xf2, 0x00, 0x00, 0x2f, 0x20, 0x00, 0x03, 0xf2, 0x01, 0x00, 0x4f, 0x13,
    0xe5, 0x3c, 0xb0, 0x06, 0xce, 0xb2, 0x00,
    /* U+004B "K" */
    0x9b, 0x00, 0x05, 0xe2, 0x9b, 0x00, 0x3e, 0x50, 0x9b, 0x01, 0xd8, 0x00, 0x9b, 0x0a, 0xc0, 0x00,
    0x9b, 0x7f, 0x70, 0x00, 0x9d, 0xfa, 0xe1, 0x00, 0x9f, 0x80, 0xd8, 0x00, 0x9c, 0x00, 0x5e, 0x20,
    0x9b, 0x00, 0x0c, 0x90, 0x9b, 0x00, 0x04, 0xf3, 0x9b, 0x00, 0x00, 0xbb,
    /* U+004C "L" */
    0x9b, 0x00, 0x00, 0x09, 0xb0, 0x00, 0x00, 0x9b, 0x00, 0x00, 0x09, 0xb0, 0x00, 0x00, 0x9b, 0x00,
    0x00, 0x09, 0xb0, 0x00, 0x00, 0x9b, 0x00, 0x00, 0x09, 0xb0, 0x00, 0x00, 0x9b, 0x00, 0x00, 0x09,
    0xb1, 0x11, 0x10, 0x9f, 0xff, 0xff, 0x30,
    /* U+004D "M" */
    0x9f, 0x20, 0x00, 0x0c, 0xe9, 0xe7, 0x00, 0x02, 0xee, 0x9a, 0xc0, 0x00, 0x6a, 0xe9, 0x8e, 0x20,
    0x0b, 0x7e, 0x98, 0x96, 0x01, 0xe4, 0xe9, 0x84, 0xb0, 0x69, 0x4e, 0x98, 0x0e, 0x1b, 0x44, 0xe9,
    0x80, 0x96, 0xd0, 0x4e, 0x98, 0x04, 0xe9, 0x04, 0xe9, 0x80, 0x0e, 0x40, 0x4e, 0x98, 0x00, 0x00,
    0x04, 0xe0,
    /* U+004E "N" */
    0x9e, 0x10, 0x00, 0x8b, 0x9e, 0x80, 0x00, 0x8b, 0x99, 0xe1, 0x00, 0x8b, 0x98, 0x99, 0x00, 0x8b,
    0x99, 0x2e, 0x20, 0x8b, 0x99, 0x08, 0xa0, 0x8b, 0x99, 0x01, 0xe3, 0x7b, 0x99, 0x00, 0x7b, 0x7b,
    0x99, 0x00, 0x1e, 0x9b, 0x99, 0x00, 0x06, 0xeb, 0x99, 0x00, 0x00, 0xdb,
    /* U+004F "O" */
    0x00, 0x19, 0xde, 0xb3, 0x00, 0x01, 0xdc, 0x53, 0x8f, 0x50, 0x08, 0xd1, 0x00, 0x08, 0xd0, 0x0e,
    0x70, 0x00, 0x01, 0xf4, 0x1f, 0x40, 0x00, 0x00, 0xd7, 0x3f, 0x30, 0x00, 0x00, 0xc8, 0x1f, 0x40,
    0x00, 0x00, 0xd6, 0x0e, 0x70, 0x00, 0x01, 0xf4, 0x08, 0xd1, 0x00, 0x08, 0xd0, 0x01, 0xdc, 0x43,
    0x8f, 0x40, 0x00, 0x19, 0xde, 0xb3, 0x00,
    /* U+0050 "P" */
    0x9f, 0xff, 0xd8, 0x10, 0x9b, 0x11, 0x4d, 0xa0, 0x9b, 0x00, 0x04, 0xf0, 0x9b, 0x00, 0x02, 0xf2,
    0x9b, 0x00, 0x05, 0xf0, 0x9b, 0x11, 0x4d, 0x90, 0x9f, 0xff, 0xd8, 0x10, 0x9b, 0x00, 0x00, 0x00,
    0x9b, 0x00, 0x00, 0x00, 0x9b, 0x00, 0x00, 0x00, 0x9b, 0x00, 0x00, 0x00,
    /* U+0051 "Q" */
    0x00, 0x19, 0xde, 0xb3, 0x00, 0x01, 0xdc, 0x53, 0x8f, 0x50, 0x08, 0xd1, 0x00, 0x08, 0xd0, 0x0e,
    0x70, 0x00, 0x01, 0xf4, 0x1f, 0x40, 0x00, 0x00, 0xd7, 0x3f, 0x30, 0x00, 0x00, 0xc8, 0x1f, 0x40,
    0x00, 0x00, 0xd7, 0x0e, 0x70, 0x00, 0x01, 0xf4, 0x08, 0xd0, 0x00, 0x07, 0xd0, 0x01, 0xdb, 0x31,
    0x7f, 0x50, 0x00, 0x1a, 0xef, 0xc4, 0x00, 0x00, 0x00, 0x2e, 0x92, 0x01, 0x00, 0x00, 0x02, 0xaf,
    0xfa, 0x00, 0x00, 0x00, 0x00, 0x10,
    /* U+0052 "R" */
    0x9f, 0xff, 0xea, 0x20, 0x9b, 0x11, 0x3b, 0xc0, 0x9b, 0x00, 0x03, 0xf2, 0x9b, 0x00, 0x03, 0xf2,
    0x9b, 0x00, 0x3b, 0xc0, 0x9f, 0xff, 0xf8, 0x10, 0x9b, 0x14, 0xf3, 0x00, 0x9b, 0x00, 0xbb, 0x00,
    0x9b, 0x00, 0x3f, 0x30, 0x9b, 0x00, 0x0b, 0xb0, 0x9b, 0x00, 0x03, 0xf4,
    /* U+0053 "S" */
    0x00, 0x7d, 0xeb, 0x50, 0x07, 0xe6, 0x36, 0xd2, 0x0c, 0x80, 0x00, 0x00, 0x0b, 0xb0, 0x00, 0x00,
    0x03, 0xed, 0x50, 0x00, 0x00, 0x2a, 0xfd, 0x40, 0x00, 0x00, 0x2a, 0xf5, 0x00, 0x00, 0x00, 0xda,
    0x03, 0x00, 0x00, 0xaa, 0x2e, 0x94, 0x38, 0xf4, 0x02, 0xad, 0xec, 0x50,
    /* U+0054 "T" */
    0x9f, 0xff, 0xff, 0xfe, 0x11, 0x18, 0xd1, 0x11, 0x00, 0x07, 0xd0, 0x00, 0x00, 0x07, 0xd0, 0x00,
    0x00, 0x07, 0xd0, 0x00, 0x00, 0x07, 0xd0, 0x00, 0x00, 0x07, 0xd0, 0x00, 0x00, 0x07, 0xd0, 0x00,
    0x00, 0x07, 0xd0, 0x00, 0x00, 0x07, 0xd0, 0x00, 0x00, 0x07, 0xd0, 0x00,
    /* U+0055 "U" */
    0xaa, 0x00, 0x00, 0x8b, 0xaa, 0x00, 0x00, 0x8b, 0xaa, 0x00, 0x00, 0x8b, 0xaa, 0x00, 0x00, 0x8b,
    0xaa, 0x00, 0x00, 0x8b, 0xaa, 0x00, 0x00, 0x8b, 0x9a, 0x00, 0x00, 0x8b, 0x8c, 0x00, 0x00, 0xa9,
    0x5e, 0x10, 0x00, 0xd6, 0x0d, 0xb3, 0x3a, 0xe1, 0x02, 0xae, 0xeb, 0x20,
    /* U+0056 "V" */
    0xd7, 0x00, 0x00, 0x6d, 0x8b, 0x00, 0x00, 0xa9, 0x4f, 0x10, 0x00, 0xe4, 0x0e, 0x40, 0x04, 0xe0,
    0x0a, 0x80, 0x08, 0xa0, 0x06, 0xc0, 0x0d, 0x60, 0x02, 0xf1, 0x2f, 0x10, 0x00, 0xc5, 0x6c, 0x00,
    0x00, 0x8a, 0xa7, 0x00, 0x00, 0x3e, 0xe3, 0x00, 0x00, 0x0e, 0xd0, 0x00,
    /* U+0057 "W" */
    0x8c, 0x00, 0x08, 0xd0, 0x00, 0x6c, 0x5e, 0x00, 0x0c, 0xf2, 0x00, 0x99, 0x2f, 0x20, 0x1e, 0xa5,
    0x00, 0xc6, 0x0e, 0x40, 0x4b, 0x79, 0x00, 0xf3, 0x0b, 0x70, 0x88, 0x4c, 0x03, 0xf1, 0x09, 0xa0,
    0xb5, 0x1f, 0x15, 0xd0, 0x06, 0xc0, 0xe1, 0x0d, 0x48, 0xa0, 0x03, 0xf3, 0xd0, 0x09, 0x7a, 0x70,
    0x00, 0xf8, 0x90, 0x06, 0xad, 0x40, 0x00, 0xcd, 0x60, 0x02, 0xdf, 0x10, 0x00, 0x9f, 0x20, 0x00,
    0xed, 0x00,
    /* U+0058 "X" */
    0x5f, 0x20, 0x01, 0xe5, 0x0c, 0x90, 0x08, 0xc0, 0x04, 0xf2, 0x1e, 0x40, 0x00, 0xb9, 0x7b, 0x00,
    0x00, 0x3f, 0xe4, 0x00, 0x00, 0x0e, 0xe0, 0x00, 0x00, 0x6c, 0xd6, 0x00, 0x00, 0xd5, 0x6d, 0x00,
    0x07, 0xd0, 0x0d, 0x70, 0x1e, 0x50, 0x06, 0xe1, 0x8d, 0x00, 0x00, 0xd8,
    /* U+0059 "Y" */
    0xc8, 0x00, 0x02, 0xf3, 0x5e, 0x10, 0x08, 0xb0, 0x0d, 0x60, 0x0e, 0x40, 0x06, 0xd0, 0x6c, 0x00,
    0x01, 0xe4, 0xc6, 0x00, 0x00, 0x8d, 0xd0, 0x00, 0x00, 0x1f, 0x70, 0x00, 0x00, 0x0e, 0x50, 0x00,
    0x00, 0x0e, 0x50, 0x00, 0x00, 0x0e, 0x50, 0x00, 0x00, 0x0e, 0x50, 0x00,
    /* U+005A "Z" */
    0x0c, 0xff, 0xff, 0xfa, 0x01, 0x11, 0x14, 0xf4, 0x00, 0x00, 0x0b, 0xa0, 0x00, 0x00, 0x5e, 0x20,
    0x00, 0x01, 0xd7, 0x00, 0x00, 0x08, 0xd1, 0x00, 0x00, 0x2f, 0x50, 0x00, 0x00, 0xab, 0x00, 0x00,
    0x04, 0xf2, 0x00, 0x00, 0x0d, 0x91, 0x11, 0x11, 0x4f, 0xff, 0xff, 0xfc,
    /* U+005B "[" */
    0x8d, 0xb3, 0x86, 0x00, 0x86, 0x00, 0x86, 0x00, 0x86, 0x00, 0x86, 0x00, 0x86, 0x00, 0x86, 0x00,
    0x86, 0x00, 0x86, 0x00, 0x86, 0x00, 0x86, 0x00, 0x86, 0x00, 0x6b, 0xb3,
    /* U+005C "\x5C" */
    0xa4, 0x00, 0x00, 0x59, 0x00, 0x00, 0x1d, 0x00, 0x00, 0x0b, 0x30, 0x00, 0x06, 0x80, 0x00, 0x02,
    0xc0, 0x00, 0x00, 0xc2, 0x00, 0x00, 0x76, 0x00, 0x00, 0x3b, 0x00, 0x00, 0x0d, 0x10, 0x00, 0x09,
    0x50, 0x00, 0x04, 0xa0, 0x00, 0x00, 0xd0, 0x00, 0x00, 0x72,
    /* U+005D "]" */
    0x6b, 0xe4, 0x00, 0xb4, 0x00, 0xb4, 0x00, 0xb4, 0x00, 0xb4, 0x00, 0xb4, 0x00, 0xb4, 0x00, 0xb4,
    0x00, 0xb4, 0x00, 0xb4, 0x00, 0xb4, 0x00, 0xb4, 0x00, 0xb4, 0x6b, 0xb3,
    /* U+005E "^" */
    0x00, 0x02, 0x10, 0x00, 0x00, 0xeb, 0x00, 0x00, 0x5a, 0xd2, 0x00, 0x0b, 0x48, 0x80, 0x02, 0xe0,
    0x2d, 0x00, 0x88, 0x00, 0xc4, 0x0b, 0x30, 0x06, 0x80,
    /* U+005F "_" */
    0xac, 0xcc, 0xcc, 0xc8,
    /* U+0060 "`" */
    0x21, 0x00, 0x8d, 0x10, 0x08, 0xb0, 0x00, 0x52,
    /* U+0061 "a" */
    0x03, 0xad, 0xe9, 0x00, 0x87, 0x24, 0xe6, 0x00, 0x00, 0x0a, 0xa0, 0x03, 0x9b, 0xeb, 0x08, 0xc4,
    0x18, 0xb1, 0xf2, 0x00, 0x8b, 0x1f, 0x61, 0x6e, 0xb0, 0x8f, 0xd9, 0x6b, 0x00, 0x10, 0x00, 0x00,
    /* U+0062 "b" */
    0x43, 0x00, 0x00, 0x0b, 0x80, 0x00, 0x00, 0xb8, 0x00, 0x00, 0x0b, 0x80, 0x00, 0x00, 0xb9, 0x8d,
    0xd7, 0x0b, 0xf7, 0x26, 0xf5, 0xb9, 0x00, 0x09, 0xbb, 0x80, 0x00, 0x6d, 0xb8, 0x00, 0x07, 0xdb,
    0x80, 0x00, 0xba, 0xbd, 0x41, 0x7f, 0x3b, 0x9d, 0xfc, 0x40, 0x00, 0x01, 0x00, 0x00,
    /* U+0063 "c" */
    0x00, 0x6c, 0xeb, 0x30, 0x7e, 0x52, 0x62, 0x0e, 0x60, 0x00, 0x03, 0xf2, 0x00, 0x00, 0x3f, 0x10,
    0x00, 0x01, 0xf5, 0x00, 0x00, 0x08, 0xe5, 0x25, 0x50, 0x07, 0xde, 0xb3,
    /* U+0064 "d" */
    0x00, 0x00, 0x00, 0x52, 0x00, 0x00, 0x00, 0xe6, 0x00, 0x00, 0x00, 0xe6, 0x00, 0x00, 0x00, 0xe6,
    0x00, 0x7d, 0xe8, 0xd6, 0x07, 0xe5, 0x28, 0xf6, 0x0e, 0x60, 0x00, 0xe6, 0x3f, 0x20, 0x00, 0xe6,
    0x3f, 0x10, 0x00, 0xe6, 0x1f, 0x50, 0x00, 0xe6, 0x0b, 0xd2, 0x29, 0xf6, 0x02, 0xcf, 0xd6, 0xb6,
    0x00, 0x01, 0x00, 0x00,
    /* U+0065 "e" */
    0x00, 0x7d, 0xea, 0x10, 0x08, 0xc3, 0x19, 0xb0, 0x1f, 0x20, 0x02, 0xf1, 0x3f, 0xee, 0xee, 0xf2,
    0x2f, 0x10, 0x00, 0x00, 0x0e, 0x50, 0x00, 0x00, 0x07, 0xe4, 0x13, 0x50, 0x00, 0x6d, 0xec, 0x60,
    /* U+0066 "f" */
    0x00, 0xae, 0xb0, 0x5f, 0x32, 0x07, 0xc0, 0x00, 0x8b, 0x00, 0x9f, 0xff, 0x60, 0x8c, 0x10, 0x08,
    0xb0, 0x00, 0x8b, 0x00, 0x08, 0xb0, 0x00, 0x8b, 0x00, 0x08, 0xb0, 0x00, 0x8b, 0x00,
    /* U+0067 "g" */
    0x01, 0xae, 0xff, 0xf8, 0x0b, 0xb1, 0x3e, 0x40, 0x0e, 0x50, 0x0a, 0x90, 0x0a, 0xa1, 0x2e, 0x50,
    0x03, 0xed, 0xd7, 0x00, 0x0b, 0x50, 0x00, 0x00, 0x0c, 0x81, 0x10, 0x00, 0x06, 0xff, 0xff, 0xc2,
    0x0d, 0x30, 0x02, 0xd9, 0x3d, 0x00, 0x00, 0xa9, 0x2f, 0x51, 0x05, 0xe3, 0x05, 0xce, 0xdb, 0x30,
    /* U+0068 "h" */
    0x43, 0x00, 0x00, 0x0b, 0x80, 0x00, 0x00, 0xb8, 0x00, 0x00, 0x0b, 0x80, 0x00, 0x00, 0xb8, 0x7d,
    0xe7, 0x0b, 0xe8, 0x37, 0xf2, 0xb9, 0x00, 0x0f, 0x4b, 0x80, 0x00, 0xe5, 0xb8, 0x00, 0x0e, 0x5b,
    0x80, 0x00, 0xe5, 0xb8, 0x00, 0x0e, 0x5b, 0x80, 0x00, 0xe5,
    /* U+0069 "i" */
    0xb8, 0x75, 0x00, 0xb8, 0xb8, 0xb8, 0xb8, 0xb8, 0xb8, 0xb8, 0xb8,
    /* U+006A "j" */
    0x00, 0xb9, 0x00, 0x75, 0x00, 0x00, 0x00, 0xb8, 0x00, 0xb8, 0x00, 0xb8, 0x00, 0xb8, 0x00, 0xb8,
    0x00, 0xb8, 0x00, 0xb8, 0x00, 0xb8, 0x00, 0xb8, 0x00, 0xb8, 0x12, 0xe6, 0x7e, 0xb1,
    /* U+006B "k" */
    0x64, 0x00, 0x00, 0x0b, 0x80, 0x00, 0x00, 0xb8, 0x00, 0x00, 0x0b, 0x80, 0x00, 0x00, 0xb8, 0x00,
    0x9c, 0x1b, 0x80, 0x5e, 0x20, 0xb8, 0x2e, 0x40, 0x0b, 0x9c, 0xd0, 0x00, 0xbf, 0xac, 0x70, 0x0b,
    0xc1, 0x4e, 0x20, 0xb8, 0x00, 0xaa, 0x0b, 0x80, 0x02, 0xe4,
    /* U+006C "l" */
    0x32, 0x0b, 0x80, 0xb8, 0x0b, 0x80, 0xb8, 0x0b, 0x80, 0xb8, 0x0b, 0x80, 0xb8, 0x0b, 0x80, 0xaa,
    0x05, 0xe4,
    /* U+006D "m" */
    0xb6, 0x8d, 0xc4, 0x2a, 0xeb, 0x1b, 0xe8, 0x3a, 0xec, 0x54, 0xe8, 0xb9, 0x00, 0x3f, 0x30, 0x09,
    0xbb, 0x80, 0x02, 0xf3, 0x00, 0x8b, 0xb8, 0x00, 0x2f, 0x30, 0x07, 0xbb, 0x80, 0x02, 0xf3, 0x00,
    0x7b, 0xb8, 0x00, 0x2f, 0x30, 0x07, 0xbb, 0x80, 0x02, 0xf3, 0x00, 0x7b,
    /* U+006E "n" */
    0xb6, 0x7d, 0xe7, 0x0b, 0xe8, 0x37, 0xf2, 0xb9, 0x00, 0x0f, 0x4b, 0x80, 0x00, 0xe5, 0xb8, 0x00,
    0x0e, 0x5b, 0x80, 0x00, 0xe5, 0xb8, 0x00, 0x0e, 0x5b, 0x80, 0x00, 0xe5,
    /* U+006F "o" */
    0x00, 0x7d, 0xea, 0x20, 0x07, 0xe5, 0x39, 0xe1, 0x1f, 0x50, 0x00, 0xd7, 0x3f, 0x10, 0x00, 0x9a,
    0x3f, 0x10, 0x00, 0x9a, 0x1f, 0x50, 0x00, 0xd7, 0x08, 0xd4, 0x29, 0xe1, 0x00, 0x7d, 0xeb, 0x20,
    /* U+0070 "p" */
    0xb6, 0x8d, 0xd7, 0x0b, 0xe7, 0x26, 0xf5, 0xb8, 0x00, 0x09, 0xbb, 0x80, 0x00, 0x6d, 0xb8, 0x00,
    0x07, 0xdb, 0x80, 0x00, 0xba, 0xbd, 0x52, 0x7f, 0x3b, 0xaa, 0xec, 0x40, 0xb8, 0x00, 0x00, 0x0b,
    0x80, 0x00, 0x00, 0xb8, 0x00, 0x00, 0x0b, 0x80, 0x00, 0x00,
    /* U+0071 "q" */
    0x00, 0x7d, 0xe9, 0xc6, 0x08, 0xe5, 0x28, 0xf6, 0x0e, 0x60, 0x00, 0xe6, 0x3f, 0x20, 0x00, 0xe6,
    0x3f, 0x10, 0x00, 0xe6, 0x1f, 0x50, 0x00, 0xe6, 0x0a, 0xd4, 0x39, 0xf6, 0x01, 0x9e, 0xd6, 0xd6,
    0x00, 0x00, 0x00, 0xe6, 0x00, 0x00, 0x00, 0xe6, 0x00, 0x00, 0x00, 0xe6, 0x00, 0x00, 0x00, 0xe6,
    /* U+0072 "r" */
    0xb5, 0x8e, 0x5b, 0xca, 0x31, 0xbc, 0x00, 0x0b, 0x80, 0x00, 0xb8, 0x00, 0x0b, 0x80, 0x00, 0xb8,
    0x00, 0x0b, 0x80, 0x00,
    /* U+0073 "s" */
    0x04, 0xce, 0xc5, 0x00, 0xe7, 0x14, 0x40, 0x1f, 0x50, 0x00, 0x00, 0x7e, 0xa3, 0x00, 0x00, 0x29,
    0xe8, 0x00, 0x00, 0x05, 0xe0, 0x48, 0x21, 0x9d, 0x01, 0x9d, 0xeb, 0x30,
    /* U+0074 "t" */
    0x02, 0x50, 0x00, 0x05, 0xc0, 0x00, 0x06, 0xc0, 0x00, 0x9f, 0xff, 0xd0, 0x08, 0xc1, 0x10, 0x07,
    0xc0, 0x00, 0x07, 0xc0, 0x00, 0x07, 0xc0, 0x00, 0x07, 0xc0, 0x00, 0x05, 0xf4, 0x20, 0x00, 0xae,
    0xc0,
    /* U+0075 "u" */
    0xc7, 0x00, 0x1f, 0x3c, 0x70, 0x01, 0xf3, 0xc7, 0x00, 0x1f, 0x3c, 0x70, 0x01, 0xf3, 0xc7, 0x00,
    0x1f, 0x3c, 0x80, 0x02, 0xf3, 0x9d, 0x34, 0xbf, 0x32, 0xbe, 0xb2, 0xd3,
    /* U+0076 "v" */
    0xaa, 0x00, 0x05, 0xe0, 0x5e, 0x00, 0x09, 0x90, 0x0e, 0x40, 0x0e, 0x40, 0x09, 0x90, 0x4e, 0x00,
    0x04, 0xe0, 0x89, 0x00, 0x00, 0xe3, 0xd4, 0x00, 0x00, 0x9a, 0xe0, 0x00, 0x00, 0x4f, 0x90, 0x00,
    /* U+0077 "w" */
    0x7c, 0x00, 0x2f, 0x60, 0x07, 0xb3, 0xf1, 0x06, 0xda, 0x00, 0xb7, 0x0e, 0x40, 0x96, 0xe0, 0x0e,
    0x30, 0xb8, 0x0d, 0x1d, 0x23, 0xe0, 0x07, 0xc2, 0xd0, 0xa6, 0x7a, 0x00, 0x3e, 0x69, 0x06, 0xaa,
    0x70, 0x00, 0xeb, 0x50, 0x2d, 0xd3, 0x00, 0x0a, 0xf1, 0x00, 0xde, 0x00,
    /* U+0078 "x" */
    0x5e, 0x20, 0x1e, 0x40, 0xba, 0x08, 0xa0, 0x02, 0xf5, 0xe2, 0x00, 0x08, 0xf8, 0x00, 0x00, 0xae,
    0x90, 0x00, 0x4d, 0x3f, 0x30, 0x0d, 0x50, 0x8c, 0x07, 0xc0, 0x01, 0xd7,
    /* U+0079 "y" */
    0xaa, 0x00, 0x04, 0xe0, 0x4e, 0x10, 0x09, 0xa0, 0x0e, 0x50, 0x0d, 0x50, 0x09, 0xa0, 0x2f, 0x10,
    0x03, 0xe0, 0x7b, 0x00, 0x00, 0xd4, 0xb6, 0x00, 0x00, 0x79, 0xe1, 0x00, 0x00, 0x2f, 0xc0, 0x00,
    0x00, 0x0d, 0x70, 0x00, 0x00, 0x2f, 0x20, 0x00, 0x12, 0xba, 0x00, 0x00, 0x5e, 0xa1, 0x00, 0x00,
    /* U+007A "z" */
    0x1f, 0xff, 0xff, 0x10, 0x11, 0x1c, 0x90, 0x00, 0x07, 0xd1, 0x00, 0x02, 0xe5, 0x00, 0x00, 0xba,
    0x00, 0x00, 0x5e, 0x10, 0x00, 0x1e, 0x60, 0x00, 0x07, 0xff, 0xff, 0xf3,
    /* U+007B "{" */
    0x00, 0xbd, 0x30, 0x3e, 0x00, 0x04, 0xc0, 0x00, 0x3c, 0x00, 0x02, 0xd0, 0x00, 0x5b, 0x00, 0x6e,
    0x40, 0x00, 0x7a, 0x00, 0x02, 0xd0, 0x00, 0x3c, 0x00, 0x03, 0xc0, 0x00, 0x4c, 0x00, 0x02, 0xe2,
    0x00, 0x07, 0xb3,
    /* U+007C "|" */
    0x53, 0x85, 0x85, 0x85, 0x85, 0x85, 0x85, 0x85, 0x85, 0x85, 0x85, 0x85, 0x85, 0x85, 0x85, 0x85,
    /* U+007D "}" */
    0x6e, 0x70, 0x00, 0x3e, 0x00, 0x01, 0xf0, 0x00, 0x1e, 0x00, 0x02, 0xd0, 0x00, 0x0e, 0x10, 0x00,
    0x8e, 0x20, 0x0e, 0x30, 0x02, 0xd0, 0x00, 0x2e, 0x00, 0x01, 0xe0, 0x00, 0x1f, 0x00, 0x06, 0xd0,
    0x06, 0xa4, 0x00,
    /* U+007E "~" */
    0x08, 0xea, 0x21, 0xa1, 0x39, 0x17, 0xfd, 0x50, 0x00, 0x00, 0x21, 0x00,
    /* U+00B7 "·" */
    0x1c, 0xc1, 0x6f, 0xf6, 0x1c, 0xc1,
    /* U+25B2 "▲" */
    0x00, 0x00, 0x00, 0x11, 0x00, 0x00, 0x00, 0x00, 0x00, 0x00, 0x88, 0x00, 0x00, 0x00, 0x00, 0x00,
    0x02, 0xff, 0x20, 0x00, 0x00, 0x00, 0x00, 0x0a, 0xff, 0xa0, 0x00, 0x00, 0x00, 0x00, 0x4f, 0xff,
    0xf4, 0x00, 0x00, 0x00, 0x00, 0xcf, 0xff, 0xfc, 0x00, 0x00, 0x00, 0x06, 0xff, 0xff, 0xff, 0x60,
    0x00, 0x00, 0x1e, 0xff, 0xff, 0xff, 0xe1, 0x00, 0x00, 0x9f, 0xff, 0xff, 0xff, 0xf8, 0x00, 0x02,
    0xff, 0xff, 0xff, 0xff, 0xff, 0x20, 0x0b, 0xff, 0xff, 0xff, 0xff, 0xff, 0xb0, 0x5f, 0xff, 0xff,
    0xff, 0xff, 0xff, 0xf4,
    /* U+25BC "▼" */
    0x5f, 0xff, 0xff, 0xff, 0xff, 0xff, 0xf4, 0x0b, 0xff, 0xff, 0xff, 0xff, 0xff, 0xb0, 0x02, 0xff,
    0xff, 0xff, 0xff, 0xff, 0x20, 0x00, 0x9f, 0xff, 0xff, 0xff, 0xf8, 0x00, 0x00, 0x1e, 0xff, 0xff,
    0xff, 0xe1, 0x00, 0x00, 0x06, 0xff, 0xff, 0xff, 0x60, 0x00, 0x00, 0x00, 0xcf, 0xff, 0xfc, 0x00,
    0x00, 0x00, 0x00, 0x4f, 0xff, 0xf4, 0x00, 0x00, 0x00, 0x00, 0x0a, 0xff, 0xa0, 0x00, 0x00, 0x00,
    0x00, 0x02, 0xff, 0x20, 0x00, 0x00, 0x00, 0x00, 0x00, 0x88, 0x00, 0x00, 0x00, 0x00, 0x00, 0x00,
    0x11, 0x00, 0x00, 0x00,
    /* U+3000 "　" */
    /* U+3042 "あ" */
    0x00, 0x00, 0x00, 0x00, 0x00, 0x00, 0x00, 0x00, 0x97, 0x00, 0x00, 0x00, 0x02, 0x10, 0xa5, 0x23,
    0x69, 0x20, 0x0d, 0xee, 0xfe, 0xdc, 0xa8, 0x10, 0x00, 0x00, 0xd1, 0x00, 0x91, 0x00, 0x00, 0x00,
    0xe9, 0xbd, 0xf6, 0x00, 0x00, 0x2c, 0xf5, 0x2a, 0x9c, 0xa0, 0x01, 0xd8, 0xf0, 0x2e, 0x11, 0xc5,
    0x0a, 0x90, 0xe1, 0x98, 0x00, 0x79, 0x2e, 0x00, 0xc6, 0xd1, 0x00, 0x89, 0x6a, 0x00, 0xbf, 0x40,
    0x00, 0xc6, 0x6c, 0x27, 0xe9, 0x00, 0x07, 0xd1, 0x1b, 0xeb, 0x89, 0x26, 0xcc, 0x30, 0x00, 0x00,
    0x00, 0x18, 0x40, 0x00,
    /* U+3044 "い" */
    0x2b, 0x10, 0x00, 0x00, 0x01, 0x00, 0x2f, 0x00, 0x00, 0x00, 0x6c, 0x00, 0x2f, 0x00, 0x00, 0x00,
    0x0d, 0x50, 0x2f, 0x00, 0x00, 0x00, 0x07, 0xb0, 0x1f, 0x10, 0x00, 0x00, 0x02, 0xf2, 0x0f, 0x20,
    0x00, 0x00, 0x00, 0xd5, 0x0d, 0x40, 0x02, 0x00, 0x00, 0xa9, 0x0a, 0x70, 0x09, 0x70, 0x00, 0x7b,
    0x06, 0xc0, 0x0e, 0x40, 0x00, 0x47, 0x01, 0xe9, 0xac, 0x00, 0x00, 0x00, 0x00, 0x4d, 0xd3, 0x00,
    0x00, 0x00,
    /* U+3046 "う" */
    0x00, 0xa9, 0x64, 0x32, 0x00, 0x00, 0x68, 0xac, 0xde, 0x10, 0x00, 0x00, 0x00, 0x00, 0x00, 0x24,
    0x8b, 0xde, 0xd9, 0x10, 0x8e, 0xa6, 0x32, 0x3c, 0xb0, 0x21, 0x00, 0x00, 0x02, 0xf2, 0x00, 0x00,
    0x00, 0x00, 0xf3, 0x00, 0x00, 0x00, 0x03, 0xf1, 0x00, 0x00, 0x00, 0x09, 0xc0, 0x00, 0x00, 0x00,
    0x7f, 0x30, 0x00, 0x02, 0x6d, 0xe5, 0x00, 0x00, 0x7f, 0xe9, 0x10, 0x00, 0x00, 0x13, 0x00, 0x00,
    0x00,
    /* U+3048 "え" */
    0x00, 0x09, 0xa7, 0x53, 0x10, 0x00, 0x00, 0x04, 0x79, 0xbd, 0xc0, 0x00, 0x00, 0x00, 0x00, 0x00,
    0x00, 0x00, 0x00, 0x00, 0x12, 0x45, 0x50, 0x00, 0x06, 0xff, 0xed, 0xcf, 0xc0, 0x00, 0x01, 0x20,
    0x00, 0xaa, 0x00, 0x00, 0x00, 0x00, 0x0a, 0x70, 0x00, 0x00, 0x00, 0x00, 0xaf, 0xb1, 0x00, 0x00,
    0x00, 0x09, 0xa1, 0xc7, 0x00, 0x00, 0x00, 0x9c, 0x00, 0x7a, 0x00, 0x00, 0x07, 0xe1, 0x00, 0x3e,
    0x30, 0x23, 0x2e, 0x40, 0x00, 0x09, 0xff, 0xf9, 0x00, 0x00, 0x00, 0x00, 0x01, 0x00,
    /* U+304A "お" */
    0x00, 0x01, 0x20, 0x00, 0x00, 0x00, 0x00, 0x00, 0x7a, 0x00, 0x00, 0x00, 0x00, 0x00, 0x06, 0xa0,
    0x00, 0x01, 0x00, 0x01, 0x10, 0x7b, 0x69, 0x63, 0xe5, 0x00, 0x4f, 0xff, 0xeb, 0x83, 0x04, 0xc9,
    0x10, 0x00, 0x78, 0x00, 0x00, 0x00, 0x50, 0x00, 0x07, 0xca, 0xde, 0xc7, 0x00, 0x00, 0x04, 0xec,
    0x52, 0x03, 0xc9, 0x00, 0x07, 0xea, 0x80, 0x00, 0x02, 0xf0, 0x03, 0xe2, 0x69, 0x00, 0x00, 0x1f,
    0x10, 0x79, 0x06, 0x90, 0x00, 0x05, 0xd0, 0x04, 0xe4, 0x89, 0x02, 0x28, 0xe5, 0x00, 0x06, 0xef,
    0x60, 0xbd, 0xa4, 0x00, 0x00, 0x01, 0x20, 0x00, 0x00, 0x00, 0x00,
    /* U+304B "か" */
    0x00, 0x00, 0x10, 0x00, 0x00, 0x00, 0x00, 0x00, 0x4f, 0x10, 0x00, 0x00, 0x00, 0x00, 0x05, 0xd0,
    0x00, 0x02, 0x00, 0x00, 0x00, 0x7a, 0x00, 0x00, 0xc7, 0x00, 0xca, 0xad, 0xee, 0xe9, 0x04, 0xe1,
    0x02, 0x10, 0xe5, 0x02, 0xd4, 0x0b, 0x70, 0x00, 0x3f, 0x10, 0x0a, 0x60, 0x5e, 0x00, 0x07, 0xb0,
    0x00, 0xa6, 0x00, 0xe5, 0x00, 0xc6, 0x00, 0x0b, 0x50, 0x04, 0x10, 0x3e, 0x10, 0x00, 0xd3, 0x00,
    0x00, 0x09, 0x90, 0x00, 0x1f, 0x10, 0x00, 0x02, 0xe2, 0x12, 0x08, 0xc0, 0x00, 0x00, 0x7a, 0x02,
    0xef, 0xd3, 0x00, 0x00, 0x00, 0x00, 0x00, 0x10, 0x00, 0x00, 0x00,
    /* U+304C "が" */
    0x00, 0x00, 0x00, 0x00, 0x00, 0x32, 0xa0, 0x00, 0x00, 0x6d, 0x00, 0x00, 0x86, 0xa5, 0x00, 0x00,
    0x8a, 0x00, 0x00, 0x2b, 0x22, 0x00, 0x00, 0xa8, 0x00, 0x01, 0xe3, 0x00, 0x1d, 0xdd, 0xee, 0xee,
    0x70, 0x8b, 0x00, 0x05, 0x22, 0xf2, 0x04, 0xf2, 0x1e, 0x30, 0x00, 0x05, 0xc0, 0x00, 0xd4, 0x08,
    0xa0, 0x00, 0x0a, 0x80, 0x00, 0xd3, 0x03, 0xf1, 0x00, 0x0e, 0x30, 0x00, 0xe2, 0x00, 0x61, 0x00,
    0x5d, 0x00, 0x01, 0xf1, 0x00, 0x00, 0x00, 0xb6, 0x00, 0x04, 0xd0, 0x00, 0x00, 0x04, 0xe1, 0x21,
    0x1b, 0x90, 0x00, 0x00, 0x0a, 0x80, 0x4f, 0xfc, 0x10, 0x00, 0x00, 0x00, 0x00, 0x00, 0x10, 0x00,
    0x00, 0x00,
    /* U+304D "き" */
    0x00, 0x00, 0x01, 0x00, 0x00, 0x00, 0x00, 0x4e, 0x00, 0x00, 0x12, 0x10, 0x1f, 0x47, 0xb1, 0x6d,
    0xef, 0xef, 0xd9, 0x61, 0x00, 0x00, 0x06, 0x90, 0x00, 0x21, 0x10, 0x03, 0xe5, 0x7b, 0xae, 0xff,
    0xee, 0xed, 0x96, 0x00, 0x00, 0x00, 0x4d, 0x00, 0x00, 0x00, 0x00, 0x0c, 0x50, 0x2e, 0x10, 0x08,
    0xde, 0xc0, 0x5b, 0x00, 0x00, 0x00, 0x10, 0x2e, 0x62, 0x00, 0x12, 0x10, 0x04, 0xbe, 0xff, 0xed,
    0x30, 0x00, 0x00, 0x10, 0x00, 0x00,
    /* U+304E "ぎ" */
    0x00, 0x00, 0x00, 0x00, 0x01, 0x54, 0x00, 0x00, 0x00, 0xc5, 0x00, 0xc3, 0xc0, 0x03, 0x10, 0x09,
    0x96, 0x99, 0x77, 0x20, 0xde, 0xee, 0xef, 0xa8, 0x23, 0x00, 0x00, 0x00, 0x00, 0xe1, 0x00, 0x00,
    0x01, 0x21, 0x00, 0x1b, 0x86, 0xa5, 0x00, 0x4e, 0xef, 0xfe, 0xef, 0xa7, 0x20, 0x00, 0x00, 0x00,
    0x00, 0xc4, 0x00, 0x00, 0x00, 0x00, 0x00, 0x05, 0xb0, 0x00, 0x00, 0x96, 0x00, 0x2d, 0xcf, 0x40,
    0x00, 0x0d, 0x30, 0x00, 0x00, 0x20, 0x00, 0x00, 0xaa, 0x31, 0x00, 0x12, 0x00, 0x00, 0x01, 0x9d,
    0xff, 0xfe, 0x80, 0x00, 0x00, 0x00, 0x00, 0x10, 0x00, 0x00, 0x00,
    /* U+304F "く" */
    0x00, 0x00, 0x00, 0x96, 0x00, 0x00, 0x00, 0x9e, 0x40, 0x00, 0x01, 0xad, 0x20, 0x00, 0x02, 0xcb,
    0x10, 0x00, 0x03, 0xe8, 0x00, 0x00, 0x01, 0xe7, 0x00, 0x00, 0x00, 0x0d, 0xa0, 0x00, 0x00, 0x00,
    0x2c, 0xc1, 0x00, 0x00, 0x00, 0x1b, 0xd3, 0x00, 0x00, 0x00, 0x09, 0xe4, 0x00, 0x00, 0x00, 0x07,
    0xf5, 0x00, 0x00, 0x00, 0x07, 0xc0, 0x00, 0x00, 0x00, 0x00, 0x00,
    /* U+3050 "ぐ" */
    0x00, 0x00, 0x00, 0xb4, 0x00, 0x00, 0x00, 0x1b, 0xd2, 0x00, 0x00, 0x02, 0xcb, 0x10, 0x20, 0x00,
    0x3e, 0x80, 0x62, 0xc2, 0x05, 0xe6, 0x00, 0x5a, 0x48, 0x3f, 0x40, 0x00, 0x07, 0x00, 0x2e, 0x80,
    0x00, 0x00, 0x00, 0x03, 0xea, 0x00, 0x00, 0x00, 0x00, 0x2c, 0xc1, 0x00, 0x00, 0x00, 0x01, 0xbd,
    0x20, 0x00, 0x00, 0x00, 0x0a, 0xe3, 0x00, 0x00, 0x00, 0x00, 0xaa, 0x00, 0x00, 0x00, 0x00, 0x00,
    0x00,
    /* U+3051 "け" */
    0x00, 0x00, 0x00, 0x00, 0x00, 0x00, 0x0b, 0x60, 0x00, 0x00, 0x99, 0x00, 0x0d, 0x40, 0x00, 0x00,
    0x79, 0x00, 0x1f, 0x10, 0x11, 0x00, 0x79, 0x24, 0x2e, 0x00, 0x7f, 0xff, 0xef, 0xfc, 0x3c, 0x00,
    0x00, 0x11, 0x6a, 0x00, 0x4b, 0x00, 0x00, 0x00, 0x69, 0x00, 0x5b, 0x20, 0x00, 0x00, 0x79, 0x00,
    0x4c, 0x92, 0x00, 0x00, 0x88, 0x00, 0x3d, 0xc0, 0x00, 0x00, 0xb5, 0x00, 0x1f, 0x90, 0x00, 0x02,
    0xf2, 0x00, 0x0e, 0x60, 0x00, 0x1c, 0x90, 0x00, 0x08, 0x30, 0x02, 0xdd, 0x10, 0x00, 0x00, 0x00,
    0x00, 0x51, 0x00, 0x00,
    /* U+3052 "げ" */
    0x00, 0x00, 0x00, 0x00, 0x00, 0x05, 0x00, 0x62, 0x00, 0x00, 0x0c, 0x69, 0x84, 0x0e, 0x30, 0x00,
    0x00, 0xc5, 0xb4, 0x81, 0xf1, 0x00, 0x00, 0x0c, 0x56, 0x40, 0x3e, 0x00, 0x22, 0x11, 0xcf, 0xea,
    0x05, 0xb0, 0x09, 0xef, 0xff, 0x60, 0x00, 0x69, 0x00, 0x00, 0x00, 0xb5, 0x00, 0x06, 0x90, 0x00,
    0x00, 0x0b, 0x50, 0x00, 0x78, 0x50, 0x00, 0x00, 0xc4, 0x00, 0x06, 0xab, 0x00, 0x00, 0x0e, 0x20,
    0x00, 0x5e, 0x90, 0x00, 0x03, 0xf0, 0x00, 0x02, 0xf5, 0x00, 0x00, 0xb8, 0x00, 0x00, 0x0e, 0x30,
    0x02, 0xbd, 0x10, 0x00, 0x00, 0x10, 0x00, 0x3a, 0x20, 0x00, 0x00,
    /* U+3053 "こ" */
    0x01, 0x10, 0x00, 0x11, 0x20, 0x0b, 0xff, 0xff, 0xff, 0xb0, 0x00, 0x11, 0x22, 0x11, 0x00, 0x00,
    0x00, 0x00, 0x00, 0x00, 0x00, 0x00, 0x00, 0x00, 0x00, 0x00, 0x00, 0x00, 0x00, 0x00, 0x00, 0x00,
    0x00, 0x00, 0x00, 0x6b, 0x00, 0x00, 0x00, 0x00, 0x89, 0x00, 0x00, 0x00, 0x00, 0x7b, 0x00, 0x00,
    0x00, 0x00, 0x2e, 0xa4, 0x22, 0x34, 0x77, 0x03, 0xad, 0xef, 0xed, 0xb6,
    /* U+3054 "ご" */
    0x00, 0x00, 0x00, 0x00, 0x12, 0x80, 0x00, 0x00, 0x00, 0x00, 0xa4, 0xc2, 0x04, 0x32, 0x22, 0x34,
    0x5b, 0x45, 0x0d, 0xef, 0xff, 0xee, 0x74, 0x00, 0x00, 0x00, 0x00, 0x00, 0x00, 0x00, 0x00, 0x00,
    0x00, 0x00, 0x00, 0x00, 0x00, 0x00, 0x00, 0x00, 0x00, 0x00, 0x00, 0x00, 0x00, 0x00, 0x00, 0x00,
    0x54, 0x00, 0x00, 0x00, 0x00, 0x00, 0xb6, 0x00, 0x00, 0x00, 0x00, 0x00, 0xc6, 0x00, 0x00, 0x00,
    0x00, 0x00, 0x8e, 0x62, 0x01, 0x13, 0x63, 0x00, 0x07, 0xdf, 0xff, 0xff, 0xd5, 0x00, 0x00, 0x01,
    0x22, 0x10, 0x00, 0x00,
    /* U+3055 "さ" */
    0x00, 0x00, 0x04, 0x10, 0x00, 0x00, 0x00, 0x00, 0xc6, 0x00, 0x00, 0x10, 0x00, 0x07, 0xa3, 0x69,
    0x0c, 0xfe, 0xde, 0xef, 0xda, 0x70, 0x01, 0x23, 0x21, 0xb6, 0x00, 0x00, 0x00, 0x00, 0x05, 0xb0,
    0x00, 0x00, 0x00, 0x00, 0x1e, 0x30, 0x00, 0x00, 0x00, 0x00, 0x7a, 0x00, 0x0d, 0x20, 0x08, 0xee,
    0xf3, 0x04, 0xc0, 0x00, 0x00, 0x12, 0x00, 0x5c, 0x00, 0x00, 0x00, 0x00, 0x01, 0xe8, 0x21, 0x01,
    0x22, 0x00, 0x02, 0xae, 0xff, 0xfe, 0x70, 0x00, 0x00, 0x01, 0x10, 0x00, 0x00,
    /* U+3056 "ざ" */
    0x00, 0x00, 0x00, 0x00, 0x00, 0x10, 0x00, 0x00, 0x00, 0x00, 0x53, 0xb0, 0x00, 0x00, 0x1e, 0x20,
    0x95, 0xb3, 0x00, 0x00, 0x0c, 0x50, 0x2b, 0x22, 0x32, 0x10, 0x08, 0xa6, 0xac, 0x00, 0xdf, 0xff,
    0xff, 0xfb, 0x85, 0x00, 0x00, 0x01, 0x00, 0xc5, 0x00, 0x00, 0x00, 0x00, 0x00, 0x4c, 0x00, 0x00,
    0x00, 0x00, 0x00, 0x0b, 0x70, 0x00, 0x2d, 0x10, 0x0a, 0xee, 0xe1, 0x00, 0x6a, 0x00, 0x00, 0x01,
    0x20, 0x00, 0x7a, 0x00, 0x00, 0x00, 0x00, 0x00, 0x3e, 0x72, 0x00, 0x13, 0x20, 0x00, 0x04, 0xbe,
    0xff, 0xfe, 0x50, 0x00, 0x00, 0x00, 0x11, 0x00, 0x00, 0x00,
    /* U+3057 "し" */
    0x00, 0x00, 0x00, 0x00, 0x00, 0x9b, 0x00, 0x00, 0x00, 0x00, 0x89, 0x00, 0x00, 0x00, 0x00, 0x89,
    0x00, 0x00, 0x00, 0x00, 0x98, 0x00, 0x00, 0x00, 0x00, 0x98, 0x00, 0x00, 0x00, 0x00, 0x97, 0x00,
    0x00, 0x00, 0x00, 0xa7, 0x00, 0x00, 0x00, 0x00, 0xa7, 0x00, 0x00, 0x00, 0x00, 0xa7, 0x00, 0x00,
    0x00, 0xa3, 0x99, 0x00, 0x00, 0x0a, 0xe3, 0x5e, 0x41, 0x25, 0xce, 0x30, 0x08, 0xff, 0xfd, 0x81,
    0x00, 0x00, 0x02, 0x10, 0x00, 0x00,
    /* U+3058 "じ" */
    0xb7, 0x00, 0x00, 0x23, 0x00, 0xb7, 0x00, 0x27, 0x3d, 0x00, 0xb6, 0x00, 0x0d, 0x39, 0x60, 0xb6,
    0x00, 0x05, 0x81, 0x00, 0xc5, 0x00, 0x00, 0x00, 0x00, 0xc5, 0x00, 0x00, 0x00, 0x00, 0xd5, 0x00,
    0x00, 0x00, 0x00, 0xd4, 0x00, 0x00, 0x00, 0x00, 0xd4, 0x00, 0x00, 0x00, 0xa1, 0xc6, 0x00, 0x00,
    0x0a, 0xd1, 0x8d, 0x30, 0x26, 0xdc, 0x20, 0x1a, 0xff, 0xfd, 0x71, 0x00, 0x00, 0x02, 0x00, 0x00,
    0x00,
    /* U+3059 "す" */
    0x00, 0x00, 0x00, 0x01, 0x00, 0x00, 0x00, 0x00, 0x00, 0x7b, 0x00, 0x00, 0x00, 0x00, 0x00, 0x6a,
    0x00, 0x00, 0x8d, 0xdd, 0xdd, 0xef, 0xff, 0xff, 0x11, 0x00, 0x00, 0x6a, 0x00, 0x00, 0x00, 0x00,
    0x8d, 0xdb, 0x00, 0x00, 0x00, 0x07, 0xb2, 0x6c, 0x00, 0x00, 0x00, 0x0b, 0x60, 0x1f, 0x10, 0x00,
    0x00, 0x09, 0xb1, 0x6f, 0x20, 0x00, 0x00, 0x01, 0xbe, 0xde, 0x00, 0x00, 0x00, 0x00, 0x00, 0xc8,
    0x00, 0x00, 0x00, 0x00, 0x4b, 0xc1, 0x00, 0x00, 0x00, 0x09, 0xfa, 0x10, 0x00, 0x00, 0x00, 0x01,
    0x30, 0x00, 0x00, 0x00,
    /* U+305A "ず" */
    0x00, 0x00, 0x00, 0x00, 0x01, 0x16, 0x20, 0x00, 0x00, 0x00, 0x0d, 0x53, 0xb4, 0xb0, 0x00, 0x00,
    0x01, 0x1c, 0x40, 0x82, 0x40, 0x1e, 0xff, 0xfe, 0xef, 0xff, 0xff, 0x90, 0x02, 0x10, 0x00, 0x0b,
    0x40, 0x00, 0x00, 0x00, 0x00, 0x3b, 0xde, 0x40, 0x00, 0x00, 0x00, 0x00, 0xd7, 0x1b, 0x60, 0x00,
    0x00, 0x00, 0x02, 0xe0, 0x07, 0xa0, 0x00, 0x00, 0x00, 0x00, 0xe5, 0x1b, 0xa0, 0x00, 0x00, 0x00,
    0x00, 0x5d, 0xde, 0x80, 0x00, 0x00, 0x00, 0x00, 0x00, 0x3f, 0x20, 0x00, 0x00, 0x00, 0x00, 0x05,
    0xe8, 0x00, 0x00, 0x00, 0x00, 0x02, 0xdf, 0x80, 0x00, 0x00, 0x00, 0x00, 0x00, 0x52, 0x00, 0x00,
    0x00, 0x00,
    /* U+305B "せ" */
    0x00, 0x03, 0x70, 0x00, 0x0b, 0x40, 0x00, 0x00, 0x5b, 0x00, 0x00, 0xc4, 0x00, 0x00, 0x05, 0xb0,
    0x00, 0x0b, 0x40, 0x00, 0x00, 0x5d, 0xab, 0xce, 0xfd, 0xed, 0x4d, 0xef, 0xfb, 0x73, 0x1c, 0x52,
    0x11, 0x21, 0x5b, 0x00, 0x00, 0xd3, 0x00, 0x00, 0x05, 0xb0, 0x01, 0x0e, 0x10, 0x00, 0x00, 0x5b,
    0x00, 0xce, 0xc0, 0x00, 0x00, 0x05, 0xb0, 0x00, 0x00, 0x00, 0x00, 0x00, 0x4d, 0x00, 0x00, 0x00,
    0x00, 0x00, 0x01, 0xf6, 0x21, 0x23, 0x53, 0x00, 0x00, 0x05, 0xdf, 0xfe, 0xed, 0x40,
    /* U+305C "ぜ" */
    0x00, 0x00, 0x00, 0x00, 0x17, 0x23, 0xa0, 0x00, 0x0a, 0x80, 0x00, 0x1f, 0x2a, 0x84, 0x00, 0x09,
    0x70, 0x00, 0x0f, 0x0b, 0x23, 0x00, 0x09, 0x70, 0x00, 0x0f, 0x01, 0x10, 0x8d, 0xff, 0xca, 0xbd,
    0xef, 0xff, 0xa0, 0x33, 0x19, 0x71, 0x22, 0x2e, 0x10, 0x00, 0x00, 0x09, 0x70, 0x00, 0x2e, 0x00,
    0x00, 0x00, 0x09, 0x70, 0x02, 0x4c, 0x00, 0x00, 0x00, 0x09, 0x70, 0x2d, 0xf8, 0x00, 0x00, 0x00,
    0x09, 0x70, 0x00, 0x00, 0x00, 0x00, 0x00, 0x06, 0xc2, 0x00, 0x12, 0x30, 0x00, 0x00, 0x01, 0xaf,
    0xff, 0xff, 0xe1, 0x00, 0x00, 0x00, 0x00, 0x11, 0x10, 0x00, 0x00,
    /* U+305D "そ" */
    0x00, 0x00, 0x01, 0x23, 0x50, 0x00, 0x00, 0x5f, 0xee, 0xde, 0xf4, 0x00, 0x00, 0x00, 0x00, 0x5d,
    0x40, 0x00, 0x00, 0x00, 0x07, 0xc2, 0x00, 0x00, 0x00, 0x01, 0xba, 0x10, 0x00, 0x00, 0x14, 0x6d,
    0xea, 0xbd, 0xde, 0xf4, 0x7c, 0xa8, 0x6d, 0x93, 0x10, 0x00, 0x00, 0x00, 0x88, 0x00, 0x00, 0x00,
    0x00, 0x00, 0xe2, 0x00, 0x00, 0x00, 0x00, 0x00, 0xe3, 0x00, 0x00, 0x00, 0x00, 0x00, 0x9d, 0x61,
    0x00, 0x00, 0x00, 0x00, 0x07, 0xdf, 0xf5, 0x00, 0x00, 0x00, 0x00, 0x00, 0x10, 0x00,
    /* U+305E "ぞ" */
    0x00, 0x00, 0x11, 0x24, 0x40, 0x00, 0x00, 0xbf, 0xed, 0xdf, 0xc0, 0x00, 0x00, 0x10, 0x01, 0xbb,
    0x33, 0xb2, 0x00, 0x00, 0x2c, 0x80, 0x2c, 0x47, 0x00, 0x04, 0xd5, 0x00, 0x04, 0x10, 0x35, 0x8f,
    0xca, 0xcd, 0xee, 0xd0, 0xcb, 0x97, 0x8e, 0x62, 0x00, 0x00, 0x00, 0x01, 0xd2, 0x00, 0x00, 0x00,
    0x00, 0x06, 0xa0, 0x00, 0x00, 0x00, 0x00, 0x05, 0xb0, 0x00, 0x00, 0x00, 0x00, 0x01, 0xe9, 0x41,
    0x00, 0x00, 0x00, 0x00, 0x2a, 0xef, 0xe0, 0x00, 0x00, 0x00, 0x00, 0x01, 0x10, 0x00,
    /* U+305F "た" */
    0x00, 0x01, 0x41, 0x00, 0x00, 0x00, 0x00, 0x03, 0xf1, 0x00, 0x00, 0x00, 0x10, 0x05, 0xd5, 0x74,
    0x00, 0x00, 0x9f, 0xff, 0xeb, 0x93, 0x00, 0x00, 0x01, 0x1b, 0x60, 0x00, 0x00, 0x00, 0x00, 0x0e,
    0x20, 0x6e, 0xef, 0xe6, 0x00, 0x3e, 0x00, 0x12, 0x11, 0x21, 0x00, 0x7a, 0x00, 0x00, 0x00, 0x00,
    0x00, 0xc6, 0x00, 0x10, 0x00, 0x00, 0x01, 0xf2, 0x05, 0xb0, 0x00, 0x00, 0x06, 0xd0, 0x06, 0xa0,
    0x00, 0x00, 0x0c, 0x80, 0x04, 0xe5, 0x12, 0x33, 0x2f, 0x30, 0x00, 0x7d, 0xee, 0xd9, 0x02, 0x00,
    0x00, 0x00, 0x00, 0x00,
    /* U+3060 "だ" */
    0x00, 0x07, 0x80, 0x00, 0x01, 0x55, 0x00, 0x00, 0x98, 0x00, 0x01, 0xd2, 0xc0, 0x21, 0x1c, 0x98,
    0xb0, 0x07, 0x76, 0x1e, 0xff, 0xfc, 0x97, 0x00, 0x12, 0x00, 0x00, 0x3e, 0x00, 0x00, 0x00, 0x00,
    0x00, 0x06, 0xb0, 0x0c, 0xef, 0xfe, 0x10, 0x00, 0xa7, 0x00, 0x21, 0x01, 0x20, 0x00, 0x1e, 0x30,
    0x00, 0x00, 0x00, 0x00, 0x05, 0xd0, 0x06, 0x30, 0x00, 0x00, 0x00, 0xa8, 0x00, 0xc4, 0x00, 0x00,
    0x00, 0x2f, 0x30, 0x0b, 0x92, 0x01, 0x31, 0x09, 0xc0, 0x00, 0x2b, 0xff, 0xfe, 0x30, 0x12, 0x00,
    0x00, 0x00, 0x10, 0x00, 0x00,
    /* U+3061 "ち" */
    0x00, 0x01, 0x10, 0x00, 0x00, 0x00, 0x00, 0x5c, 0x00, 0x00, 0x00, 0x12, 0x17, 0x92, 0x46, 0x79,
    0x06, 0xef, 0xff, 0xed, 0xb9, 0x70, 0x00, 0x0d, 0x30, 0x00, 0x00, 0x00, 0x02, 0xe0, 0x00, 0x00,
    0x00, 0x00, 0x6a, 0x4a, 0xcd, 0xc6, 0x00, 0x0b, 0xec, 0x52, 0x14, 0xe6, 0x02, 0xf9, 0x00, 0x00,
    0x06, 0xc0, 0x27, 0x00, 0x00, 0x00, 0x5d, 0x00, 0x00, 0x00, 0x00, 0x0a, 0xa0, 0x00, 0x11, 0x12,
    0x5c, 0xd2, 0x00, 0x07, 0xff, 0xfc, 0x81, 0x00, 0x00, 0x00, 0x01, 0x00, 0x00,
    /* U+3062 "ぢ" */
    0x00, 0x00, 0x00, 0x00, 0x04, 0x39, 0x00, 0x00, 0xc5, 0x00, 0x00, 0xa5, 0xb3, 0x22, 0x0e, 0x33,
    0x46, 0x85, 0x71, 0x0c, 0xef, 0xff, 0xdc, 0xa8, 0x30, 0x00, 0x00, 0x5b, 0x00, 0x00, 0x00, 0x00,
    0x00, 0x08, 0x90, 0x00, 0x00, 0x00, 0x00, 0x00, 0xb6, 0x00, 0x00, 0x00, 0x00, 0x00, 0x0e, 0x48,
    0xce, 0xeb, 0x30, 0x00, 0x04, 0xfd, 0x63, 0x01, 0x6e, 0x20, 0x00, 0x9a, 0x10, 0x00, 0x00, 0xc6,
    0x00, 0x00, 0x00, 0x00, 0x00, 0x1e, 0x40, 0x00, 0x00, 0x10, 0x02, 0x6d, 0xa0, 0x00, 0x00, 0x0e,
    0xff, 0xfc, 0x70, 0x00, 0x00, 0x00, 0x01, 0x10, 0x00, 0x00, 0x00,
    /* U+3063 "っ" */
    0x00, 0x27, 0xac, 0xec, 0x60, 0x6c, 0xfb, 0x62, 0x15, 0xe5, 0x57, 0x10, 0x00, 0x00, 0x6b, 0x00,
    0x00, 0x00, 0x00, 0x4d, 0x00, 0x00, 0x00, 0x00, 0x89, 0x00, 0x00, 0x00, 0x05, 0xe4, 0x00, 0x02,
    0x46, 0xbe, 0x50, 0x00, 0x0a, 0xda, 0x71, 0x00,
    /* U+3064 "つ" */
    0x00, 0x03, 0x8b, 0xdf, 0xd8, 0x10, 0x49, 0xde, 0xa5, 0x31, 0x4b, 0xd1, 0xbb, 0x50, 0x00, 0x00,
    0x00, 0xd7, 0x00, 0x00, 0x00, 0x00, 0x00, 0x8a, 0x00, 0x00, 0x00, 0x00, 0x00, 0x99, 0x00, 0x00,
    0x00, 0x00, 0x01, 0xe5, 0x00, 0x00, 0x00, 0x00, 0x3d, 0xa0, 0x00, 0x00, 0x13, 0x6b, 0xfa, 0x00,
    0x00, 0x04, 0xfe, 0xc8, 0x20, 0x00, 0x00, 0x00, 0x20, 0x00, 0x00, 0x00,
    /* U+3065 "づ" */
    0x00, 0x00, 0x00, 0x00, 0x00, 0x04, 0x40, 0x00, 0x00, 0x00, 0x00, 0x00, 0xc3, 0xc0, 0x00, 0x00,
    0x00, 0x00, 0x00, 0x68, 0x41, 0x00, 0x00, 0x48, 0xce, 0xec, 0x71, 0x00, 0x04, 0x9e, 0xea, 0x53,
    0x25, 0xd9, 0x00, 0x1e, 0xc6, 0x10, 0x00, 0x00, 0x3f, 0x30, 0x02, 0x00, 0x00, 0x00, 0x00, 0x0c,
    0x60, 0x00, 0x00, 0x00, 0x00, 0x00, 0x0c, 0x70, 0x00, 0x00, 0x00, 0x00, 0x00, 0x1e, 0x50, 0x00,
    0x00, 0x00, 0x00, 0x00, 0x9e, 0x10, 0x00, 0x00, 0x00, 0x00, 0x19, 0xe3, 0x00, 0x00, 0x00, 0x24,
    0x6a, 0xfc, 0x40, 0x00, 0x00, 0x00, 0x5e, 0xb9, 0x40, 0x00, 0x00,
    /* U+3066 "て" */
    0x00, 0x00, 0x00, 0x00, 0x00, 0x10, 0x34, 0x67, 0x9a, 0xbd, 0xef, 0xf5, 0xbd, 0xb9, 0x75, 0xbd,
    0x52, 0x00, 0x00, 0x00, 0x06, 0xc1, 0x00, 0x00, 0x00, 0x00, 0x1e, 0x20, 0x00, 0x00, 0x00, 0x00,
    0x7a, 0x00, 0x00, 0x00, 0x00, 0x00, 0x97, 0x00, 0x00, 0x00, 0x00, 0x00, 0xb8, 0x00, 0x00, 0x00,
    0x00, 0x00, 0x8b, 0x00, 0x00, 0x00, 0x00, 0x00, 0x3f, 0x60, 0x00, 0x00, 0x00, 0x00, 0x05, 0xfa,
    0x41, 0x00, 0x00, 0x00, 0x00, 0x3a, 0xef, 0x10, 0x00, 0x00, 0x00, 0x00, 0x01, 0x00,
    /* U+3067 "で" */
    0x00, 0x00, 0x00, 0x00, 0x00, 0x10, 0x35, 0x68, 0x9a, 0xcd, 0xef, 0xf4, 0xcd, 0xb9, 0x75, 0xbc,
    0x51, 0x00, 0x00, 0x00, 0x08, 0xb0, 0x00, 0x71, 0x00, 0x00, 0x2e, 0x10, 0x49, 0x68, 0x00, 0x00,
    0x89, 0x00, 0x0b, 0x37, 0x00, 0x00, 0xb6, 0x00, 0x02, 0x00, 0x00, 0x00, 0xb6, 0x00, 0x00, 0x00,
    0x00, 0x00, 0x8a, 0x00, 0x00, 0x00, 0x00, 0x00, 0x3f, 0x50, 0x00, 0x00, 0x00, 0x00, 0x06, 0xf9,
    0x41, 0x00, 0x00, 0x00, 0x00, 0x3b, 0xee, 0x00, 0x00, 0x00, 0x00, 0x00, 0x01, 0x00,
    /* U+3068 "と" */
    0x07, 0x70, 0x00, 0x00, 0x00, 0x06, 0xd0, 0x00, 0x00, 0x10, 0x01, 0xe4, 0x00, 0x06, 0xe3, 0x00,
    0x8a, 0x04, 0xdd, 0x50, 0x00, 0x2f, 0xbe, 0x60, 0x00, 0x00, 0x3e, 0xa1, 0x00, 0x00, 0x03, 0xe7,
    0x00, 0x00, 0x00, 0x0c, 0x70, 0x00, 0x00, 0x00, 0x1f, 0x10, 0x00, 0x00, 0x00, 0x1f, 0x20, 0x00,
    0x00, 0x00, 0x0c, 0xc4, 0x10, 0x12, 0x45, 0x01, 0x9e, 0xff, 0xff, 0xea, 0x00, 0x00, 0x12, 0x10,
    0x00,
    /* U+3069 "ど" */
    0x00, 0x00, 0x00, 0x00, 0x01, 0x40, 0x19, 0x10, 0x00, 0x00, 0x93, 0xc1, 0x0d, 0x60, 0x00, 0x00,
    0x4a, 0x55, 0x06, 0xc0, 0x00, 0x18, 0x54, 0x00, 0x01, 0xe4, 0x06, 0xdb, 0x30, 0x00, 0x00, 0x8c,
    0xcd, 0x50, 0x00, 0x00, 0x00, 0x7f, 0x70, 0x00, 0x00, 0x00, 0x07, 0xe3, 0x00, 0x00, 0x00, 0x00,
    0x2f, 0x30, 0x00, 0x00, 0x00, 0x00, 0x7b, 0x00, 0x00, 0x00, 0x00, 0x00, 0x7b, 0x00, 0x00, 0x00,
    0x00, 0x00, 0x3f, 0x92, 0x10, 0x13, 0x53, 0x00, 0x04, 0xbf, 0xff, 0xff, 0xd5, 0x00, 0x00, 0x00,
    0x12, 0x10, 0x00, 0x00,
    /* U+306A "な" */
    0x00, 0x00, 0x61, 0x00, 0x00, 0x00, 0x00, 0x01, 0xf2, 0x00, 0x00, 0x00, 0x10, 0x05, 0xe5, 0x90,
    0x22, 0x00, 0x9f, 0xff, 0xda, 0x60, 0x7e, 0x81, 0x00, 0x0d, 0x30, 0x00, 0x02, 0xcc, 0x00, 0x5c,
    0x00, 0x06, 0x80, 0x14, 0x00, 0xb7, 0x00, 0x07, 0x90, 0x00, 0x03, 0xe1, 0x00, 0x06, 0x90, 0x00,
    0x0b, 0x80, 0x00, 0x05, 0xa0, 0x00, 0x5e, 0x10, 0x6b, 0xdd, 0xc2, 0x00, 0x13, 0x05, 0xd3, 0x16,
    0xee, 0x91, 0x00, 0x06, 0xc2, 0x1a, 0xa2, 0xa5, 0x00, 0x00, 0x8c, 0xfc, 0x20, 0x00,
    /* U+306B "に" */
    0x05, 0x50, 0x00, 0x00, 0x00, 0x00, 0x0a, 0x70, 0x01, 0x10, 0x01, 0x20, 0x0c, 0x50, 0x09, 0xff,
    0xff, 0xf2, 0x0e, 0x20, 0x00, 0x11, 0x11, 0x00, 0x1f, 0x00, 0x00, 0x00, 0x00, 0x00, 0x2e, 0x00,
    0x00, 0x00, 0x00, 0x00, 0x3c, 0x00, 0x00, 0x00, 0x00, 0x00, 0x4c, 0x31, 0x00, 0x00, 0x00, 0x00,
    0x3c, 0xa2, 0x2d, 0x00, 0x00, 0x00, 0x3e, 0xc0, 0x4b, 0x00, 0x00, 0x00, 0x2f, 0x70, 0x2f, 0x62,
    0x24, 0x64, 0x0e, 0x40, 0x05, 0xce, 0xfe, 0xd7, 0x06, 0x10, 0x00, 0x00, 0x00, 0x00,
    /* U+306C "ぬ" */
    0x00, 0x00, 0x00, 0xf3, 0x00, 0x00, 0x00, 0x70, 0x00, 0x0f, 0x10, 0x00, 0x00, 0x0e, 0x30, 0x5a,
    0xfd, 0xa3, 0x00, 0x00, 0x99, 0xca, 0x8b, 0x15, 0xe5, 0x00, 0x05, 0xf6, 0x07, 0x80, 0x04, 0xe1,
    0x00, 0xcf, 0x30, 0xa5, 0x00, 0x0d, 0x30, 0x5c, 0x89, 0x1e, 0x10, 0x00, 0xb5, 0x0a, 0x52, 0xe9,
    0xa0, 0x00, 0x0c, 0x40, 0xd2, 0x08, 0xf3, 0x6d, 0xca, 0xe2, 0x0d, 0x43, 0xc7, 0x1e, 0x10, 0x8f,
    0x70, 0x6f, 0xe6, 0x00, 0xd3, 0x3d, 0x9e, 0x40, 0x10, 0x00, 0x02, 0x7c, 0x70, 0x31,
    /* U+306D "ね" */
    0x00, 0x00, 0x21, 0x00, 0x00, 0x00, 0x00, 0x00, 0x00, 0xe4, 0x00, 0x00, 0x00, 0x00, 0x00, 0x00,
    0xe2, 0x00, 0x00, 0x00, 0x00, 0x05, 0x68, 0xf5, 0x07, 0xde, 0xa0, 0x00, 0x0b, 0xb9, 0xf3, 0xc9,
    0x21, 0xb9, 0x00, 0x00, 0x02, 0xed, 0x60, 0x00, 0x2e, 0x00, 0x00, 0x06, 0xf5, 0x00, 0x00, 0x0e,
    0x20, 0x00, 0x1e, 0xc0, 0x00, 0x00, 0x0d, 0x30, 0x00, 0xac, 0xb0, 0x00, 0x00, 0x0d, 0x30, 0x06,
    0xd5, 0xb0, 0x08, 0xdd, 0xaf, 0x20, 0x1e, 0x44, 0xb0, 0x4c, 0x10, 0x7f, 0x90, 0x05, 0x05, 0xc0,
    0x4d, 0x23, 0xc8, 0xb6, 0x00, 0x05, 0xc0, 0x08, 0xcd, 0x80, 0x11, 0x00, 0x02, 0x50, 0x00, 0x00,
    0x00, 0x00,
    /* U+306E "の" */
    0x00, 0x00, 0x00, 0x00, 0x00, 0x00, 0x00, 0x04, 0xad, 0xfc, 0x91, 0x00, 0x00, 0x8d, 0x78, 0xb3,
    0x9d, 0x30, 0x07, 0xc1, 0x09, 0x80, 0x07, 0xc0, 0x2e, 0x20, 0x0c, 0x50, 0x00, 0xd5, 0x79, 0x00,
    0x0f, 0x20, 0x00, 0x98, 0xa6, 0x00, 0x4e, 0x00, 0x00, 0x7a, 0xb6, 0x00, 0x99, 0x00, 0x00, 0x98,
    0x99, 0x01, 0xe4, 0x00, 0x01, 0xe5, 0x3e, 0x6b, 0xb0, 0x00, 0x0a, 0xc0, 0x07, 0xeb, 0x10, 0x15,
    0xcd, 0x30, 0x00, 0x00, 0x01, 0xdd, 0x81, 0x00, 0x00, 0x00, 0x00, 0x10, 0x00, 0x00,
    /* U+306F "は" */
    0x09, 0x50, 0x00, 0x00, 0x95, 0x00, 0x00, 0xc4, 0x00, 0x00, 0x0b, 0x60, 0x00, 0x0e, 0x20, 0x11,
    0x00, 0xb6, 0x34, 0x01, 0xf0, 0x06, 0xff, 0xff, 0xfd, 0x90, 0x3d, 0x00, 0x00, 0x00, 0xb6, 0x00,
    0x04, 0xb0, 0x00, 0x00, 0x0a, 0x60, 0x00, 0x5a, 0x00, 0x00, 0x00, 0xa7, 0x00, 0x06, 0xa4, 0x00,
    0x00, 0x09, 0x70, 0x00, 0x5a, 0xc0, 0x1a, 0xde, 0xeb, 0x10, 0x04, 0xe9, 0x09, 0x70, 0x09, 0xde,
    0x60, 0x3f, 0x40, 0xa9, 0x11, 0xd7, 0x4d, 0x10, 0xf2, 0x02, 0xbe, 0xea, 0x10, 0x00, 0x01, 0x00,
    0x00, 0x00, 0x00, 0x00, 0x00,
    /* U+3070 "ば" */
    0x00, 0x00, 0x00, 0x00, 0x00, 0x16, 0x00, 0xb1, 0x00, 0x00, 0x1b, 0x3a, 0x84, 0x2e, 0x00, 0x00,
    0x01, 0xf1, 0xb3, 0x44, 0xc0, 0x01, 0x10, 0x1f, 0x13, 0x20, 0x6a, 0x00, 0xbf, 0xff, 0xff, 0xd5,
    0x08, 0x80, 0x00, 0x00, 0x1f, 0x00, 0x00, 0x96, 0x00, 0x00, 0x00, 0xf1, 0x00, 0x0a, 0x50, 0x00,
    0x00, 0x0f, 0x10, 0x00, 0xb5, 0x40, 0x00, 0x00, 0xe2, 0x00, 0x0a, 0x89, 0x03, 0xcd, 0xef, 0x70,
    0x00, 0x9e, 0x40, 0xe4, 0x00, 0xed, 0xc3, 0x08, 0xe0, 0x0e, 0x51, 0x4f, 0x27, 0xa0, 0x5b, 0x00,
    0x5d, 0xfe, 0x70, 0x00, 0x00, 0x10, 0x00, 0x00, 0x00, 0x00, 0x00,
    /* U+3071 "ぱ" */
    0x00, 0x00, 0x00, 0x00, 0x00, 0x9a, 0x30, 0xc2, 0x00, 0x00, 0x1c, 0x47, 0x18, 0x2e, 0x00, 0x00,
    0x01, 0xf1, 0x9a, 0x34, 0xc0, 0x01, 0x10, 0x1f, 0x14, 0x20, 0x69, 0x00, 0xbf, 0xff, 0xff, 0xd5,
    0x08, 0x80, 0x00, 0x00, 0x1f, 0x00, 0x00, 0x96, 0x00, 0x00, 0x00, 0xf1, 0x00, 0x0a, 0x50, 0x00,
    0x00, 0x0f, 0x10, 0x00, 0xb5, 0x40, 0x00, 0x00, 0xe2, 0x00, 0x0a, 0x89, 0x03, 0xcd, 0xef, 0x70,
    0x00, 0x9e, 0x40, 0xe4, 0x00, 0xed, 0xc3, 0x08, 0xe0, 0x0e, 0x51, 0x4f, 0x27, 0xa0, 0x5b, 0x00,
    0x5d, 0xfe, 0x70, 0x00, 0x00, 0x10, 0x00, 0x00, 0x00, 0x00, 0x00,
    /* U+3072 "ひ" */
    0x00, 0x00, 0x00, 0x00, 0x00, 0x00, 0x01, 0x35, 0x7a, 0xc0, 0x09, 0x60, 0x00, 0x6d, 0xbc, 0xe5,
    0x00, 0x89, 0x00, 0x00, 0x01, 0xc3, 0x00, 0x06, 0xe0, 0x00, 0x00, 0x97, 0x00, 0x00, 0x5f, 0x60,
    0x00, 0x2e, 0x10, 0x00, 0x04, 0xcd, 0x10, 0x08, 0x90, 0x00, 0x00, 0x59, 0x8b, 0x00, 0xb6, 0x00,
    0x00, 0x08, 0x80, 0xa1, 0x0c, 0x40, 0x00, 0x00, 0xb5, 0x00, 0x00, 0xa8, 0x00, 0x00, 0x3e, 0x10,
    0x00, 0x04, 0xe6, 0x11, 0x5e, 0x60, 0x00, 0x00, 0x05, 0xdf, 0xfd, 0x60, 0x00, 0x00, 0x00, 0x00,
    0x11, 0x00, 0x00, 0x00, 0x00,
    /* U+3073 "び" */
    0x00, 0x00, 0x00, 0x00, 0x00, 0x05, 0x00, 0x00, 0x00, 0x00, 0x00, 0x46, 0xb2, 0x23, 0x57, 0xa8,
    0x00, 0xd2, 0xc4, 0x6a, 0xdb, 0xdc, 0x30, 0x0c, 0x54, 0x10, 0x00, 0x3d, 0x10, 0x00, 0xb9, 0x00,
    0x00, 0x0c, 0x50, 0x00, 0x09, 0xe1, 0x00, 0x05, 0xc0, 0x00, 0x00, 0x8e, 0x80, 0x00, 0xa6, 0x00,
    0x00, 0x08, 0x6e, 0x40, 0x0e, 0x30, 0x00, 0x00, 0x94, 0x6c, 0x00, 0xf1, 0x00, 0x00, 0x0c, 0x30,
    0x30, 0x1f, 0x10, 0x00, 0x02, 0xe0, 0x00, 0x00, 0xd5, 0x00, 0x00, 0xa9, 0x00, 0x00, 0x06, 0xe6,
    0x34, 0xac, 0x10, 0x00, 0x00, 0x06, 0xce, 0xe9, 0x10, 0x00, 0x00,
    /* U+3074 "ぴ" */
    0x00, 0x00, 0x00, 0x00, 0x00, 0x57, 0x10, 0x00, 0x00, 0x00, 0x01, 0x28, 0x38, 0x23, 0x58, 0xb9,
    0x00, 0xe5, 0x83, 0x8a, 0xdb, 0xdc, 0x30, 0x0c, 0x65, 0x81, 0x00, 0x3d, 0x10, 0x00, 0xaa, 0x00,
    0x00, 0x0c, 0x50, 0x00, 0x09, 0xf2, 0x00, 0x05, 0xc0, 0x00, 0x00, 0x8e, 0x90, 0x00, 0xa6, 0x00,
    0x00, 0x08, 0x6e, 0x50, 0x0e, 0x30, 0x00, 0x00, 0x94, 0x6c, 0x00, 0xf1, 0x00, 0x00, 0x0c, 0x30,
    0x20, 0x1f, 0x10, 0x00, 0x02, 0xe0, 0x00, 0x00, 0xd5, 0x00, 0x00, 0xa9, 0x00, 0x00, 0x06, 0xe6,
    0x34, 0xac, 0x10, 0x00, 0x00, 0x06, 0xce, 0xe9, 0x10, 0x00, 0x00,
    /* U+3075 "ふ" */
    0x00, 0x00, 0x08, 0x71, 0x00, 0x00, 0x00, 0x00, 0x00, 0x03, 0xbe, 0x50, 0x00, 0x00, 0x00, 0x00,
    0x00, 0x07, 0xf4, 0x00, 0x00, 0x00, 0x00, 0x00, 0x0a, 0x90, 0x00, 0x00, 0x00, 0x00, 0x02, 0x11,
    0x00, 0x00, 0x00, 0x00, 0x00, 0x09, 0xb0, 0x00, 0x00, 0x00, 0x00, 0x00, 0x00, 0xb8, 0x00, 0x95,
    0x00, 0x00, 0x01, 0x30, 0x2e, 0x40, 0x3e, 0x10, 0x00, 0x2d, 0x80, 0x06, 0xd0, 0x0a, 0x80, 0x05,
    0xe9, 0x00, 0x01, 0xf2, 0x04, 0xe1, 0x3e, 0x60, 0x32, 0x16, 0xf1, 0x00, 0xd4, 0x02, 0x00, 0x7e,
    0xfe, 0x70, 0x00, 0x10, 0x00, 0x00, 0x00, 0x10, 0x00, 0x00, 0x00,
    /* U+3076 "ぶ" */
    0x00, 0x00, 0x09, 0x30, 0x00, 0x00, 0x00, 0x00, 0x00, 0x17, 0xea, 0x10, 0x23, 0x70, 0x00, 0x00,
    0x00, 0x1b, 0xd0, 0xc3, 0xc2, 0x00, 0x00, 0x00, 0x1d, 0x60, 0x4a, 0x32, 0x00, 0x00, 0x02, 0x01,
    0x00, 0x00, 0x00, 0x00, 0x00, 0x1d, 0x60, 0x00, 0x00, 0x00, 0x00, 0x00, 0x03, 0xe3, 0x01, 0xc1,
    0x00, 0x00, 0x04, 0x10, 0x5d, 0x10, 0x8a, 0x00, 0x00, 0x5e, 0x40, 0x0b, 0x80, 0x1e, 0x30, 0x08,
    0xe5, 0x00, 0x06, 0xc0, 0x08, 0xa0, 0x7d, 0x30, 0x42, 0x1a, 0xb0, 0x03, 0xe0, 0x11, 0x00, 0xcf,
    0xfd, 0x30, 0x00, 0x10, 0x00, 0x00, 0x00, 0x10, 0x00, 0x00, 0x00,
    /* U+3077 "ぷ" */
    0x00, 0x00, 0x08, 0x20, 0x00, 0x00, 0x00, 0x00, 0x00, 0x18, 0xe9, 0x10, 0x3b, 0xb0, 0x00, 0x00,
    0x00, 0x2d, 0xc0, 0x91, 0x54, 0x00, 0x00, 0x00, 0x1b, 0xb0, 0x83, 0x83, 0x00, 0x00, 0x00, 0x06,
    0x00, 0x17, 0x50, 0x00, 0x00, 0x1c, 0x30, 0x00, 0x00, 0x00, 0x00, 0x00, 0x05, 0xd2, 0x01, 0x80,
    0x00, 0x00, 0x02, 0x00, 0x7c, 0x00, 0xa8, 0x00, 0x00, 0x3e, 0x40, 0x0c, 0x70, 0x2e, 0x20, 0x06,
    0xe6, 0x00, 0x06, 0xc0, 0x09, 0x90, 0x7d, 0x30, 0x32, 0x1a, 0xc0, 0x03, 0xe0, 0x11, 0x00, 0xcf,
    0xfd, 0x40, 0x00, 0x10, 0x00, 0x00, 0x00, 0x10, 0x00, 0x00, 0x00,
    /* U+3078 "へ" */
    0x00, 0x00, 0x3d, 0xb1, 0x00, 0x00, 0x00, 0x00, 0x01, 0xe9, 0xcb, 0x00, 0x00, 0x00, 0x00, 0x0b,
    0xa0, 0x1d, 0x80, 0x00, 0x00, 0x00, 0x8e, 0x10, 0x03, 0xf5, 0x00, 0x00, 0x05, 0xf4, 0x00, 0x00,
    0x6e, 0x30, 0x00, 0x1e, 0x90, 0x00, 0x00, 0x0a, 0xe2, 0x00, 0x04, 0x10, 0x00, 0x00, 0x01, 0xcd,
    0x10, 0x00, 0x00, 0x00, 0x00, 0x00, 0x2d, 0xc1, 0x00, 0x00, 0x00, 0x00, 0x00, 0x03, 0xc1, 0x00,
    0x00, 0x00, 0x00, 0x00, 0x00, 0x00,
    /* U+3079 "べ" */
    0x00, 0x00, 0x00, 0x00, 0x01, 0x1b, 0x00, 0x00, 0x00, 0x03, 0x10, 0x0d, 0x2a, 0x60, 0x00, 0x00,
    0x8f, 0xd2, 0x06, 0xa2, 0x70, 0x00, 0x05, 0xe3, 0xac, 0x10, 0x50, 0x00, 0x00, 0x3e, 0x50, 0x0c,
    0xa0, 0x00, 0x00, 0x01, 0xd8, 0x00, 0x01, 0xd8, 0x00, 0x00, 0x1c, 0xc0, 0x00, 0x00, 0x3f, 0x60,
    0x00, 0x1b, 0x20, 0x00, 0x00, 0x05, 0xf5, 0x00, 0x00, 0x00, 0x00, 0x00, 0x00, 0x8f, 0x50, 0x00,
    0x00, 0x00, 0x00, 0x00, 0x09, 0xe1, 0x00, 0x00, 0x00, 0x00, 0x00, 0x00, 0x30,
    /* U+307A "ぺ" */
    0x00, 0x00, 0x00, 0x00, 0x04, 0xcb, 0x10, 0x00, 0x00, 0x04, 0x20, 0x0a, 0x04, 0x70, 0x00, 0x00,
    0x8f, 0xe3, 0x09, 0x37, 0x60, 0x00, 0x05, 0xe3, 0xad, 0x12, 0x97, 0x00, 0x00, 0x3e, 0x50, 0x0c,
    0xc0, 0x00, 0x00, 0x01, 0xd8, 0x00, 0x01, 0xd9, 0x00, 0x00, 0x1c, 0xc0, 0x00, 0x00, 0x3f, 0x70,
    0x00, 0x1b, 0x20, 0x00, 0x00, 0x05, 0xf6, 0x00, 0x00, 0x00, 0x00, 0x00, 0x00, 0x8f, 0x50, 0x00,
    0x00, 0x00, 0x00, 0x00, 0x09, 0xe1, 0x00, 0x00, 0x00, 0x00, 0x00, 0x00, 0x30,
    /* U+307B "ほ" */
    0x08, 0x50, 0x01, 0x10, 0x01, 0x32, 0x00, 0xc4, 0x01, 0xff, 0xff, 0xdc, 0x50, 0x0e, 0x20, 0x00,
    0x00, 0xd2, 0x00, 0x01, 0xf0, 0x00, 0x00, 0x0d, 0x32, 0x20, 0x3d, 0x00, 0x4e, 0xb6, 0xdf, 0xe9,
    0x04, 0xb0, 0x00, 0x00, 0x1d, 0x20, 0x00, 0x5a, 0x00, 0x00, 0x00, 0xc3, 0x00, 0x06, 0xa4, 0x00,
    0x00, 0x0c, 0x30, 0x00, 0x5b, 0xb0, 0x1a, 0xdd, 0xf9, 0x10, 0x04, 0xe9, 0x08, 0x90, 0x0b, 0xce,
    0x50, 0x3f, 0x40, 0x8a, 0x11, 0xe4, 0x6e, 0x10, 0xf2, 0x01, 0xae, 0xe9, 0x00, 0x10, 0x02, 0x00,
    0x00, 0x00, 0x00, 0x00, 0x00,
    /* U+307C "ぼ" */
    0x00, 0x00, 0x00, 0x00, 0x00, 0x15, 0x01, 0x91, 0x00, 0x00, 0x00, 0x1b, 0x75, 0x3d, 0x00, 0x6e,
    0xee, 0xfe, 0xe3, 0x55, 0xb0, 0x00, 0x00, 0x4b, 0x00, 0x00, 0x79, 0x00, 0x00, 0x04, 0xb0, 0x00,
    0x08, 0x70, 0x00, 0x00, 0x4b, 0x13, 0x10, 0xa5, 0x00, 0xaf, 0xff, 0xfe, 0xd4, 0x0b, 0x40, 0x00,
    0x00, 0x4b, 0x00, 0x00, 0xc4, 0x30, 0x00, 0x03, 0xc0, 0x00, 0x0b, 0x88, 0x03, 0xac, 0xce, 0x20,
    0x00, 0xae, 0x30, 0xe5, 0x13, 0xed, 0xa1, 0x09, 0xd0, 0x0e, 0x40, 0x6d, 0x19, 0x90, 0x6b, 0x00,
    0x4b, 0xed, 0x50, 0x01, 0x01, 0x20, 0x00, 0x00, 0x00, 0x00, 0x00,
    /* U+307D "ぽ" */
    0x00, 0x00, 0x00, 0x00, 0x00, 0x7a, 0x51, 0x61, 0x00, 0x00, 0x00, 0x09, 0x09, 0x3e, 0x00, 0x6e,
    0xed, 0xdc, 0xa8, 0x54, 0xb0, 0x00, 0x00, 0x4b, 0x00, 0x00, 0x69, 0x00, 0x00, 0x04, 0xb0, 0x00,
    0x08, 0x70, 0x00, 0x00, 0x4b, 0x13, 0x10, 0x96, 0x00, 0xaf, 0xff, 0xfe, 0xd4, 0x0b, 0x40, 0x00,
    0x00, 0x4b, 0x00, 0x00, 0xc4, 0x30, 0x00, 0x03, 0xc0, 0x00, 0x0b, 0x88, 0x03, 0xac, 0xce, 0x20,
    0x00, 0xae, 0x30, 0xe5, 0x13, 0xed, 0xa1, 0x09, 0xd0, 0x0e, 0x40, 0x6d, 0x19, 0x90, 0x6b, 0x00,
    0x4b, 0xed, 0x50, 0x01, 0x01, 0x20, 0x00, 0x00, 0x00, 0x00, 0x00,
    /* U+307E "ま" */
    0x00, 0x00, 0x2f, 0x00, 0x00, 0x02, 0x32, 0x12, 0xe1, 0x34, 0x40, 0x4c, 0xde, 0xff, 0xed, 0xb7,
    0x00, 0x00, 0x02, 0xe0, 0x00, 0x00, 0x22, 0x10, 0x2e, 0x12, 0x44, 0x05, 0xde, 0xff, 0xfe, 0xdc,
    0x90, 0x00, 0x00, 0x1e, 0x00, 0x00, 0x00, 0x00, 0x01, 0xf0, 0x00, 0x00, 0x06, 0xce, 0xef, 0x82,
    0x00, 0x04, 0xc3, 0x00, 0xf9, 0xea, 0x10, 0x5d, 0x20, 0x5f, 0x11, 0x9d, 0x00, 0x8d, 0xed, 0x60,
    0x00, 0x10,
    /* U+307F "み" */
    0x00, 0x00, 0x11, 0x31, 0x00, 0x00, 0x00, 0x0d, 0xfe, 0xef, 0x70, 0x00, 0x00, 0x00, 0x10, 0x02,
    0xe1, 0x00, 0x00, 0x00, 0x00, 0x00, 0x98, 0x00, 0x00, 0x00, 0x00, 0x00, 0x1e, 0x20, 0x04, 0xb0,
    0x00, 0x04, 0x8c, 0xe8, 0x51, 0x4b, 0x00, 0x0a, 0xc7, 0xe7, 0x8c, 0xec, 0x90, 0x08, 0xa0, 0x4d,
    0x00, 0x04, 0xde, 0x60, 0xd2, 0x0c, 0x60, 0x00, 0x1e, 0x8f, 0x2e, 0x46, 0xe1, 0x00, 0x08, 0x90,
    0x20, 0x7f, 0xe4, 0x00, 0x06, 0xe2, 0x00, 0x00, 0x10, 0x00, 0x1b, 0xe4, 0x00, 0x00, 0x00, 0x00,
    0x00, 0x61, 0x00, 0x00, 0x00,
    /* U+3080 "む" */
    0x00, 0x02, 0x00, 0x00, 0x00, 0x00, 0x00, 0x0f, 0x20, 0x00, 0x00, 0x00, 0x21, 0x0e, 0x34, 0x60,
    0x25, 0x00, 0x9e, 0xff, 0xec, 0x80, 0x3d, 0x80, 0x00, 0x0e, 0x20, 0x00, 0x01, 0xc8, 0x06, 0xcf,
    0x20, 0x00, 0x00, 0x13, 0x2d, 0x2c, 0x40, 0x00, 0x00, 0x00, 0x78, 0x09, 0x60, 0x00, 0x00, 0x00,
    0x86, 0x0b, 0x50, 0x00, 0x02, 0x00, 0x6b, 0x3e, 0x20, 0x00, 0x08, 0x90, 0x1c, 0xfb, 0x00, 0x00,
    0x08, 0x90, 0x00, 0x5c, 0x10, 0x01, 0x4d, 0x50, 0x00, 0x1a, 0xef, 0xfe, 0xc7, 0x00, 0x00, 0x00,
    0x00, 0x00, 0x00, 0x00,
    /* U+3081 "め" */
    0x00, 0x00, 0x00, 0x01, 0x00, 0x00, 0x00, 0x20, 0x00, 0x0d, 0x40, 0x00, 0x05, 0xc0, 0x00, 0x1f,
    0x10, 0x00, 0x01, 0xe3, 0x7c, 0xef, 0xa4, 0x00, 0x00, 0xbf, 0x93, 0x98, 0x6e, 0x60, 0x04, 0xfb,
    0x00, 0xe3, 0x03, 0xe1, 0x1d, 0x5e, 0x24, 0xd0, 0x00, 0xa7, 0x6a, 0x09, 0x8a, 0x70, 0x00, 0x79,
    0xa6, 0x02, 0xee, 0x10, 0x00, 0x89, 0xc4, 0x01, 0xdc, 0x00, 0x00, 0xb6, 0xa9, 0x2b, 0xbd, 0x30,
    0x06, 0xe1, 0x3e, 0xe9, 0x00, 0x02, 0x9f, 0x50, 0x00, 0x00, 0x00, 0xbf, 0xb3, 0x00, 0x00, 0x00,
    0x00, 0x21, 0x00, 0x00,
    /* U+3082 "も" */
    0x00, 0x01, 0xf2, 0x00, 0x00, 0x00, 0x25, 0x33, 0xf0, 0x00, 0x00, 0x00, 0x3a, 0xcf, 0xd1, 0x22,
    0x00, 0x00, 0x00, 0x06, 0xff, 0xe9, 0x00, 0x00, 0x00, 0x08, 0x90, 0x00, 0x00, 0x00, 0x66, 0x39,
    0x71, 0x11, 0x3d, 0x20, 0x6b, 0xdf, 0xff, 0xe7, 0x09, 0xa0, 0x00, 0x0c, 0x40, 0x00, 0x03, 0xe0,
    0x00, 0x0d, 0x30, 0x00, 0x00, 0xf2, 0x00, 0x0b, 0x50, 0x00, 0x04, 0xe0, 0x00, 0x07, 0xd3, 0x12,
    0x6e, 0x70, 0x00, 0x00, 0x8e, 0xff, 0xc5, 0x00, 0x00, 0x00, 0x00, 0x10, 0x00, 0x00,
    /* U+3083 "ゃ" */
    0x00, 0x00, 0x1a, 0x20, 0x00, 0x00, 0x19, 0x10, 0x6b, 0x00, 0x00, 0x00, 0xa8, 0x05, 0xad, 0xd9,
    0x10, 0x03, 0xee, 0xb5, 0x21, 0xb8, 0x28, 0xee, 0x80, 0x00, 0x06, 0xb2, 0xb3, 0x4d, 0x03, 0x11,
    0xb8, 0x00, 0x00, 0xe3, 0x9e, 0xea, 0x10, 0x00, 0x09, 0x80, 0x00, 0x00, 0x00, 0x00, 0x4d, 0x00,
    0x00, 0x00, 0x00, 0x00, 0xe3, 0x00, 0x00, 0x00, 0x00, 0x08, 0x40, 0x00, 0x00,
    /* U+3084 "や" */
    0x00, 0x00, 0x00, 0x30, 0x00, 0x00, 0x00, 0x00, 0x00, 0x1d, 0x80, 0x00, 0x00, 0x00, 0x89, 0x00,
    0x1c, 0x40, 0x00, 0x00, 0x02, 0xe2, 0x03, 0x9b, 0xed, 0x70, 0x00, 0x09, 0xbc, 0xe8, 0x41, 0x3d,
    0x60, 0x05, 0xcf, 0x71, 0x00, 0x00, 0x6b, 0x1d, 0xe7, 0xc6, 0x00, 0x00, 0x07, 0xa0, 0x72, 0x06,
    0xb0, 0x33, 0x14, 0xe6, 0x00, 0x00, 0x1f, 0x26, 0xdf, 0xd7, 0x00, 0x00, 0x00, 0xa8, 0x00, 0x00,
    0x00, 0x00, 0x00, 0x05, 0xd0, 0x00, 0x00, 0x00, 0x00, 0x00, 0x1f, 0x30, 0x00, 0x00, 0x00, 0x00,
    0x00, 0xc7, 0x00, 0x00, 0x00, 0x00, 0x00, 0x04, 0x30, 0x00, 0x00,
    /* U+3085 "ゅ" */
    0x00, 0x00, 0x03, 0x10, 0x00, 0x09, 0x10, 0x09, 0x60, 0x00, 0x0e, 0x00, 0x7d, 0xeb, 0x50, 0x2d,
    0x1c, 0x87, 0x93, 0xc6, 0x3c, 0xb4, 0x05, 0xa0, 0x3d, 0x4e, 0x80, 0x06, 0x90, 0x1e, 0x3f, 0x29,
    0x18, 0x70, 0x4c, 0x2e, 0x07, 0xcb, 0x64, 0xd5, 0x0c, 0x00, 0x7f, 0xec, 0x50, 0x00, 0x00, 0xa9,
    0x00, 0x00, 0x00, 0x05, 0xb1, 0x00, 0x00,
    /* U+3086 "ゆ" */
    0x00, 0x00, 0x00, 0x10, 0x00, 0x00, 0x00, 0x00, 0x00, 0xc5, 0x00, 0x00, 0x0b, 0x40, 0x00, 0x97,
    0x00, 0x00, 0x0d, 0x20, 0x28, 0xef, 0xd8, 0x10, 0x0f, 0x05, 0xd7, 0x7a, 0x29, 0xc0, 0x1e, 0x3c,
    0x20, 0x5a, 0x00, 0xb6, 0x2d, 0xc3, 0x00, 0x5b, 0x00, 0x79, 0x2f, 0x90, 0x10, 0x7a, 0x00, 0x79,
    0x1f, 0x34, 0xa0, 0x99, 0x00, 0xc6, 0x0f, 0x20, 0xca, 0xc6, 0x3a, 0xc0, 0x0b, 0x30, 0x19, 0xff,
    0xd9, 0x10, 0x00, 0x00, 0x0a, 0xa0, 0x00, 0x00, 0x00, 0x00, 0x9e, 0x20, 0x00, 0x00, 0x00, 0x00,
    0x52, 0x00, 0x00, 0x00,
    /* U+3087 "ょ" */
    0x00, 0x00, 0x96, 0x00, 0x00, 0x00, 0x00, 0x97, 0x00, 0x00, 0x00, 0x00, 0x9d, 0xcd, 0xd0, 0x00,
    0x00, 0x99, 0x32, 0x10, 0x00, 0x00, 0x97, 0x00, 0x00, 0x00, 0x00, 0x97, 0x00, 0x00, 0x00, 0x00,
    0x88, 0x00, 0x00, 0x06, 0xdd, 0xec, 0x40, 0x00, 0x3d, 0x20, 0x7c, 0xdc, 0x20, 0x3e, 0x31, 0xb8,
    0x08, 0xd0, 0x07, 0xde, 0xb2, 0x00, 0x20,
    /* U+3088 "よ" */
    0x00, 0x00, 0x0a, 0x80, 0x00, 0x00, 0x00, 0x00, 0xa7, 0x00, 0x00, 0x00, 0x00, 0x0a, 0x70, 0x00,
    0x00, 0x00, 0x00, 0xad, 0xcd, 0xea, 0x00, 0x00, 0x0a, 0x93, 0x32, 0x00, 0x00, 0x00, 0x97, 0x00,
    0x00, 0x00, 0x00, 0x09, 0x80, 0x00, 0x00, 0x00, 0x00, 0x89, 0x00, 0x00, 0x04, 0xbe, 0xfe, 0xd5,
    0x00, 0x01, 0xe5, 0x10, 0x8c, 0xbe, 0x70, 0x2f, 0x41, 0x2c, 0x90, 0x2b, 0xb0, 0x6d, 0xff, 0xc2,
    0x00, 0x01, 0x00, 0x00, 0x00, 0x00, 0x00, 0x00,
    /* U+3089 "ら" */
    0x00, 0x00, 0x00, 0x00, 0x00, 0x00, 0x7c, 0x95, 0x20, 0x00, 0x00, 0x15, 0x9c, 0xfe, 0x00, 0x06,
    0x20, 0x00, 0x02, 0x00, 0x0d, 0x40, 0x00, 0x00, 0x00, 0x0f, 0x10, 0x00, 0x00, 0x00, 0x1e, 0x04,
    0xac, 0xec, 0x50, 0x3d, 0xab, 0x41, 0x14, 0xe6, 0x5f, 0x90, 0x00, 0x00, 0x6c, 0x48, 0x00, 0x00,
    0x00, 0x6c, 0x00, 0x00, 0x00, 0x01, 0xc9, 0x00, 0x11, 0x12, 0x6d, 0xc1, 0x00, 0xaf, 0xff, 0xd8,
    0x10, 0x00, 0x01, 0x21, 0x00, 0x00,
    /* U+308A "り" */
    0x07, 0x90, 0x00, 0x00, 0x00, 0x09, 0x71, 0x9e, 0xc5, 0x00, 0x0b, 0x5c, 0x71, 0x4e, 0x40, 0x0d,
    0xa7, 0x00, 0x08, 0xa0, 0x0e, 0xc0, 0x00, 0x03, 0xe0, 0x0f, 0x70, 0x00, 0x02, 0xf1, 0x0f, 0x30,
    0x00, 0x02, 0xf0, 0x0f, 0x30, 0x00, 0x05, 0xd0, 0x06, 0x10, 0x00, 0x0a, 0xa0, 0x00, 0x00, 0x00,
    0x5e, 0x20, 0x00, 0x00, 0x19, 0xe6, 0x00, 0x00, 0x3c, 0xfb, 0x30, 0x00, 0x00, 0x05, 0x10, 0x00,
    0x00,
    /* U+308B "る" */
    0x00, 0x00, 0x01, 0x23, 0x40, 0x00, 0x0a, 0xff, 0xed, 0xef, 0x40, 0x00, 0x10, 0x00, 0x4d, 0x50,
    0x00, 0x00, 0x00, 0x5d, 0x30, 0x00, 0x00, 0x00, 0x7c, 0x20, 0x00, 0x00, 0x00, 0x9f, 0xcd, 0xdb,
    0x40, 0x01, 0xbc, 0x50, 0x00, 0x5e, 0x52, 0xd9, 0x00, 0x00, 0x00, 0x5c, 0x16, 0x02, 0xac, 0x81,
    0x04, 0xe0, 0x00, 0xc6, 0x19, 0xa0, 0x8b, 0x00, 0x0c, 0x71, 0x2f, 0xae, 0x20, 0x00, 0x2a, 0xee,
    0xc9, 0x20,
    /* U+308C "れ" */
    0x00, 0x00, 0x31, 0x00, 0x00, 0x00, 0x00, 0x00, 0x00, 0xe4, 0x00, 0x00, 0x00, 0x00, 0x00, 0x00,
    0xe2, 0x00, 0x00, 0x00, 0x00, 0x06, 0x79, 0xf5, 0x07, 0xde, 0x70, 0x00, 0x09, 0x98, 0xf3, 0xc9,
    0x25, 0xe0, 0x00, 0x00, 0x02, 0xed, 0x60, 0x00, 0xf1, 0x00, 0x00, 0x07, 0xf5, 0x00, 0x01, 0xf0,
    0x00, 0x00, 0x2e, 0xc0, 0x00, 0x02, 0xe0, 0x00, 0x00, 0xbb, 0xb0, 0x00, 0x04, 0xc0, 0x00, 0x06,
    0xd5, 0xb0, 0x00, 0x05, 0xa0, 0x00, 0x1e, 0x44, 0xb0, 0x00, 0x07, 0x90, 0x02, 0x06, 0x05, 0xb0,
    0x00, 0x06, 0xd4, 0xa9, 0x00, 0x05, 0xc0, 0x00, 0x01, 0xce, 0x91, 0x00, 0x02, 0x50, 0x00, 0x00,
    0x00, 0x00,
    /* U+308D "ろ" */
    0x00, 0x00, 0x01, 0x12, 0x30, 0x00, 0x0b, 0xff, 0xed, 0xef, 0x40, 0x00, 0x11, 0x00, 0x4e, 0x50,
    0x00, 0x00, 0x00, 0x5d, 0x40, 0x00, 0x00, 0x00, 0x6d, 0x20, 0x00, 0x00, 0x00, 0x8f, 0xcd, 0xeb,
    0x40, 0x00, 0xae, 0x72, 0x01, 0x5e, 0x51, 0xcc, 0x20, 0x00, 0x00, 0x7b, 0x29, 0x10, 0x00, 0x00,
    0x05, 0xd0, 0x00, 0x00, 0x00, 0x00, 0xb9, 0x00, 0x01, 0x11, 0x25, 0xcc, 0x20, 0x00, 0x8f, 0xff,
    0xc7, 0x10, 0x00, 0x00, 0x00, 0x00, 0x00, 0x00,
    /* U+308F "わ" */
    0x00, 0x00, 0x20, 0x00, 0x00, 0x00, 0x00, 0x00, 0x0e, 0x40, 0x00, 0x00, 0x00, 0x00, 0x00, 0xe2,
    0x00, 0x00, 0x00, 0x00, 0x23, 0x5f, 0x50, 0x00, 0x00, 0x00, 0x0c, 0xdb, 0xf3, 0x4a, 0xde, 0xc4,
    0x00, 0x00, 0x2e, 0xac, 0x51, 0x16, 0xe4, 0x00, 0x06, 0xf9, 0x00, 0x00, 0x07, 0xb0, 0x02, 0xec,
    0x00, 0x00, 0x00, 0x3e, 0x00, 0xbb, 0xb0, 0x00, 0x00, 0x05, 0xd0, 0x7c, 0x4b, 0x00, 0x00, 0x00,
    0xa9, 0x1e, 0x34, 0xb0, 0x00, 0x01, 0x9e, 0x10, 0x30, 0x5c, 0x00, 0x39, 0xec, 0x30, 0x00, 0x05,
    0xc0, 0x03, 0x94, 0x00, 0x00, 0x00, 0x24, 0x00, 0x00, 0x00, 0x00,
    /* U+3092 "を" */
    0x00, 0x00, 0x10, 0x00, 0x00, 0x00, 0x00, 0x00, 0xc5, 0x00, 0x00, 0x00, 0x12, 0x00, 0xf3, 0x34,
    0x62, 0x00, 0x5e, 0xff, 0xfe, 0xec, 0xb3, 0x00, 0x00, 0x0c, 0x40, 0x00, 0x00, 0x10, 0x00, 0x8d,
    0xbc, 0x60, 0x3a, 0xe2, 0x06, 0xf7, 0x23, 0xeb, 0xe7, 0x10, 0x4f, 0x40, 0x08, 0xf8, 0x10, 0x00,
    0x25, 0x01, 0xca, 0xc4, 0x00, 0x00, 0x00, 0x0a, 0x80, 0xb4, 0x00, 0x00, 0x00, 0x0f, 0x20, 0x52,
    0x00, 0x00, 0x00, 0x0d, 0x82, 0x01, 0x23, 0x20, 0x00, 0x03, 0xbf, 0xff, 0xfd, 0x50, 0x00, 0x00,
    0x00, 0x00, 0x00, 0x00,
    /* U+3093 "ん" */
    0x00, 0x00, 0x0c, 0x50, 0x00, 0x00, 0x00, 0x00, 0x05, 0xe1, 0x00, 0x00, 0x00, 0x00, 0x00, 0xd6,
    0x00, 0x00, 0x00, 0x00, 0x00, 0x5d, 0x00, 0x00, 0x00, 0x00, 0x00, 0x0c, 0x50, 0x00, 0x00, 0x00,
    0x00, 0x05, 0xda, 0xe9, 0x00, 0x00, 0x00, 0x00, 0xcd, 0x43, 0xe3, 0x00, 0x00, 0x00, 0x3f, 0x30,
    0x0c, 0x50, 0x00, 0x91, 0x0a, 0x90, 0x00, 0xb5, 0x00, 0x3f, 0x11, 0xf2, 0x00, 0x0b, 0x50, 0x09,
    0xa0, 0x7c, 0x00, 0x00, 0x9a, 0x17, 0xe2, 0x0b, 0x70, 0x00, 0x03, 0xef, 0xd4, 0x00, 0x01, 0x00,
    0x00, 0x01, 0x20, 0x00, 0x00,
    /* U+30A2 "ア" */
    0x01, 0x00, 0x00, 0x00, 0x00, 0x00, 0x4f, 0xff, 0xff, 0xff, 0xff, 0xfc, 0x12, 0x11, 0x11, 0x11,
    0x12, 0xe6, 0x00, 0x00, 0x06, 0x30, 0x0a, 0xb0, 0x00, 0x00, 0x0c, 0x60, 0xac, 0x10, 0x00, 0x00,
    0x0c, 0x57, 0xc1, 0x00, 0x00, 0x00, 0x0d, 0x40, 0x10, 0x00, 0x00, 0x00, 0x1f, 0x10, 0x00, 0x00,
    0x00, 0x00, 0x6d, 0x00, 0x00, 0x00, 0x00, 0x02, 0xe5, 0x00, 0x00, 0x00, 0x00, 0x3d, 0xb0, 0x00,
    0x00, 0x00, 0x03, 0xfa, 0x10, 0x00, 0x00, 0x00, 0x00, 0x10, 0x00, 0x00, 0x00, 0x00,
    /* U+30A4 "イ" */
    0x00, 0x00, 0x00, 0x00, 0x00, 0x20, 0x00, 0x00, 0x00, 0x00, 0x0b, 0xc0, 0x00, 0x00, 0x00, 0x01,
    0xbd, 0x20, 0x00, 0x00, 0x00, 0x4e, 0xb1, 0x00, 0x00, 0x00, 0x2a, 0xf8, 0x00, 0x00, 0x00, 0x4a,
    0xf9, 0xe4, 0x00, 0x00, 0x7e, 0xe9, 0x20, 0xe4, 0x00, 0x00, 0x45, 0x00, 0x00, 0xe4, 0x00, 0x00,
    0x00, 0x00, 0x00, 0xe4, 0x00, 0x00, 0x00, 0x00, 0x00, 0xe4, 0x00, 0x00, 0x00, 0x00, 0x00, 0xe4,
    0x00, 0x00, 0x00, 0x00, 0x00, 0xe5, 0x00, 0x00,
    /* U+30A6 "ウ" */
    0x00, 0x00, 0x04, 0x30, 0x00, 0x00, 0x00, 0x00, 0x0b, 0x80, 0x00, 0x00, 0x00, 0x00, 0x0b, 0x70,
    0x00, 0x10, 0x1f, 0xff, 0xff, 0xff, 0xff, 0xf3, 0x1f, 0x21, 0x11, 0x11, 0x14, 0xf1, 0x1f, 0x10,
    0x00, 0x00, 0x06, 0xd0, 0x1f, 0x10, 0x00, 0x00, 0x09, 0xa0, 0x1b, 0x10, 0x00, 0x00, 0x1e, 0x40,
    0x00, 0x00, 0x00, 0x00, 0x7d, 0x00, 0x00, 0x00, 0x00, 0x04, 0xf5, 0x00, 0x00, 0x00, 0x00, 0x5e,
    0x90, 0x00, 0x00, 0x00, 0x4c, 0xf8, 0x00, 0x00, 0x00, 0x05, 0xfb, 0x30, 0x00, 0x00, 0x00, 0x00,
    0x10, 0x00, 0x00, 0x00,
    /* U+30A8 "エ" */
    0x02, 0x11, 0x11, 0x11, 0x11, 0x20, 0x0f, 0xff, 0xff, 0xff, 0xff, 0xf1, 0x01, 0x00, 0x0a, 0x80,
    0x00, 0x00, 0x00, 0x00, 0x0a, 0x80, 0x00, 0x00, 0x00, 0x00, 0x0a, 0x80, 0x00, 0x00, 0x00, 0x00,
    0x0a, 0x80, 0x00, 0x00, 0x00, 0x00, 0x0a, 0x80, 0x00, 0x00, 0x00, 0x00, 0x0a, 0x80, 0x00, 0x00,
    0x22, 0x22, 0x2a, 0x92, 0x22, 0x22, 0xcf, 0xff, 0xff, 0xff, 0xff, 0xfc, 0x10, 0x00, 0x00, 0x00,
    0x00, 0x00,
    /* U+30AA "オ" */
    0x00, 0x00, 0x00, 0x0e, 0x30, 0x00, 0x00, 0x00, 0x00, 0x0e, 0x20, 0x00, 0x11, 0x11, 0x11, 0x1e,
    0x31, 0x11, 0x4f, 0xff, 0xff, 0xff, 0xff, 0xf9, 0x00, 0x00, 0x00, 0xbf, 0x30, 0x00, 0x00, 0x00,
    0x08, 0xcd, 0x30, 0x00, 0x00, 0x00, 0x7d, 0x2d, 0x30, 0x00, 0x00, 0x09, 0xd2, 0x0d, 0x40, 0x00,
    0x03, 0xcc, 0x20, 0x0d, 0x40, 0x00, 0x6f, 0x91, 0x00, 0x0d, 0x40, 0x00, 0x24, 0x00, 0x11, 0x1d,
    0x40, 0x00, 0x00, 0x00, 0x4f, 0xfe, 0x10, 0x00, 0x00, 0x00, 0x00, 0x10, 0x00, 0x00,
    /* U+30AB "カ" */
    0x00, 0x00, 0x3f, 0x10, 0x00, 0x00, 0x00, 0x02, 0xf0, 0x00, 0x00, 0x01, 0x11, 0x3f, 0x11, 0x11,
    0x13, 0xff, 0xff, 0xff, 0xff, 0xfd, 0x00, 0x00, 0x5b, 0x00, 0x04, 0xd0, 0x00, 0x08, 0x80, 0x00,
    0x4c, 0x00, 0x00, 0xc5, 0x00, 0x05, 0xb0, 0x00, 0x3e, 0x10, 0x00, 0x6a, 0x00, 0x0a, 0x90, 0x00,
    0x08, 0x90, 0x05, 0xe2, 0x00, 0x00, 0xb7, 0x05, 0xf5, 0x00, 0x32, 0x3e, 0x33, 0xe6, 0x00, 0x0a,
    0xef, 0xa0, 0x01, 0x00, 0x00, 0x00, 0x00, 0x00,
    /* U+30AC "ガ" */
    0x00, 0x00, 0x00, 0x00, 0x00, 0x42, 0x00, 0x00, 0x06, 0xa0, 0x01, 0xb4, 0xb0, 0x00, 0x00, 0x6b,
    0x00, 0x09, 0x58, 0x11, 0x11, 0x17, 0xb1, 0x11, 0x33, 0x00, 0x8f, 0xff, 0xff, 0xff, 0xff, 0x90,
    0x00, 0x00, 0x0a, 0x70, 0x00, 0x89, 0x00, 0x00, 0x00, 0xd4, 0x00, 0x08, 0x80, 0x00, 0x00, 0x1f,
    0x10, 0x00, 0x97, 0x00, 0x00, 0x07, 0xb0, 0x00, 0x0a, 0x60, 0x00, 0x01, 0xe5, 0x00, 0x00, 0xc4,
    0x00, 0x00, 0x9c, 0x00, 0x00, 0x0e, 0x20, 0x00, 0x9e, 0x20, 0x03, 0x26, 0xe0, 0x00, 0x6e, 0x30,
    0x01, 0xef, 0xe7, 0x00, 0x00, 0x10, 0x00, 0x00, 0x00, 0x00, 0x00,
    /* U+30AD "キ" */
    0x00, 0x00, 0x65, 0x00, 0x00, 0x00, 0x00, 0x00, 0x8a, 0x00, 0x00, 0x00, 0x00, 0x00, 0x5d, 0x57,
    0xad, 0x30, 0x39, 0xbd, 0xff, 0xc9, 0x74, 0x10, 0x39, 0x64, 0x1e, 0x30, 0x00, 0x00, 0x00, 0x00,
    0x0b, 0x60, 0x00, 0x11, 0x00, 0x00, 0x09, 0xb8, 0xad, 0xf7, 0x39, 0xbd, 0xfe, 0xe9, 0x64, 0x20,
    0x49, 0x64, 0x12, 0xf1, 0x00, 0x00, 0x00, 0x00, 0x00, 0xe3, 0x00, 0x00, 0x00, 0x00, 0x00, 0xb7,
    0x00, 0x00, 0x00, 0x00, 0x00, 0x89, 0x00, 0x00,
    /* U+30AE "ギ" */
    0x00, 0x00, 0x00, 0x00, 0x01, 0x64, 0x00, 0x00, 0x08, 0x30, 0x01, 0xc3, 0xc0, 0x00, 0x00, 0xc6,
    0x00, 0x06, 0x63, 0x00, 0x00, 0x09, 0xa5, 0x8b, 0xd0, 0x00, 0x69, 0xbd, 0xff, 0xb9, 0x64, 0x00,
    0x06, 0x85, 0x33, 0xe0, 0x00, 0x00, 0x00, 0x00, 0x00, 0x0e, 0x20, 0x00, 0x20, 0x00, 0x00, 0x01,
    0xc9, 0x8b, 0xdf, 0x30, 0x69, 0xbe, 0xfe, 0xd8, 0x63, 0x10, 0x06, 0x85, 0x30, 0x6b, 0x00, 0x00,
    0x00, 0x00, 0x00, 0x03, 0xe0, 0x00, 0x00, 0x00, 0x00, 0x00, 0x0f, 0x30, 0x00, 0x00, 0x00, 0x00,
    0x00, 0xc5, 0x00, 0x00, 0x00,
    /* U+30AF "ク" */
    0x00, 0x00, 0x03, 0x00, 0x00, 0x00, 0x00, 0x00, 0x1f, 0x40, 0x00, 0x00, 0x00, 0x00, 0x8c, 0x00,
    0x00, 0x10, 0x00, 0x03, 0xff, 0xff, 0xff, 0xe1, 0x00, 0x1d, 0x70, 0x00, 0x08, 0xc0, 0x01, 0xca,
    0x00, 0x00, 0x0d, 0x60, 0x3d, 0xa0, 0x00, 0x00, 0x5e, 0x10, 0x27, 0x00, 0x00, 0x01, 0xd7, 0x00,
    0x00, 0x00, 0x00, 0x08, 0xd0, 0x00, 0x00, 0x00, 0x00, 0x8e, 0x30, 0x00, 0x00, 0x00, 0x08, 0xe4,
    0x00, 0x00, 0x00, 0x04, 0xce, 0x40, 0x00, 0x00, 0x00, 0xcf, 0x91, 0x00, 0x00, 0x00, 0x00, 0x21,
    0x00, 0x00, 0x00, 0x00,
    /* U+30B0 "グ" */
    0x00, 0x00, 0x00, 0x00, 0x00, 0x34, 0x70, 0x00, 0x00, 0x09, 0xa0, 0x00, 0xb4, 0xc2, 0x00, 0x00,
    0x2e, 0x40, 0x00, 0x38, 0x20, 0x00, 0x00, 0xaf, 0xff, 0xff, 0xf6, 0x00, 0x00, 0x06, 0xd1, 0x00,
    0x02, 0xf3, 0x00, 0x00, 0x5f, 0x30, 0x00, 0x07, 0xd0, 0x00, 0x08, 0xe4, 0x00, 0x00, 0x0c, 0x80,
    0x00, 0x08, 0x30, 0x00, 0x00, 0x6e, 0x10, 0x00, 0x00, 0x00, 0x00, 0x01, 0xe6, 0x00, 0x00, 0x00,
    0x00, 0x00, 0x1c, 0xc0, 0x00, 0x00, 0x00, 0x00, 0x01, 0xcc, 0x10, 0x00, 0x00, 0x00, 0x00, 0x5d,
    0xc1, 0x00, 0x00, 0x00, 0x00, 0x5c, 0xf8, 0x10, 0x00, 0x00, 0x00, 0x00, 0x28, 0x20, 0x00, 0x00,
    0x00, 0x00,
    /* U+30B1 "ケ" */
    0x00, 0x00, 0x00, 0x00, 0x00, 0x00, 0x00, 0x00, 0x0a, 0x90, 0x00, 0x00, 0x00, 0x00, 0x00, 0xe5,
    0x00, 0x00, 0x00, 0x00, 0x00, 0x4f, 0x21, 0x11, 0x11, 0x12, 0x00, 0x0b, 0xff, 0xff, 0xff, 0xff,
    0xc0, 0x05, 0xe2, 0x00, 0x2f, 0x10, 0x00, 0x03, 0xe6, 0x00, 0x04, 0xe0, 0x00, 0x00, 0xb9, 0x00,
    0x00, 0x7b, 0x00, 0x00, 0x00, 0x00, 0x00, 0x0c, 0x70, 0x00, 0x00, 0x00, 0x00, 0x04, 0xf1, 0x00,
    0x00, 0x00, 0x00, 0x01, 0xd9, 0x00, 0x00, 0x00, 0x00, 0x01, 0xcc, 0x00, 0x00, 0x00, 0x00, 0x01,
    0xdc, 0x10, 0x00, 0x00, 0x00, 0x00, 0x01, 0x10, 0x00, 0x00, 0x00,
    /* U+30B2 "ゲ" */
    0x00, 0x00, 0x00, 0x00, 0x00, 0x04, 0x40, 0x00, 0x00, 0xa4, 0x00, 0x00, 0xc3, 0xc0, 0x00, 0x01,
    0xf3, 0x00, 0x00, 0x68, 0x52, 0x00, 0x07, 0xd0, 0x00, 0x00, 0x02, 0x00, 0x00, 0x0d, 0xff, 0xff,
    0xff, 0xff, 0x90, 0x00, 0x7d, 0x21, 0x16, 0xd1, 0x12, 0x10, 0x04, 0xf5, 0x00, 0x07, 0xb0, 0x00,
    0x00, 0x1e, 0x80, 0x00, 0x09, 0x90, 0x00, 0x00, 0x02, 0x00, 0x00, 0x0e, 0x50, 0x00, 0x00, 0x00,
    0x00, 0x00, 0x5e, 0x00, 0x00, 0x00, 0x00, 0x00, 0x01, 0xe8, 0x00, 0x00, 0x00, 0x00, 0x00, 0x1b,
    0xc0, 0x00, 0x00, 0x00, 0x00, 0x02, 0xdd, 0x20, 0x00, 0x00, 0x00, 0x00, 0x00, 0x61, 0x00, 0x00,
    0x00, 0x00,
    /* U+30B3 "コ" */
    0x22, 0x22, 0x22, 0x22, 0x22, 0x9f, 0xff, 0xff, 0xff, 0xfd, 0x00, 0x00, 0x00, 0x00, 0x5c, 0x00,
    0x00, 0x00, 0x00, 0x5c, 0x00, 0x00, 0x00, 0x00, 0x5c, 0x00, 0x00, 0x00, 0x00, 0x5c, 0x00, 0x00,
    0x00, 0x00, 0x5c, 0x00, 0x00, 0x00, 0x00, 0x5c, 0x22, 0x22, 0x22, 0x22, 0x6c, 0xcf, 0xff, 0xff,
    0xff, 0xfd, 0x10, 0x00, 0x00, 0x00, 0x5b,
    /* U+30B4 "ゴ" */
    0x00, 0x00, 0x00, 0x00, 0x00, 0x00, 0x00, 0x00, 0x00, 0x00, 0x03, 0x47, 0x60, 0x00, 0x00, 0x00,
    0x00, 0x1d, 0x2d, 0x10, 0x10, 0x00, 0x00, 0x00, 0x62, 0x20, 0x0d, 0xff, 0xff, 0xff, 0xff, 0x90,
    0x00, 0x22, 0x22, 0x22, 0x22, 0xa8, 0x00, 0x00, 0x00, 0x00, 0x00, 0x09, 0x80, 0x00, 0x00, 0x00,
    0x00, 0x00, 0x98, 0x00, 0x00, 0x00, 0x00, 0x00, 0x09, 0x80, 0x00, 0x00, 0x00, 0x00, 0x00, 0x98,
    0x00, 0x00, 0x00, 0x00, 0x00, 0x09, 0x80, 0x00, 0x00, 0x00, 0x00, 0x00, 0x98, 0x00, 0x1f, 0xff,
    0xff, 0xff, 0xff, 0x80, 0x00, 0x32, 0x22, 0x22, 0x22, 0xa9, 0x00, 0x00, 0x00, 0x00, 0x00, 0x01,
    0x10, 0x00,
    /* U+30B5 "サ" */
    0x00, 0x03, 0xe0, 0x00, 0x1f, 0x20, 0x00, 0x00, 0x2f, 0x00, 0x01, 0xf1, 0x00, 0x01, 0x02, 0xf0,
    0x00, 0x1f, 0x10, 0x01, 0xff, 0xff, 0xff, 0xff, 0xff, 0xfe, 0x02, 0x14, 0xf1, 0x11, 0x2f, 0x21,
    0x10, 0x00, 0x2f, 0x00, 0x01, 0xf0, 0x00, 0x00, 0x02, 0xf0, 0x00, 0x2e, 0x00, 0x00, 0x00, 0x3e,
    0x00, 0x05, 0xd0, 0x00, 0x00, 0x00, 0x00, 0x00, 0xb8, 0x00, 0x00, 0x00, 0x00, 0x00, 0x4f, 0x30,
    0x00, 0x00, 0x00, 0x00, 0x5e, 0x70, 0x00, 0x00, 0x00, 0x00, 0x8e, 0x70, 0x00, 0x00, 0x00, 0x00,
    0x01, 0x20, 0x00, 0x00, 0x00,
    /* U+30B6 "ザ" */
    0x00, 0x00, 0x00, 0x00, 0x00, 0x00, 0x20, 0x00, 0x05, 0x80, 0x00, 0x4b, 0x45, 0xb0, 0x00, 0x06,
    0xb0, 0x00, 0x5c, 0x1b, 0x63, 0x00, 0x06, 0xb0, 0x00, 0x5c, 0x02, 0x00, 0x5f, 0xff, 0xff, 0xff,
    0xff, 0xff, 0xa0, 0x11, 0x17, 0xb1, 0x11, 0x6d, 0x11, 0x10, 0x00, 0x06, 0xb0, 0x00, 0x5c, 0x00,
    0x00, 0x00, 0x06, 0xb0, 0x00, 0x6b, 0x00, 0x00, 0x00, 0x07, 0xb0, 0x00, 0x99, 0x00, 0x00, 0x00,
    0x00, 0x10, 0x00, 0xe5, 0x00, 0x00, 0x00, 0x00, 0x00, 0x06, 0xe1, 0x00, 0x00, 0x00, 0x00, 0x00,
    0x5f, 0x50, 0x00, 0x00, 0x00, 0x00, 0x0b, 0xf7, 0x00, 0x00, 0x00, 0x00, 0x00, 0x04, 0x30, 0x00,
    0x00, 0x00,
    /* U+30B7 "シ" */
    0x00, 0x00, 0x00, 0x00, 0x00, 0x00, 0x00, 0x3d, 0x50, 0x00, 0x00, 0x00, 0x00, 0x06, 0xea, 0x10,
    0x00, 0x00, 0x00, 0x00, 0x18, 0x00, 0x00, 0x00, 0x3b, 0x30, 0x00, 0x00, 0x00, 0x35, 0x19, 0xf8,
    0x00, 0x00, 0x01, 0xd8, 0x00, 0x39, 0x00, 0x00, 0x0b, 0xc0, 0x00, 0x00, 0x00, 0x02, 0xcd, 0x10,
    0x00, 0x00, 0x00, 0x4e, 0xb1, 0x00, 0x00, 0x00, 0x3a, 0xf7, 0x00, 0x00, 0x03, 0x7b, 0xfa, 0x30,
    0x00, 0x00, 0x08, 0xc7, 0x20, 0x00, 0x00, 0x00,
    /* U+30B8 "ジ" */
    0x00, 0x00, 0x00, 0x00, 0x00, 0x61, 0x00, 0x05, 0xd4, 0x00, 0x07, 0x47, 0x90, 0x00, 0x07, 0xf8,
    0x00, 0x2d, 0x1a, 0x10, 0x00, 0x03, 0x70, 0x00, 0x51, 0x00, 0x6a, 0x20, 0x00, 0x00, 0x00, 0x53,
    0x02, 0xae, 0x60, 0x00, 0x00, 0x2e, 0x50, 0x00, 0x58, 0x00, 0x00, 0x1c, 0x80, 0x00, 0x00, 0x00,
    0x00, 0x3d, 0xa0, 0x00, 0x00, 0x00, 0x00, 0x6f, 0x90, 0x00, 0x00, 0x00, 0x04, 0xbe, 0x50, 0x00,
    0x00, 0x04, 0x8c, 0xf9, 0x20, 0x00, 0x00, 0x00, 0xab, 0x71, 0x00, 0x00, 0x00, 0x00,
    /* U+30B9 "ス" */
    0x00, 0x00, 0x00, 0x00, 0x01, 0x00, 0x06, 0xff, 0xff, 0xff, 0xfe, 0x10, 0x01, 0x22, 0x22, 0x22,
    0xba, 0x00, 0x00, 0x00, 0x00, 0x02, 0xf3, 0x00, 0x00, 0x00, 0x00, 0x09, 0xb0, 0x00, 0x00, 0x00,
    0x00, 0x4f, 0x20, 0x00, 0x00, 0x00, 0x01, 0xda, 0x00, 0x00, 0x00, 0x00, 0x1d, 0xcf, 0x60, 0x00,
    0x00, 0x01, 0xdb, 0x15, 0xf5, 0x00, 0x00, 0x4d, 0xb1, 0x00, 0x6f, 0x40, 0x29, 0xf8, 0x00, 0x00,
    0x09, 0xe2, 0x3c, 0x30, 0x00, 0x00, 0x00, 0xb4, 0x00, 0x00, 0x00, 0x00, 0x00, 0x00,
    /* U+30BA "ズ" */
    0x00, 0x00, 0x00, 0x00, 0x02, 0x56, 0x00, 0x00, 0x00, 0x00, 0x00, 0xd2, 0xd0, 0x02, 0x21, 0x11,
    0x11, 0x28, 0x86, 0x20, 0xaf, 0xff, 0xff, 0xff, 0xb1, 0x00, 0x01, 0x00, 0x00, 0x01, 0xe4, 0x00,
    0x00, 0x00, 0x00, 0x00, 0x7d, 0x00, 0x00, 0x00, 0x00, 0x00, 0x1e, 0x40, 0x00, 0x00, 0x00, 0x00,
    0x0b, 0xa0, 0x00, 0x00, 0x00, 0x00, 0x09, 0xf8, 0x00, 0x00, 0x00, 0x00, 0x09, 0xd5, 0xe8, 0x00,
    0x00, 0x00, 0x1a, 0xd2, 0x03, 0xe8, 0x00, 0x00, 0x7e, 0xb2, 0x00, 0x04, 0xf6, 0x00, 0x9e, 0x60,
    0x00, 0x00, 0x06, 0xf1, 0x01, 0x10, 0x00, 0x00, 0x00, 0x03, 0x00,
    /* U+30BB "セ" */
    0x00, 0x00, 0xa6, 0x00, 0x00, 0x00, 0x00, 0x00, 0x0b, 0x60, 0x00, 0x00, 0x00, 0x00, 0x00, 0xb6,
    0x00, 0x00, 0x47, 0x00, 0x00, 0x0b, 0x85, 0x9c, 0xff, 0xf3, 0x15, 0x8b, 0xef, 0xc9, 0x62, 0xa9,
    0x01, 0xea, 0x7c, 0x60, 0x00, 0x4e, 0x10, 0x00, 0x00, 0xb6, 0x00, 0x1d, 0x60, 0x00, 0x00, 0x0b,
    0x60, 0x07, 0xa0, 0x00, 0x00, 0x00, 0xb6, 0x00, 0x00, 0x00, 0x00, 0x00, 0x0b, 0x60, 0x00, 0x00,
    0x00, 0x00, 0x00, 0xab, 0x21, 0x34, 0x66, 0x00, 0x00, 0x02, 0xbe, 0xfe, 0xed, 0x90,
    /* U+30BC "ゼ" */
    0x00, 0x00, 0x00, 0x00, 0x00, 0x14, 0x50, 0x00, 0x00, 0x93, 0x00, 0x00, 0xc3, 0xc1, 0x00, 0x00,
    0xe4, 0x00, 0x00, 0x59, 0x41, 0x00, 0x00, 0xe3, 0x00, 0x00, 0x13, 0x00, 0x00, 0x00, 0xe4, 0x36,
    0x9d, 0xfe, 0x10, 0x13, 0x69, 0xff, 0xeb, 0x85, 0xc8, 0x00, 0x4f, 0xc9, 0xe5, 0x00, 0x05, 0xe1,
    0x00, 0x01, 0x00, 0xe3, 0x00, 0x2e, 0x50, 0x00, 0x00, 0x00, 0xe3, 0x00, 0xa8, 0x00, 0x00, 0x00,
    0x00, 0xe3, 0x00, 0x10, 0x00, 0x00, 0x00, 0x00, 0xe4, 0x00, 0x00, 0x00, 0x00, 0x00, 0x00, 0xd8,
    0x10, 0x12, 0x44, 0x00, 0x00, 0x00, 0x5e, 0xff, 0xff, 0xe7, 0x00, 0x00, 0x00, 0x00, 0x11, 0x10,
    0x00, 0x00,
    /* U+30BD "ソ" */
    0x19, 0x10, 0x00, 0x00, 0x08, 0xb0, 0xca, 0x00, 0x00, 0x00, 0xb9, 0x03, 0xf4, 0x00, 0x00, 0x0e,
    0x40, 0x09, 0xc0, 0x00, 0x04, 0xf1, 0x00, 0x28, 0x00, 0x00, 0xb9, 0x00, 0x00, 0x00, 0x00, 0x4f,
    0x20, 0x00, 0x00, 0x00, 0x2e, 0x80, 0x00, 0x00, 0x00, 0x1d, 0xa0, 0x00, 0x00, 0x00, 0x3d, 0xc1,
    0x00, 0x00, 0x01, 0xaf, 0x90, 0x00, 0x00, 0x00, 0x06, 0x30, 0x00, 0x00, 0x00,
    /* U+30BE "ゾ" */
    0x00, 0x00, 0x00, 0x00, 0x01, 0x43, 0x00, 0x00, 0x00, 0x00, 0x03, 0xc3, 0xc0, 0x03, 0x00, 0x00,
    0x00, 0x08, 0x35, 0x14, 0xf3, 0x00, 0x00, 0x00, 0xc5, 0x00, 0x09, 0xc0, 0x00, 0x00, 0x1f, 0x30,
    0x00, 0x1e, 0x60, 0x00, 0x06, 0xd0, 0x00, 0x00, 0x8a, 0x00, 0x00, 0xc8, 0x00, 0x00, 0x00, 0x00,
    0x00, 0x4e, 0x10, 0x00, 0x00, 0x00, 0x00, 0x1d, 0x80, 0x00, 0x00, 0x00, 0x00, 0x1c, 0xc1, 0x00,
    0x00, 0x00, 0x00, 0x1b, 0xd1, 0x00, 0x00, 0x00, 0x00, 0x6e, 0xc2, 0x00, 0x00, 0x00, 0x00, 0x2c,
    0x70, 0x00, 0x00, 0x00, 0x00,
    /* U+30BF "タ" */
    0x00, 0x00, 0x03, 0x00, 0x00, 0x00, 0x00, 0x00, 0x1f, 0x40, 0x00, 0x00, 0x00, 0x00, 0x8c, 0x00,
    0x00, 0x10, 0x00, 0x02, 0xef, 0xff, 0xff, 0xe1, 0x00, 0x1c, 0x80, 0x00, 0x08, 0xc0, 0x00, 0xbb,
    0x00, 0x00, 0x0d, 0x60, 0x2c, 0xb1, 0x87, 0x00, 0x5e, 0x10, 0x49, 0x00, 0x3d, 0xc3, 0xd6, 0x00,
    0x00, 0x00, 0x01, 0x9f, 0xd0, 0x00, 0x00, 0x00, 0x00, 0x8e, 0xe9, 0x00, 0x00, 0x00, 0x1a, 0xd2,
    0x3b, 0x10, 0x00, 0x06, 0xdc, 0x20, 0x00, 0x00, 0x02, 0xdd, 0x60, 0x00, 0x00, 0x00, 0x00, 0x31,
    0x00, 0x00, 0x00, 0x00,
    /* U+30C0 "ダ" */
    0x00, 0x00, 0x00, 0x00, 0x00, 0x34, 0x80, 0x00, 0x00, 0x07, 0xc0, 0x00, 0xb3, 0xc2, 0x00, 0x00,
    0x1d, 0x60, 0x00, 0x49, 0x31, 0x00, 0x00, 0x8f, 0xff, 0xff, 0xf8, 0x00, 0x00, 0x04, 0xe2, 0x00,
    0x01, 0xe5, 0x00, 0x00, 0x3e, 0x50, 0x00, 0x05, 0xe0, 0x00, 0x05, 0xe6, 0x1a, 0x20, 0x0b, 0x90,
    0x00, 0x0b, 0x50, 0x1a, 0xe6, 0x5e, 0x10, 0x00, 0x00, 0x00, 0x00, 0x6e, 0xe7, 0x00, 0x00, 0x00,
    0x00, 0x00, 0x1c, 0xfd, 0x20, 0x00, 0x00, 0x00, 0x01, 0xcc, 0x2b, 0x90, 0x00, 0x00, 0x00, 0x6d,
    0xb1, 0x00, 0x00, 0x00, 0x00, 0x5d, 0xe6, 0x00, 0x00, 0x00, 0x00, 0x00, 0x38, 0x10, 0x00, 0x00,
    0x00, 0x00,
    /* U+30C1 "チ" */
    0x00, 0x00, 0x00, 0x14, 0x7a, 0x10, 0x07, 0xcc, 0xde, 0xfc, 0x96, 0x10, 0x02, 0x43, 0x26, 0xc0,
    0x00, 0x00, 0x00, 0x00, 0x05, 0xc0, 0x00, 0x00, 0x11, 0x11, 0x15, 0xc1, 0x11, 0x11, 0xcf, 0xff,
    0xff, 0xff, 0xff, 0xfc, 0x00, 0x00, 0x07, 0xb0, 0x00, 0x00, 0x00, 0x00, 0x09, 0x90, 0x00, 0x00,
    0x00, 0x00, 0x1e, 0x40, 0x00, 0x00, 0x00, 0x00, 0x8d, 0x00, 0x00, 0x00, 0x00, 0x07, 0xf3, 0x00,
    0x00, 0x00, 0x00, 0x8e, 0x50, 0x00, 0x00, 0x00, 0x00, 0x02, 0x00, 0x00, 0x00, 0x00,
    /* U+30C2 "ヂ" */
    0x00, 0x00, 0x00, 0x02, 0x58, 0x60, 0x00, 0x00, 0xbb, 0xcd, 0xfe, 0xb8, 0x53, 0x30, 0x00, 0x44,
    0x32, 0xb7, 0x00, 0xb3, 0xc0, 0x00, 0x00, 0x00, 0xa7, 0x00, 0x77, 0x71, 0x00, 0x00, 0x00, 0xa7,
    0x00, 0x12, 0x00, 0x2f, 0xff, 0xff, 0xff, 0xff, 0xff, 0x60, 0x01, 0x11, 0x11, 0xc6, 0x11, 0x11,
    0x10, 0x00, 0x00, 0x00, 0xe3, 0x00, 0x00, 0x00, 0x00, 0x00, 0x04, 0xe0, 0x00, 0x00, 0x00, 0x00,
    0x00, 0x0c, 0x80, 0x00, 0x00, 0x00, 0x00, 0x00, 0xad, 0x10, 0x00, 0x00, 0x00, 0x00, 0x1c, 0xd3,
    0x00, 0x00, 0x00, 0x00, 0x00, 0x03, 0x10, 0x00, 0x00, 0x00, 0x00,
    /* U+30C4 "ツ" */
    0x01, 0x00, 0x78, 0x00, 0x00, 0x42, 0x6b, 0x00, 0x4e, 0x10, 0x00, 0xe6, 0x1f, 0x30, 0x0d, 0x50,
    0x03, 0xf1, 0x0a, 0x90, 0x08, 0x80, 0x07, 0xb0, 0x04, 0xc0, 0x00, 0x00, 0x1e, 0x60, 0x00, 0x00,
    0x00, 0x00, 0x7c, 0x00, 0x00, 0x00, 0x00, 0x03, 0xe4, 0x00, 0x00, 0x00, 0x00, 0x4e, 0x70, 0x00,
    0x00, 0x00, 0x06, 0xf6, 0x00, 0x00, 0x00, 0x05, 0xce, 0x60, 0x00, 0x00, 0x00, 0x2c, 0x91, 0x00,
    0x00, 0x00,
    /* U+30C5 "ヅ" */
    0x00, 0x00, 0x00, 0x00, 0x02, 0x35, 0x00, 0x00, 0x00, 0x00, 0x01, 0xd2, 0xd1, 0x00, 0x00, 0xa5,
    0x00, 0x06, 0x53, 0x1a, 0x70, 0x07, 0xb0, 0x00, 0x29, 0x10, 0x5d, 0x00, 0x2f, 0x20, 0x06, 0xd0,
    0x00, 0xd5, 0x00, 0xb5, 0x00, 0xb8, 0x00, 0x08, 0x90, 0x00, 0x00, 0x3f, 0x30, 0x00, 0x00, 0x00,
    0x00, 0x0b, 0x90, 0x00, 0x00, 0x00, 0x00, 0x06, 0xe1, 0x00, 0x00, 0x00, 0x00, 0x07, 0xe4, 0x00,
    0x00, 0x00, 0x00, 0x19, 0xe4, 0x00, 0x00, 0x00, 0x01, 0x6d, 0xd3, 0x00, 0x00, 0x00, 0x00, 0x4d,
    0x70, 0x00, 0x00, 0x00, 0x00,
    /* U+30C6 "テ" */
    0x00, 0x10, 0x00, 0x00, 0x01, 0x00, 0x00, 0xff, 0xff, 0xff, 0xff, 0x30, 0x00, 0x10, 0x00, 0x00,
    0x00, 0x00, 0x00, 0x00, 0x00, 0x00, 0x00, 0x00, 0x11, 0x11, 0x11, 0x11, 0x11, 0x11, 0xaf, 0xff,
    0xff, 0xff, 0xff, 0xfc, 0x00, 0x00, 0x05, 0xd0, 0x00, 0x00, 0x00, 0x00, 0x06, 0xb0, 0x00, 0x00,
    0x00, 0x00, 0x0a, 0x80, 0x00, 0x00, 0x00, 0x00, 0x2f, 0x30, 0x00, 0x00, 0x00, 0x01, 0xd9, 0x00,
    0x00, 0x00, 0x00, 0x5e, 0xa0, 0x00, 0x00, 0x00, 0x00, 0x14, 0x00, 0x00, 0x00, 0x00,
    /* U+30C7 "デ" */
    0x00, 0x00, 0x00, 0x00, 0x03, 0x1b, 0x00, 0x01, 0x00, 0x00, 0x01, 0x77, 0x86, 0x03, 0xff, 0xff,
    0xff, 0xf4, 0xb1, 0x30, 0x00, 0x00, 0x00, 0x00, 0x00, 0x00, 0x00, 0x00, 0x00, 0x00, 0x00, 0x00,
    0x01, 0x11, 0x11, 0x11, 0x11, 0x11, 0x10, 0xcf, 0xff, 0xff, 0xff, 0xff, 0xfa, 0x00, 0x00, 0x00,
    0x7a, 0x00, 0x00, 0x00, 0x00, 0x00, 0x08, 0x90, 0x00, 0x00, 0x00, 0x00, 0x00, 0xc6, 0x00, 0x00,
    0x00, 0x00, 0x00, 0x3f, 0x10, 0x00, 0x00, 0x00, 0x00, 0x2e, 0x80, 0x00, 0x00, 0x00, 0x00, 0x6e,
    0x90, 0x00, 0x00, 0x00, 0x00, 0x02, 0x50, 0x00, 0x00, 0x00, 0x00,
    /* U+30C8 "ト" */
    0x14, 0x00, 0x00, 0x00, 0x5e, 0x00, 0x00, 0x00, 0x4d, 0x00, 0x00, 0x00, 0x4d, 0x00, 0x00, 0x00,
    0x4e, 0x40, 0x00, 0x00, 0x4f, 0xee, 0x93, 0x00, 0x4d, 0x05, 0xaf, 0xc5, 0x4d, 0x00, 0x02, 0x98,
    0x4d, 0x00, 0x00, 0x00, 0x4d, 0x00, 0x00, 0x00, 0x4e, 0x00, 0x00, 0x00, 0x5e, 0x00, 0x00, 0x00,
    /* U+30C9 "ド" */
    0x32, 0x00, 0x00, 0x30, 0x0c, 0x70, 0x04, 0x49, 0x70, 0xb7, 0x00, 0x2d, 0x1c, 0x1b, 0x70, 0x00,
    0x73, 0x00, 0xba, 0x20, 0x00, 0x00, 0x0b, 0xef, 0xc7, 0x10, 0x00, 0xb7, 0x27, 0xdf, 0x92, 0x0b,
    0x70, 0x00, 0x5c, 0x20, 0xb7, 0x00, 0x00, 0x00, 0x0b, 0x70, 0x00, 0x00, 0x00, 0xb7, 0x00, 0x00,
    0x00, 0x0c, 0x80, 0x00, 0x00, 0x00,
    /* U+30CA "ナ" */
    0x00, 0x00, 0x04, 0xc0, 0x00, 0x00, 0x00, 0x00, 0x03, 0xf0, 0x00, 0x00, 0x00, 0x00, 0x03, 0xf0,
    0x00, 0x00, 0x11, 0x11, 0x14, 0xf1, 0x11, 0x11, 0xaf, 0xff, 0xff, 0xff, 0xff, 0xfe, 0x00, 0x00,
    0x04, 0xe0, 0x00, 0x00, 0x00, 0x00, 0x06, 0xc0, 0x00, 0x00, 0x00, 0x00, 0x09, 0xa0, 0x00, 0x00,
    0x00, 0x00, 0x1e, 0x50, 0x00, 0x00, 0x00, 0x00, 0xad, 0x00, 0x00, 0x00, 0x00, 0x09, 0xf3, 0x00,
    0x00, 0x00, 0x00, 0xad, 0x30, 0x00, 0x00, 0x00, 0x00, 0x11, 0x00, 0x00, 0x00, 0x00,
    /* U+30CB "ニ" */
    0x00, 0x00, 0x00, 0x00, 0x00, 0x00, 0x08, 0xff, 0xff, 0xff, 0xff, 0x40, 0x02, 0x33, 0x33, 0x33,
    0x33, 0x10, 0x00, 0x00, 0x00, 0x00, 0x00, 0x00, 0x00, 0x00, 0x00, 0x00, 0x00, 0x00, 0x00, 0x00,
    0x00, 0x00, 0x00, 0x00, 0x00, 0x00, 0x00, 0x00, 0x00, 0x00, 0x00, 0x00, 0x00, 0x00, 0x00, 0x00,
    0x33, 0x33, 0x33, 0x33, 0x33, 0x32, 0xbf, 0xff, 0xff, 0xff, 0xff, 0xf6, 0x10, 0x00, 0x00, 0x00,
    0x00, 0x00,
    /* U+30CC "ヌ" */
    0x00, 0x00, 0x00, 0x00, 0x01, 0x00, 0x6f, 0xff, 0xff, 0xff, 0xf4, 0x01, 0x21, 0x11, 0x11, 0x5e,
    0x10, 0x00, 0x00, 0x00, 0x09, 0xa0, 0x00, 0x48, 0x10, 0x01, 0xe4, 0x00, 0x03, 0xdd, 0x30, 0x7d,
    0x00, 0x00, 0x00, 0x8f, 0x8e, 0x50, 0x00, 0x00, 0x00, 0x5f, 0xe1, 0x00, 0x00, 0x00, 0x1b, 0xdd,
    0xc2, 0x00, 0x00, 0x2c, 0xd2, 0x1c, 0xd3, 0x01, 0x8e, 0xc1, 0x00, 0x1a, 0x20, 0xde, 0x60, 0x00,
    0x00, 0x00, 0x02, 0x10, 0x00, 0x00, 0x00, 0x00,
    /* U+30CD "ネ" */
    0x00, 0x00, 0x02, 0x30, 0x00, 0x00, 0x00, 0x00, 0x08, 0xa0, 0x00, 0x00, 0x01, 0x00, 0x07, 0xa0,
    0x01, 0x00, 0x0e, 0xff, 0xff, 0xff, 0xff, 0x50, 0x01, 0x11, 0x11, 0x11, 0xcb, 0x00, 0x00, 0x00,
    0x00, 0x0a, 0xd1, 0x00, 0x00, 0x00, 0x01, 0xcc, 0x10, 0x00, 0x00, 0x00, 0x7e, 0xc1, 0x41, 0x00,
    0x01, 0x6d, 0xdb, 0x90, 0xbe, 0x50, 0x9f, 0xd6, 0x08, 0x90, 0x06, 0xe9, 0x33, 0x00, 0x08, 0x90,
    0x00, 0x35, 0x00, 0x00, 0x08, 0x90, 0x00, 0x00, 0x00, 0x00, 0x08, 0xa0, 0x00, 0x00, 0x00, 0x00,
    0x03, 0x30, 0x00, 0x00,
    /* U+30CE "ノ" */
    0x00, 0x00, 0x00, 0x04, 0xc1, 0x00, 0x00, 0x00, 0x09, 0xc0, 0x00, 0x00, 0x00, 0x0d, 0x60, 0x00,
    0x00, 0x00, 0x5e, 0x10, 0x00, 0x00, 0x00, 0xd8, 0x00, 0x00, 0x00, 0x07, 0xd1, 0x00, 0x00, 0x00,
    0x5f, 0x50, 0x00, 0x00, 0x06, 0xf6, 0x00, 0x00, 0x02, 0xaf, 0x50, 0x00, 0x00, 0x9f, 0xc3, 0x00,
    0x00, 0x00, 0x45, 0x00, 0x00, 0x00, 0x00,
    /* U+30CF "ハ" */
    0x00, 0x03, 0x40, 0x06, 0x40, 0x00, 0x00, 0x09, 0x90, 0x08, 0xc0, 0x00, 0x00, 0x0c, 0x60, 0x01,
    0xe4, 0x00, 0x00, 0x1f, 0x20, 0x00, 0x9a, 0x00, 0x00, 0x6d, 0x00, 0x00, 0x3f, 0x20, 0x00, 0xb8,
    0x00, 0x00, 0x0c, 0x80, 0x03, 0xf2, 0x00, 0x00, 0x06, 0xd0, 0x0a, 0x90, 0x00, 0x00, 0x01, 0xf4,
    0x5e, 0x10, 0x00, 0x00, 0x00, 0xb9, 0x97, 0x00, 0x00, 0x00, 0x00, 0x79,
    /* U+30D0 "バ" */
    0x00, 0x00, 0x00, 0x00, 0x00, 0x44, 0x80, 0x00, 0x00, 0x00, 0x00, 0x00, 0xa4, 0xb3, 0x00, 0x00,
    0x97, 0x00, 0xc5, 0x28, 0x10, 0x00, 0x00, 0xd6, 0x00, 0x7c, 0x00, 0x00, 0x00, 0x01, 0xf2, 0x00,
    0x1e, 0x40, 0x00, 0x00, 0x06, 0xd0, 0x00, 0x09, 0xb0, 0x00, 0x00, 0x0b, 0x80, 0x00, 0x02, 0xf2,
    0x00, 0x00, 0x1f, 0x30, 0x00, 0x00, 0xc8, 0x00, 0x00, 0x8c, 0x00, 0x00, 0x00, 0x6d, 0x00, 0x02,
    0xe4, 0x00, 0x00, 0x00, 0x1f, 0x30, 0x0b, 0xb0, 0x00, 0x00, 0x00, 0x0c, 0x80, 0x05, 0x20, 0x00,
    0x00, 0x00, 0x04, 0x30,
    /* U+30D1 "パ" */
    0x00, 0x00, 0x00, 0x00, 0x00, 0x18, 0x70, 0x00, 0x00, 0x00, 0x00, 0x00, 0x74, 0x83, 0x00, 0x00,
    0x31, 0x00, 0x51, 0x81, 0x55, 0x00, 0x00, 0xb8, 0x00, 0xc8, 0x3a, 0xa1, 0x00, 0x00, 0xe5, 0x00,
    0x5e, 0x00, 0x00, 0x00, 0x02, 0xf1, 0x00, 0x0e, 0x60, 0x00, 0x00, 0x06, 0xc0, 0x00, 0x08, 0xc0,
    0x00, 0x00, 0x0b, 0x80, 0x00, 0x02, 0xf3, 0x00, 0x00, 0x2f, 0x30, 0x00, 0x00, 0xc8, 0x00, 0x00,
    0x8c, 0x00, 0x00, 0x00, 0x7d, 0x00, 0x01, 0xe5, 0x00, 0x00, 0x00, 0x2f, 0x30, 0x0a, 0xc0, 0x00,
    0x00, 0x00, 0x0d, 0x70, 0x08, 0x40, 0x00, 0x00, 0x00, 0x07, 0x50,
    /* U+30D2 "ヒ" */
    0xa5, 0x00, 0x00, 0x00, 0x00, 0xc6, 0x00, 0x00, 0x00, 0x00, 0xb6, 0x00, 0x00, 0x05, 0x20, 0xb6,
    0x00, 0x16, 0xde, 0x50, 0xb7, 0x6b, 0xfd, 0x71, 0x00, 0xbf, 0xd8, 0x30, 0x00, 0x00, 0xb7, 0x00,
    0x00, 0x00, 0x00, 0xb6, 0x00, 0x00, 0x00, 0x00, 0xb6, 0x00, 0x00, 0x00, 0x00, 0xb6, 0x00, 0x00,
    0x00, 0x00, 0xac, 0x42, 0x23, 0x35, 0x70, 0x2a, 0xee, 0xfe, 0xed, 0xc0,
    /* U+30D3 "ビ" */
    0x00, 0x00, 0x00, 0x00, 0x07, 0x03, 0x70, 0x00, 0x00, 0x57, 0x96, 0x5d, 0x00, 0x00, 0x00, 0xd3,
    0x75, 0xc0, 0x00, 0x00, 0x15, 0x10, 0x5c, 0x00, 0x02, 0x7d, 0xa0, 0x05, 0xc2, 0x6b, 0xfc, 0x60,
    0x00, 0x5f, 0xfc, 0x82, 0x00, 0x00, 0x05, 0xd2, 0x00, 0x00, 0x00, 0x00, 0x5c, 0x00, 0x00, 0x00,
    0x00, 0x05, 0xc0, 0x00, 0x00, 0x00, 0x00, 0x5d, 0x00, 0x00, 0x00, 0x00, 0x02, 0xf6, 0x22, 0x23,
    0x46, 0x40, 0x07, 0xdf, 0xff, 0xed, 0xc5, 0x00,
    /* U+30D4 "ピ" */
    0x00, 0x00, 0x00, 0x00, 0x39, 0x40, 0x4a, 0x00, 0x00, 0x00, 0xa2, 0xa0, 0x5d, 0x00, 0x00, 0x00,
    0x90, 0x91, 0x5c, 0x00, 0x00, 0x00, 0x8a, 0x70, 0x5c, 0x00, 0x01, 0x6d, 0xa0, 0x00, 0x5c, 0x15,
    0xaf, 0xc7, 0x10, 0x00, 0x5f, 0xfd, 0x83, 0x00, 0x00, 0x00, 0x5d, 0x30, 0x00, 0x00, 0x00, 0x00,
    0x5c, 0x00, 0x00, 0x00, 0x00, 0x00, 0x5c, 0x00, 0x00, 0x00, 0x00, 0x00, 0x5d, 0x00, 0x00, 0x00,
    0x00, 0x00, 0x2f, 0x62, 0x22, 0x34, 0x64, 0x00, 0x07, 0xdf, 0xff, 0xed, 0xc5, 0x00,
    /* U+30D5 "フ" */
    0x10, 0x00, 0x00, 0x00, 0x00, 0x0f, 0xff, 0xff, 0xff, 0xff, 0xc0, 0x22, 0x22, 0x22, 0x22, 0x9b,
    0x00, 0x00, 0x00, 0x00, 0x0b, 0x70, 0x00, 0x00, 0x00, 0x01, 0xf3, 0x00, 0x00, 0x00, 0x00, 0x7d,
    0x00, 0x00, 0x00, 0x00, 0x0e, 0x60, 0x00, 0x00, 0x00, 0x09, 0xd0, 0x00, 0x00, 0x00, 0x09, 0xe3,
    0x00, 0x00, 0x00, 0x1a, 0xf4, 0x00, 0x00, 0x03, 0x9e, 0xd4, 0x00, 0x00, 0x00, 0x3d, 0x71, 0x00,
    0x00, 0x00,
    /* U+30D6 "ブ" */
    0x00, 0x00, 0x00, 0x00, 0x00, 0x00, 0x00, 0x00, 0x00, 0x00, 0x01, 0x63, 0xa0, 0x00, 0x00, 0x00,
    0x00, 0x0c, 0x2c, 0x31, 0x21, 0x11, 0x11, 0x11, 0x77, 0x43, 0x3f, 0xff, 0xff, 0xff, 0xff, 0xa0,
    0x00, 0x00, 0x00, 0x00, 0x00, 0xb8, 0x00, 0x00, 0x00, 0x00, 0x00, 0x1f, 0x30, 0x00, 0x00, 0x00,
    0x00, 0x05, 0xe0, 0x00, 0x00, 0x00, 0x00, 0x00, 0xc8, 0x00, 0x00, 0x00, 0x00, 0x00, 0x6e, 0x10,
    0x00, 0x00, 0x00, 0x00, 0x5f, 0x60, 0x00, 0x00, 0x00, 0x00, 0x5f, 0x70, 0x00, 0x00, 0x00, 0x04,
    0xbf, 0x60, 0x00, 0x00, 0x00, 0x09, 0xfa, 0x20, 0x00, 0x00, 0x00, 0x00, 0x02, 0x00, 0x00, 0x00,
    0x00, 0x00,
    /* U+30D7 "プ" */
    0x00, 0x00, 0x00, 0x00, 0x00, 0x68, 0x10, 0x00, 0x00, 0x00, 0x00, 0x28, 0x37, 0x12, 0x11, 0x11,
    0x11, 0x16, 0x83, 0xa3, 0xff, 0xff, 0xff, 0xff, 0xff, 0xb3, 0x00, 0x00, 0x00, 0x00, 0x0b, 0x80,
    0x00, 0x00, 0x00, 0x00, 0x01, 0xf3, 0x00, 0x00, 0x00, 0x00, 0x00, 0x5e, 0x00, 0x00, 0x00, 0x00,
    0x00, 0x0c, 0x80, 0x00, 0x00, 0x00, 0x00, 0x06, 0xe1, 0x00, 0x00, 0x00, 0x00, 0x05, 0xf6, 0x00,
    0x00, 0x00, 0x00, 0x05, 0xf7, 0x00, 0x00, 0x00, 0x00, 0x4b, 0xf7, 0x00, 0x00, 0x00, 0x00, 0x9f,
    0xa2, 0x00, 0x00, 0x00, 0x00, 0x00, 0x20, 0x00, 0x00, 0x00, 0x00,
    /* U+30D8 "ヘ" */
    0x00, 0x00, 0x3d, 0xb1, 0x00, 0x00, 0x00, 0x00, 0x01, 0xda, 0xcc, 0x10, 0x00, 0x00, 0x00, 0x0b,
    0xb0, 0x1c, 0xb0, 0x00, 0x00, 0x00, 0x7e, 0x10, 0x02, 0xd9, 0x00, 0x00, 0x05, 0xf4, 0x00, 0x00,
    0x3e, 0x70, 0x00, 0x0d, 0x90, 0x00, 0x00, 0x05, 0xf5, 0x00, 0x02, 0x10, 0x00, 0x00, 0x00, 0x9e,
    0x30, 0x00, 0x00, 0x00, 0x00, 0x00, 0x0c, 0xd1, 0x00, 0x00, 0x00, 0x00, 0x00, 0x02, 0x90,
    /* U+30D9 "ベ" */
    0x00, 0x00, 0x00, 0x00, 0x00, 0x00, 0x00, 0x00, 0x00, 0x00, 0x00, 0x02, 0x2c, 0x00, 0x00, 0x00,
    0x04, 0x10, 0x0d, 0x2a, 0x60, 0x00, 0x00, 0x8f, 0xd2, 0x05, 0xb2, 0x60, 0x00, 0x06, 0xe3, 0x9d,
    0x20, 0x40, 0x00, 0x00, 0x3e, 0x50, 0x09, 0xd1, 0x00, 0x00, 0x01, 0xd8, 0x00, 0x00, 0xbc, 0x10,
    0x00, 0x1d, 0xc0, 0x00, 0x00, 0x1d, 0xb0, 0x00, 0x09, 0x20, 0x00, 0x00, 0x02, 0xe9, 0x00, 0x00,
    0x00, 0x00, 0x00, 0x00, 0x4f, 0x70, 0x00, 0x00, 0x00, 0x00, 0x00, 0x07, 0xc0, 0x00, 0x00, 0x00,
    0x00, 0x00, 0x00, 0x10,
    /* U+30DA "ペ" */
    0x00, 0x00, 0x00, 0x00, 0x03, 0xbb, 0x10, 0x00, 0x00, 0x04, 0x10, 0x09, 0x13, 0x70, 0x00, 0x00,
    0x8f, 0xd2, 0x08, 0x36, 0x50, 0x00, 0x06, 0xe3, 0x9d, 0x21, 0x97, 0x00, 0x00, 0x3e, 0x50, 0x09,
    0xd1, 0x00, 0x00, 0x01, 0xd8, 0x00, 0x00, 0xbc, 0x10, 0x00, 0x1d, 0xc0, 0x00, 0x00, 0x1d, 0xb0,
    0x00, 0x09, 0x20, 0x00, 0x00, 0x02, 0xe9, 0x00, 0x00, 0x00, 0x00, 0x00, 0x00, 0x4f, 0x70, 0x00,
    0x00, 0x00, 0x00, 0x00, 0x07, 0xc0, 0x00, 0x00, 0x00, 0x00, 0x00, 0x00, 0x10,
    /* U+30DB "ホ" */
    0x00, 0x00, 0x06, 0xb0, 0x00, 0x00, 0x00, 0x00, 0x00, 0x5c, 0x00, 0x00, 0x00, 0x11, 0x11, 0x16,
    0xc1, 0x11, 0x11, 0x07, 0xff, 0xff, 0xff, 0xff, 0xff, 0x90, 0x00, 0x00, 0x05, 0xc0, 0x00, 0x00,
    0x00, 0x01, 0x00, 0x5c, 0x00, 0x10, 0x00, 0x00, 0xa8, 0x05, 0xc0, 0x1e, 0x30, 0x00, 0x4e, 0x10,
    0x5c, 0x00, 0x7d, 0x00, 0x2e, 0x60, 0x05, 0xc0, 0x00, 0xc7, 0x09, 0x90, 0x00, 0x5c, 0x00, 0x04,
    0xb0, 0x00, 0x01, 0x06, 0xc0, 0x00, 0x00, 0x00, 0x00, 0x7f, 0xf8, 0x00, 0x00, 0x00, 0x00, 0x00,
    0x00, 0x00, 0x00, 0x00, 0x00,
    /* U+30DC "ボ" */
    0x00, 0x00, 0x00, 0x00, 0x00, 0x02, 0x20, 0x00, 0x00, 0x00, 0x86, 0x01, 0xc3, 0xb0, 0x00, 0x00,
    0x00, 0xa8, 0x00, 0x95, 0x92, 0x01, 0x11, 0x11, 0xa8, 0x11, 0x23, 0x10, 0x0b, 0xff, 0xff, 0xff,
    0xff, 0xff, 0x50, 0x00, 0x00, 0x00, 0xa7, 0x00, 0x00, 0x00, 0x00, 0x01, 0x00, 0xa7, 0x00, 0x10,
    0x00, 0x00, 0x1e, 0x40, 0xa7, 0x05, 0xd1, 0x00, 0x00, 0x9b, 0x00, 0xa7, 0x00, 0xb9, 0x00, 0x05,
    0xe2, 0x00, 0xa7, 0x00, 0x2f, 0x30, 0x0d, 0x50, 0x00, 0xa7, 0x00, 0x08, 0x70, 0x00, 0x00, 0x10,
    0xb7, 0x00, 0x00, 0x00, 0x00, 0x00, 0xbf, 0xe4, 0x00, 0x00, 0x00, 0x00, 0x00, 0x00, 0x00, 0x00,
    0x00, 0x00,
    /* U+30DD "ポ" */
    0x00, 0x00, 0x00, 0x00, 0x00, 0x7a, 0x60, 0x00, 0x00, 0x0a, 0x70, 0x09, 0x09, 0x00, 0x00, 0x00,
    0xa7, 0x00, 0x79, 0x60, 0x21, 0x11, 0x1a, 0x81, 0x11, 0x11, 0x0b, 0xff, 0xff, 0xff, 0xff, 0xff,
    0x50, 0x00, 0x00, 0x0a, 0x70, 0x00, 0x00, 0x00, 0x01, 0x00, 0xa7, 0x00, 0x10, 0x00, 0x01, 0xe4,
    0x0a, 0x70, 0x5d, 0x10, 0x00, 0x9b, 0x00, 0xa7, 0x00, 0xb9, 0x00, 0x5e, 0x20, 0x0a, 0x70, 0x02,
    0xf3, 0x0d, 0x50, 0x00, 0xa7, 0x00, 0x08, 0x70, 0x00, 0x01, 0x0b, 0x70, 0x00, 0x00, 0x00, 0x00,
    0xbf, 0xe4, 0x00, 0x00, 0x00, 0x00, 0x00, 0x00, 0x00, 0x00, 0x00,
    /* U+30DE "マ" */
    0x11, 0x11, 0x11, 0x11, 0x11, 0x21, 0x8f, 0xff, 0xff, 0xff, 0xff, 0xfb, 0x10, 0x00, 0x00, 0x00,
    0x03, 0xf5, 0x00, 0x00, 0x00, 0x00, 0x1c, 0xa0, 0x00, 0x00, 0x00, 0x00, 0xad, 0x10, 0x00, 0x7c,
    0x20, 0x0a, 0xd2, 0x00, 0x00, 0x1a, 0xe3, 0xad, 0x20, 0x00, 0x00, 0x00, 0x9f, 0xd2, 0x00, 0x00,
    0x00, 0x00, 0x09, 0xe3, 0x00, 0x00, 0x00, 0x00, 0x00, 0xae, 0x20, 0x00, 0x00, 0x00, 0x00, 0x0c,
    0xb0, 0x00, 0x00, 0x00, 0x00, 0x01, 0x10, 0x00,
    /* U+30DF "ミ" */
    0x03, 0xeb, 0x85, 0x20, 0x00, 0x00, 0x36, 0x9c, 0xfe, 0x92, 0x00, 0x00, 0x00, 0x14, 0x91, 0x02,
    0x10, 0x00, 0x00, 0x00, 0x0b, 0xfd, 0xa6, 0x30, 0x00, 0x00, 0x14, 0x7b, 0xed, 0x30, 0x00, 0x00,
    0x00, 0x05, 0x10, 0x11, 0x00, 0x00, 0x00, 0x00, 0x9f, 0xda, 0x62, 0x00, 0x00, 0x01, 0x48, 0xbf,
    0xd9, 0x40, 0x00, 0x00, 0x01, 0x49, 0x90,
    /* U+30E0 "ム" */
    0x00, 0x00, 0x2a, 0x20, 0x00, 0x00, 0x00, 0x00, 0x05, 0xe0, 0x00, 0x00, 0x00, 0x00, 0x00, 0x9a,
    0x00, 0x00, 0x00, 0x00, 0x00, 0x0d, 0x50, 0x00, 0x00, 0x00, 0x00, 0x03, 0xf1, 0x00, 0x00, 0x00,
    0x00, 0x00, 0x7b, 0x00, 0x04, 0x10, 0x00, 0x00, 0x0c, 0x60, 0x00, 0xc8, 0x00, 0x00, 0x02, 0xf2,
    0x00, 0x03, 0xf2, 0x00, 0x00, 0x7c, 0x00, 0x00, 0x0a, 0xa0, 0x00, 0x0c, 0x94, 0x68, 0xab, 0xef,
    0x20, 0xdf, 0xfe, 0xdb, 0x98, 0x64, 0xc9, 0x03, 0x21, 0x00, 0x00, 0x00, 0x05, 0xc0, 0x00, 0x00,
    0x00, 0x00, 0x00, 0x00, 0x00,
    /* U+30E1 "メ" */
    0x00, 0x00, 0x00, 0x00, 0x00, 0x00, 0x00, 0x00, 0x00, 0x00, 0x2d, 0x20, 0x00, 0x00, 0x00, 0x00,
    0x7d, 0x00, 0x00, 0x79, 0x10, 0x00, 0xd6, 0x00, 0x00, 0x2c, 0xd3, 0x06, 0xe1, 0x00, 0x00, 0x00,
    0x7f, 0x7e, 0x60, 0x00, 0x00, 0x00, 0x04, 0xfe, 0x10, 0x00, 0x00, 0x00, 0x09, 0xed, 0xb1, 0x00,
    0x00, 0x00, 0x9e, 0x21, 0xcc, 0x10, 0x00, 0x2a, 0xe3, 0x00, 0x1c, 0xd1, 0x06, 0xea, 0x10, 0x00,
    0x01, 0x60, 0x2c, 0x60, 0x00, 0x00, 0x00, 0x00,
    /* U+30E2 "モ" */
    0x00, 0x00, 0x00, 0x00, 0x00, 0x00, 0x07, 0xff, 0xff, 0xff, 0xff, 0x90, 0x00, 0x11, 0x6c, 0x11,
    0x11, 0x10, 0x00, 0x00, 0x5c, 0x00, 0x00, 0x00, 0x00, 0x00, 0x5c, 0x00, 0x00, 0x00, 0x6f, 0xff,
    0xff, 0xff, 0xff, 0xfb, 0x11, 0x11, 0x6c, 0x11, 0x11, 0x11, 0x00, 0x00, 0x5c, 0x00, 0x00, 0x00,
    0x00, 0x00, 0x5c, 0x00, 0x00, 0x00, 0x00, 0x00, 0x5d, 0x00, 0x00, 0x00, 0x00, 0x00, 0x4f, 0x62,
    0x34, 0x51, 0x00, 0x00, 0x08, 0xef, 0xfe, 0xe3,
    /* U+30E3 "ャ" */
    0x00, 0x87, 0x00, 0x00, 0x00, 0x00, 0x06, 0xb0, 0x00, 0x25, 0x60, 0x00, 0x4f, 0x8b, 0xed, 0xdb,
    0x0a, 0xed, 0xe9, 0x41, 0x2e, 0x20, 0x21, 0x08, 0x90, 0x1c, 0x60, 0x00, 0x00, 0x4d, 0x08, 0x90,
    0x00, 0x00, 0x01, 0xf2, 0x00, 0x00, 0x00, 0x00, 0x0b, 0x60, 0x00, 0x00, 0x00, 0x00, 0x7a, 0x00,
    0x00, 0x00, 0x00, 0x03, 0xa0, 0x00, 0x00,
    /* U+30E4 "ヤ" */
    0x00, 0x04, 0x80, 0x00, 0x00, 0x00, 0x00, 0x00, 0x3f, 0x10, 0x00, 0x00, 0x00, 0x00, 0x00, 0xe4,
    0x01, 0x36, 0x9d, 0x80, 0x02, 0x4d, 0xdd, 0xfc, 0x98, 0xf4, 0x0e, 0xfc, 0xbe, 0x30, 0x00, 0xb9,
    0x00, 0x31, 0x02, 0xf2, 0x00, 0x8d, 0x10, 0x00, 0x00, 0x0d, 0x60, 0x7e, 0x20, 0x00, 0x00, 0x00,
    0x8a, 0x01, 0x20, 0x00, 0x00, 0x00, 0x04, 0xe0, 0x00, 0x00, 0x00, 0x00, 0x00, 0x1f, 0x30, 0x00,
    0x00, 0x00, 0x00, 0x00, 0xb8, 0x00, 0x00, 0x00, 0x00, 0x00, 0x07, 0xa0, 0x00, 0x00,
    /* U+30E5 "ュ" */
    0x00, 0x00, 0x00, 0x01, 0x00, 0x09, 0xff, 0xff, 0xff, 0x30, 0x01, 0x11, 0x11, 0x2f, 0x20, 0x00,
    0x00, 0x00, 0x3f, 0x00, 0x00, 0x00, 0x00, 0x5d, 0x00, 0x00, 0x00, 0x00, 0x7b, 0x00, 0x00, 0x00,
    0x00, 0x99, 0x00, 0xef, 0xff, 0xff, 0xff, 0xff, 0x11, 0x11, 0x11, 0x11, 0x11,
    /* U+30E6 "ユ" */
    0x01, 0x21, 0x11, 0x11, 0x21, 0x00, 0x05, 0xff, 0xff, 0xff, 0xfd, 0x00, 0x00, 0x00, 0x00, 0x00,
    0x8b, 0x00, 0x00, 0x00, 0x00, 0x00, 0x99, 0x00, 0x00, 0x00, 0x00, 0x00, 0xb7, 0x00, 0x00, 0x00,
    0x00, 0x00, 0xd5, 0x00, 0x00, 0x00, 0x00, 0x00, 0xf3, 0x00, 0x00, 0x00, 0x00, 0x02, 0xf1, 0x00,
    0x22, 0x22, 0x22, 0x26, 0xe2, 0x23, 0xef, 0xff, 0xff, 0xff, 0xff, 0xfe, 0x10, 0x00, 0x00, 0x00,
    0x00, 0x01,
    /* U+30E7 "ョ" */
    0x00, 0x00, 0x00, 0x00, 0x00, 0xdf, 0xff, 0xff, 0xfc, 0x00, 0x00, 0x00, 0x04, 0xc0, 0x00, 0x00,
    0x00, 0x4c, 0x09, 0xff, 0xff, 0xff, 0xc0, 0x00, 0x00, 0x00, 0x4c, 0x00, 0x00, 0x00, 0x04, 0xc0,
    0x10, 0x00, 0x00, 0x4c, 0x1f, 0xff, 0xff, 0xff, 0xc0, 0x00, 0x00, 0x00, 0x27,
    /* U+30E8 "ヨ" */
    0x00, 0x00, 0x00, 0x00, 0x00, 0xaf, 0xff, 0xff, 0xff, 0xf9, 0x11, 0x11, 0x11, 0x11, 0x99, 0x00,
    0x00, 0x00, 0x00, 0x89, 0x00, 0x00, 0x00, 0x00, 0x89, 0x11, 0x11, 0x11, 0x11, 0x99, 0x4f, 0xff,
    0xff, 0xff, 0xf9, 0x00, 0x00, 0x00, 0x00, 0x89, 0x00, 0x00, 0x00, 0x00, 0x89, 0x00, 0x00, 0x00,
    0x00, 0x89, 0xdf, 0xff, 0xff, 0xff, 0xf9, 0x21, 0x11, 0x11, 0x11, 0x99,
    /* U+30E9 "ラ" */
    0x00, 0x11, 0x11, 0x11, 0x11, 0x00, 0x00, 0xbf, 0xff, 0xff, 0xff, 0x40, 0x00, 0x00, 0x00, 0x00,
    0x00, 0x00, 0x00, 0x00, 0x00, 0x00, 0x00, 0x10, 0x0f, 0xff, 0xff, 0xff, 0xff, 0xe2, 0x01, 0x11,
    0x11, 0x11, 0x16, 0xd0, 0x00, 0x00, 0x00, 0x00, 0x0b, 0x80, 0x00, 0x00, 0x00, 0x00, 0x4e, 0x20,
    0x00, 0x00, 0x00, 0x02, 0xd7, 0x00, 0x00, 0x00, 0x00, 0x4e, 0xa0, 0x00, 0x00, 0x00, 0x4a, 0xf9,
    0x00, 0x00, 0x00, 0x08, 0xfa, 0x30, 0x00, 0x00, 0x00, 0x00, 0x20, 0x00, 0x00, 0x00,
    /* U+30EA "リ" */
    0x10, 0x00, 0x00, 0x13, 0xd5, 0x00, 0x00, 0x6c, 0xd5, 0x00, 0x00, 0x6c, 0xd5, 0x00, 0x00, 0x6c,
    0xd5, 0x00, 0x00, 0x6c, 0xd5, 0x00, 0x00, 0x6b, 0xd5, 0x00, 0x00, 0x8a, 0x93, 0x00, 0x00, 0xa8,
    0x00, 0x00, 0x02, 0xf3, 0x00, 0x00, 0x2c, 0xa0, 0x00, 0x27, 0xea, 0x10, 0x00, 0x7c, 0x50, 0x00,
    /* U+30EB "ル" */
    0x00, 0x04, 0xd0, 0x09, 0x90, 0x00, 0x00, 0x00, 0x03, 0xd0, 0x09, 0x90, 0x00, 0x00, 0x00, 0x04,
    0xd0, 0x09, 0x90, 0x00, 0x00, 0x00, 0x04, 0xd0, 0x09, 0x90, 0x00, 0x00, 0x00, 0x05, 0xc0, 0x09,
    0x90, 0x00, 0x00, 0x00, 0x06, 0xa0, 0x09, 0x90, 0x00, 0x10, 0x00, 0x09, 0x80, 0x09, 0x90, 0x03,
    0xe2, 0x00, 0x1e, 0x30, 0x09, 0x90, 0x2d, 0x70, 0x00, 0x8c, 0x00, 0x09, 0x97, 0xe7, 0x00, 0x07,
    0xe3, 0x00, 0x09, 0xfd, 0x40, 0x00, 0x08, 0x40, 0x00, 0x05, 0x81, 0x00, 0x00,
    /* U+30EC "レ" */
    0xd7, 0x00, 0x00, 0x00, 0x00, 0xc6, 0x00, 0x00, 0x00, 0x00, 0xb6, 0x00, 0x00, 0x00, 0x00, 0xb6,
    0x00, 0x00, 0x00, 0x00, 0xb6, 0x00, 0x00, 0x00, 0x22, 0xb6, 0x00, 0x00, 0x01, 0xd7, 0xb6, 0x00,
    0x00, 0x4d, 0xa0, 0xb6, 0x00, 0x18, 0xf7, 0x00, 0xb6, 0x28, 0xec, 0x30, 0x00, 0xce, 0xfb, 0x40,
    0x00, 0x00, 0x57, 0x10, 0x00, 0x00, 0x00,
    /* U+30ED "ロ" */
    0x21, 0x11, 0x11, 0x11, 0x12, 0x0e, 0xff, 0xff, 0xff, 0xff, 0xf0, 0xe3, 0x00, 0x00, 0x00, 0x2f,
    0x0e, 0x30, 0x00, 0x00, 0x02, 0xf0, 0xe3, 0x00, 0x00, 0x00, 0x2f, 0x0e, 0x30, 0x00, 0x00, 0x02,
    0xf0, 0xe3, 0x00, 0x00, 0x00, 0x2f, 0x0e, 0x30, 0x00, 0x00, 0x02, 0xf0, 0xe4, 0x11, 0x11, 0x11,
    0x3f, 0x0e, 0xff, 0xff, 0xff, 0xff, 0xf0, 0xd3, 0x00, 0x00, 0x00, 0x2d, 0x00,
    /* U+30EF "ワ" */
    0x00, 0x00, 0x00, 0x00, 0x00, 0x00, 0x2f, 0xff, 0xff, 0xff, 0xff, 0xe2, 0x2f, 0x21, 0x11, 0x11,
    0x15, 0xf0, 0x2f, 0x10, 0x00, 0x00, 0x06, 0xd0, 0x2f, 0x10, 0x00, 0x00, 0x08, 0xa0, 0x2f, 0x10,
    0x00, 0x00, 0x0d, 0x60, 0x02, 0x00, 0x00, 0x00, 0x4f, 0x10, 0x00, 0x00, 0x00, 0x00, 0xba, 0x00,
    0x00, 0x00, 0x00, 0x08, 0xe2, 0x00, 0x00, 0x00, 0x00, 0x8f, 0x50, 0x00, 0x00, 0x00, 0x5d, 0xe4,
    0x00, 0x00, 0x00, 0x06, 0xf9, 0x10, 0x00, 0x00, 0x00, 0x00, 0x10, 0x00, 0x00, 0x00,
    /* U+30F2 "ヲ" */
    0x10, 0x00, 0x00, 0x00, 0x00, 0x0b, 0xff, 0xff, 0xff, 0xff, 0xe2, 0x11, 0x11, 0x11, 0x11, 0x4f,
    0x10, 0x00, 0x00, 0x00, 0x06, 0xc0, 0x01, 0x00, 0x00, 0x00, 0x89, 0x06, 0xff, 0xff, 0xff, 0xff,
    0x60, 0x00, 0x00, 0x00, 0x03, 0xf1, 0x00, 0x00, 0x00, 0x00, 0xb9, 0x00, 0x00, 0x00, 0x00, 0x8c,
    0x00, 0x00, 0x00, 0x00, 0x9d, 0x10, 0x00, 0x00, 0x05, 0xdd, 0x20, 0x00, 0x00, 0x1d, 0xe7, 0x00,
    0x00, 0x00, 0x00, 0x21, 0x00, 0x00, 0x00, 0x00,
    /* U+30F3 "ン" */
    0x4b, 0x10, 0x00, 0x00, 0x00, 0x01, 0xbe, 0x30, 0x00, 0x00, 0x00, 0x00, 0x8f, 0x50, 0x00, 0x01,
    0x50, 0x00, 0x73, 0x00, 0x00, 0x8b, 0x00, 0x00, 0x00, 0x00, 0x4e, 0x20, 0x00, 0x00, 0x00, 0x5e,
    0x60, 0x00, 0x00, 0x00, 0x7f, 0x70, 0x00, 0x00, 0x02, 0xae, 0x50, 0x00, 0x01, 0x49, 0xfb, 0x30,
    0x00, 0x0a, 0xff, 0xb4, 0x00, 0x00, 0x00, 0x45, 0x10, 0x00, 0x00, 0x00, 0x00,
    /* U+30FC "ー" */
    0x00, 0x00, 0x00, 0x00, 0x00, 0x00, 0x9f, 0xff, 0xff, 0xff, 0xff, 0xf8, 0x34, 0x43, 0x33, 0x33,
    0x33, 0x43,
    /* U+4E00 "一" */
    0x6f, 0xff, 0xff, 0xff, 0xff, 0xff, 0xf7, 0x12, 0x22, 0x22, 0x22, 0x22, 0x22, 0x21,
    /* U+4E03 "七" */
    0x00, 0x00, 0x38, 0x00, 0x00, 0x00, 0x00, 0x00, 0x00, 0x4d, 0x00, 0x00, 0x00, 0x00, 0x00, 0x00,
    0x4d, 0x00, 0x00, 0x00, 0x00, 0x00, 0x00, 0x4d, 0x00, 0x00, 0x00, 0x10, 0x00, 0x00, 0x4d, 0x13,
    0x58, 0xbd, 0xf4, 0x03, 0x58, 0xbf, 0xfe, 0xc9, 0x74, 0x20, 0x4e, 0xc9, 0x9d, 0x20, 0x00, 0x00,
    0x00, 0x00, 0x00, 0x4d, 0x00, 0x00, 0x00, 0x00, 0x00, 0x00, 0x4d, 0x00, 0x00, 0x00, 0x00, 0x00,
    0x00, 0x4d, 0x00, 0x00, 0x02, 0x60, 0x00, 0x00, 0x4d, 0x00, 0x00, 0x04, 0xd0, 0x00, 0x00, 0x3f,
    0x10, 0x00, 0x08, 0xa0, 0x00, 0x00, 0x0b, 0xff, 0xff, 0xfe, 0x30, 0x00, 0x00, 0x00, 0x01, 0x11,
    0x10, 0x00,
    /* U+4E07 "万" */
    0x2f, 0xff, 0xff, 0xff, 0xff, 0xff, 0xf2, 0x01, 0x11, 0x6b, 0x11, 0x11, 0x11, 0x10, 0x00, 0x00,
    0x6a, 0x00, 0x00, 0x00, 0x00, 0x00, 0x00, 0x79, 0x00, 0x00, 0x00, 0x00, 0x00, 0x00, 0x9f, 0xff,
    0xff, 0xfd, 0x00, 0x00, 0x00, 0xb6, 0x00, 0x00, 0x5c, 0x00, 0x00, 0x00, 0xe3, 0x00, 0x00, 0x5b,
    0x00, 0x00, 0x02, 0xe0, 0x00, 0x00, 0x6a, 0x00, 0x00, 0x09, 0xa0, 0x00, 0x00, 0x79, 0x00, 0x00,
    0x1e, 0x40, 0x00, 0x00, 0x98, 0x00, 0x00, 0x9b, 0x00, 0x00, 0x00, 0xb6, 0x00, 0x08, 0xe2, 0x00,
    0x01, 0x02, 0xe3, 0x00, 0x4c, 0x20, 0x00, 0x1e, 0xfe, 0xa0, 0x00, 0x00, 0x00, 0x00, 0x00, 0x00,
    0x00, 0x00,
    /* U+4E09 "三" */
    0x00, 0x11, 0x11, 0x11, 0x11, 0x11, 0x00, 0x04, 0xff, 0xff, 0xff, 0xff, 0xff, 0x50, 0x00, 0x00,
    0x00, 0x00, 0x00, 0x00, 0x00, 0x00, 0x00, 0x00, 0x00, 0x00, 0x00, 0x00, 0x00, 0x00, 0x00, 0x00,
    0x00, 0x00, 0x00, 0x00, 0x01, 0x11, 0x11, 0x11, 0x10, 0x00, 0x00, 0x6f, 0xff, 0xff, 0xff, 0xf3,
    0x00, 0x00, 0x00, 0x00, 0x00, 0x00, 0x00, 0x00, 0x00, 0x00, 0x00, 0x00, 0x00, 0x00, 0x00, 0x00,
    0x00, 0x00, 0x00, 0x00, 0x00, 0x00, 0x01, 0x11, 0x11, 0x11, 0x11, 0x11, 0x10, 0x1f, 0xff, 0xff,
    0xff, 0xff, 0xff, 0xf1,
    /* U+4E0A "上" */
    0x00, 0x00, 0x00, 0xa1, 0x00, 0x00, 0x00, 0x00, 0x00, 0x00, 0xf1, 0x00, 0x00, 0x00, 0x00, 0x00,
    0x00, 0xf1, 0x00, 0x00, 0x00, 0x00, 0x00, 0x00, 0xf1, 0x00, 0x00, 0x00, 0x00, 0x00, 0x00, 0xf1,
    0x00, 0x00, 0x00, 0x00, 0x00, 0x00, 0xff, 0xff, 0xff, 0x50, 0x00, 0x00, 0x00, 0xf2, 0x11, 0x11,
    0x00, 0x00, 0x00, 0x00, 0xf1, 0x00, 0x00, 0x00, 0x00, 0x00, 0x00, 0xf1, 0x00, 0x00, 0x00, 0x00,
    0x00, 0x00, 0xf1, 0x00, 0x00, 0x00, 0x00, 0x00, 0x00, 0xf1, 0x00, 0x00, 0x00, 0x00, 0x00, 0x00,
    0xf1, 0x00, 0x00, 0x00, 0x4f, 0xff, 0xff, 0xff, 0xff, 0xff, 0xf4, 0x01, 0x11, 0x11, 0x11, 0x11,
    0x11, 0x10,
    /* U+4E0B "下" */
    0x3f, 0xff, 0xff, 0xff, 0xff, 0xff, 0xf4, 0x01, 0x11, 0x11, 0xd5, 0x11, 0x11, 0x10, 0x00, 0x00,
    0x00, 0xc4, 0x00, 0x00, 0x00, 0x00, 0x00, 0x00, 0xc7, 0x00, 0x00, 0x00, 0x00, 0x00, 0x00, 0xce,
    0xc4, 0x00, 0x00, 0x00, 0x00, 0x00, 0xc5, 0x8f, 0x91, 0x00, 0x00, 0x00, 0x00, 0xc4, 0x03, 0xcd,
    0x30, 0x00, 0x00, 0x00, 0xc4, 0x00, 0x08, 0x10, 0x00, 0x00, 0x00, 0xc4, 0x00, 0x00, 0x00, 0x00,
    0x00, 0x00, 0xc4, 0x00, 0x00, 0x00, 0x00, 0x00, 0x00, 0xc4, 0x00, 0x00, 0x00, 0x00, 0x00, 0x00,
    0xc4, 0x00, 0x00, 0x00, 0x00, 0x00, 0x00, 0xb4, 0x00, 0x00, 0x00,
    /* U+4E0D "不" */
    0x1f, 0xff, 0xff, 0xff, 0xff, 0xff, 0xf0, 0x01, 0x11, 0x11, 0x3f, 0x51, 0x11, 0x10, 0x00, 0x00,
    0x00, 0xab, 0x00, 0x00, 0x00, 0x00, 0x00, 0x06, 0xf8, 0x20, 0x00, 0x00, 0x00, 0x00, 0x4e, 0xc9,
    0xca, 0x10, 0x00, 0x00, 0x05, 0xe5, 0x98, 0x1b, 0xd3, 0x00, 0x00, 0x7f, 0x50, 0x98, 0x00, 0x8e,
    0x40, 0x2c, 0xd3, 0x00, 0x98, 0x00, 0x07, 0xf3, 0x18, 0x10, 0x00, 0x98, 0x00, 0x00, 0x50, 0x00,
    0x00, 0x00, 0x98, 0x00, 0x00, 0x00, 0x00, 0x00, 0x00, 0x98, 0x00, 0x00, 0x00, 0x00, 0x00, 0x00,
    0x98, 0x00, 0x00, 0x00, 0x00, 0x00, 0x00, 0x77, 0x00, 0x00, 0x00,
    /* U+4E0E "与" */
    0x00, 0x04, 0x50, 0x00, 0x00, 0x00, 0x00, 0x00, 0x98, 0x00, 0x00, 0x00, 0x00, 0x00, 0x0b, 0xff,
    0xff, 0xff, 0xff, 0x40, 0x00, 0xe2, 0x00, 0x00, 0x00, 0x00, 0x00, 0x2e, 0x00, 0x00, 0x00, 0x00,
    0x00, 0x05, 0xb0, 0x00, 0x00, 0x00, 0x00, 0x00, 0x9f, 0xff, 0xff, 0xff, 0xff, 0x60, 0x00, 0x00,
    0x00, 0x00, 0x00, 0xb5, 0x00, 0x00, 0x00, 0x00, 0x00, 0x0d, 0x33, 0xff, 0xff, 0xff, 0xff, 0x80,
    0xf1, 0x00, 0x00, 0x00, 0x00, 0x00, 0x2e, 0x00, 0x00, 0x00, 0x00, 0x00, 0x06, 0xb0, 0x00, 0x00,
    0x00, 0x01, 0x01, 0xb7, 0x00, 0x00, 0x00, 0x01, 0xef, 0xfc, 0x10,
    /* U+4E2A "个" */
    0x00, 0x00, 0x00, 0x39, 0x00, 0x00, 0x00, 0x00, 0x00, 0x01, 0xdd, 0x10, 0x00, 0x00, 0x00, 0x00,
    0x1c, 0x88, 0xc1, 0x00, 0x00, 0x00, 0x03, 0xd8, 0x00, 0x9d, 0x30, 0x00, 0x00, 0x7e, 0x80, 0x66,
    0x07, 0xe8, 0x10, 0x3d, 0xc3, 0x00, 0x88, 0x00, 0x3c, 0xd3, 0x16, 0x00, 0x00, 0x88, 0x00, 0x00,
    0x61, 0x00, 0x00, 0x00, 0x88, 0x00, 0x00, 0x00, 0x00, 0x00, 0x00, 0x88, 0x00, 0x00, 0x00, 0x00,
    0x00, 0x00, 0x88, 0x00, 0x00, 0x00, 0x00, 0x00, 0x00, 0x88, 0x00, 0x00, 0x00, 0x00, 0x00, 0x00,
    0x88, 0x00, 0x00, 0x00, 0x00, 0x00, 0x00, 0x88, 0x00, 0x00, 0x00,
    /* U+4E2D "中" */
    0x00, 0x00, 0x08, 0x70, 0x00, 0x00, 0x00, 0x00, 0x09, 0x80, 0x00, 0x00, 0x00, 0x00, 0x09, 0x80,
    0x00, 0x00, 0xaf, 0xff, 0xff, 0xff, 0xff, 0xf9, 0xa6, 0x00, 0x09, 0x80, 0x00, 0x79, 0xa6, 0x00,
    0x09, 0x80, 0x00, 0x79, 0xa6, 0x00, 0x09, 0x80, 0x00, 0x79, 0xa6, 0x00, 0x09, 0x80, 0x00, 0x79,
    0xaf, 0xff, 0xff, 0xff, 0xff, 0xf9, 0x95, 0x00, 0x09, 0x80, 0x00, 0x68, 0x00, 0x00, 0x09, 0x80,
    0x00, 0x00, 0x00, 0x00, 0x09, 0x80, 0x00, 0x00, 0x00, 0x00, 0x09, 0x80, 0x00, 0x00, 0x00, 0x00,
    0x08, 0x70, 0x00, 0x00,
    /* U+4E48 "么" */
    0x00, 0x00, 0x00, 0x61, 0x00, 0x00, 0x00, 0x00, 0x00, 0x08, 0xb0, 0x00, 0x00, 0x00, 0x00, 0x00,
    0x4d, 0x10, 0x00, 0x00, 0x00, 0x00, 0x03, 0xe4, 0x00, 0x19, 0x10, 0x00, 0x00, 0x3e, 0x50, 0x00,
    0xbb, 0x00, 0x00, 0x04, 0xe5, 0x00, 0x07, 0xd1, 0x00, 0x00, 0x0b, 0x40, 0x00, 0x5e, 0x20, 0x00,
    0x00, 0x00, 0x00, 0x04, 0xe4, 0x06, 0x10, 0x00, 0x00, 0x00, 0x3e, 0x50, 0x0a, 0x90, 0x00, 0x00,
    0x03, 0xe4, 0x00, 0x01, 0xd6, 0x00, 0x00, 0x5e, 0x41, 0x23, 0x45, 0xae, 0x20, 0x06, 0xff, 0xef,
    0xed, 0xca, 0x9b, 0xa0, 0x01, 0x53, 0x20, 0x00, 0x00, 0x01, 0xc1,
    /* U+4E49 "义" */
    0x00, 0x00, 0x01, 0xb0, 0x00, 0x00, 0x00, 0x00, 0x20, 0x00, 0xb5, 0x00, 0x1b, 0x10, 0x00, 0xb5,
    0x00, 0x5b, 0x00, 0x7b, 0x00, 0x00, 0x4d, 0x00, 0x0a, 0x00, 0xe4, 0x00, 0x00, 0x0c, 0x50, 0x00,
    0x05, 0xc0, 0x00, 0x00, 0x04, 0xd1, 0x00, 0x1d, 0x50, 0x00, 0x00, 0x00, 0x9b, 0x00, 0xb9, 0x00,
    0x00, 0x00, 0x00, 0x0c, 0x87, 0xc0, 0x00, 0x00, 0x00, 0x00, 0x02, 0xee, 0x20, 0x00, 0x00, 0x00,
    0x00, 0x08, 0xee, 0x91, 0x00, 0x00, 0x00, 0x03, 0xcb, 0x11, 0xbd, 0x40, 0x00, 0x05, 0xbd, 0x60,
    0x00, 0x07, 0xec, 0x50, 0x4c, 0x50, 0x00, 0x00, 0x00, 0x17, 0xd3,
    /* U+4E50 "乐" */
    0x00, 0x00, 0x01, 0x23, 0x46, 0x9a, 0x00, 0x00, 0x9f, 0xed, 0xcc, 0xa9, 0x64, 0x00, 0x00, 0xb5,
    0x00, 0x01, 0x00, 0x00, 0x00, 0x00, 0xc4, 0x00, 0x4c, 0x00, 0x00, 0x00, 0x00, 0xe1, 0x00, 0x4c,
    0x00, 0x00, 0x00, 0x03, 0xe0, 0x00, 0x4c, 0x00, 0x00, 0x00, 0x06, 0xff, 0xff, 0xff, 0xff, 0xff,
    0xe0, 0x01, 0x21, 0x11, 0x5c, 0x11, 0x11, 0x10, 0x00, 0x06, 0x10, 0x4c, 0x01, 0x50, 0x00, 0x00,
    0x5d, 0x10, 0x4c, 0x01, 0xd5, 0x00, 0x01, 0xd5, 0x00, 0x4c, 0x00, 0x3e, 0x20, 0x0b, 0xa0, 0x00,
    0x4c, 0x00, 0x08, 0xb0, 0x3c, 0x10, 0x00, 0x5c, 0x00, 0x01, 0xd3, 0x00, 0x00, 0x5f, 0xe7, 0x00,
    0x00, 0x00,
    /* U+4E5D "九" */
    0x00, 0x00, 0x1b, 0x10, 0x00, 0x00, 0x00, 0x00, 0x00, 0x1f, 0x10, 0x00, 0x00, 0x00, 0x00, 0x00,
    0x1f, 0x00, 0x00, 0x00, 0x00, 0x00, 0x00, 0x2f, 0x00, 0x00, 0x00, 0x00, 0x0d, 0xff, 0xff, 0xff,
    0xff, 0x30, 0x00, 0x01, 0x11, 0x4d, 0x11, 0x1d, 0x30, 0x00, 0x00, 0x00, 0x5b, 0x00, 0x0d, 0x30,
    0x00, 0x00, 0x00, 0x89, 0x00, 0x0d, 0x30, 0x00, 0x00, 0x00, 0xc6, 0x00, 0x0d, 0x30, 0x00, 0x00,
    0x02, 0xf1, 0x00, 0x0d, 0x30, 0x00, 0x00, 0x09, 0xa0, 0x00, 0x0d, 0x30, 0x10, 0x00, 0x4e, 0x20,
    0x00, 0x0d, 0x30, 0x59, 0x06, 0xe5, 0x00, 0x00, 0x0d, 0x50, 0x78, 0x4d, 0x30, 0x00, 0x00, 0x08,
    0xff, 0xe3, 0x00, 0x00, 0x00, 0x00, 0x00, 0x00, 0x00,
    /* U+4E60 "习" */
    0x5f, 0xff, 0xff, 0xff, 0xff, 0xf6, 0x00, 0x00, 0x00, 0x00, 0x00, 0xa6, 0x00, 0x43, 0x00, 0x00,
    0x00, 0xa6, 0x00, 0x5e, 0x60, 0x00, 0x00, 0xa6, 0x00, 0x03, 0xd9, 0x00, 0x00, 0xa6, 0x00, 0x00,
    0x2d, 0x70, 0x00, 0xb5, 0x00, 0x00, 0x02, 0x10, 0x10, 0xb5, 0x00, 0x00, 0x01, 0x5b, 0xe0, 0xc5,
    0x00, 0x03, 0x9e, 0xd7, 0x10, 0xc4, 0x27, 0xde, 0x94, 0x00, 0x00, 0xd3, 0x5c, 0x61, 0x00, 0x00,
    0x00, 0xe2, 0x00, 0x00, 0x00, 0x00, 0x04, 0xe0, 0x00, 0x00, 0x00, 0x0d, 0xef, 0x80, 0x00, 0x00,
    0x00, 0x00, 0x10, 0x00,
    /* U+4E66 "书" */
    0x00, 0x00, 0x02, 0xb0, 0x00, 0x20, 0x00, 0x00, 0x00, 0x02, 0xe0, 0x00, 0xbb, 0x10, 0x00, 0x00,
    0x03, 0xe0, 0x00, 0x1a, 0xc1, 0x04, 0xff, 0xff, 0xff, 0xff, 0xf3, 0x60, 0x00, 0x00, 0x02, 0xe0,
    0x00, 0xd3, 0x00, 0x00, 0x00, 0x02, 0xe0, 0x00, 0xd3, 0x00, 0x00, 0x00, 0x02, 0xe0, 0x00, 0xd3,
    0x00, 0x3f, 0xff, 0xff, 0xff, 0xff, 0xff, 0xf3, 0x00, 0x00, 0x02, 0xe0, 0x00, 0x00, 0xe1, 0x00,
    0x00, 0x02, 0xe0, 0x00, 0x01, 0xf0, 0x00, 0x00, 0x02, 0xe0, 0x00, 0x05, 0xc0, 0x00, 0x00, 0x02,
    0xe0, 0x1e, 0xee, 0x50, 0x00, 0x00, 0x02, 0xe0, 0x00, 0x10, 0x00, 0x00, 0x00, 0x02, 0xb0, 0x00,
    0x00, 0x00,
    /* U+4E70 "买" */
    0x00, 0x00, 0x00, 0x00, 0x00, 0x00, 0x00, 0x07, 0xff, 0xff, 0xff, 0xff, 0xff, 0xc0, 0x00, 0x00,
    0x00, 0x01, 0x00, 0x0b, 0x70, 0x00, 0x0a, 0xb3, 0x0c, 0x40, 0x3e, 0x10, 0x00, 0x00, 0x6e, 0x3c,
    0x40, 0x24, 0x00, 0x03, 0xb4, 0x02, 0x0d, 0x30, 0x00, 0x00, 0x00, 0x5d, 0x80, 0x0f, 0x10, 0x00,
    0x00, 0x00, 0x01, 0x20, 0x2e, 0x00, 0x00, 0x00, 0x1f, 0xff, 0xff, 0xff, 0xff, 0xff, 0xf2, 0x00,
    0x00, 0x00, 0xc5, 0x00, 0x00, 0x00, 0x00, 0x00, 0x07, 0xd5, 0xc4, 0x00, 0x00, 0x00, 0x01, 0x8e,
    0x20, 0x5d, 0xb2, 0x00, 0x04, 0x9e, 0xa2, 0x00, 0x00, 0x8e, 0x60, 0x1b, 0x83, 0x00, 0x00, 0x00,
    0x04, 0x80,
    /* U+4E73 "乳" */
    0x01, 0x24, 0x58, 0xb9, 0x26, 0x00, 0x00, 0x0b, 0xca, 0x97, 0x64, 0x3c, 0x00, 0x00, 0x05, 0x45,
    0x70, 0x7a, 0x3c, 0x00, 0x00, 0x04, 0xc2, 0xc1, 0xd2, 0x3c, 0x00, 0x00, 0x00, 0xb2, 0x84, 0x80,
    0x3c, 0x00, 0x00, 0x08, 0xee, 0xee, 0xe5, 0x3c, 0x00, 0x00, 0x00, 0x00, 0x09, 0xa0, 0x3c, 0x00,
    0x00, 0x00, 0x00, 0x8b, 0x00, 0x3c, 0x00, 0x00, 0x00, 0x01, 0xf4, 0x56, 0x3c, 0x00, 0x00, 0x39,
    0xbd, 0xfd, 0xb8, 0x3c, 0x00, 0x00, 0x38, 0x53, 0xe0, 0x00, 0x3c, 0x00, 0x85, 0x00, 0x01, 0xe0,
    0x00, 0x3c, 0x00, 0x96, 0x00, 0x02, 0xe0, 0x00, 0x3d, 0x00, 0xb4, 0x00, 0xae, 0x90, 0x00, 0x0c,
    0xee, 0xb0,
    /* U+4E86 "了" */
    0x00, 0x00, 0x00, 0x00, 0x00, 0x00, 0xaf, 0xff, 0xff, 0xff, 0xff, 0xf3, 0x01, 0x11, 0x11, 0x11,
    0x3e, 0x80, 0x00, 0x00, 0x00, 0x04, 0xe8, 0x00, 0x00, 0x00, 0x00, 0x8e, 0x50, 0x00, 0x00, 0x00,
    0x08, 0xd2, 0x00, 0x00, 0x00, 0x00, 0x08, 0x90, 0x00, 0x00, 0x00, 0x00, 0x08, 0x90, 0x00, 0x00,
    0x00, 0x00, 0x08, 0x90, 0x00, 0x00, 0x00, 0x00, 0x08, 0x90, 0x00, 0x00, 0x00, 0x00, 0x08, 0x90,
    0x00, 0x00, 0x00, 0x00, 0x08, 0x90, 0x00, 0x00, 0x00, 0x01, 0x09, 0x90, 0x00, 0x00, 0x00, 0x4f,
    0xfd, 0x40, 0x00, 0x00,
    /* U+4E8C "二" */
    0x00, 0xff, 0xff, 0xff, 0xff, 0xff, 0x00, 0x00, 0x22, 0x22, 0x22, 0x22, 0x22, 0x00, 0x00, 0x00,
    0x00, 0x00, 0x00, 0x00, 0x00, 0x00, 0x00, 0x00, 0x00, 0x00, 0x00, 0x00, 0x00, 0x00, 0x00, 0x00,
    0x00, 0x00, 0x00, 0x00, 0x00, 0x00, 0x00, 0x00, 0x00, 0x00, 0x00, 0x00, 0x00, 0x00, 0x00, 0x00,
    0x00, 0x00, 0x00, 0x00, 0x00, 0x00, 0x00, 0x00, 0x00, 0x00, 0x00, 0x00, 0x00, 0x00, 0x00, 0x3f,
    0xff, 0xff, 0xff, 0xff, 0xff, 0xf3, 0x13, 0x33, 0x33, 0x33, 0x33, 0x33, 0x31,
    /* U+4E94 "五" */
    0x00, 0x00, 0x00, 0x00, 0x00, 0x00, 0x00, 0x05, 0xff, 0xff, 0xff, 0xff, 0xff, 0x40, 0x00, 0x00,
    0x06, 0xb0, 0x00, 0x00, 0x00, 0x00, 0x00, 0x08, 0x90, 0x00, 0x00, 0x00, 0x00, 0x00, 0x0a, 0x70,
    0x00, 0x00, 0x00, 0x00, 0x8f, 0xff, 0xff, 0xff, 0xd0, 0x00, 0x00, 0x00, 0x0f, 0x20, 0x05, 0xc0,
    0x00, 0x00, 0x00, 0x2e, 0x00, 0x06, 0xb0, 0x00, 0x00, 0x00, 0x5c, 0x00, 0x07, 0x90, 0x00, 0x00,
    0x00, 0x79, 0x00, 0x09, 0x80, 0x00, 0x00, 0x00, 0xa7, 0x00, 0x0a, 0x70, 0x00, 0x3f, 0xff, 0xff,
    0xff, 0xff, 0xff, 0xf4, 0x01, 0x11, 0x11, 0x11, 0x11, 0x11, 0x10,
    /* U+4EAE "亮" */
    0x00, 0x00, 0x00, 0x00, 0x00, 0x00, 0x00, 0x00, 0x00, 0x00, 0xa7, 0x00, 0x00, 0x00, 0x2d, 0xdd,
    0xdd, 0xef, 0xdd, 0xdd, 0xd2, 0x00, 0x00, 0x00, 0x00, 0x00, 0x00, 0x00, 0x00, 0x2b, 0xbb, 0xbb,
    0xbb, 0xb3, 0x00, 0x00, 0x3d, 0x00, 0x00, 0x00, 0xc4, 0x00, 0x00, 0x3e, 0xbb, 0xbb, 0xbb, 0xe4,
    0x00, 0x00, 0x00, 0x00, 0x00, 0x00, 0x00, 0x00, 0x0b, 0xcc, 0xcc, 0xcc, 0xcc, 0xcc, 0xb0, 0x0e,
    0x10, 0x00, 0x00, 0x00, 0x02, 0xd0, 0x05, 0x00, 0xbd, 0xdd, 0xda, 0x01, 0x40, 0x00, 0x00, 0xe2,
    0x00, 0x6b, 0x00, 0x00, 0x00, 0x04, 0xe0, 0x00, 0x6b, 0x00, 0x91, 0x00, 0x4d, 0x70, 0x00, 0x6b,
    0x01, 0xe0, 0x0d, 0xc5, 0x00, 0x00, 0x2d, 0xee, 0x90, 0x00, 0x00, 0x00, 0x00, 0x00, 0x00, 0x00,
    /* U+4EB2 "亲" */
    0x00, 0x00, 0x00, 0xb2, 0x00, 0x00, 0x00, 0x00, 0x00, 0x00, 0xa8, 0x00, 0x00, 0x00, 0x02, 0xee,
    0xee, 0xee, 0xee, 0xee, 0x50, 0x00, 0x04, 0x80, 0x00, 0x09, 0x40, 0x00, 0x00, 0x02, 0xe1, 0x00,
    0x2e, 0x10, 0x00, 0x00, 0x00, 0xb5, 0x00, 0x79, 0x00, 0x00, 0x0e, 0xee, 0xee, 0xff, 0xee, 0xee,
    0xe0, 0x00, 0x00, 0x00, 0x88, 0x00, 0x00, 0x00, 0x0a, 0xee, 0xee, 0xff, 0xee, 0xee, 0xb0, 0x00,
    0x02, 0x20, 0x88, 0x03, 0x10, 0x00, 0x00, 0x0c, 0x70, 0x88, 0x0a, 0xa0, 0x00, 0x00, 0x8c, 0x00,
    0x88, 0x01, 0xc8, 0x00, 0x06, 0xd2, 0x00, 0x88, 0x00, 0x2e, 0x40, 0x01, 0x20, 0x4e, 0xd5, 0x00,
    0x03, 0x00,
    /* U+4EBA "人" */
    0x00, 0x00, 0x00, 0x76, 0x00, 0x00, 0x00, 0x00, 0x00, 0x00, 0xa8, 0x00, 0x00, 0x00, 0x00, 0x00,
    0x00, 0xb8, 0x00, 0x00, 0x00, 0x00, 0x00, 0x00, 0xda, 0x00, 0x00, 0x00, 0x00, 0x00, 0x01, 0xfd,
    0x00, 0x00, 0x00, 0x00, 0x00, 0x04, 0xed, 0x30, 0x00, 0x00, 0x00, 0x00, 0x08, 0x98, 0x80, 0x00,
    0x00, 0x00, 0x00, 0x1e, 0x43, 0xe1, 0x00, 0x00, 0x00, 0x00, 0x8c, 0x00, 0xa8, 0x00, 0x00, 0x00,
    0x03, 0xe4, 0x00, 0x2e, 0x40, 0x00, 0x00, 0x3e, 0x60, 0x00, 0x05, 0xe4, 0x00, 0x06, 0xe8, 0x00,
    0x00, 0x00, 0x6e, 0x81, 0x2c, 0x40, 0x00, 0x00, 0x00, 0x02, 0xb3,
    /* U+4EC0 "什" */
    0x00, 0x02, 0xa0, 0x00, 0x67, 0x00, 0x00, 0x00, 0x09, 0x80, 0x00, 0x79, 0x00, 0x00, 0x00, 0x2e,
    0x20, 0x00, 0x79, 0x00, 0x00, 0x00, 0x9a, 0x00, 0x00, 0x79, 0x00, 0x00, 0x05, 0xfa, 0x00, 0x00,
    0x79, 0x00, 0x00, 0x3e, 0xaa, 0x6f, 0xff, 0xff, 0xff, 0xf6, 0x38, 0x5a, 0x01, 0x11, 0x89, 0x11,
    0x10, 0x00, 0x5a, 0x00, 0x00, 0x79, 0x00, 0x00, 0x00, 0x5a, 0x00, 0x00, 0x79, 0x00, 0x00, 0x00,
    0x5a, 0x00, 0x00, 0x79, 0x00, 0x00, 0x00, 0x5a, 0x00, 0x00, 0x79, 0x00, 0x00, 0x00, 0x5a, 0x00,
    0x00, 0x79, 0x00, 0x00, 0x00, 0x5a, 0x00, 0x00, 0x79, 0x00, 0x00, 0x00, 0x58, 0x00, 0x00, 0x78,
    0x00, 0x00,
    /* U+4ECA "今" */
    0x00, 0x00, 0x00, 0x69, 0x00, 0x00, 0x00, 0x00, 0x00, 0x02, 0xee, 0x20, 0x00, 0x00, 0x00, 0x00,
    0x2d, 0x76, 0xd2, 0x00, 0x00, 0x00, 0x02, 0xd8, 0x00, 0x7e, 0x30, 0x00, 0x00, 0x5e, 0x92, 0x60,
    0x07, 0xf6, 0x00, 0x2a, 0xe6, 0x02, 0xd8, 0x00, 0x5e, 0xc2, 0x2b, 0x20, 0x00, 0x1d, 0x80, 0x02,
    0xa1, 0x00, 0x11, 0x11, 0x13, 0x51, 0x11, 0x00, 0x00, 0xbf, 0xff, 0xff, 0xff, 0xfb, 0x00, 0x00,
    0x00, 0x00, 0x00, 0x04, 0xe2, 0x00, 0x00, 0x00, 0x00, 0x00, 0x2e, 0x50, 0x00, 0x00, 0x00, 0x00,
    0x01, 0xc8, 0x00, 0x00, 0x00, 0x00, 0x00, 0x0b, 0xb0, 0x00, 0x00, 0x00, 0x00, 0x00, 0x4c, 0x10,
    0x00, 0x00,
    /* U+4F1A "会" */
    0x00, 0x00, 0x00, 0x49, 0x00, 0x00, 0x00, 0x00, 0x00, 0x01, 0xdd, 0x10, 0x00, 0x00, 0x00, 0x00,
    0x2d, 0x98, 0xc2, 0x00, 0x00, 0x00, 0x05, 0xea, 0x00, 0x8e, 0x40, 0x00, 0x02, 0xbf, 0x70, 0x00,
    0x05, 0xea, 0x20, 0x2e, 0xc8, 0xff, 0xff, 0xff, 0x79, 0xf3, 0x04, 0x00, 0x00, 0x00, 0x00, 0x00,
    0x10, 0x00, 0x00, 0x00, 0x00, 0x00, 0x00, 0x00, 0x0b, 0xff, 0xff, 0xff, 0xff, 0xff, 0xd0, 0x00,
    0x00, 0x3e, 0x40, 0x04, 0x00, 0x00, 0x00, 0x01, 0xd5, 0x00, 0x2d, 0x60, 0x00, 0x00, 0x1c, 0x70,
    0x00, 0x15, 0xe5, 0x00, 0x01, 0xdf, 0xcd, 0xef, 0xed, 0xce, 0x20, 0x00, 0x76, 0x43, 0x20, 0x00,
    0x08, 0x50,
    /* U+4F1E "伞" */
    0x00, 0x00, 0x00, 0x5a, 0x00, 0x00, 0x00, 0x00, 0x00, 0x06, 0xdd, 0x60, 0x00, 0x00, 0x00, 0x02,
    0xab, 0x12, 0xcb, 0x20, 0x00, 0x03, 0xaf, 0x80, 0x33, 0x07, 0xea, 0x30, 0x5f, 0x92, 0x00, 0x88,
    0x00, 0x28, 0xe6, 0x02, 0x1d, 0x10, 0x88, 0x01, 0xd2, 0x10, 0x00, 0x08, 0x90, 0x88, 0x07, 0xa0,
    0x00, 0x00, 0x02, 0xe1, 0x88, 0x1d, 0x20, 0x00, 0x00, 0x00, 0x20, 0x88, 0x02, 0x00, 0x00, 0x5f,
    0xff, 0xff, 0xff, 0xff, 0xff, 0xf4, 0x00, 0x00, 0x00, 0x98, 0x00, 0x00, 0x00, 0x00, 0x00, 0x00,
    0x88, 0x00, 0x00, 0x00, 0x00, 0x00, 0x00, 0x88, 0x00, 0x00, 0x00, 0x00, 0x00, 0x00, 0x77, 0x00,
    0x00, 0x00,
    /* U+4F4D "位" */
    0x00, 0x02, 0x90, 0x00, 0xc2, 0x00, 0x00, 0x00, 0x09, 0x90, 0x00, 0xb6, 0x00, 0x00, 0x00, 0x1e,
    0x20, 0x00, 0x66, 0x00, 0x00, 0x00, 0x8a, 0x0d, 0xff, 0xff, 0xff, 0xc0, 0x03, 0xf8, 0x00, 0x00,
    0x00, 0x11, 0x00, 0x1d, 0xe8, 0x00, 0xc2, 0x00, 0x4c, 0x00, 0x5c, 0x88, 0x00, 0xa5, 0x00, 0x6a,
    0x00, 0x01, 0x78, 0x00, 0x78, 0x00, 0x97, 0x00, 0x00, 0x78, 0x00, 0x5b, 0x00, 0xb4, 0x00, 0x00,
    0x78, 0x00, 0x3d, 0x00, 0xe1, 0x00, 0x00, 0x78, 0x00, 0x1f, 0x02, 0xc0, 0x00, 0x00, 0x78, 0x00,
    0x03, 0x06, 0x90, 0x00, 0x00, 0x78, 0x7f, 0xff, 0xff, 0xff, 0xf6, 0x00, 0x78, 0x00, 0x00, 0x00,
    0x00, 0x00,
    /* U+4F4E "低" */
    0x00, 0x06, 0x60, 0x00, 0x02, 0x6a, 0x30, 0x00, 0x0d, 0x43, 0x7a, 0xdf, 0xc7, 0x20, 0x00, 0x4d,
    0x0b, 0xa6, 0x3d, 0x30, 0x00, 0x00, 0xb7, 0x0b, 0x40, 0x0c, 0x30, 0x00, 0x05, 0xf5, 0x0b, 0x40,
    0x0b, 0x40, 0x00, 0x1d, 0xe5, 0x0b, 0x40, 0x0a, 0x50, 0x00, 0x8a, 0xa5, 0x0b, 0xff, 0xff, 0xff,
    0xf5, 0x21, 0xa5, 0x0b, 0x40, 0x07, 0x80, 0x00, 0x00, 0xa5, 0x0b, 0x40, 0x05, 0xa0, 0x00, 0x00,
    0xa5, 0x0b, 0x40, 0x03, 0xc0, 0x00, 0x00, 0xa5, 0x0b, 0x40, 0x20, 0xe1, 0x21, 0x00, 0xa5, 0x0b,
    0x40, 0xa3, 0xb5, 0x57, 0x00, 0xa5, 0x0c, 0x89, 0x6a, 0x5c, 0xa4, 0x00, 0xa5, 0x2e, 0xa5, 0x1a,
    0x09, 0xc0, 0x00, 0x10, 0x00, 0x00, 0x00, 0x00, 0x00,
    /* U+4F53 "体" */
    0x00, 0x08, 0x40, 0x00, 0xb2, 0x00, 0x00, 0x00, 0x1e, 0x10, 0x00, 0xd2, 0x00, 0x00, 0x00, 0x79,
    0x00, 0x00, 0xd2, 0x00, 0x00, 0x01, 0xe4, 0xcf, 0xff, 0xff, 0xff, 0xf5, 0x09, 0xf3, 0x00, 0x0b,
    0xfe, 0x10, 0x00, 0x4f, 0xd3, 0x00, 0x3c, 0xda, 0x70, 0x00, 0x47, 0xb3, 0x00, 0x95, 0xd4, 0xd0,
    0x00, 0x00, 0xb3, 0x01, 0xd0, 0xd2, 0xa6, 0x00, 0x00, 0xb3, 0x0a, 0x70, 0xd2, 0x3e, 0x10, 0x00,
    0xb3, 0x6d, 0x00, 0xd2, 0x09, 0xa0, 0x00, 0xb6, 0xe6, 0xee, 0xfe, 0xe7, 0xd6, 0x00, 0xb3, 0x20,
    0x00, 0xd2, 0x00, 0x10, 0x00, 0xb3, 0x00, 0x00, 0xd2, 0x00, 0x00, 0x00, 0xa3, 0x00, 0x00, 0xa2,
    0x00, 0x00,
    /* U+4F55 "何" */
    0x00, 0x05, 0x50, 0x00, 0x00, 0x00, 0x00, 0x00, 0x0c, 0x60, 0x00, 0x00, 0x00, 0x00, 0x00, 0x3f,
    0x5f, 0xff, 0xff, 0xff, 0xf7, 0x00, 0x99, 0x00, 0x00, 0x00, 0x09, 0x70, 0x03, 0xf7, 0x00, 0x00,
    0x00, 0x09, 0x70, 0x1d, 0xe7, 0x0d, 0xee, 0xf8, 0x09, 0x70, 0x4b, 0x97, 0x0d, 0x20, 0x68, 0x09,
    0x70, 0x01, 0x97, 0x0d, 0x20, 0x68, 0x09, 0x70, 0x00, 0x97, 0x0d, 0x20, 0x68, 0x09, 0x70, 0x00,
    0x97, 0x0d, 0xee, 0xe8, 0x09, 0x70, 0x00, 0x97, 0x0d, 0x20, 0x00, 0x09, 0x70, 0x00, 0x97, 0x01,
    0x00, 0x00, 0x09, 0x70, 0x00, 0x97, 0x00, 0x00, 0x11, 0x1a, 0x60, 0x00, 0x97, 0x00, 0x00, 0x4f,
    0xfd, 0x20,
    /* U+4F60 "你" */
    0x00, 0x06, 0x50, 0x75, 0x00, 0x00, 0x00, 0x00, 0x0d, 0x30, 0xd4, 0x00, 0x00, 0x00, 0x00, 0x6c,
    0x03, 0xe0, 0x00, 0x00, 0x00, 0x00, 0xd5, 0x08, 0xff, 0xff, 0xff, 0xf5, 0x09, 0xf3, 0x1e, 0x30,
    0x79, 0x00, 0xc3, 0x5e, 0xd3, 0x9a, 0x00, 0x79, 0x00, 0xe0, 0x96, 0xb3, 0x32, 0x41, 0x79, 0x25,
    0x40, 0x10, 0xb3, 0x01, 0xe1, 0x79, 0x2e, 0x10, 0x00, 0xb3, 0x04, 0xc0, 0x79, 0x0b, 0x60, 0x00,
    0xb3, 0x0a, 0x70, 0x79, 0x05, 0xb0, 0x00, 0xb3, 0x3e, 0x10, 0x79, 0x01, 0xf1, 0x00, 0xb3, 0x57,
    0x00, 0x79, 0x00, 0xa2, 0x00, 0xb3, 0x00, 0x01, 0x79, 0x00, 0x00, 0x00, 0xb3, 0x00, 0x0e, 0xe5,
    0x00, 0x00,
    /* U+4F9B "供" */
    0x00, 0x06, 0x70, 0x66, 0x00, 0x93, 0x00, 0x00, 0x0d, 0x30, 0x88, 0x00, 0xb4, 0x00, 0x00, 0x6b,
    0x00, 0x88, 0x00, 0xb4, 0x00, 0x01, 0xe5, 0x5f, 0xff, 0xff, 0xff, 0xf4, 0x0b, 0xf4, 0x00, 0x88,
    0x00, 0xb4, 0x00, 0x7e, 0xc4, 0x00, 0x88, 0x00, 0xb4, 0x00, 0x64, 0xb4, 0x00, 0x88, 0x00, 0xb4,
    0x00, 0x00, 0xb4, 0x00, 0x88, 0x00, 0xb4, 0x00, 0x00, 0xb4, 0xaf, 0xff, 0xff, 0xff, 0xf7, 0x00,
    0xb4, 0x00, 0x10, 0x00, 0x10, 0x00, 0x00, 0xb4, 0x00, 0x98, 0x00, 0xb4, 0x00, 0x00, 0xb4, 0x04,
    0xe1, 0x00, 0x4e, 0x20, 0x00, 0xb4, 0x3e, 0x40, 0x00, 0x07, 0xc0, 0x00, 0x94, 0x56, 0x00, 0x00,
    0x00, 0xa1,
    /* U+4FBF "便" */
    0x00, 0x07, 0x40, 0x00, 0x00, 0x00, 0x00, 0x00, 0x0e, 0x8e, 0xee, 0xff, 0xee, 0xe4, 0x00, 0x5b,
    0x00, 0x00, 0x97, 0x00, 0x00, 0x00, 0xb5, 0x0c, 0xcc, 0xed, 0xcc, 0x90, 0x05, 0xf3, 0x0e, 0x00,
    0x97, 0x04, 0xb0, 0x1d, 0xf3, 0x0e, 0x00, 0x97, 0x04, 0xb0, 0x5c, 0xc3, 0x0f, 0xcc, 0xed, 0xcd,
    0xb0, 0x02, 0xb3, 0x0e, 0x00, 0x97, 0x04, 0xb0, 0x00, 0xb3, 0x0f, 0xcc, 0xed, 0xcd, 0xb0, 0x00,
    0xb3, 0x25, 0x00, 0xc3, 0x00, 0x00, 0x00, 0xb3, 0x0b, 0x63, 0xe0, 0x00, 0x00, 0x00, 0xb3, 0x01,
    0xce, 0x70, 0x00, 0x00, 0x00, 0xb3, 0x15, 0xdb, 0xec, 0x74, 0x20, 0x00, 0xb4, 0xda, 0x40, 0x05,
    0x9b, 0xe4, 0x00, 0x00, 0x00, 0x00, 0x00, 0x00, 0x00,
    /* U+4FDD "保" */
    0x00, 0x03, 0x60, 0x00, 0x00, 0x00, 0x00, 0x00, 0x0a, 0x7a, 0xfe, 0xee, 0xef, 0x90, 0x00, 0x2e,
    0x1a, 0x50, 0x00, 0x07, 0x90, 0x00, 0x99, 0x0a, 0x50, 0x00, 0x07, 0x90, 0x03, 0xf6, 0x0a, 0x50,
    0x00, 0x07, 0x90, 0x2d, 0xe6, 0x0a, 0xee, 0xff, 0xee, 0x80, 0x66, 0x96, 0x00, 0x00, 0x96, 0x00,
    0x00, 0x00, 0x96, 0xae, 0xee, 0xff, 0xee, 0xe5, 0x00, 0x96, 0x00, 0x09, 0xff, 0x60, 0x00, 0x00,
    0x96, 0x00, 0x5d, 0xa8, 0xe2, 0x00, 0x00, 0x96, 0x03, 0xe3, 0x96, 0x6c, 0x10, 0x00, 0x96, 0x4e,
    0x60, 0x96, 0x0a, 0xc2, 0x00, 0x97, 0xc5, 0x00, 0x96, 0x00, 0xa7, 0x00, 0x75, 0x00, 0x00, 0x85,
    0x00, 0x00,
    /* U+4FEE "修" */
    0x00, 0x08, 0x10, 0x04, 0x80, 0x00, 0x00, 0x00, 0x3e, 0x00, 0x0b, 0x70, 0x00, 0x00, 0x00, 0x88,
    0x00, 0x3f, 0xdd, 0xde, 0xb0, 0x00, 0xe3, 0x02, 0xdd, 0x30, 0x0c, 0x40, 0x07, 0xf2, 0x6a, 0x72,
    0xc4, 0xb8, 0x00, 0x2e, 0xf2, 0xb3, 0x00, 0x8f, 0xc2, 0x00, 0x98, 0xd2, 0xb7, 0x9d, 0x93, 0x8e,
    0xc4, 0x30, 0xd2, 0xb7, 0x51, 0x2b, 0x30, 0x51, 0x00, 0xd2, 0xb3, 0x29, 0xc4, 0x14, 0x00, 0x00,
    0xd2, 0xb3, 0x35, 0x05, 0xb3, 0x00, 0x00, 0xd2, 0xb3, 0x28, 0xc9, 0x12, 0xb1, 0x00, 0xd2, 0x62,
    0x16, 0x11, 0x7d, 0x50, 0x00, 0xd2, 0x00, 0x37, 0xbd, 0x91, 0x00, 0x00, 0xc2, 0x00, 0xb8, 0x30,
    0x00, 0x00,
    /* U+5019 "候" */
    0x00, 0x08, 0x10, 0x00, 0x00, 0x00, 0x00, 0x00, 0x3d, 0x00, 0x8e, 0xee, 0xef, 0x10, 0x00, 0x89,
    0x00, 0x00, 0x00, 0x1e, 0x00, 0x00, 0xd4, 0xd1, 0x00, 0x00, 0x3c, 0x00, 0x05, 0xf0, 0xd6, 0xef,
    0xfe, 0xee, 0xe4, 0x1d, 0xf0, 0xd1, 0x2f, 0x10, 0x00, 0x00, 0x6a, 0xf0, 0xd1, 0x7f, 0xdd, 0xdd,
    0xb0, 0x11, 0xf0, 0xd3, 0xe2, 0x0f, 0x00, 0x00, 0x00, 0xf0, 0xd3, 0x50, 0x0f, 0x00, 0x00, 0x00,
    0xf0, 0xd6, 0xee, 0xef, 0xee, 0xe5, 0x00, 0xf0, 0xb1, 0x00, 0x6f, 0x60, 0x00, 0x00, 0xf0, 0x00,
    0x03, 0xe5, 0xd3, 0x00, 0x00, 0xf0, 0x01, 0x7e, 0x50, 0x4e, 0x82, 0x00, 0xe0, 0x06, 0xa2, 0x00,
    0x03, 0xa2,
    /* U+5047 "假" */
    0x00, 0x27, 0x00, 0x00, 0x00, 0x00, 0x00, 0x00, 0x79, 0x9e, 0xef, 0x7e, 0xee, 0xb0, 0x00, 0xc4,
    0x95, 0x0a, 0x40, 0x03, 0xb0, 0x02, 0xf0, 0x95, 0x0a, 0x40, 0x03, 0xb0, 0x0a, 0xf0, 0x9e, 0xdf,
    0x7e, 0xee, 0xb0, 0x3e, 0xf0, 0x95, 0x00, 0x00, 0x00, 0x00, 0x58, 0xf0, 0x95, 0x00, 0x00, 0x00,
    0x00, 0x01, 0xf0, 0x9e, 0xdd, 0x8e, 0xde, 0xc0, 0x00, 0xf0, 0x95, 0x00, 0x2b, 0x07, 0x80, 0x00,
    0xf0, 0x95, 0x00, 0x0b, 0x3d, 0x30, 0x00, 0xf0, 0x9e, 0xee, 0x14, 0xda, 0x00, 0x00, 0xf0, 0x95,
    0x00, 0x04, 0xf7, 0x00, 0x00, 0xf0, 0x95, 0x01, 0x7d, 0x4d, 0x81, 0x00, 0xd0, 0x85, 0x07, 0x91,
    0x01, 0xa3,
    /* U+505A "做" */
    0x00, 0x0a, 0x13, 0x80, 0x05, 0x70, 0x00, 0x00, 0x4c, 0x04, 0xb0, 0x08, 0x70, 0x00, 0x00, 0xa7,
    0x04, 0xb0, 0x0b, 0x40, 0x00, 0x01, 0xf5, 0xee, 0xfe, 0x9e, 0xee, 0xf6, 0x0a, 0xf2, 0x04, 0xb0,
    0x4d, 0x03, 0xb0, 0x4e, 0xe2, 0x04, 0xb0, 0xaf, 0x05, 0x80, 0x96, 0xd2, 0x04, 0xb0, 0xdb, 0x28,
    0x60, 0x20, 0xd2, 0xce, 0xef, 0x67, 0x6b, 0x30, 0x00, 0xd2, 0xc2, 0x09, 0x53, 0xbd, 0x00, 0x00,
    0xd2, 0xc2, 0x09, 0x50, 0xd8, 0x00, 0x00, 0xd2, 0xc2, 0x09, 0x51, 0xe8, 0x00, 0x00, 0xd2, 0xce,
    0xef, 0x5b, 0x7d, 0x40, 0x00, 0xd2, 0xc2, 0x01, 0xca, 0x04, 0xe3, 0x00, 0xb1, 0x10, 0x02, 0x80,
    0x00, 0x63,
    /* U+5065 "健" */
    0x00, 0x3a, 0x00, 0x00, 0x0a, 0x20, 0x00, 0x00, 0x89, 0xee, 0xd6, 0xce, 0xcc, 0x50, 0x00, 0xd3,
    0x06, 0x90, 0x0b, 0x26, 0x70, 0x04, 0xf0, 0x0c, 0x5c, 0xce, 0xcd, 0xd6, 0x0d, 0xf0, 0x4c, 0x00,
    0x0b, 0x26, 0x70, 0x6c, 0xe0, 0xa6, 0x06, 0xce, 0xcd, 0x70, 0x33, 0xe3, 0xdd, 0xd0, 0x0b, 0x20,
    0x00, 0x00, 0xe1, 0x33, 0xb9, 0xce, 0xdc, 0x90, 0x00, 0xe2, 0xb6, 0x80, 0x0b, 0x20, 0x00, 0x00,
    0xe0, 0xad, 0x5d, 0xde, 0xdd, 0xd2, 0x00, 0xe0, 0x4e, 0x00, 0x0b, 0x20, 0x00, 0x00, 0xe0, 0x7f,
    0x90, 0x0b, 0x20, 0x00, 0x00, 0xe2, 0xe3, 0xcc, 0x52, 0x00, 0x00, 0x00, 0xe9, 0x60, 0x05, 0xad,
    0xee, 0xe4, 0x00, 0x10, 0x00, 0x00, 0x00, 0x00, 0x00,
    /* U+5098 "傘" */
    0x00, 0x00, 0x00, 0x66, 0x00, 0x00, 0x00, 0x00, 0x00, 0x08, 0xfd, 0x30, 0x00, 0x00, 0x00, 0x05,
    0xcb, 0x26, 0xe9, 0x30, 0x00, 0x29, 0xde, 0x90, 0x96, 0x2b, 0xfd, 0x92, 0x1b, 0x59, 0x80, 0x96,
    0x0d, 0x36, 0xa1, 0x00, 0x6c, 0xc5, 0x96, 0x8c, 0xb3, 0x00, 0x04, 0xa3, 0x49, 0xab, 0xa2, 0x4c,
    0x10, 0x00, 0x0c, 0x60, 0x96, 0x0d, 0x40, 0x00, 0x01, 0xa8, 0xc7, 0x97, 0x9a, 0xc6, 0x00, 0x05,
    0x60, 0x07, 0xaa, 0x80, 0x1a, 0x20, 0x0b, 0xee, 0xee, 0xfe, 0xee, 0xee, 0xa0, 0x00, 0x00, 0x00,
    0x96, 0x00, 0x00, 0x00, 0x00, 0x00, 0x00, 0x96, 0x00, 0x00, 0x00, 0x00, 0x00, 0x00, 0x96, 0x00,
    0x00, 0x00,
    /* U+5143 "元" */
    0x00, 0xef, 0xff, 0xff, 0xff, 0xff, 0x00, 0x00, 0x00, 0x00, 0x00, 0x00, 0x00, 0x00, 0x00, 0x00,
    0x00, 0x00, 0x00, 0x00, 0x00, 0x00, 0x00, 0x00, 0x00, 0x00, 0x00, 0x00, 0x00, 0x00, 0x00, 0x00,
    0x00, 0x00, 0x00, 0x3f, 0xff, 0xff, 0xff, 0xff, 0xff, 0xf3, 0x00, 0x00, 0xa7, 0x00, 0xd3, 0x00,
    0x00, 0x00, 0x00, 0xc5, 0x00, 0xd3, 0x00, 0x00, 0x00, 0x01, 0xf2, 0x00, 0xd3, 0x00, 0x00, 0x00,
    0x05, 0xc0, 0x00, 0xd3, 0x00, 0x52, 0x00, 0x1d, 0x60, 0x00, 0xd3, 0x00, 0x95, 0x02, 0xba, 0x00,
    0x00, 0xc4, 0x00, 0xc3, 0x1d, 0x70, 0x00, 0x00, 0x8f, 0xff, 0xb0, 0x00, 0x00, 0x00, 0x00, 0x00,
    0x00, 0x00,
    /* U+5144 "兄" */
    0x00, 0x00, 0x00, 0x00, 0x00, 0x00, 0x00, 0x00, 0xbf, 0xff, 0xff, 0xff, 0xfd, 0x00, 0x00, 0xb4,
    0x00, 0x00, 0x00, 0x3d, 0x00, 0x00, 0xb4, 0x00, 0x00, 0x00, 0x3d, 0x00, 0x00, 0xb4, 0x00, 0x00,
    0x00, 0x3d, 0x00, 0x00, 0xb4, 0x00, 0x00, 0x00, 0x3d, 0x00, 0x00, 0xbf, 0xff, 0xff, 0xff, 0xfd,
    0x00, 0x00, 0x11, 0xa8, 0x11, 0xe2, 0x11, 0x00, 0x00, 0x00, 0xb6, 0x00, 0xe2, 0x00, 0x00, 0x00,
    0x00, 0xe3, 0x00, 0xe2, 0x00, 0x00, 0x00, 0x05, 0xe0, 0x00, 0xe2, 0x00, 0x73, 0x00, 0x1d, 0x80,
    0x00, 0xe2, 0x00, 0x95, 0x04, 0xdb, 0x00, 0x00, 0xe3, 0x00, 0xc4, 0x4e, 0x70, 0x00, 0x00, 0x9f,
    0xff, 0xc0, 0x00, 0x00, 0x00, 0x00, 0x00, 0x00, 0x00,
    /* U+5148 "先" */
    0x00, 0x07, 0x30, 0x88, 0x00, 0x00, 0x00, 0x00, 0x0e, 0x20, 0x88, 0x00, 0x00, 0x00, 0x00, 0x4f,
    0xff, 0xff, 0xff, 0xff, 0x20, 0x00, 0xb6, 0x00, 0x88, 0x00, 0x00, 0x00, 0x03, 0xf1, 0x00, 0x88,
    0x00, 0x00, 0x00, 0x04, 0x80, 0x00, 0x88, 0x00, 0x00, 0x00, 0x00, 0x00, 0x00, 0x88, 0x00, 0x00,
    0x00, 0x2f, 0xff, 0xff, 0xff, 0xff, 0xff, 0xf2, 0x00, 0x00, 0x98, 0x00, 0xb5, 0x00, 0x00, 0x00,
    0x00, 0xb5, 0x00, 0xb5, 0x00, 0x00, 0x00, 0x01, 0xe1, 0x00, 0xb5, 0x00, 0x10, 0x00, 0x09, 0xa0,
    0x00, 0xb5, 0x00, 0xa4, 0x01, 0x9d, 0x10, 0x00, 0xb6, 0x00, 0xc3, 0x1e, 0x92, 0x00, 0x00, 0x7f,
    0xff, 0xc0, 0x01, 0x00, 0x00, 0x00, 0x00, 0x00, 0x00,
    /* U+5165 "入" */
    0x00, 0x00, 0x85, 0x00, 0x00, 0x00, 0x00, 0x00, 0x00, 0x4e, 0x60, 0x00, 0x00, 0x00, 0x00, 0x00,
    0x03, 0xe3, 0x00, 0x00, 0x00, 0x00, 0x00, 0x00, 0xbc, 0x00, 0x00, 0x00, 0x00, 0x00, 0x01, 0xfe,
    0x50, 0x00, 0x00, 0x00, 0x00, 0x05, 0xd5, 0xd0, 0x00, 0x00, 0x00, 0x00, 0x0b, 0x80, 0xc7, 0x00,
    0x00, 0x00, 0x00, 0x4e, 0x20, 0x4e, 0x10, 0x00, 0x00, 0x01, 0xc8, 0x00, 0x0b, 0xa0, 0x00, 0x00,
    0x0b, 0xc1, 0x00, 0x02, 0xe6, 0x00, 0x01, 0xad, 0x20, 0x00, 0x00, 0x5f, 0x70, 0x2e, 0xc2, 0x00,
    0x00, 0x00, 0x05, 0xe5, 0x05, 0x00, 0x00, 0x00, 0x00, 0x00, 0x20,
    /* U+5168 "全" */
    0x00, 0x00, 0x00, 0x78, 0x00, 0x00, 0x00, 0x00, 0x00, 0x03, 0xee, 0x30, 0x00, 0x00, 0x00, 0x00,
    0x2d, 0x55, 0xe3, 0x00, 0x00, 0x00, 0x02, 0xd8, 0x00, 0x7e, 0x20, 0x00, 0x00, 0x4e, 0x80, 0x00,
    0x07, 0xe6, 0x00, 0x18, 0xf6, 0x00, 0x00, 0x00, 0x5e, 0xa1, 0x5b, 0x6e, 0xee, 0xff, 0xee, 0xe7,
    0xb5, 0x00, 0x00, 0x00, 0x88, 0x00, 0x00, 0x00, 0x00, 0x00, 0x00, 0x88, 0x00, 0x00, 0x00, 0x00,
    0x2e, 0xee, 0xff, 0xee, 0xe5, 0x00, 0x00, 0x00, 0x00, 0x88, 0x00, 0x00, 0x00, 0x00, 0x00, 0x00,
    0x88, 0x00, 0x00, 0x00, 0x0d, 0xee, 0xee, 0xff, 0xee, 0xee, 0xe0,
    /* U+516B "八" */
    0x00, 0x00, 0x73, 0x00, 0xb4, 0x00, 0x00, 0x00, 0x00, 0xd4, 0x00, 0xa5, 0x00, 0x00, 0x00, 0x00,
    0xe2, 0x00, 0x88, 0x00, 0x00, 0x00, 0x01, 0xf0, 0x00, 0x6b, 0x00, 0x00, 0x00, 0x04, 0xc0, 0x00,
    0x3e, 0x00, 0x00, 0x00, 0x08, 0x90, 0x00, 0x0d, 0x30, 0x00, 0x00, 0x0c, 0x50, 0x00, 0x08, 0x90,
    0x00, 0x00, 0x3e, 0x10, 0x00, 0x02, 0xe1, 0x00, 0x00, 0x98, 0x00, 0x00, 0x00, 0xc7, 0x00, 0x05,
    0xe2, 0x00, 0x00, 0x00, 0x3e, 0x20, 0x3e, 0x40, 0x00, 0x00, 0x00, 0x08, 0xd2, 0x26, 0x00, 0x00,
    0x00, 0x00, 0x00, 0x73,
    /* U+516C "公" */
    0x00, 0x00, 0x95, 0x00, 0x69, 0x00, 0x00, 0x00, 0x03, 0xe2, 0x00, 0x1e, 0x40, 0x00, 0x00, 0x0b,
    0x80, 0x00, 0x06, 0xd1, 0x00, 0x00, 0x7e, 0x10, 0x00, 0x00, 0xba, 0x00, 0x06, 0xe3, 0x00, 0xb5,
    0x00, 0x1d, 0x90, 0x1e, 0x50, 0x06, 0xe1, 0x00, 0x03, 0xe3, 0x01, 0x00, 0x1d, 0x60, 0x00, 0x00,
    0x10, 0x00, 0x00, 0x8c, 0x00, 0x29, 0x00, 0x00, 0x00, 0x03, 0xe2, 0x00, 0x0c, 0x80, 0x00, 0x00,
    0x1d, 0x50, 0x00, 0x02, 0xe4, 0x00, 0x00, 0xde, 0xbc, 0xcd, 0xef, 0xfe, 0x10, 0x00, 0x87, 0x65,
    0x32, 0x10, 0x0b, 0x90, 0x00, 0x00, 0x00, 0x00, 0x00, 0x02, 0x30,
    /* U+516D "六" */
    0x00, 0x00, 0x02, 0xa0, 0x00, 0x00, 0x00, 0x00, 0x00, 0x00, 0xd6, 0x00, 0x00, 0x00, 0x00, 0x00,
    0x00, 0x7c, 0x00, 0x00, 0x00, 0x00, 0x00, 0x00, 0x17, 0x00, 0x00, 0x00, 0x3f, 0xff, 0xff, 0xff,
    0xff, 0xff, 0xf4, 0x01, 0x11, 0x11, 0x11, 0x11, 0x11, 0x10, 0x00, 0x00, 0x00, 0x00, 0x01, 0x00,
    0x00, 0x00, 0x01, 0xe4, 0x00, 0x5d, 0x10, 0x00, 0x00, 0x08, 0xc0, 0x00, 0x0c, 0x90, 0x00, 0x00,
    0x1e, 0x50, 0x00, 0x03, 0xf3, 0x00, 0x00, 0x9c, 0x00, 0x00, 0x00, 0x8c, 0x00, 0x04, 0xf3, 0x00,
    0x00, 0x00, 0x1e, 0x60, 0x1e, 0x90, 0x00, 0x00, 0x00, 0x06, 0xe1, 0x18, 0x10, 0x00, 0x00, 0x00,
    0x00, 0x71,
    /* U+5173 "关" */
    0x00, 0x07, 0x40, 0x00, 0x04, 0xa0, 0x00, 0x00, 0x04, 0xd1, 0x00, 0x0c, 0x70, 0x00, 0x00, 0x00,
    0xa3, 0x00, 0x5d, 0x00, 0x00, 0x03, 0xff, 0xff, 0xff, 0xff, 0xff, 0x50, 0x00, 0x11, 0x11, 0x9a,
    0x11, 0x11, 0x00, 0x00, 0x00, 0x00, 0x8a, 0x00, 0x00, 0x00, 0x00, 0x00, 0x00, 0x89, 0x00, 0x00,
    0x00, 0x1f, 0xff, 0xff, 0xff, 0xff, 0xff, 0xf1, 0x01, 0x11, 0x11, 0xef, 0x31, 0x11, 0x10, 0x00,
    0x00, 0x07, 0xd7, 0xc0, 0x00, 0x00, 0x00, 0x00, 0x5f, 0x50, 0xca, 0x00, 0x00, 0x00, 0x19, 0xf6,
    0x00, 0x1d, 0xc2, 0x00, 0x18, 0xed, 0x40, 0x00, 0x01, 0xbf, 0xa2, 0x0a, 0x50, 0x00, 0x00, 0x00,
    0x04, 0x91,
    /* U+518D "再" */
    0x0d, 0xff, 0xff, 0xff, 0xff, 0xff, 0xe0, 0x00, 0x00, 0x00, 0x97, 0x00, 0x00, 0x00, 0x00, 0x00,
    0x00, 0x97, 0x00, 0x00, 0x00, 0x00, 0xcf, 0xff, 0xff, 0xff, 0xfb, 0x00, 0x00, 0xc3, 0x00, 0x97,
    0x00, 0x4b, 0x00, 0x00, 0xce, 0xee, 0xfe, 0xee, 0xeb, 0x00, 0x00, 0xc3, 0x00, 0x97, 0x00, 0x4b,
    0x00, 0x00, 0xc3, 0x00, 0x97, 0x00, 0x4b, 0x00, 0x7f, 0xff, 0xff, 0xff, 0xff, 0xff, 0xf7, 0x00,
    0xc3, 0x00, 0x00, 0x00, 0x4b, 0x00, 0x00, 0xc3, 0x00, 0x00, 0x00, 0x4b, 0x00, 0x00, 0xc3, 0x00,
    0x00, 0x00, 0x5b, 0x00, 0x00, 0xc3, 0x00, 0x00, 0x7f, 0xe7, 0x00, 0x00, 0x00, 0x00, 0x00, 0x00,
    0x00, 0x00,
    /* U+5199 "写" */
    0xef, 0xff, 0xff, 0xff, 0xff, 0xfe, 0xe2, 0x09, 0x20, 0x00, 0x00, 0x3e, 0xa2, 0x1f, 0x10, 0x00,
    0x00, 0x2a, 0x00, 0x4f, 0xee, 0xee, 0xee, 0x30, 0x00, 0x79, 0x00, 0x00, 0x00, 0x00, 0x00, 0xa6,
    0x00, 0x00, 0x00, 0x00, 0x00, 0xde, 0xee, 0xee, 0xef, 0x80, 0x00, 0x00, 0x00, 0x00, 0x0a, 0x60,
    0x00, 0x00, 0x00, 0x00, 0x0b, 0x50, 0xbf, 0xff, 0xff, 0xff, 0x3d, 0x30, 0x00, 0x00, 0x00, 0x00,
    0x1f, 0x10, 0x00, 0x00, 0x01, 0x00, 0x6c, 0x00, 0x00, 0x00, 0x04, 0xee, 0xc4, 0x00,
    /* U+51B7 "冷" */
    0x01, 0x00, 0x00, 0x01, 0xb2, 0x00, 0x00, 0x2e, 0x20, 0x00, 0x08, 0xf7, 0x00, 0x00, 0x08, 0xb0,
    0x00, 0x4e, 0x3d, 0x40, 0x00, 0x01, 0xe4, 0x04, 0xe4, 0x04, 0xe2, 0x00, 0x00, 0x31, 0x6f, 0x64,
    0x50, 0x6e, 0x40, 0x00, 0x04, 0xe4, 0x02, 0xd4, 0x05, 0xe2, 0x00, 0x00, 0x20, 0x00, 0x32, 0x00,
    0x10, 0x00, 0x42, 0x0f, 0xff, 0xff, 0xfe, 0x10, 0x00, 0xc5, 0x00, 0x00, 0x00, 0xa8, 0x00, 0x03,
    0xe0, 0x00, 0x00, 0x06, 0xd1, 0x00, 0x09, 0x90, 0x00, 0xa6, 0x4e, 0x20, 0x00, 0x1e, 0x30, 0x00,
    0x2d, 0xf4, 0x00, 0x00, 0x4c, 0x00, 0x00, 0x01, 0xbb, 0x10, 0x00, 0x00, 0x00, 0x00, 0x00, 0x09,
    0x30, 0x00,
    /* U+51C0 "净" */
    0x14, 0x00, 0x00, 0xa5, 0x00, 0x00, 0x00, 0x1e, 0x30, 0x03, 0xfe, 0xee, 0xa0, 0x00, 0x06, 0xc0,
    0x0c, 0x50, 0x0b, 0x60, 0x00, 0x00, 0xd5, 0x8c, 0x00, 0x3d, 0x00, 0x00, 0x00, 0x45, 0xee, 0xee,
    0xff, 0xee, 0x40, 0x00, 0x00, 0x20, 0x03, 0xd0, 0x0b, 0x40, 0x00, 0x00, 0x00, 0x03, 0xd0, 0x0b,
    0x40, 0x00, 0x02, 0xee, 0xee, 0xfe, 0xef, 0xf6, 0x00, 0x68, 0x00, 0x03, 0xd0, 0x0b, 0x40, 0x00,
    0xd4, 0x5e, 0xee, 0xfe, 0xef, 0x40, 0x05, 0xd0, 0x00, 0x03, 0xd0, 0x08, 0x30, 0x0b, 0x70, 0x00,
    0x03, 0xd0, 0x00, 0x00, 0x2f, 0x10, 0x00, 0x03, 0xd0, 0x00, 0x00, 0x03, 0x00, 0x02, 0xfe, 0x80,
    0x00, 0x00,
    /* U+51FA "出" */
    0x00, 0x00, 0x08, 0x70, 0x00, 0x00, 0x05, 0x10, 0x09, 0x80, 0x01, 0x60, 0x0e, 0x30, 0x09, 0x80,
    0x03, 0xf0, 0x0e, 0x30, 0x09, 0x80, 0x03, 0xf0, 0x0e, 0x30, 0x09, 0x80, 0x03, 0xf0, 0x0e, 0x30,
    0x09, 0x80, 0x03, 0xf0, 0x0e, 0xff, 0xff, 0xff, 0xff, 0xf0, 0x11, 0x00, 0x09, 0x80, 0x00, 0x11,
    0x89, 0x00, 0x09, 0x80, 0x00, 0x98, 0x89, 0x00, 0x09, 0x80, 0x00, 0x98, 0x89, 0x00, 0x09, 0x80,
    0x00, 0x98, 0x89, 0x11, 0x19, 0x91, 0x11, 0x98, 0x8f, 0xff, 0xff, 0xff, 0xff, 0xf8, 0x00, 0x00,
    0x00, 0x00, 0x00, 0x87,
    /* U+5206 "分" */
    0x00, 0x00, 0x53, 0x00, 0x24, 0x00, 0x00, 0x00, 0x01, 0xe5, 0x00, 0x3e, 0x10, 0x00, 0x00, 0x07,
    0xd0, 0x00, 0x09, 0x80, 0x00, 0x00, 0x1e, 0x50, 0x00, 0x02, 0xe3, 0x00, 0x00, 0xab, 0x00, 0x00,
    0x00, 0x7d, 0x10, 0x09, 0xe2, 0x00, 0x00, 0x00, 0x1b, 0xc1, 0x2d, 0x9f, 0xff, 0xff, 0xff, 0xf6,
    0xa2, 0x00, 0x00, 0x0c, 0x50, 0x00, 0xc5, 0x00, 0x00, 0x00, 0x0e, 0x20, 0x00, 0xd4, 0x00, 0x00,
    0x00, 0x4d, 0x00, 0x00, 0xe3, 0x00, 0x00, 0x00, 0xb7, 0x00, 0x00, 0xf2, 0x00, 0x00, 0x07, 0xd1,
    0x00, 0x02, 0xf0, 0x00, 0x01, 0x8e, 0x30, 0x01, 0x06, 0xd0, 0x00, 0x0c, 0x92, 0x00, 0x1e, 0xfe,
    0x60, 0x00, 0x00, 0x00, 0x00, 0x00, 0x00, 0x00, 0x00,
    /* U+5207 "切" */
    0x00, 0x72, 0x00, 0x00, 0x00, 0x00, 0x00, 0x00, 0xc3, 0x02, 0xff, 0xff, 0xff, 0xf2, 0x00, 0xc3,
    0x00, 0x00, 0xd3, 0x00, 0xe2, 0x00, 0xc6, 0x7a, 0x00, 0xe2, 0x00, 0xe1, 0x5b, 0xfe, 0xa6, 0x00,
    0xf1, 0x00, 0xf1, 0x56, 0xd3, 0x00, 0x00, 0xf0, 0x00, 0xf0, 0x00, 0xc3, 0x00, 0x02, 0xe0, 0x01,
    0xf0, 0x00, 0xc3, 0x00, 0x05, 0xb0, 0x01, 0xe0, 0x00, 0xc3, 0x03, 0x07, 0x90, 0x02, 0xe0, 0x00,
    0xc6, 0xae, 0x1d, 0x50, 0x03, 0xd0, 0x02, 0xef, 0x81, 0x4e, 0x00, 0x04, 0xc0, 0x02, 0xa2, 0x00,
    0xb7, 0x00, 0x06, 0xa0, 0x00, 0x00, 0x09, 0xd1, 0x01, 0x0b, 0x80, 0x00, 0x00, 0x5c, 0x20, 0x1f,
    0xfd, 0x20, 0x00, 0x00, 0x00, 0x00, 0x00, 0x00, 0x00,
    /* U+524D "前" */
    0x00, 0x00, 0x00, 0x00, 0x00, 0x00, 0x00, 0x00, 0x0b, 0x50, 0x00, 0x03, 0xd1, 0x00, 0x00, 0x04,
    0xe1, 0x00, 0x0d, 0x60, 0x00, 0x4e, 0xee, 0xfe, 0xee, 0xef, 0xee, 0xe4, 0x00, 0x00, 0x00, 0x00,
    0x00, 0x00, 0x00, 0x00, 0x00, 0x00, 0x00, 0x33, 0x09, 0x40, 0x06, 0xee, 0xee, 0xb0, 0x87, 0x0b,
    0x50, 0x06, 0x90, 0x04, 0xb0, 0x87, 0x0b, 0x50, 0x06, 0xec, 0xcd, 0xb0, 0x87, 0x0b, 0x50, 0x06,
    0x90, 0x04, 0xb0, 0x87, 0x0b, 0x50, 0x06, 0x90, 0x04, 0xb0, 0x87, 0x0b, 0x50, 0x06, 0xec, 0xcd,
    0xb0, 0x87, 0x0b, 0x50, 0x06, 0x90, 0x04, 0xb0, 0x22, 0x0b, 0x50, 0x06, 0x90, 0x05, 0xb0, 0x00,
    0x0b, 0x50, 0x05, 0x80, 0xcd, 0x60, 0x0a, 0xfd, 0x20,
    /* U+52A0 "加" */
    0x00, 0x38, 0x00, 0x00, 0x00, 0x00, 0x00, 0x04, 0xb0, 0x00, 0x00, 0x00, 0x00, 0x00, 0x5b, 0x00,
    0x00, 0xff, 0xff, 0xc4, 0xff, 0xff, 0xfd, 0x0f, 0x10, 0x4c, 0x00, 0x5a, 0x03, 0xd0, 0xf0, 0x04,
    0xc0, 0x06, 0x90, 0x3c, 0x0f, 0x00, 0x4c, 0x00, 0x78, 0x03, 0xc0, 0xf0, 0x04, 0xc0, 0x08, 0x70,
    0x4c, 0x0f, 0x00, 0x4c, 0x00, 0xb5, 0x04, 0xb0, 0xf0, 0x04, 0xc0, 0x0d, 0x30, 0x5b, 0x0f, 0x00,
    0x4c, 0x02, 0xe0, 0x06, 0xa0, 0xf0, 0x04, 0xc0, 0x79, 0x00, 0x79, 0x0f, 0x00, 0x4c, 0x1e, 0x41,
    0x1a, 0x70, 0xff, 0xff, 0xc6, 0x90, 0x8f, 0xd2, 0x0d, 0x00, 0x39, 0x00, 0x00, 0x00, 0x00, 0x00,
    0x00, 0x00,
    /* U+52A8 "动" */
    0x00, 0x00, 0x00, 0x00, 0x0a, 0x20, 0x00, 0x0b, 0xee, 0xee, 0x90, 0x0d, 0x20, 0x00, 0x00, 0x00,
    0x00, 0x00, 0x0d, 0x20, 0x00, 0x00, 0x00, 0x00, 0x00, 0x0d, 0x20, 0x00, 0x00, 0x00, 0x00, 0x0e,
    0xff, 0xff, 0xf3, 0x4f, 0xff, 0xff, 0xd0, 0x0f, 0x10, 0xd3, 0x00, 0x69, 0x00, 0x00, 0x1e, 0x00,
    0xd2, 0x00, 0xa5, 0x04, 0x00, 0x3d, 0x00, 0xe2, 0x00, 0xe1, 0x0e, 0x20, 0x5a, 0x00, 0xe1, 0x03,
    0xb0, 0x08, 0x70, 0x87, 0x00, 0xf0, 0x09, 0x95, 0x9d, 0xc0, 0xd4, 0x01, 0xe0, 0x0e, 0xea, 0x62,
    0xd5, 0xd0, 0x03, 0xd0, 0x03, 0x00, 0x00, 0x1d, 0x61, 0x07, 0xa0, 0x00, 0x00, 0x00, 0x5a, 0x0b,
    0xfe, 0x40, 0x00, 0x00, 0x00, 0x00, 0x00, 0x00, 0x00,
    /* U+52B3 "劳" */
    0x00, 0x00, 0xb0, 0x00, 0x1b, 0x00, 0x00, 0x00, 0x00, 0xf1, 0x00, 0x1f, 0x00, 0x00, 0x3f, 0xff,
    0xff, 0xff, 0xff, 0xff, 0xf3, 0x00, 0x00, 0xf1, 0x00, 0x1f, 0x00, 0x00, 0x00, 0x00, 0x10, 0x00,
    0x01, 0x00, 0x00, 0x0e, 0xee, 0xee, 0xee, 0xee, 0xee, 0xd0, 0x0e, 0x20, 0x01, 0xc0, 0x00, 0x03,
    0xd0, 0x00, 0x00, 0x03, 0xd0, 0x00, 0x00, 0x00, 0x02, 0xff, 0xff, 0xff, 0xff, 0xfd, 0x00, 0x00,
    0x00, 0x0a, 0x70, 0x00, 0x4c, 0x00, 0x00, 0x00, 0x2e, 0x30, 0x00, 0x5b, 0x00, 0x00, 0x01, 0xc9,
    0x00, 0x00, 0x6a, 0x00, 0x01, 0x6e, 0xa1, 0x01, 0x00, 0xa8, 0x00, 0x2e, 0xa4, 0x00, 0x06, 0xff,
    0xc2, 0x00, 0x00, 0x00, 0x00, 0x00, 0x00, 0x00, 0x00,
    /* U+5305 "包" */
    0x00, 0x01, 0xd1, 0x00, 0x00, 0x00, 0x00, 0x00, 0x09, 0xa0, 0x00, 0x00, 0x00, 0x00, 0x00, 0x2f,
    0xff, 0xff, 0xff, 0xff, 0x30, 0x01, 0xc7, 0x00, 0x00, 0x00, 0x0d, 0x30, 0x0a, 0xc0, 0x00, 0x00,
    0x00, 0x0e, 0x20, 0x4d, 0x6f, 0xee, 0xef, 0x70, 0x0e, 0x10, 0x01, 0x4b, 0x00, 0x08, 0x70, 0x0f,
    0x10, 0x00, 0x4b, 0x00, 0x08, 0x70, 0x1f, 0x00, 0x00, 0x4f, 0xee, 0xef, 0x70, 0x4d, 0x00, 0x00,
    0x4b, 0x00, 0x00, 0x2f, 0xe6, 0x00, 0x00, 0x4b, 0x00, 0x00, 0x00, 0x00, 0x62, 0x00, 0x4c, 0x00,
    0x00, 0x00, 0x00, 0xb5, 0x00, 0x2e, 0x20, 0x00, 0x00, 0x02, 0xe3, 0x00, 0x08, 0xef, 0xff, 0xff,
    0xfe, 0x90,
    /* U+533B "医" */
    0xaf, 0xff, 0xff, 0xff, 0xff, 0xff, 0x0a, 0x50, 0x07, 0x10, 0x00, 0x00, 0x00, 0xa5, 0x04, 0xe0,
    0x00, 0x00, 0x00, 0x0a, 0x51, 0xce, 0xef, 0xee, 0xee, 0x10, 0xa5, 0x9a, 0x00, 0xa6, 0x00, 0x00,
    0x0a, 0x50, 0x00, 0x0a, 0x60, 0x00, 0x00, 0xa5, 0xce, 0xee, 0xff, 0xee, 0xea, 0x0a, 0x50, 0x00,
    0x1e, 0xc2, 0x00, 0x00, 0xa5, 0x00, 0x1c, 0x85, 0xd4, 0x00, 0x0a, 0x52, 0x8e, 0x70, 0x02, 0xd6,
    0x00, 0xa5, 0x68, 0x20, 0x00, 0x02, 0x90, 0x0a, 0xff, 0xff, 0xff, 0xff, 0xff, 0xf5, 0x00, 0x00,
    0x00, 0x00, 0x00, 0x00, 0x00,
    /* U+5341 "十" */
    0x00, 0x00, 0x00, 0x77, 0x00, 0x00, 0x00, 0x00, 0x00, 0x00, 0x89, 0x00, 0x00, 0x00, 0x00, 0x00,
    0x00, 0x89, 0x00, 0x00, 0x00, 0x00, 0x00, 0x00, 0x89, 0x00, 0x00, 0x00, 0x00, 0x00, 0x00, 0x89,
    0x00, 0x00, 0x00, 0x01, 0x11, 0x11, 0x99, 0x11, 0x11, 0x10, 0x3f, 0xff, 0xff, 0xff, 0xff, 0xff,
    0xf5, 0x00, 0x00, 0x00, 0x89, 0x00, 0x00, 0x00, 0x00, 0x00, 0x00, 0x89, 0x00, 0x00, 0x00, 0x00,
    0x00, 0x00, 0x89, 0x00, 0x00, 0x00, 0x00, 0x00, 0x00, 0x89, 0x00, 0x00, 0x00, 0x00, 0x00, 0x00,
    0x89, 0x00, 0x00, 0x00, 0x00, 0x00, 0x00, 0x89, 0x00, 0x00, 0x00, 0x00, 0x00, 0x00, 0x88, 0x00,
    0x00, 0x00,
    /* U+5343 "千" */
    0x00, 0x00, 0x00, 0x00, 0x14, 0x84, 0x00, 0x00, 0x24, 0x68, 0xad, 0xfd, 0x95, 0x00, 0x05, 0xdb,
    0xa8, 0xc9, 0x10, 0x00, 0x00, 0x00, 0x00, 0x00, 0x98, 0x00, 0x00, 0x00, 0x00, 0x00, 0x00, 0x98,
    0x00, 0x00, 0x00, 0x00, 0x00, 0x00, 0x98, 0x00, 0x00, 0x00, 0x4f, 0xff, 0xff, 0xff, 0xff, 0xff,
    0xf4, 0x00, 0x00, 0x00, 0x98, 0x00, 0x00, 0x00, 0x00, 0x00, 0x00, 0x98, 0x00, 0x00, 0x00, 0x00,
    0x00, 0x00, 0x98, 0x00, 0x00, 0x00, 0x00, 0x00, 0x00, 0x98, 0x00, 0x00, 0x00, 0x00, 0x00, 0x00,
    0x98, 0x00, 0x00, 0x00, 0x00, 0x00, 0x00, 0x98, 0x00, 0x00, 0x00, 0x00, 0x00, 0x00, 0x87, 0x00,
    0x00, 0x00,
    /* U+5348 "午" */
    0x00, 0x09, 0x60, 0x00, 0x00, 0x00, 0x00, 0x00, 0x1f, 0x30, 0x00, 0x00, 0x00, 0x00, 0x00, 0x7f,
    0xff, 0xff, 0xff, 0xff, 0x30, 0x01, 0xe4, 0x11, 0x89, 0x11, 0x11, 0x00, 0x0a, 0xb0, 0x00, 0x88,
    0x00, 0x00, 0x00, 0x1c, 0x20, 0x00, 0x88, 0x00, 0x00, 0x00, 0x00, 0x00, 0x00, 0x88, 0x00, 0x00,
    0x00, 0x4f, 0xff, 0xff, 0xff, 0xff, 0xff, 0xf4, 0x01, 0x11, 0x11, 0x99, 0x11, 0x11, 0x10, 0x00,
    0x00, 0x00, 0x88, 0x00, 0x00, 0x00, 0x00, 0x00, 0x00, 0x88, 0x00, 0x00, 0x00, 0x00, 0x00, 0x00,
    0x88, 0x00, 0x00, 0x00, 0x00, 0x00, 0x00, 0x88, 0x00, 0x00, 0x00, 0x00, 0x00, 0x00, 0x78, 0x00,
    0x00, 0x00,
    /* U+534A "半" */
    0x00, 0x41, 0x00, 0x87, 0x00, 0x25, 0x00, 0x00, 0xa8, 0x00, 0x97, 0x00, 0x8a, 0x00, 0x00, 0x2e,
    0x20, 0x97, 0x01, 0xe3, 0x00, 0x00, 0x0a, 0x70, 0x97, 0x09, 0x90, 0x00, 0x00, 0x02, 0x00, 0x97,
    0x01, 0x10, 0x00, 0x05, 0xff, 0xff, 0xff, 0xff, 0xff, 0x70, 0x00, 0x11, 0x11, 0x98, 0x11, 0x11,
    0x00, 0x00, 0x00, 0x00, 0x97, 0x00, 0x00, 0x00, 0x01, 0x11, 0x11, 0x98, 0x11, 0x11, 0x10, 0x4f,
    0xff, 0xff, 0xff, 0xff, 0xff, 0xf4, 0x00, 0x00, 0x00, 0x97, 0x00, 0x00, 0x00, 0x00, 0x00, 0x00,
    0x97, 0x00, 0x00, 0x00, 0x00, 0x00, 0x00, 0x97, 0x00, 0x00, 0x00, 0x00, 0x00, 0x00, 0x87, 0x00,
    0x00, 0x00,
    /* U+5355 "单" */
    0x00, 0x05, 0x50, 0x00, 0x03, 0x80, 0x00, 0x00, 0x04, 0xe1, 0x00, 0x0b, 0x90, 0x00, 0x00, 0x00,
    0xa7, 0x00, 0x3e, 0x10, 0x00, 0x00, 0xee, 0xee, 0xee, 0xee, 0xef, 0x10, 0x00, 0xe1, 0x00, 0x97,
    0x00, 0x0f, 0x10, 0x00, 0xed, 0xcc, 0xee, 0xcc, 0xcf, 0x10, 0x00, 0xe1, 0x00, 0x97, 0x00, 0x0f,
    0x10, 0x00, 0xe1, 0x00, 0x97, 0x00, 0x0f, 0x10, 0x00, 0xde, 0xee, 0xee, 0xee, 0xee, 0x10, 0x00,
    0x00, 0x00, 0x97, 0x00, 0x00, 0x00, 0x4f, 0xff, 0xff, 0xff, 0xff, 0xff, 0xf4, 0x00, 0x00, 0x00,
    0x97, 0x00, 0x00, 0x00, 0x00, 0x00, 0x00, 0x97, 0x00, 0x00, 0x00, 0x00, 0x00, 0x00, 0x76, 0x00,
    0x00, 0x00,
    /* U+5375 "卵" */
    0x00, 0x16, 0xb5, 0x00, 0x00, 0x00, 0x4c, 0xe9, 0x40, 0x3e, 0xee, 0xec, 0x79, 0x00, 0x43, 0x3c,
    0x00, 0x3d, 0x78, 0x20, 0x96, 0x3c, 0x00, 0x3d, 0x78, 0xc2, 0x96, 0x3c, 0xa4, 0x3d, 0x78, 0x77,
    0x96, 0x3c, 0x4b, 0x3d, 0x78, 0x27, 0x96, 0x3c, 0x0d, 0x5d, 0x78, 0x00, 0xa5, 0x3c, 0x02, 0x3d,
    0x8a, 0x8c, 0xf3, 0x3c, 0x00, 0x3d, 0xdd, 0x86, 0xe0, 0x3c, 0x00, 0x4d, 0x20, 0x0c, 0x80, 0x3c,
    0x1f, 0xf8, 0x01, 0xac, 0x00, 0x3c, 0x01, 0x00, 0x5d, 0xc2, 0x00, 0x3c, 0x00, 0x00, 0x87, 0x00,
    0x00, 0x3a, 0x00, 0x00,
    /* U+5395 "厕" */
    0x05, 0xfe, 0xee, 0xee, 0xee, 0xee, 0xe3, 0x05, 0xa0, 0x00, 0x00, 0x00, 0x00, 0x50, 0x05, 0xa6,
    0xed, 0xde, 0x91, 0x51, 0xd0, 0x05, 0xa6, 0x72, 0x34, 0x93, 0xb1, 0xd0, 0x05, 0xa6, 0x75, 0x84,
    0x93, 0xb1, 0xd0, 0x06, 0x96, 0x75, 0x84, 0x93, 0xb1, 0xd0, 0x07, 0x96, 0x75, 0x84, 0x93, 0xb1,
    0xd0, 0x07, 0x86, 0x75, 0x74, 0x93, 0xb1, 0xd0, 0x09, 0x66, 0x77, 0x64, 0x93, 0xb1, 0xd0, 0x0b,
    0x44, 0x5a, 0x33, 0x73, 0xa1, 0xd0, 0x0e, 0x10, 0x3c, 0x96, 0x00, 0x01, 0xd0, 0x4c, 0x03, 0xd3,
    0x1c, 0x50, 0x02, 0xd0, 0x35, 0x0a, 0x30, 0x01, 0x70, 0xcd, 0x70,
    /* U+53BB "去" */
    0x00, 0x00, 0x00, 0x77, 0x00, 0x00, 0x00, 0x00, 0x00, 0x00, 0x88, 0x00, 0x00, 0x00, 0x00, 0x11,
    0x11, 0x99, 0x11, 0x11, 0x00, 0x03, 0xff, 0xff, 0xff, 0xff, 0xff, 0x40, 0x00, 0x00, 0x00, 0x88,
    0x00, 0x00, 0x00, 0x00, 0x00, 0x00, 0x88, 0x00, 0x00, 0x00, 0x4f, 0xff, 0xff, 0xff, 0xff, 0xff,
    0xf5, 0x01, 0x11, 0x3f, 0x41, 0x11, 0x11, 0x10, 0x00, 0x00, 0xaa, 0x00, 0x4b, 0x00, 0x00, 0x00,
    0x03, 0xe1, 0x00, 0x0c, 0x80, 0x00, 0x00, 0x1d, 0x50, 0x00, 0x02, 0xe3, 0x00, 0x00, 0x9c, 0x45,
    0x78, 0x9a, 0xec, 0x00, 0x03, 0xff, 0xec, 0xba, 0x87, 0x6e, 0x50, 0x00, 0x30, 0x00, 0x00, 0x00,
    0x05, 0x30,
    /* U+53CB "友" */
    0x00, 0x00, 0x4a, 0x00, 0x00, 0x00, 0x00, 0x00, 0x00, 0x5b, 0x00, 0x00, 0x00, 0x00, 0x00, 0x00,
    0x6a, 0x00, 0x00, 0x00, 0x00, 0x1f, 0xff, 0xff, 0xff, 0xff, 0xff, 0xf1, 0x00, 0x00, 0xa6, 0x00,
    0x00, 0x00, 0x00, 0x00, 0x00, 0xd4, 0x00, 0x00, 0x00, 0x00, 0x00, 0x01, 0xff, 0xff, 0xff, 0xf6,
    0x00, 0x00, 0x06, 0xec, 0x00, 0x01, 0xe1, 0x00, 0x00, 0x0b, 0x6c, 0x50, 0x08, 0xa0, 0x00, 0x00,
    0x3e, 0x13, 0xe3, 0x4e, 0x20, 0x00, 0x00, 0xb9, 0x00, 0x6d, 0xe4, 0x00, 0x00, 0x07, 0xd1, 0x01,
    0x7e, 0xe8, 0x10, 0x00, 0x4e, 0x32, 0x7d, 0xb2, 0x2b, 0xe9, 0x51, 0x03, 0x08, 0x94, 0x00, 0x00,
    0x38, 0xc1,
    /* U+53D1 "发" */
    0x00, 0x04, 0x00, 0x95, 0x02, 0x40, 0x00, 0x00, 0x2f, 0x10, 0xd5, 0x03, 0xe2, 0x00, 0x00, 0x6b,
    0x00, 0xf3, 0x00, 0x7c, 0x00, 0x00, 0xc6, 0x03, 0xf1, 0x00, 0x03, 0x00, 0x03, 0xff, 0xff, 0xff,
    0xff, 0xff, 0xf0, 0x00, 0x10, 0x0b, 0x60, 0x00, 0x00, 0x00, 0x00, 0x00, 0x3f, 0xff, 0xff, 0xf9,
    0x00, 0x00, 0x00, 0xbf, 0x40, 0x00, 0xd4, 0x00, 0x00, 0x05, 0xd5, 0xc0, 0x06, 0xd0, 0x00, 0x00,
    0x3e, 0x40, 0x89, 0x3e, 0x30, 0x00, 0x03, 0xe8, 0x00, 0x0d, 0xe6, 0x00, 0x00, 0x4e, 0x70, 0x00,
    0x7e, 0xdc, 0x30, 0x00, 0x15, 0x02, 0x8d, 0xc3, 0x07, 0xfb, 0x61, 0x00, 0x05, 0xa4, 0x00, 0x00,
    0x27, 0xc2,
    /* U+53E3 "口" */
    0x01, 0x11, 0x11, 0x11, 0x11, 0x10, 0x3f, 0xff, 0xff, 0xff, 0xff, 0xf4, 0x3d, 0x00, 0x00, 0x00,
    0x00, 0xd4, 0x3d, 0x00, 0x00, 0x00, 0x00, 0xd4, 0x3d, 0x00, 0x00, 0x00, 0x00, 0xd4, 0x3d, 0x00,
    0x00, 0x00, 0x00, 0xd4, 0x3d, 0x00, 0x00, 0x00, 0x00, 0xd4, 0x3d, 0x00, 0x00, 0x00, 0x00, 0xd4,
    0x3d, 0x00, 0x00, 0x00, 0x00, 0xd4, 0x3d, 0x00, 0x00, 0x00, 0x00, 0xd4, 0x3f, 0xff, 0xff, 0xff,
    0xff, 0xf4, 0x3d, 0x11, 0x11, 0x11, 0x11, 0xd4, 0x26, 0x00, 0x00, 0x00, 0x00, 0x52,
    /* U+53E4 "古" */
    0x00, 0x00, 0x00, 0x77, 0x00, 0x00, 0x00, 0x00, 0x00, 0x00, 0x98, 0x00, 0x00, 0x00, 0x00, 0x00,
    0x00, 0x99, 0x00, 0x00, 0x00, 0x4f, 0xff, 0xff, 0xff, 0xff, 0xff, 0xf4, 0x00, 0x00, 0x00, 0x98,
    0x00, 0x00, 0x00, 0x00, 0x00, 0x00, 0x98, 0x00, 0x00, 0x00, 0x00, 0x00, 0x00, 0x98, 0x00, 0x00,
    0x00, 0x00, 0xbf, 0xff, 0xff, 0xff, 0xfb, 0x00, 0x00, 0xb5, 0x00, 0x00, 0x00, 0x5b, 0x00, 0x00,
    0xb5, 0x00, 0x00, 0x00, 0x5b, 0x00, 0x00, 0xb5, 0x00, 0x00, 0x00, 0x5b, 0x00, 0x00, 0xb5, 0x00,
    0x00, 0x00, 0x5b, 0x00, 0x00, 0xbf, 0xff, 0xff, 0xff, 0xfb, 0x00, 0x00, 0xa5, 0x00, 0x00, 0x00,
    0x49, 0x00,
    /* U+53EF "可" */
    0x3f, 0xff, 0xff, 0xff, 0xff, 0xff, 0xf4, 0x01, 0x11, 0x11, 0x11, 0x11, 0x99, 0x10, 0x00, 0x00,
    0x00, 0x00, 0x00, 0x88, 0x00, 0x00, 0x00, 0x00, 0x00, 0x00, 0x88, 0x00, 0x00, 0xcf, 0xff, 0xfe,
    0x00, 0x88, 0x00, 0x00, 0xc3, 0x00, 0x1e, 0x00, 0x88, 0x00, 0x00, 0xc3, 0x00, 0x1e, 0x00, 0x88,
    0x00, 0x00, 0xc3, 0x00, 0x1e, 0x00, 0x88, 0x00, 0x00, 0xcf, 0xff, 0xfe, 0x00, 0x88, 0x00, 0x00,
    0xc4, 0x00, 0x00, 0x00, 0x88, 0x00, 0x00, 0x41, 0x00, 0x00, 0x00, 0x88, 0x00, 0x00, 0x00, 0x00,
    0x01, 0x21, 0x98, 0x00, 0x00, 0x00, 0x00, 0x05, 0xff, 0xd3, 0x00,
    /* U+53F3 "右" */
    0x00, 0x00, 0x04, 0x90, 0x00, 0x00, 0x00, 0x00, 0x00, 0x09, 0x80, 0x00, 0x00, 0x00, 0x00, 0x00,
    0x0d, 0x50, 0x00, 0x00, 0x00, 0x1f, 0xff, 0xff, 0xff, 0xff, 0xff, 0xf2, 0x00, 0x00, 0x99, 0x00,
    0x00, 0x00, 0x00, 0x00, 0x02, 0xf2, 0x00, 0x00, 0x00, 0x00, 0x00, 0x09, 0xb0, 0x00, 0x00, 0x00,
    0x00, 0x00, 0x3f, 0xff, 0xff, 0xff, 0xff, 0x20, 0x02, 0xea, 0xc0, 0x00, 0x00, 0x0f, 0x20, 0x2d,
    0x84, 0xc0, 0x00, 0x00, 0x0f, 0x20, 0x49, 0x04, 0xc0, 0x00, 0x00, 0x0f, 0x20, 0x00, 0x04, 0xc0,
    0x00, 0x00, 0x0f, 0x20, 0x00, 0x04, 0xff, 0xff, 0xff, 0xff, 0x20, 0x00, 0x03, 0xb0, 0x00, 0x00,
    0x0c, 0x20,
    /* U+53F8 "司" */
    0xcf, 0xff, 0xff, 0xff, 0xff, 0xf7, 0x00, 0x00, 0x00, 0x00, 0x00, 0xa7, 0x00, 0x00, 0x00, 0x00,
    0x00, 0xa7, 0x9e, 0xee, 0xee, 0xee, 0xb0, 0xa7, 0x00, 0x00, 0x00, 0x00, 0x00, 0xa7, 0x0b, 0xee,
    0xee, 0xeb, 0x00, 0xa7, 0x0c, 0x30, 0x00, 0x3c, 0x00, 0xa7, 0x0c, 0x30, 0x00, 0x3c, 0x00, 0xa7,
    0x0c, 0x30, 0x00, 0x3c, 0x00, 0xa7, 0x0c, 0xee, 0xee, 0xec, 0x00, 0xa7, 0x0c, 0x30, 0x00, 0x00,
    0x00, 0xa7, 0x05, 0x20, 0x00, 0x00, 0x22, 0xb6, 0x00, 0x00, 0x00, 0x01, 0xef, 0xc2,
    /* U+5403 "吃" */
    0x00, 0x00, 0x00, 0x72, 0x00, 0x00, 0x00, 0x00, 0x00, 0x0d, 0x10, 0x00, 0x00, 0xef, 0xfc, 0x04,
    0xff, 0xff, 0xff, 0x4e, 0x03, 0xc0, 0xa2, 0x00, 0x00, 0x00, 0xe0, 0x3c, 0x4c, 0x00, 0x00, 0x00,
    0x0e, 0x03, 0xcc, 0x50, 0x00, 0x00, 0x00, 0xe0, 0x3c, 0x17, 0xff, 0xff, 0xf4, 0x0e, 0x03, 0xc0,
    0x00, 0x06, 0xe4, 0x00, 0xe0, 0x3c, 0x00, 0x08, 0xd2, 0x00, 0x0e, 0xff, 0xc0, 0x0a, 0xc1, 0x00,
    0x00, 0xe1, 0x00, 0x08, 0xc1, 0x00, 0x05, 0x47, 0x00, 0x02, 0xe2, 0x00, 0x00, 0x86, 0x00, 0x00,
    0x4d, 0x10, 0x00, 0x1b, 0x50, 0x00, 0x01, 0xbf, 0xff, 0xff, 0xc1,
    /* U+540D "名" */
    0x00, 0x00, 0x07, 0x70, 0x00, 0x00, 0x00, 0x00, 0x3f, 0x40, 0x00, 0x00, 0x00, 0x02, 0xef, 0xff,
    0xff, 0xf9, 0x00, 0x4e, 0x70, 0x00, 0x03, 0xe2, 0x09, 0xe5, 0x50, 0x00, 0x1d, 0x70, 0x04, 0x11,
    0xca, 0x13, 0xd8, 0x00, 0x00, 0x00, 0x1b, 0xde, 0x50, 0x00, 0x00, 0x00, 0x6d, 0xc2, 0x00, 0x00,
    0x04, 0x9d, 0xff, 0xff, 0xff, 0xfd, 0x1b, 0x8a, 0x90, 0x00, 0x00, 0x3d, 0x00, 0x07, 0x90, 0x00,
    0x00, 0x3d, 0x00, 0x07, 0x90, 0x00, 0x00, 0x3d, 0x00, 0x07, 0xfe, 0xee, 0xee, 0xed, 0x00, 0x06,
    0x70, 0x00, 0x00, 0x2b,
    /* U+540E "后" */
    0x00, 0x00, 0x12, 0x34, 0x68, 0xab, 0x10, 0x00, 0xce, 0xdc, 0xb9, 0x86, 0x31, 0x00, 0x00, 0xd3,
    0x00, 0x00, 0x00, 0x00, 0x00, 0x00, 0xd3, 0x00, 0x00, 0x00, 0x00, 0x00, 0x00, 0xdf, 0xff, 0xff,
    0xff, 0xff, 0xf5, 0x00, 0xe2, 0x00, 0x00, 0x00, 0x00, 0x00, 0x00, 0xf1, 0x00, 0x00, 0x00, 0x00,
    0x00, 0x01, 0xf0, 0x00, 0x00, 0x00, 0x00, 0x00, 0x02, 0xe0, 0xaf, 0xff, 0xff, 0xff, 0x50, 0x03,
    0xd0, 0xa6, 0x00, 0x00, 0x0c, 0x50, 0x07, 0xa0, 0xa6, 0x00, 0x00, 0x0c, 0x50, 0x0b, 0x60, 0xa6,
    0x00, 0x00, 0x0c, 0x50, 0x4e, 0x10, 0xaf, 0xff, 0xff, 0xff, 0x50, 0x26, 0x00, 0x85, 0x00, 0x00,
    0x0a, 0x40,
    /* U+542C "听" */
    0x00, 0x00, 0x00, 0x00, 0x01, 0x71, 0x00, 0x00, 0x00, 0x01, 0x59, 0xee, 0x50, 0xef, 0xfe, 0x05,
    0xeb, 0x84, 0x00, 0x0e, 0x11, 0xe0, 0x6b, 0x00, 0x00, 0x00, 0xe1, 0x1e, 0x06, 0xb0, 0x00, 0x00,
    0x0e, 0x11, 0xe0, 0x6f, 0xff, 0xff, 0xf4, 0xe1, 0x1e, 0x07, 0xa1, 0x19, 0x81, 0x0e, 0x11, 0xe0,
    0x88, 0x00, 0x97, 0x00, 0xe1, 0x1e, 0x09, 0x70, 0x09, 0x70, 0x0e, 0xff, 0xe0, 0xa6, 0x00, 0x97,
    0x00, 0xe1, 0x00, 0x0e, 0x30, 0x09, 0x70, 0x03, 0x00, 0x04, 0xe0, 0x00, 0x97, 0x00, 0x00, 0x00,
    0xb8, 0x00, 0x09, 0x70, 0x00, 0x00, 0x08, 0x10, 0x00, 0x76, 0x00,
    /* U+5496 "咖" */
    0x00, 0x00, 0x1a, 0x00, 0x00, 0x00, 0xcd, 0xd2, 0x2c, 0x00, 0x00, 0x00, 0xc0, 0xa3, 0x2c, 0x00,
    0x8f, 0xef, 0xc0, 0xa7, 0xef, 0xed, 0x85, 0x0e, 0xc0, 0xa3, 0x3b, 0x0d, 0x85, 0x0e, 0xc0, 0xa3,
    0x3a, 0x1d, 0x85, 0x0e, 0xc0, 0xa3, 0x49, 0x1c, 0x85, 0x0e, 0xc0, 0xa3, 0x68, 0x2c, 0x85, 0x0e,
    0xc0, 0xa3, 0x86, 0x3b, 0x85, 0x0e, 0xed, 0xe3, 0xa4, 0x3b, 0x85, 0x0e, 0xc0, 0x00, 0xe1, 0x5a,
    0x85, 0x0e, 0x70, 0x04, 0xa0, 0x68, 0x8e, 0xef, 0x00, 0x0c, 0x40, 0xa6, 0x85, 0x0e, 0x00, 0x3a,
    0x0d, 0xd2, 0x54, 0x07, 0x00, 0x00, 0x00, 0x00, 0x00, 0x00,
    /* U+54C1 "品" */
    0x00, 0xcf, 0xff, 0xff, 0xfd, 0x00, 0x00, 0xc3, 0x00, 0x00, 0x3d, 0x00, 0x00, 0xc3, 0x00, 0x00,
    0x3d, 0x00, 0x00, 0xc3, 0x00, 0x00, 0x3d, 0x00, 0x00, 0xcf, 0xff, 0xff, 0xfd, 0x00, 0x00, 0x00,
    0x00, 0x00, 0x00, 0x00, 0xcf, 0xff, 0xf2, 0x5f, 0xff, 0xfe, 0xd2, 0x00, 0xe2, 0x5a, 0x00, 0x2e,
    0xd2, 0x00, 0xe2, 0x5a, 0x00, 0x2e, 0xd2, 0x00, 0xe2, 0x5a, 0x00, 0x2e, 0xd2, 0x00, 0xe2, 0x5a,
    0x00, 0x2e, 0xdf, 0xff, 0xf2, 0x5f, 0xff, 0xfe, 0xb2, 0x00, 0xa2, 0x49, 0x00, 0x2b,
    /* U+54E5 "哥" */
    0x0d, 0xee, 0xee, 0xee, 0xee, 0xfe, 0xd0, 0x00, 0x00, 0x00, 0x00, 0x00, 0xa6, 0x00, 0x00, 0x7d,
    0xbb, 0xbc, 0xc0, 0xa6, 0x00, 0x00, 0x77, 0x00, 0x03, 0xc0, 0xa6, 0x00, 0x00, 0x5b, 0xbb, 0xbb,
    0x90, 0xa6, 0x00, 0x00, 0x00, 0x00, 0x00, 0x00, 0xa6, 0x00, 0x3e, 0xee, 0xee, 0xee, 0xee, 0xff,
    0xe3, 0x00, 0x00, 0x00, 0x00, 0x00, 0x79, 0x00, 0x00, 0x8e, 0xcc, 0xcd, 0xa0, 0x79, 0x00, 0x00,
    0x88, 0x00, 0x06, 0xa0, 0x79, 0x00, 0x00, 0x8e, 0xcc, 0xcd, 0xa0, 0x79, 0x00, 0x00, 0x88, 0x00,
    0x00, 0x00, 0x89, 0x00, 0x00, 0x00, 0x00, 0x00, 0x6e, 0xe5, 0x00,
    /* U+54E6 "哦" */
    0x00, 0x00, 0x00, 0x38, 0x67, 0x50, 0x0d, 0xdd, 0x68, 0xcc, 0x67, 0x87, 0x90, 0xd0, 0x97, 0x79,
    0x70, 0x68, 0x0d, 0x3d, 0x09, 0x40, 0x87, 0x06, 0x80, 0x41, 0xd0, 0x94, 0x08, 0x70, 0x69, 0x00,
    0x0d, 0x09, 0xbe, 0xff, 0xef, 0xfe, 0xe6, 0xd0, 0x94, 0x08, 0x70, 0x4a, 0x06, 0x0d, 0x09, 0x40,
    0x87, 0x24, 0xc5, 0x90, 0xd0, 0x97, 0x7c, 0xeb, 0x4d, 0xc2, 0x0f, 0xde, 0x87, 0xa7, 0x00, 0xe9,
    0x00, 0xd0, 0x00, 0x08, 0x70, 0x2e, 0x41, 0x18, 0x00, 0x00, 0x87, 0x0c, 0xd6, 0x47, 0x00, 0x00,
    0x08, 0x7b, 0x84, 0xc6, 0x60, 0x00, 0x4f, 0xd4, 0x70, 0x0a, 0xe2,
    /* U+54EA "哪" */
    0x00, 0x00, 0x00, 0x00, 0x00, 0x00, 0x00, 0x00, 0x7e, 0xfe, 0xb6, 0xed, 0xe2, 0xef, 0xf0, 0x49,
    0x3a, 0x67, 0x0d, 0x0c, 0x0d, 0x04, 0x93, 0xa6, 0x73, 0xa0, 0xc0, 0xd7, 0xee, 0xea, 0x67, 0x76,
    0x0c, 0x0d, 0x04, 0x93, 0xa6, 0x7b, 0x20, 0xc0, 0xd0, 0x58, 0x3a, 0x67, 0xa3, 0x0c, 0x0d, 0x05,
    0x83, 0xa6, 0x72, 0xb0, 0xc0, 0xd7, 0xee, 0xea, 0x67, 0x0d, 0x0f, 0xff, 0x0a, 0x34, 0xa6, 0x70,
    0xc1, 0xc0, 0x00, 0xd0, 0x49, 0x67, 0x0d, 0x15, 0x00, 0x4a, 0x05, 0x96, 0x8d, 0x90, 0x00, 0x0c,
    0x30, 0x77, 0x67, 0x00, 0x00, 0x02, 0x80, 0xdd, 0x36, 0x70, 0x00,
    /* U+5546 "商" */
    0x00, 0x00, 0x00, 0x84, 0x00, 0x00, 0x00, 0x00, 0x00, 0x00, 0x7a, 0x00, 0x00, 0x00, 0x2e, 0xee,
    0xee, 0xee, 0xee, 0xee, 0xe2, 0x00, 0x00, 0xd2, 0x00, 0x1d, 0x20, 0x00, 0x00, 0x00, 0x86, 0x00,
    0x89, 0x00, 0x00, 0x05, 0xfe, 0xee, 0xee, 0xee, 0xee, 0x60, 0x05, 0xa0, 0x2a, 0x10, 0xb4, 0x09,
    0x60, 0x05, 0xa6, 0xc2, 0x00, 0x2b, 0x99, 0x60, 0x05, 0xa5, 0x8c, 0xcc, 0xc7, 0x69, 0x60, 0x05,
    0xa0, 0x94, 0x00, 0x58, 0x09, 0x60, 0x05, 0xa0, 0x94, 0x00, 0x58, 0x09, 0x60, 0x05, 0xa0, 0x9c,
    0xbb, 0xd8, 0x09, 0x60, 0x05, 0xa0, 0x73, 0x00, 0x00, 0x09, 0x60, 0x05, 0x90, 0x00, 0x00, 0x08,
    0xcb, 0x20,
    /* U+554F "問" */
    0xbd, 0xdd, 0xe5, 0x6e, 0xdd, 0xdc, 0xb5, 0x00, 0xa5, 0x69, 0x00, 0x4c, 0xbd, 0xcc, 0xe5, 0x6e,
    0xcc, 0xdc, 0xb5, 0x00, 0xa5, 0x69, 0x00, 0x4c, 0xbd, 0xcc, 0xe5, 0x6e, 0xcc, 0xdc, 0xb5, 0x00,
    0x00, 0x00, 0x00, 0x4c, 0xb5, 0x09, 0xdd, 0xdd, 0x80, 0x4c, 0xb5, 0x0a, 0x40, 0x06, 0x90, 0x4c,
    0xb5, 0x0a, 0x40, 0x06, 0x90, 0x4c, 0xb5, 0x0a, 0x40, 0x06, 0x90, 0x4c, 0xb5, 0x0a, 0xee, 0xee,
    0x80, 0x4c, 0xb5, 0x08, 0x30, 0x00, 0x11, 0x6c, 0xb5, 0x00, 0x00, 0x00, 0x8f, 0xe7, 0x00, 0x00,
    0x00, 0x00, 0x00, 0x00,
    /* U+5561 "啡" */
    0x00, 0x00, 0x00, 0x65, 0x1b, 0x00, 0x00, 0x00, 0x00, 0x08, 0x71, 0xe0, 0x00, 0xff, 0xf7, 0x00,
    0x87, 0x1e, 0x00, 0x0e, 0x07, 0x7b, 0xff, 0x71, 0xff, 0xf5, 0xe0, 0x77, 0x00, 0x87, 0x1e, 0x00,
    0x0e, 0x07, 0x70, 0x08, 0x71, 0xe0, 0x00, 0xe0, 0x77, 0x9e, 0xf7, 0x1f, 0xee, 0x3e, 0x07, 0x70,
    0x08, 0x71, 0xe0, 0x00, 0xe0, 0x77, 0x00, 0x87, 0x1e, 0x00, 0x0f, 0xff, 0x7e, 0xef, 0x71, 0xff,
    0xf7, 0xe0, 0x00, 0x00, 0x87, 0x1e, 0x00, 0x03, 0x00, 0x00, 0x08, 0x71, 0xe0, 0x00, 0x00, 0x00,
    0x00, 0x87, 0x1e, 0x00, 0x00, 0x00, 0x00, 0x07, 0x61, 0xc0, 0x00,
    /* U+559C "喜" */
    0x00, 0x00, 0x00, 0x87, 0x00, 0x00, 0x00, 0x0b, 0xcc, 0xcc, 0xed, 0xcc, 0xcc, 0xb0, 0x00, 0x00,
    0x00, 0x97, 0x00, 0x00, 0x00, 0x00, 0xbc, 0xcc, 0xcc, 0xcc, 0xcc, 0x00, 0x00, 0x00, 0x00, 0x00,
    0x00, 0x00, 0x00, 0x00, 0x4e, 0xbb, 0xbb, 0xbb, 0xe4, 0x00, 0x00, 0x4e, 0xbb, 0xbb, 0xbb, 0xe4,
    0x00, 0x00, 0x01, 0xe1, 0x00, 0x2e, 0x10, 0x00, 0x4d, 0xdd, 0xfd, 0xdd, 0xee, 0xdd, 0xd4, 0x00,
    0x00, 0x00, 0x00, 0x00, 0x00, 0x00, 0x00, 0x6b, 0xbb, 0xbb, 0xbb, 0xb6, 0x00, 0x00, 0x78, 0x00,
    0x00, 0x00, 0x88, 0x00, 0x00, 0x78, 0x00, 0x00, 0x00, 0x88, 0x00, 0x00, 0x7d, 0xbb, 0xbb, 0xbb,
    0xd8, 0x00, 0x00, 0x11, 0x00, 0x00, 0x00, 0x11, 0x00,
    /* U+559D "喝" */
    0x00, 0x00, 0x2f, 0xcc, 0xcc, 0xd8, 0x0f, 0xff, 0x92, 0xc0, 0x00, 0x07, 0x80, 0xe0, 0x59, 0x2e,
    0xbb, 0xbb, 0xd8, 0x0e, 0x05, 0x92, 0xc0, 0x00, 0x07, 0x80, 0xe0, 0x59, 0x2d, 0xdc, 0xcc, 0xc7,
    0x0e, 0x05, 0x90, 0xb5, 0x00, 0x00, 0x00, 0xe0, 0x59, 0x4e, 0xdd, 0xdd, 0xdf, 0x4e, 0x05, 0xbd,
    0x30, 0x1a, 0x00, 0xc3, 0xff, 0xf9, 0x7a, 0x09, 0xc3, 0x0d, 0x2e, 0x00, 0x03, 0xa8, 0x72, 0xb1,
    0xe1, 0x40, 0x00, 0x3e, 0xcb, 0xbb, 0x6f, 0x00, 0x00, 0x00, 0x00, 0x00, 0x03, 0xd0, 0x00, 0x00,
    0x00, 0x00, 0x07, 0xb5, 0x00,
    /* U+5634 "嘴" */
    0x00, 0x00, 0x10, 0xb0, 0x38, 0x00, 0x00, 0x00, 0x0c, 0x1f, 0xc7, 0xcb, 0xa0, 0xef, 0xf0, 0xc1,
    0xd0, 0x4b, 0x20, 0x0c, 0x0c, 0x1c, 0x8e, 0xc8, 0xa0, 0x65, 0xc0, 0xc5, 0x97, 0xa1, 0x1a, 0xcb,
    0x2c, 0x0c, 0x00, 0x9e, 0xbb, 0xc3, 0x00, 0xc0, 0xc1, 0x9b, 0x00, 0x6b, 0x00, 0x0c, 0x0c, 0x5d,
    0xec, 0xde, 0xcd, 0xb0, 0xc0, 0xc0, 0x68, 0x04, 0xa0, 0x2b, 0x0e, 0xff, 0x06, 0xdc, 0xde, 0xcc,
    0xb0, 0xc0, 0x00, 0x87, 0x04, 0xa0, 0x2b, 0x03, 0x00, 0x0a, 0xdc, 0xde, 0xcc, 0xb0, 0x00, 0x02,
    0xe1, 0x04, 0xa0, 0x3b, 0x00, 0x00, 0x95, 0x00, 0x37, 0x6c, 0x60,
    /* U+56DB "四" */
    0xcf, 0xff, 0xff, 0xff, 0xff, 0xfb, 0xc5, 0x02, 0xe0, 0x2e, 0x00, 0x6b, 0xc4, 0x02, 0xd0, 0x1e,
    0x00, 0x5b, 0xc4, 0x03, 0xc0, 0x1e, 0x00, 0x5b, 0xc4, 0x05, 0xb0, 0x1e, 0x00, 0x5b, 0xc4, 0x07,
    0x80, 0x1e, 0x00, 0x5b, 0xc4, 0x0d, 0x40, 0x1e, 0x00, 0x6b, 0xc5, 0x9b, 0x00, 0x0a, 0xee, 0xbb,
    0xc8, 0xa1, 0x00, 0x00, 0x00, 0x5b, 0xc4, 0x00, 0x00, 0x00, 0x00, 0x5b, 0xcf, 0xff, 0xff, 0xff,
    0xff, 0xfb, 0xc5, 0x00, 0x00, 0x00, 0x00, 0x6b, 0x31, 0x00, 0x00, 0x00, 0x00, 0x12,
    /* U+56DE "回" */
    0x11, 0x11, 0x11, 0x11, 0x11, 0x11, 0xdf, 0xff, 0xff, 0xff, 0xff, 0xfd, 0xd3, 0x00, 0x00, 0x00,
    0x00, 0x4d, 0xd3, 0x00, 0x00, 0x00, 0x00, 0x4d, 0xd3, 0x0b, 0xee, 0xee, 0xa0, 0x4d, 0xd3, 0x0b,
    0x30, 0x05, 0xa0, 0x4d, 0xd3, 0x0b, 0x30, 0x05, 0xa0, 0x4d, 0xd3, 0x0b, 0x30, 0x05, 0xa0, 0x4d,
    0xd3, 0x0b, 0x30, 0x05, 0xa0, 0x4d, 0xd3, 0x0b, 0xee, 0xee, 0xa0, 0x4d, 0xd3, 0x00, 0x00, 0x00,
    0x00, 0x4d, 0xd3, 0x00, 0x00, 0x00, 0x00, 0x4d, 0xdf, 0xff, 0xff, 0xff, 0xff, 0xfd, 0xb3, 0x00,
    0x00, 0x00, 0x00, 0x3b,
    /* U+56ED "园" */
    0xdf, 0xff, 0xff, 0xff, 0xff, 0xfd, 0xd3, 0x00, 0x00, 0x00, 0x00, 0x3d, 0xd3, 0x4d, 0xdd, 0xdd,
    0xd5, 0x3d, 0xd3, 0x00, 0x00, 0x00, 0x00, 0x3d, 0xd3, 0x00, 0x00, 0x00, 0x00, 0x3d, 0xd6, 0xdd,
    0xfd, 0xee, 0xdd, 0x5d, 0xd3, 0x01, 0xe0, 0x68, 0x00, 0x3d, 0xd3, 0x04, 0xb0, 0x68, 0x01, 0x3d,
    0xd3, 0x0b, 0x60, 0x68, 0x09, 0x7d, 0xd5, 0xca, 0x00, 0x3d, 0xdc, 0x4d, 0xd3, 0x50, 0x00, 0x00,
    0x00, 0x3d, 0xdf, 0xff, 0xff, 0xff, 0xff, 0xfd, 0xa2, 0x00, 0x00, 0x00, 0x00, 0x2b,
    /* U+56FD "国" */
    0xcf, 0xff, 0xff, 0xff, 0xff, 0xfc, 0xc4, 0x00, 0x00, 0x00, 0x00, 0x5c, 0xc4, 0x9e, 0xee, 0xee,
    0xe8, 0x5c, 0xc4, 0x00, 0x09, 0x60, 0x00, 0x5c, 0xc4, 0x00, 0x09, 0x60, 0x00, 0x5c, 0xc4, 0x3e,
    0xee, 0xee, 0xe3, 0x5c, 0xc4, 0x00, 0x09, 0x65, 0x20, 0x5c, 0xc4, 0x00, 0x09, 0x63, 0xc1, 0x5c,
    0xc4, 0x00, 0x09, 0x60, 0x72, 0x5c, 0xc4, 0xbe, 0xee, 0xee, 0xec, 0x5c, 0xc4, 0x00, 0x00, 0x00,
    0x00, 0x5c, 0xcf, 0xff, 0xff, 0xff, 0xff, 0xfc, 0xa3, 0x00, 0x00, 0x00, 0x00, 0x4a,
    /* U+5712 "園" */
    0xde, 0xee, 0xee, 0xee, 0xee, 0xed, 0xd2, 0x00, 0x07, 0x60, 0x00, 0x3d, 0xd2, 0x4a, 0xad, 0xca,
    0xa4, 0x3d, 0xd4, 0xaa, 0xad, 0xca, 0xaa, 0x4d, 0xd2, 0x00, 0x00, 0x00, 0x00, 0x3d, 0xd2, 0x4d,
    0xaa, 0xaa, 0xd4, 0x3d, 0xd2, 0x49, 0x00, 0x00, 0xa4, 0x3d, 0xd2, 0x3a, 0xae, 0xca, 0xa8, 0x3d,
    0xd2, 0x02, 0xbe, 0xca, 0xb4, 0x3d, 0xd4, 0xaa, 0x2b, 0x33, 0xaa, 0x4d, 0xd3, 0x40, 0x07, 0x20,
    0x03, 0x3d, 0xde, 0xee, 0xee, 0xee, 0xee, 0xed, 0xa2, 0x00, 0x00, 0x00, 0x00, 0x2a,
    /* U+5728 "在" */
    0x00, 0x00, 0x0a, 0x50, 0x00, 0x00, 0x00, 0x00, 0x00, 0x1f, 0x10, 0x00, 0x00, 0x00, 0x2f, 0xff,
    0xff, 0xff, 0xff, 0xff, 0xf2, 0x00, 0x01, 0xe3, 0x00, 0x11, 0x00, 0x00, 0x00, 0x08, 0xa0, 0x00,
    0x96, 0x00, 0x00, 0x00, 0x2e, 0x30, 0x00, 0x96, 0x00, 0x00, 0x00, 0xbc, 0x00, 0x00, 0x96, 0x00,
    0x00, 0x0a, 0xeb, 0x0b, 0xff, 0xff, 0xff, 0x90, 0x4d, 0x6b, 0x00, 0x00, 0x96, 0x00, 0x00, 0x01,
    0x4b, 0x00, 0x00, 0x96, 0x00, 0x00, 0x00, 0x4b, 0x00, 0x00, 0x96, 0x00, 0x00, 0x00, 0x4b, 0x00,
    0x00, 0x96, 0x00, 0x00, 0x00, 0x4b, 0x00, 0x00, 0x96, 0x00, 0x00, 0x00, 0x4b, 0x5f, 0xff, 0xff,
    0xff, 0xf2,
    /* U+573A "场" */
    0x00, 0x54, 0x00, 0x00, 0x00, 0x00, 0x00, 0x00, 0x96, 0x0b, 0xff, 0xff, 0xf9, 0x00, 0x00, 0x96,
    0x00, 0x00, 0x1b, 0xa1, 0x00, 0x00, 0x96, 0x00, 0x02, 0xd8, 0x00, 0x00, 0x5f, 0xff, 0xe0, 0x6d,
    0x40, 0x00, 0x00, 0x00, 0x96, 0x08, 0xff, 0xff, 0xff, 0xf2, 0x00, 0x96, 0x01, 0x04, 0xb1, 0xd0,
    0xf1, 0x00, 0x96, 0x00, 0x0c, 0x46, 0x91, 0xf0, 0x00, 0x96, 0x00, 0x6b, 0x0b, 0x42, 0xe0, 0x00,
    0x99, 0xa6, 0xd2, 0x4c, 0x03, 0xd0, 0x16, 0xde, 0x98, 0x30, 0xc4, 0x05, 0xb0, 0x5d, 0x61, 0x00,
    0x09, 0x90, 0x07, 0x90, 0x00, 0x00, 0x00, 0x8c, 0x00, 0x0b, 0x60, 0x00, 0x00, 0x06, 0xa1, 0x08,
    0xfc, 0x10,
    /* U+57CE "城" */
    0x00, 0xa3, 0x00, 0x00, 0x0a, 0x7a, 0x10, 0x00, 0xc3, 0x00, 0x00, 0x0a, 0x54, 0xa0, 0x00, 0xc3,
    0x0d, 0xff, 0xff, 0xff, 0xf5, 0x4f, 0xff, 0x8d, 0x10, 0x08, 0x60, 0x00, 0x00, 0xc3, 0x0d, 0x10,
    0x08, 0x70, 0x50, 0x00, 0xc3, 0x0d, 0xdd, 0xa7, 0x82, 0xe0, 0x00, 0xc3, 0x0d, 0x12, 0xb6, 0x96,
    0x90, 0x00, 0xc3, 0x0e, 0x13, 0xb4, 0xbb, 0x40, 0x00, 0xc3, 0x1f, 0x03, 0xb2, 0xed, 0x00, 0x00,
    0xcc, 0xbe, 0x04, 0xa0, 0xf6, 0x00, 0x4d, 0xd7, 0x5b, 0x9e, 0x65, 0xf3, 0x36, 0x27, 0x00, 0x88,
    0x00, 0x2e, 0xb7, 0x47, 0x00, 0x00, 0xe3, 0x01, 0xd9, 0x3d, 0x75, 0x00, 0x03, 0xa0, 0x06, 0xa0,
    0x0a, 0xd1, 0x00, 0x00, 0x00, 0x00, 0x00, 0x00, 0x00,
    /* U+591A "多" */
    0x00, 0x00, 0x3d, 0x30, 0x00, 0x00, 0x00, 0x00, 0x5e, 0xfe, 0xee, 0xc0, 0x00, 0x01, 0xac, 0x20,
    0x01, 0xd6, 0x00, 0x03, 0xe9, 0x64, 0x00, 0xbb, 0x00, 0x00, 0x04, 0x04, 0xe7, 0xcb, 0x10, 0x00,
    0x00, 0x00, 0x09, 0xf9, 0x55, 0x00, 0x00, 0x02, 0x7d, 0xc4, 0x3f, 0x40, 0x00, 0x0a, 0xe9, 0x40,
    0x4e, 0xee, 0xef, 0xe1, 0x10, 0x01, 0x9d, 0x30, 0x00, 0xc6, 0x00, 0x19, 0xe8, 0x75, 0x00, 0xab,
    0x00, 0x00, 0x51, 0x03, 0xd8, 0xca, 0x10, 0x00, 0x00, 0x01, 0x5b, 0xe5, 0x00, 0x00, 0x25, 0x7a,
    0xec, 0x61, 0x00, 0x00, 0x0a, 0xb9, 0x62, 0x00, 0x00, 0x00, 0x00,
    /* U+591C "夜" */
    0x00, 0x00, 0x00, 0xa3, 0x00, 0x00, 0x00, 0x00, 0x00, 0x00, 0x7b, 0x00, 0x00, 0x00, 0x3f, 0xff,
    0xff, 0xff, 0xff, 0xff, 0xf3, 0x00, 0x03, 0xb0, 0x06, 0xa0, 0x00, 0x00, 0x00, 0x0b, 0x80, 0x0c,
    0x70, 0x00, 0x00, 0x00, 0x3e, 0x10, 0x4f, 0xee, 0xef, 0xa0, 0x01, 0xcb, 0x01, 0xc6, 0x50, 0x0a,
    0x50, 0x0a, 0xeb, 0x0a, 0xf2, 0x99, 0x2e, 0x00, 0x7d, 0x6b, 0x7b, 0x6a, 0x06, 0xa7, 0x00, 0x12,
    0x5b, 0x11, 0x0a, 0x66, 0xc0, 0x00, 0x00, 0x5b, 0x00, 0x01, 0xee, 0x20, 0x00, 0x00, 0x5b, 0x00,
    0x19, 0xde, 0x80, 0x00, 0x00, 0x5b, 0x17, 0xda, 0x11, 0xbd, 0x71, 0x00, 0x4a, 0x6a, 0x30, 0x00,
    0x05, 0xc3,
    /* U+5927 "大" */
    0x00, 0x00, 0x00, 0x88, 0x00, 0x00, 0x00, 0x00, 0x00, 0x00, 0x98, 0x00, 0x00, 0x00, 0x00, 0x00,
    0x00, 0xa7, 0x00, 0x00, 0x00, 0x00, 0x00, 0x00, 0xb6, 0x00, 0x00, 0x00, 0x2f, 0xff, 0xff, 0xff,
    0xff, 0xff, 0xf3, 0x01, 0x11, 0x12, 0xff, 0x21, 0x11, 0x10, 0x00, 0x00, 0x05, 0xdc, 0x60, 0x00,
    0x00, 0x00, 0x00, 0x09, 0x86, 0xb0, 0x00, 0x00, 0x00, 0x00, 0x2f, 0x31, 0xe4, 0x00, 0x00, 0x00,
    0x00, 0xaa, 0x00, 0x7d, 0x00, 0x00, 0x00, 0x07, 0xe2, 0x00, 0x0d, 0xa0, 0x00, 0x00, 0x6f, 0x50,
    0x00, 0x03, 0xe9, 0x00, 0x2b, 0xe5, 0x00, 0x00, 0x00, 0x4e, 0xd2, 0x1a, 0x20, 0x00, 0x00, 0x00,
    0x02, 0x91,
    /* U+5929 "天" */
    0x09, 0xff, 0xff, 0xff, 0xff, 0xff, 0x80, 0x01, 0x11, 0x11, 0xa7, 0x11, 0x11, 0x10, 0x00, 0x00,
    0x00, 0xa7, 0x00, 0x00, 0x00, 0x00, 0x00, 0x00, 0xa7, 0x00, 0x00, 0x00, 0x01, 0x11, 0x11, 0xb7,
    0x11, 0x11, 0x10, 0x1f, 0xff, 0xff, 0xff, 0xff, 0xff, 0xf2, 0x00, 0x00, 0x02, 0xfe, 0x10, 0x00,
    0x00, 0x00, 0x00, 0x07, 0xba, 0x70, 0x00, 0x00, 0x00, 0x00, 0x2e, 0x53, 0xe2, 0x00, 0x00, 0x00,
    0x01, 0xca, 0x00, 0x8c, 0x10, 0x00, 0x00, 0x3d, 0xb1, 0x00, 0x0b, 0xd2, 0x00, 0x19, 0xf9, 0x00,
    0x00, 0x00, 0x9f, 0x92, 0x1a, 0x30, 0x00, 0x00, 0x00, 0x03, 0xa2,
    /* U+592A "太" */
    0x00, 0x00, 0x00, 0x87, 0x00, 0x00, 0x00, 0x00, 0x00, 0x00, 0x97, 0x00, 0x00, 0x00, 0x00, 0x00,
    0x00, 0xa7, 0x00, 0x00, 0x00, 0x00, 0x00, 0x00, 0xb6, 0x00, 0x00, 0x00, 0x2f, 0xff, 0xff, 0xff,
    0xff, 0xff, 0xf3, 0x01, 0x11, 0x12, 0xff, 0x31, 0x11, 0x10, 0x00, 0x00, 0x04, 0xea, 0x70, 0x00,
    0x00, 0x00, 0x00, 0x08, 0x95, 0xc0, 0x00, 0x00, 0x00, 0x00, 0x1e, 0x40, 0xd5, 0x00, 0x00, 0x00,
    0x00, 0x8c, 0x00, 0x6d, 0x00, 0x00, 0x00, 0x05, 0xfe, 0x40, 0x0c, 0xa0, 0x00, 0x00, 0x5e, 0x65,
    0xe4, 0x02, 0xe9, 0x00, 0x1a, 0xf6, 0x00, 0x6e, 0x30, 0x3e, 0xc3, 0x2a, 0x20, 0x00, 0x06, 0x10,
    0x01, 0xa2,
    /* U+5931 "失" */
    0x00, 0x07, 0x20, 0x86, 0x00, 0x00, 0x00, 0x00, 0x1f, 0x20, 0x97, 0x00, 0x00, 0x00, 0x00, 0x6d,
    0x11, 0xa8, 0x11, 0x11, 0x00, 0x00, 0xcf, 0xff, 0xff, 0xff, 0xff, 0x10, 0x06, 0xd1, 0x00, 0x97,
    0x00, 0x00, 0x00, 0x1e, 0x50, 0x00, 0xa6, 0x00, 0x00, 0x00, 0x03, 0x11, 0x11, 0xb6, 0x11, 0x11,
    0x10, 0x4f, 0xff, 0xff, 0xff, 0xff, 0xff, 0xf4, 0x00, 0x00, 0x03, 0xee, 0x30, 0x00, 0x00, 0x00,
    0x00, 0x0b, 0x97, 0xb0, 0x00, 0x00, 0x00, 0x00, 0x7e, 0x21, 0xd7, 0x00, 0x00, 0x00, 0x19, 0xe4,
    0x00, 0x2e, 0x81, 0x00, 0x17, 0xec, 0x20, 0x00, 0x02, 0xcd, 0x72, 0x2b, 0x50, 0x00, 0x00, 0x00,
    0x05, 0xb3,
    /* U+5934 "头" */
    0x00, 0x01, 0x00, 0x07, 0x50, 0x00, 0x00, 0x00, 0x1e, 0xa2, 0x09, 0x70, 0x00, 0x00, 0x00, 0x01,
    0x8e, 0x39, 0x70, 0x00, 0x00, 0x01, 0x30, 0x03, 0x0a, 0x60, 0x00, 0x00, 0x04, 0xdb, 0x20, 0x0b,
    0x50, 0x00, 0x00, 0x00, 0x07, 0xe1, 0x0c, 0x40, 0x00, 0x00, 0x00, 0x00, 0x10, 0x0e, 0x20, 0x00,
    0x00, 0x3f, 0xff, 0xff, 0xff, 0xff, 0xff, 0xf4, 0x00, 0x00, 0x00, 0x7a, 0x00, 0x00, 0x00, 0x00,
    0x00, 0x01, 0xe5, 0x50, 0x00, 0x00, 0x00, 0x00, 0x0b, 0xa2, 0xcc, 0x30, 0x00, 0x00, 0x03, 0xcc,
    0x10, 0x06, 0xe8, 0x00, 0x05, 0xbe, 0x70, 0x00, 0x00, 0x2c, 0xb1, 0x0a, 0x61, 0x00, 0x00, 0x00,
    0x01, 0x60,
    /* U+5976 "奶" */
    0x00, 0x95, 0x00, 0x00, 0x00, 0x00, 0x00, 0x00, 0xc3, 0x07, 0xee, 0xee, 0xe6, 0x00, 0x00, 0xe1,
    0x00, 0x0e, 0x20, 0xc3, 0x00, 0x5f, 0xff, 0xf6, 0x0e, 0x10, 0xe1, 0x00, 0x03, 0xb0, 0xa5, 0x0f,
    0x11, 0xe0, 0x00, 0x06, 0x90, 0xb4, 0x0f, 0x04, 0xb0, 0x00, 0x09, 0x70, 0xd2, 0x2e, 0x06, 0xff,
    0xf0, 0x0c, 0x31, 0xe0, 0x3c, 0x00, 0x00, 0xe0, 0x0e, 0x54, 0xc0, 0x5a, 0x00, 0x01, 0xe0, 0x03,
    0xed, 0x70, 0x97, 0x00, 0x02, 0xd0, 0x00, 0x3f, 0x70, 0xd2, 0x00, 0x04, 0xb0, 0x00, 0xaa, 0xc4,
    0xd0, 0x00, 0x05, 0xa0, 0x08, 0xd1, 0x1d, 0x50, 0x00, 0x0a, 0x70, 0x3b, 0x10, 0x5a, 0x00, 0x2e,
    0xfc, 0x20, 0x00, 0x00, 0x00, 0x00, 0x00, 0x00, 0x00,
    /* U+597D "好" */
    0x00, 0x86, 0x00, 0x00, 0x00, 0x00, 0x00, 0x00, 0xa5, 0x00, 0x5e, 0xee, 0xee, 0xb0, 0x00, 0xd3,
    0x00, 0x00, 0x00, 0x2e, 0x50, 0x6f, 0xff, 0xfd, 0x00, 0x00, 0xc9, 0x00, 0x03, 0xc0, 0x3c, 0x00,
    0x09, 0xb0, 0x00, 0x06, 0x90, 0x5b, 0x00, 0x0b, 0x50, 0x00, 0x08, 0x70, 0x78, 0x00, 0x0b, 0x50,
    0x00, 0x0c, 0x30, 0xa5, 0xff, 0xff, 0xff, 0xf7, 0x0f, 0x61, 0xe1, 0x00, 0x0b, 0x50, 0x00, 0x03,
    0xdc, 0xb0, 0x00, 0x0b, 0x50, 0x00, 0x00, 0x2f, 0xc1, 0x00, 0x0b, 0x50, 0x00, 0x00, 0xaa, 0xbc,
    0x00, 0x0b, 0x50, 0x00, 0x1a, 0xc1, 0x16, 0x00, 0x0c, 0x50, 0x00, 0x59, 0x10, 0x00, 0x0a, 0xfd,
    0x20, 0x00,
    /* U+59B9 "妹" */
    0x00, 0x74, 0x00, 0x00, 0x1b, 0x00, 0x00, 0x00, 0xb3, 0x00, 0x00, 0x2e, 0x00, 0x00, 0x00, 0xd1,
    0x00, 0x00, 0x2e, 0x00, 0x00, 0x4f, 0xff, 0xf5, 0xff, 0xff, 0xff, 0xf1, 0x04, 0xb0, 0xc2, 0x00,
    0x2e, 0x00, 0x00, 0x07, 0x80, 0xe1, 0x00, 0x2e, 0x00, 0x00, 0x0a, 0x51, 0xe7, 0xee, 0xef, 0xee,
    0xe6, 0x0e, 0x24, 0xb0, 0x00, 0xaf, 0x80, 0x00, 0x0a, 0xda, 0x70, 0x03, 0xee, 0xd1, 0x00, 0x00,
    0x8f, 0x50, 0x0b, 0x7e, 0x69, 0x00, 0x00, 0x6e, 0xd2, 0x6c, 0x2e, 0x0d, 0x40, 0x01, 0xe4, 0x86,
    0xe2, 0x2e, 0x03, 0xe3, 0x2d, 0x80, 0x08, 0x40, 0x2e, 0x00, 0x52, 0x37, 0x00, 0x00, 0x00, 0x1c,
    0x00, 0x00,
    /* U+59C9 "姉" */
    0x00, 0xb3, 0x00, 0x00, 0x2d, 0x00, 0x00, 0x00, 0xd1, 0x00, 0x00, 0x2e, 0x00, 0x00, 0x00, 0xe0,
    0x04, 0xff, 0xff, 0xff, 0xf6, 0x6f, 0xff, 0xf4, 0x00, 0x2e, 0x00, 0x00, 0x05, 0x90, 0xb3, 0x00,
    0x1e, 0x00, 0x00, 0x08, 0x70, 0xd1, 0xff, 0xff, 0xff, 0xf0, 0x0b, 0x40, 0xe0, 0xf0, 0x1e, 0x00,
    0xf0, 0x0e, 0x13, 0xc0, 0xf0, 0x1e, 0x00, 0xf0, 0x0c, 0x97, 0x80, 0xf0, 0x1e, 0x00, 0xf0, 0x01,
    0xce, 0x40, 0xf0, 0x1e, 0x00, 0xf0, 0x00, 0x4f, 0x70, 0xf0, 0x1e, 0x00, 0xf0, 0x00, 0xc9, 0xe4,
    0xf0, 0x1e, 0x4f, 0xb0, 0x1a, 0xb0, 0x31, 0x10, 0x1e, 0x00, 0x00, 0x2a, 0x10, 0x00, 0x00, 0x1d,
    0x00, 0x00,
    /* U+59CB "始" */
    0x00, 0x75, 0x00, 0x00, 0x68, 0x00, 0x00, 0x00, 0xb4, 0x00, 0x00, 0xd4, 0x00, 0x00, 0x00, 0xd1,
    0x00, 0x06, 0xb0, 0x56, 0x00, 0x6f, 0xff, 0xf5, 0x1d, 0x30, 0x2e, 0x20, 0x03, 0xb0, 0xa4, 0x8a,
    0x00, 0x19, 0xa0, 0x06, 0x80, 0xc5, 0xfe, 0xef, 0xff, 0xe2, 0x09, 0x50, 0xd2, 0x86, 0x43, 0x10,
    0x85, 0x0d, 0x21, 0xd0, 0x00, 0x00, 0x00, 0x00, 0x0d, 0x86, 0xa0, 0x8f, 0xee, 0xef, 0xa0, 0x01,
    0xbf, 0x50, 0x87, 0x00, 0x05, 0xa0, 0x00, 0x4f, 0xc1, 0x87, 0x00, 0x05, 0xa0, 0x01, 0xd4, 0x88,
    0x87, 0x00, 0x05, 0xa0, 0x2d, 0x80, 0x00, 0x8e, 0xee, 0xee, 0xa0, 0x17, 0x00, 0x00, 0x65, 0x00,
    0x04, 0x80,
    /* U+59D0 "姐" */
    0x00, 0x85, 0x00, 0x00, 0x00, 0x00, 0x00, 0x00, 0xb4, 0x00, 0xaf, 0xff, 0xff, 0x30, 0x00, 0xd2,
    0x00, 0xa5, 0x00, 0x0d, 0x30, 0x4f, 0xff, 0xf4, 0xa5, 0x00, 0x0d, 0x30, 0x03, 0xc0, 0xb2, 0xa5,
    0x00, 0x0d, 0x30, 0x05, 0x90, 0xd1, 0xaf, 0xee, 0xef, 0x30, 0x08, 0x60, 0xe0, 0xa5, 0x00, 0x0d,
    0x30, 0x0b, 0x33, 0xc0, 0xa5, 0x00, 0x0d, 0x30, 0x0d, 0x87, 0x80, 0xaf, 0xee, 0xef, 0x30, 0x01,
    0xce, 0x40, 0xa5, 0x00, 0x0d, 0x30, 0x00, 0x4f, 0x80, 0xa5, 0x00, 0x0d, 0x30, 0x00, 0xc8, 0xd2,
    0xa5, 0x00, 0x0d, 0x30, 0x1b, 0xb0, 0x4f, 0xff, 0xff, 0xff, 0xf6, 0x19, 0x10, 0x00, 0x00, 0x00,
    0x00, 0x00,
    /* U+5B50 "子" */
    0x00, 0x00, 0x00, 0x00, 0x00, 0x00, 0x00, 0x00, 0xdf, 0xff, 0xff, 0xff, 0xfd, 0x10, 0x00, 0x11,
    0x11, 0x11, 0x19, 0xe4, 0x00, 0x00, 0x00, 0x00, 0x01, 0xbd, 0x30, 0x00, 0x00, 0x00, 0x00, 0x4e,
    0x91, 0x00, 0x00, 0x00, 0x00, 0x00, 0x79, 0x00, 0x00, 0x00, 0x01, 0x11, 0x11, 0x89, 0x11, 0x11,
    0x10, 0x4f, 0xff, 0xff, 0xff, 0xff, 0xff, 0xf5, 0x00, 0x00, 0x00, 0x79, 0x00, 0x00, 0x00, 0x00,
    0x00, 0x00, 0x79, 0x00, 0x00, 0x00, 0x00, 0x00, 0x00, 0x79, 0x00, 0x00, 0x00, 0x00, 0x00, 0x00,
    0x79, 0x00, 0x00, 0x00, 0x00, 0x00, 0x11, 0x99, 0x00, 0x00, 0x00, 0x00, 0x02, 0xff, 0xd4, 0x00,
    0x00, 0x00,
    /* U+5B57 "字" */
    0x00, 0x00, 0x00, 0xb2, 0x00, 0x00, 0x00, 0x00, 0x00, 0x00, 0x9a, 0x00, 0x00, 0x00, 0x0d, 0xff,
    0xff, 0xff, 0xff, 0xff, 0xd0, 0x0d, 0x20, 0x00, 0x00, 0x00, 0x03, 0xd0, 0x0c, 0x2b, 0xff, 0xff,
    0xff, 0x93, 0xc0, 0x00, 0x00, 0x00, 0x01, 0xac, 0x10, 0x00, 0x00, 0x00, 0x00, 0x2d, 0xa1, 0x00,
    0x00, 0x00, 0x00, 0x00, 0x8a, 0x00, 0x00, 0x00, 0x1f, 0xff, 0xff, 0xff, 0xff, 0xff, 0xf0, 0x00,
    0x00, 0x00, 0x98, 0x00, 0x00, 0x00, 0x00, 0x00, 0x00, 0x88, 0x00, 0x00, 0x00, 0x00, 0x00, 0x00,
    0x88, 0x00, 0x00, 0x00, 0x00, 0x00, 0x00, 0x98, 0x00, 0x00, 0x00, 0x00, 0x00, 0xbf, 0xd4, 0x00,
    0x00, 0x00,
    /* U+5B58 "存" */
    0x00, 0x00, 0x0a, 0x40, 0x00, 0x00, 0x00, 0x00, 0x00, 0x1f, 0x10, 0x00, 0x00, 0x00, 0x2f, 0xff,
    0xff, 0xff, 0xff, 0xff, 0xf2, 0x00, 0x01, 0xd5, 0x00, 0x00, 0x00, 0x00, 0x00, 0x06, 0xd0, 0x00,
    0x00, 0x00, 0x00, 0x00, 0x0d, 0x62, 0xff, 0xff, 0xff, 0x40, 0x00, 0x8c, 0x00, 0x00, 0x02, 0xd8,
    0x00, 0x07, 0xfa, 0x00, 0x00, 0x3e, 0x60, 0x00, 0x5e, 0xaa, 0x00, 0x00, 0x6a, 0x00, 0x00, 0x24,
    0x6a, 0x5f, 0xff, 0xff, 0xff, 0xf6, 0x00, 0x6a, 0x00, 0x00, 0x6a, 0x00, 0x00, 0x00, 0x6a, 0x00,
    0x00, 0x6a, 0x00, 0x00, 0x00, 0x6a, 0x00, 0x00, 0x7a, 0x00, 0x00, 0x00, 0x6a, 0x00, 0x8f, 0xe6,
    0x00, 0x00,
    /* U+5B66 "学" */
    0x00, 0x43, 0x00, 0xb2, 0x00, 0x27, 0x00, 0x00, 0x6c, 0x00, 0x99, 0x00, 0xa9, 0x00, 0x00, 0x0c,
    0x40, 0x3c, 0x03, 0xe1, 0x00, 0x0d, 0xee, 0xee, 0xee, 0xee, 0xee, 0xf0, 0x0d, 0x20, 0x00, 0x00,
    0x00, 0x01, 0xf0, 0x0b, 0x1b, 0xee, 0xee, 0xee, 0x91, 0xc0, 0x00, 0x00, 0x00, 0x02, 0xbc, 0x10,
    0x00, 0x00, 0x00, 0x00, 0x4e, 0x91, 0x00, 0x00, 0x00, 0x00, 0x00, 0x88, 0x00, 0x00, 0x00, 0x3f,
    0xff, 0xff, 0xff, 0xff, 0xff, 0xf3, 0x00, 0x00, 0x00, 0x87, 0x00, 0x00, 0x00, 0x00, 0x00, 0x00,
    0x87, 0x00, 0x00, 0x00, 0x00, 0x00, 0x00, 0x97, 0x00, 0x00, 0x00, 0x00, 0x01, 0xee, 0xd3, 0x00,
    0x00, 0x00,
    /* U+5B69 "孩" */
    0x00, 0x00, 0x00, 0x00, 0x3b, 0x00, 0x00, 0x2f, 0xff, 0xf6, 0x00, 0x0e, 0x30, 0x00, 0x00, 0x01,
    0xe6, 0xee, 0xef, 0xfe, 0xe6, 0x00, 0x08, 0x80, 0x00, 0xd3, 0x00, 0x00, 0x00, 0x2d, 0x10, 0x07,
    0xa0, 0x26, 0x00, 0x00, 0x4b, 0x00, 0x2e, 0x21, 0xa7, 0x00, 0x00, 0x4b, 0x12, 0xef, 0xef, 0xc0,
    0x00, 0x01, 0x8e, 0xe7, 0x21, 0x6d, 0x24, 0x80, 0x5f, 0xec, 0x20, 0x07, 0xd3, 0x0d, 0x60, 0x23,
    0x4b, 0x02, 0xcc, 0x20, 0xab, 0x00, 0x00, 0x4b, 0x02, 0x60, 0x0a, 0xe1, 0x00, 0x00, 0x4b, 0x00,
    0x02, 0xcb, 0xba, 0x00, 0x00, 0x5b, 0x02, 0x9e, 0x70, 0x0b, 0xb0, 0x1e, 0xd6, 0x0b, 0x82, 0x00,
    0x01, 0xa2,
    /* U+5B89 "安" */
    0x00, 0x00, 0x01, 0xb1, 0x00, 0x00, 0x00, 0x00, 0x00, 0x00, 0xb7, 0x00, 0x00, 0x00, 0x0b, 0xff,
    0xff, 0xff, 0xff, 0xff, 0xb0, 0x0b, 0x50, 0x01, 0x40, 0x00, 0x06, 0xb0, 0x09, 0x40, 0x08, 0xb0,
    0x00, 0x05, 0x90, 0x00, 0x00, 0x1e, 0x40, 0x00, 0x00, 0x00, 0x1f, 0xff, 0xff, 0xff, 0xff, 0xff,
    0xf1, 0x00, 0x02, 0xe2, 0x00, 0x1e, 0x20, 0x00, 0x00, 0x0b, 0x90, 0x00, 0x8b, 0x00, 0x00, 0x00,
    0x1a, 0xfa, 0x54, 0xe2, 0x00, 0x00, 0x00, 0x00, 0x17, 0xef, 0xa1, 0x00, 0x00, 0x00, 0x00, 0x3b,
    0xd7, 0xce, 0x71, 0x00, 0x04, 0x8c, 0xe8, 0x10, 0x05, 0xdd, 0x50, 0x06, 0xa5, 0x10, 0x00, 0x00,
    0x18, 0x30,
    /* U+5B9C "宜" */
    0x00, 0x00, 0x00, 0xa4, 0x00, 0x00, 0x00, 0x00, 0x00, 0x00, 0x7a, 0x00, 0x00, 0x00, 0x0d, 0xff,
    0xff, 0xff, 0xff, 0xff, 0xd0, 0x0d, 0x30, 0x00, 0x00, 0x00, 0x03, 0xd0, 0x0c, 0x38, 0xee, 0xee,
    0xee, 0x63, 0xc0, 0x00, 0x08, 0x70, 0x00, 0x09, 0x70, 0x00, 0x00, 0x08, 0x70, 0x00, 0x09, 0x70,
    0x00, 0x00, 0x08, 0xed, 0xdd, 0xde, 0x70, 0x00, 0x00, 0x08, 0x70, 0x00, 0x09, 0x70, 0x00, 0x00,
    0x08, 0x70, 0x00, 0x09, 0x70, 0x00, 0x00, 0x08, 0xee, 0xee, 0xee, 0x70, 0x00, 0x00, 0x08, 0x70,
    0x00, 0x09, 0x70, 0x00, 0x3e, 0xef, 0xfe, 0xee, 0xef, 0xfe, 0xe3,
    /* U+5BB6 "家" */
    0x00, 0x00, 0x00, 0x00, 0x00, 0x00, 0x00, 0x00, 0x00, 0x00, 0xc5, 0x00, 0x00, 0x00, 0x0c, 0xee,
    0xee, 0xff, 0xee, 0xee, 0xd0, 0x0c, 0x30, 0x00, 0x00, 0x00, 0x02, 0xe0, 0x0c, 0x30, 0x00, 0x00,
    0x00, 0x02, 0xe0, 0x07, 0x3e, 0xee, 0xff, 0xee, 0xe2, 0x80, 0x00, 0x00, 0x3b, 0xc1, 0x00, 0x12,
    0x00, 0x00, 0x5a, 0xd7, 0xd2, 0x02, 0xd8, 0x00, 0x09, 0xb5, 0x03, 0xda, 0x4e, 0x60, 0x00, 0x00,
    0x03, 0xab, 0x3e, 0xce, 0x10, 0x00, 0x06, 0xcc, 0x50, 0x6f, 0x59, 0x80, 0x00, 0x05, 0x30, 0x2b,
    0xaa, 0x71, 0xe2, 0x00, 0x00, 0x39, 0xd5, 0x0a, 0x60, 0x7d, 0x20, 0x0c, 0xd6, 0x10, 0x2e, 0x30,
    0x07, 0xe4, 0x02, 0x00, 0x2e, 0xe7, 0x00, 0x00, 0x30,
    /* U+5BB9 "容" */
    0x00, 0x00, 0x00, 0x00, 0x00, 0x00, 0x00, 0x00, 0x00, 0x00, 0xa8, 0x00, 0x00, 0x00, 0x0c, 0xee,
    0xee, 0xff, 0xee, 0xee, 0xc0, 0x0d, 0x30, 0x10, 0x00, 0x00, 0x03, 0xd0, 0x0d, 0x32, 0xd4, 0x00,
    0x8b, 0x13, 0xd0, 0x00, 0x2c, 0x80, 0x46, 0x08, 0xd2, 0x00, 0x04, 0xe9, 0x01, 0xdd, 0x10, 0x7e,
    0x30, 0x05, 0x60, 0x1b, 0x88, 0xb1, 0x07, 0x30, 0x00, 0x01, 0xb9, 0x00, 0xac, 0x20, 0x00, 0x00,
    0x4d, 0x90, 0x00, 0x08, 0xe8, 0x10, 0x2b, 0xef, 0xee, 0xee, 0xee, 0xfc, 0xe2, 0x15, 0x0e, 0x10,
    0x00, 0x02, 0xe0, 0x30, 0x00, 0x0e, 0x10, 0x00, 0x02, 0xe0, 0x00, 0x00, 0x0e, 0xee, 0xee, 0xee,
    0xe0, 0x00, 0x00, 0x0a, 0x10, 0x00, 0x01, 0x90, 0x00,
    /* U+5BD2 "寒" */
    0x00, 0x00, 0x00, 0x00, 0x00, 0x00, 0x00, 0x00, 0x00, 0x00, 0x97, 0x00, 0x00, 0x00, 0x0d, 0xdd,
    0xdd, 0xef, 0xdd, 0xdd, 0xd0, 0x0e, 0x10, 0x55, 0x00, 0x56, 0x02, 0xe0, 0x0e, 0xac, 0xed, 0xcc,
    0xde, 0xca, 0xe0, 0x00, 0x00, 0x88, 0x00, 0x79, 0x00, 0x00, 0x00, 0x6b, 0xdd, 0xbb, 0xde, 0xb6,
    0x00, 0x00, 0x00, 0x88, 0x00, 0x79, 0x00, 0x00, 0x2d, 0xdd, 0xee, 0xdd, 0xee, 0xdd, 0xd3, 0x00,
    0x04, 0xd3, 0x10, 0x2d, 0x50, 0x00, 0x00, 0x5e, 0x35, 0xdb, 0x43, 0xe7, 0x00, 0x2b, 0xd4, 0x00,
    0x04, 0x90, 0x2b, 0xd3, 0x18, 0x12, 0xc8, 0x52, 0x00, 0x00, 0x50, 0x00, 0x00, 0x37, 0xae, 0xc7,
    0x10, 0x00, 0x00, 0x00, 0x00, 0x00, 0x5b, 0x40, 0x00,
    /* U+5BDD "寝" */
    0x00, 0x00, 0x00, 0x00, 0x00, 0x00, 0x00, 0x00, 0x00, 0x00, 0xa8, 0x00, 0x00, 0x00, 0x0d, 0xdd,
    0xdd, 0xef, 0xdd, 0xdd, 0xd1, 0x0f, 0x00, 0x00, 0x00, 0x00, 0x00, 0xe1, 0x0b, 0x0e, 0x07, 0xbb,
    0xbb, 0xbf, 0x80, 0x04, 0x0e, 0x03, 0xaa, 0xaa, 0xaf, 0x00, 0x0d, 0x2e, 0x00, 0x00, 0x00, 0x0f,
    0x00, 0x07, 0x7e, 0x08, 0xbb, 0xbb, 0xbb, 0x00, 0x03, 0x9e, 0x00, 0x00, 0x00, 0x00, 0x00, 0x00,
    0x0e, 0x5e, 0xbb, 0xbb, 0xbb, 0xe0, 0x01, 0x8f, 0x5b, 0xbb, 0xbb, 0xb9, 0xe0, 0x4e, 0x8e, 0x00,
    0x5b, 0x12, 0xc5, 0x00, 0x22, 0x0e, 0x00, 0x06, 0xcd, 0x60, 0x00, 0x00, 0x0e, 0x13, 0x7c, 0xbc,
    0xd9, 0x51, 0x00, 0x0d, 0x4b, 0x72, 0x00, 0x38, 0xa1,
    /* U+5BF9 "对" */
    0x00, 0x00, 0x00, 0x00, 0x00, 0x4a, 0x00, 0x00, 0x00, 0x00, 0x00, 0x00, 0x4b, 0x00, 0x0f, 0xff,
    0xff, 0x50, 0x00, 0x4b, 0x00, 0x00, 0x00, 0x0c, 0x40, 0x00, 0x4b, 0x00, 0x00, 0x00, 0x0e, 0x5f,
    0xff, 0xff, 0xf6, 0x03, 0x30, 0x2e, 0x00, 0x00, 0x4b, 0x00, 0x05, 0xe2, 0x5b, 0x03, 0x00, 0x4b,
    0x00, 0x00, 0x7e, 0xb6, 0x0b, 0x60, 0x4b, 0x00, 0x00, 0x08, 0xf3, 0x03, 0xd0, 0x4b, 0x00, 0x00,
    0x08, 0xfa, 0x00, 0xc5, 0x4b, 0x00, 0x00, 0x2e, 0x4e, 0x60, 0x20, 0x4b, 0x00, 0x00, 0xb9, 0x05,
    0xa0, 0x00, 0x4b, 0x00, 0x0a, 0xc1, 0x00, 0x00, 0x11, 0x6b, 0x00, 0x2b, 0x10, 0x00, 0x00, 0x5f,
    0xe6, 0x00,
    /* U+5C0F "小" */
    0x00, 0x00, 0x00, 0x56, 0x00, 0x00, 0x00, 0x00, 0x00, 0x00, 0x89, 0x00, 0x00, 0x00, 0x00, 0x00,
    0x00, 0x89, 0x00, 0x00, 0x00, 0x00, 0x00, 0x00, 0x89, 0x00, 0x10, 0x00, 0x00, 0x5d, 0x00, 0x89,
    0x00, 0xe3, 0x00, 0x00, 0x99, 0x00, 0x89, 0x00, 0x8b, 0x00, 0x00, 0xd5, 0x00, 0x89, 0x00, 0x1f,
    0x30, 0x03, 0xf1, 0x00, 0x89, 0x00, 0x09, 0xa0, 0x09, 0xa0, 0x00, 0x89, 0x00, 0x03, 0xf1, 0x2f,
    0x30, 0x00, 0x89, 0x00, 0x00, 0xd6, 0x37, 0x00, 0x00, 0x89, 0x00, 0x00, 0x96, 0x00, 0x00, 0x00,
    0x89, 0x00, 0x00, 0x00, 0x00, 0x00, 0x11, 0x99, 0x00, 0x00, 0x00, 0x00, 0x01, 0xef, 0xd4, 0x00,
    0x00, 0x00,
    /* U+5C11 "少" */
    0x00, 0x00, 0x00, 0x94, 0x00, 0x00, 0x00, 0x00, 0x00, 0x00, 0xb5, 0x00, 0x00, 0x00, 0x00, 0x08,
    0x10, 0xb5, 0x00, 0x70, 0x00, 0x00, 0x5c, 0x00, 0xb5, 0x00, 0xa7, 0x00, 0x00, 0xc4, 0x00, 0xb5,
    0x00, 0x2e, 0x20, 0x06, 0xb0, 0x00, 0xb5, 0x00, 0x07, 0xa0, 0x1e, 0x20, 0x00, 0xb5, 0x00, 0x00,
    0xd2, 0x01, 0x00, 0x00, 0xb5, 0x00, 0x53, 0x00, 0x00, 0x00, 0x00, 0x84, 0x05, 0xd2, 0x00, 0x00,
    0x00, 0x00, 0x01, 0x8e, 0x30, 0x00, 0x00, 0x00, 0x01, 0x6d, 0xa1, 0x00, 0x00, 0x02, 0x57, 0xbe,
    0xa4, 0x00, 0x00, 0x00, 0x4e, 0xb8, 0x51, 0x00, 0x00, 0x00, 0x00,
    /* U+5C4B "屋" */
    0x00, 0xfd, 0xdd, 0xdd, 0xdd, 0xde, 0x60, 0x00, 0xf0, 0x00, 0x00, 0x00, 0x0a, 0x60, 0x00, 0xfd,
    0xdd, 0xdd, 0xdd, 0xde, 0x60, 0x00, 0xf0, 0x00, 0x00, 0x00, 0x00, 0x00, 0x01, 0xfc, 0xdd, 0xdd,
    0xdd, 0xdd, 0xb0, 0x02, 0xe0, 0x09, 0xb0, 0x09, 0x60, 0x00, 0x03, 0xd0, 0x5d, 0x10, 0x15, 0xe6,
    0x00, 0x03, 0xc3, 0xfe, 0xde, 0x71, 0x09, 0x60, 0x05, 0xb0, 0x20, 0x09, 0x60, 0x00, 0x00, 0x08,
    0x83, 0xdd, 0xde, 0xed, 0xdd, 0x20, 0x0b, 0x50, 0x00, 0x09, 0x60, 0x00, 0x00, 0x1e, 0x10, 0x00,
    0x09, 0x60, 0x00, 0x00, 0x5a, 0x4d, 0xdd, 0xdd, 0xdd, 0xdd, 0xd3, 0x00, 0x00, 0x00, 0x00, 0x00,
    0x00, 0x00,
    /* U+5C4F "屏" */
    0x02, 0xfe, 0xee, 0xee, 0xee, 0xef, 0x70, 0x02, 0xe0, 0x00, 0x00, 0x00, 0x09, 0x70, 0x02, 0xfe,
    0xee, 0xee, 0xee, 0xef, 0x70, 0x02, 0xe0, 0x0a, 0x10, 0x00, 0xa3, 0x00, 0x02, 0xe0, 0x09, 0x60,
    0x04, 0xc0, 0x00, 0x03, 0xe6, 0xdd, 0xdd, 0xde, 0xed, 0xb0, 0x03, 0xd0, 0x04, 0xb0, 0x07, 0x80,
    0x00, 0x04, 0xc0, 0x04, 0xb0, 0x07, 0x80, 0x00, 0x06, 0xab, 0xee, 0xfe, 0xee, 0xee, 0xe3, 0x09,
    0x70, 0x0b, 0x70, 0x07, 0x80, 0x00, 0x0d, 0x40, 0x4f, 0x20, 0x07, 0x80, 0x00, 0x4e, 0x05, 0xe7,
    0x00, 0x07, 0x80, 0x00, 0x46, 0x08, 0x50, 0x00, 0x06, 0x70, 0x00,
    /* U+5C71 "山" */
    0x00, 0x00, 0x06, 0x60, 0x00, 0x00, 0x00, 0x00, 0x08, 0x80, 0x00, 0x00, 0x00, 0x00, 0x08, 0x80,
    0x00, 0x00, 0x56, 0x00, 0x08, 0x80, 0x00, 0x65, 0x79, 0x00, 0x08, 0x80, 0x00, 0x97, 0x79, 0x00,
    0x08, 0x80, 0x00, 0x97, 0x79, 0x00, 0x08, 0x80, 0x00, 0x97, 0x79, 0x00, 0x08, 0x80, 0x00, 0x97,
    0x79, 0x00, 0x08, 0x80, 0x00, 0x97, 0x79, 0x00, 0x08, 0x80, 0x00, 0x97, 0x79, 0x00, 0x08, 0x80,
    0x00, 0x97, 0x79, 0x11, 0x19, 0x81, 0x11, 0x97, 0x7f, 0xff, 0xff, 0xff, 0xff, 0xf7, 0x00, 0x00,
    0x00, 0x00, 0x00, 0x87,
    /* U+5DDD "川" */
    0x00, 0xb4, 0x00, 0x24, 0x00, 0x09, 0x70, 0x0c, 0x40, 0x05, 0xb0, 0x00, 0x97, 0x00, 0xc4, 0x00,
    0x5b, 0x00, 0x09, 0x70, 0x0c, 0x40, 0x05, 0xb0, 0x00, 0x97, 0x00, 0xc4, 0x00, 0x5b, 0x00, 0x09,
    0x70, 0x0d, 0x40, 0x05, 0xb0, 0x00, 0x97, 0x00, 0xe4, 0x00, 0x5b, 0x00, 0x09, 0x70, 0x0f, 0x20,
    0x05, 0xb0, 0x00, 0x97, 0x02, 0xf0, 0x00, 0x5b, 0x00, 0x09, 0x70, 0x7b, 0x00, 0x05, 0xb0, 0x00,
    0x97, 0x1d, 0x50, 0x00, 0x5a, 0x00, 0x09, 0x76, 0xb0, 0x00, 0x00, 0x00, 0x00, 0x97, 0x01, 0x00,
    0x00, 0x00, 0x00, 0x01, 0x10,
    /* U+5DE6 "左" */
    0x00, 0x00, 0x0b, 0x20, 0x00, 0x00, 0x00, 0x00, 0x00, 0x1f, 0x10, 0x00, 0x00, 0x00, 0x00, 0x00,
    0x3d, 0x00, 0x00, 0x00, 0x00, 0x1f, 0xff, 0xff, 0xff, 0xff, 0xff, 0xf0, 0x00, 0x00, 0xb6, 0x00,
    0x00, 0x00, 0x00, 0x00, 0x01, 0xf2, 0x00, 0x00, 0x00, 0x00, 0x00, 0x06, 0xd0, 0x00, 0x00, 0x00,
    0x00, 0x00, 0x0b, 0xcf, 0xff, 0xff, 0xff, 0xa0, 0x00, 0x2e, 0x10, 0x02, 0xe0, 0x00, 0x00, 0x00,
    0xb7, 0x00, 0x02, 0xe0, 0x00, 0x00, 0x07, 0xc1, 0x00, 0x02, 0xe0, 0x00, 0x00, 0x5d, 0x20, 0x00,
    0x02, 0xe0, 0x00, 0x00, 0x23, 0x0b, 0xff, 0xff, 0xff, 0xff, 0xf4, 0x00, 0x00, 0x00, 0x00, 0x00,
    0x00, 0x00,
    /* U+5DF2 "已" */
    0xbf, 0xff, 0xff, 0xff, 0xff, 0x80, 0x01, 0x11, 0x11, 0x11, 0x11, 0x98, 0x00, 0x07, 0x10, 0x00,
    0x00, 0x08, 0x80, 0x00, 0xf2, 0x00, 0x00, 0x00, 0x88, 0x00, 0x0f, 0x20, 0x00, 0x00, 0x08, 0x80,
    0x00, 0xff, 0xff, 0xff, 0xff, 0xf8, 0x00, 0x0f, 0x21, 0x11, 0x11, 0x17, 0x60, 0x00, 0xf2, 0x00,
    0x00, 0x00, 0x00, 0x00, 0x0f, 0x20, 0x00, 0x00, 0x00, 0x08, 0x20, 0xf2, 0x00, 0x00, 0x00, 0x00,
    0xe3, 0x0d, 0x60, 0x00, 0x00, 0x00, 0x6e, 0x00, 0x5e, 0xff, 0xff, 0xff, 0xfd, 0x50, 0x00, 0x00,
    0x11, 0x11, 0x10, 0x00, 0x00,
    /* U+5E08 "师" */
    0x00, 0x57, 0x00, 0x00, 0x00, 0x00, 0x01, 0x07, 0x89, 0xff, 0xff, 0xff, 0xf4, 0xa4, 0x78, 0x00,
    0x04, 0xb0, 0x00, 0x0a, 0x47, 0x80, 0x00, 0x4b, 0x00, 0x00, 0xa4, 0x78, 0x2f, 0xef, 0xfe, 0xeb,
    0x0a, 0x47, 0x82, 0xc0, 0x4b, 0x03, 0xb0, 0xa4, 0x78, 0x2c, 0x04, 0xb0, 0x3b, 0x0a, 0x47, 0x72,
    0xc0, 0x4b, 0x03, 0xb0, 0xa4, 0x87, 0x2c, 0x04, 0xb0, 0x3b, 0x04, 0x2a, 0x52, 0xc0, 0x4b, 0x03,
    0xb0, 0x00, 0xe2, 0x2c, 0x04, 0xb0, 0x4b, 0x00, 0x5c, 0x02, 0xc0, 0x4b, 0x6e, 0x70, 0x1d, 0x50,
    0x00, 0x04, 0xb0, 0x00, 0x04, 0x80, 0x00, 0x00, 0x4a, 0x00, 0x00,
    /* U+5E30 "帰" */
    0x00, 0x01, 0x00, 0x00, 0x00, 0x00, 0x00, 0x00, 0x0e, 0x05, 0xcc, 0xcc, 0xcc, 0x10, 0x00, 0x0e,
    0x00, 0x00, 0x00, 0x0e, 0x10, 0x02, 0x0e, 0x01, 0xbb, 0xbb, 0xbf, 0x10, 0x0c, 0x1e, 0x00, 0x00,
    0x00, 0x0e, 0x10, 0x0d, 0x0e, 0x07, 0xcc, 0xcc, 0xcf, 0x10, 0x0d, 0x0e, 0x00, 0x00, 0x00, 0x00,
    0x00, 0x2c, 0x0e, 0x5e, 0xdd, 0xed, 0xdd, 0xf2, 0x37, 0x0e, 0x59, 0x00, 0xb4, 0x00, 0xc2, 0x00,
    0x1e, 0x18, 0xff, 0xff, 0xff, 0x40, 0x00, 0x3c, 0x06, 0x80, 0xb4, 0x0d, 0x20, 0x00, 0x79, 0x06,
    0x80, 0xb4, 0x0d, 0x20, 0x00, 0xd4, 0x06, 0x80, 0xb4, 0x0d, 0x20, 0x07, 0xc0, 0x06, 0x80, 0xb4,
    0xcc, 0x10, 0x0a, 0x10, 0x00, 0x00, 0xa4, 0x00, 0x00,
    /* U+5E55 "幕" */
    0x00, 0x00, 0xb2, 0x00, 0x3b, 0x00, 0x00, 0x1d, 0xdd, 0xfd, 0xdd, 0xef, 0xdd, 0xd1, 0x00, 0x00,
    0x91, 0x00, 0x28, 0x00, 0x00, 0x00, 0x9c, 0xbb, 0xbb, 0xbb, 0xcb, 0x00, 0x00, 0x96, 0x00, 0x00,
    0x00, 0x4b, 0x00, 0x00, 0x9c, 0xaa, 0xaa, 0xaa, 0xcb, 0x00, 0x00, 0x9c, 0xaa, 0xaa, 0xaa, 0xcb,
    0x00, 0x00, 0x00, 0x6c, 0x00, 0x00, 0x00, 0x00, 0x3d, 0xde, 0xfd, 0xee, 0xde, 0xed, 0xd3, 0x00,
    0x5e, 0x50, 0x97, 0x04, 0xd4, 0x00, 0x2b, 0xdf, 0xdd, 0xee, 0xdd, 0xfd, 0xb3, 0x27, 0x1e, 0x00,
    0x97, 0x00, 0xc4, 0x31, 0x00, 0x1e, 0x00, 0x97, 0x2b, 0xd2, 0x00, 0x00, 0x01, 0x00, 0x65, 0x00,
    0x00, 0x00,
    /* U+5E72 "干" */
    0x08, 0xff, 0xff, 0xff, 0xff, 0xff, 0x90, 0x01, 0x11, 0x11, 0xa9, 0x11, 0x11, 0x10, 0x00, 0x00,
    0x00, 0xa8, 0x00, 0x00, 0x00, 0x00, 0x00, 0x00, 0xa8, 0x00, 0x00, 0x00, 0x00, 0x00, 0x00, 0xa8,
    0x00, 0x00, 0x00, 0x4f, 0xff, 0xff, 0xff, 0xff, 0xff, 0xf4, 0x01, 0x11, 0x11, 0xa9, 0x11, 0x11,
    0x10, 0x00, 0x00, 0x00, 0xa8, 0x00, 0x00, 0x00, 0x00, 0x00, 0x00, 0xa8, 0x00, 0x00, 0x00, 0x00,
    0x00, 0x00, 0xa8, 0x00, 0x00, 0x00, 0x00, 0x00, 0x00, 0xa8, 0x00, 0x00, 0x00, 0x00, 0x00, 0x00,
    0xa8, 0x00, 0x00, 0x00, 0x00, 0x00, 0x00, 0x87, 0x00, 0x00, 0x00,
    /* U+5E73 "平" */
    0x08, 0xff, 0xff, 0xff, 0xff, 0xff, 0x70, 0x00, 0x11, 0x11, 0x98, 0x11, 0x21, 0x00, 0x00, 0x69,
    0x00, 0x98, 0x00, 0xa7, 0x00, 0x00, 0x1e, 0x10, 0x98, 0x01, 0xe2, 0x00, 0x00, 0x0b, 0x50, 0x98,
    0x06, 0xb0, 0x00, 0x00, 0x07, 0x80, 0x98, 0x0b, 0x40, 0x00, 0x01, 0x11, 0x11, 0x98, 0x11, 0x11,
    0x10, 0x4f, 0xff, 0xff, 0xff, 0xff, 0xff, 0xf4, 0x00, 0x00, 0x00, 0x98, 0x00, 0x00, 0x00, 0x00,
    0x00, 0x00, 0x98, 0x00, 0x00, 0x00, 0x00, 0x00, 0x00, 0x98, 0x00, 0x00, 0x00, 0x00, 0x00, 0x00,
    0x98, 0x00, 0x00, 0x00, 0x00, 0x00, 0x00, 0x87, 0x00, 0x00, 0x00,
    /* U+5E74 "年" */
    0x00, 0x05, 0x90, 0x00, 0x00, 0x00, 0x00, 0x00, 0x0c, 0x70, 0x00, 0x00, 0x00, 0x00, 0x00, 0x4f,
    0xff, 0xff, 0xff, 0xff, 0xb0, 0x02, 0xd5, 0x00, 0x0c, 0x40, 0x00, 0x00, 0x1c, 0x80, 0x00, 0x0c,
    0x40, 0x00, 0x00, 0x06, 0x1f, 0xff, 0xff, 0xff, 0xff, 0x60, 0x00, 0x0f, 0x00, 0x0c, 0x40, 0x00,
    0x00, 0x00, 0x0f, 0x00, 0x0c, 0x40, 0x00, 0x00, 0x00, 0x0f, 0x00, 0x0c, 0x40, 0x00, 0x00, 0x5f,
    0xff, 0xff, 0xff, 0xff, 0xff, 0xf5, 0x00, 0x00, 0x00, 0x0c, 0x40, 0x00, 0x00, 0x00, 0x00, 0x00,
    0x0c, 0x40, 0x00, 0x00, 0x00, 0x00, 0x00, 0x0c, 0x40, 0x00, 0x00, 0x00, 0x00, 0x00, 0x0a, 0x30,
    0x00, 0x00,
    /* U+5E8A "床" */
    0x00, 0x00, 0x00, 0x4c, 0x00, 0x00, 0x00, 0x00, 0x00, 0x00, 0x0d, 0x50, 0x00, 0x00, 0x05, 0xff,
    0xff, 0xff, 0xff, 0xff, 0xf4, 0x05, 0xb0, 0x00, 0x03, 0x50, 0x00, 0x00, 0x05, 0xb0, 0x00, 0x06,
    0xa0, 0x00, 0x00, 0x05, 0xb0, 0x00, 0x06, 0xa0, 0x00, 0x00, 0x06, 0xaa, 0xff, 0xff, 0xff, 0xff,
    0xf3, 0x07, 0xa0, 0x00, 0x4f, 0xf7, 0x00, 0x00, 0x07, 0x90, 0x01, 0xda, 0xbe, 0x30, 0x00, 0x08,
    0x70, 0x09, 0x96, 0xa4, 0xd1, 0x00, 0x0b, 0x50, 0x7d, 0x16, 0xa0, 0x8c, 0x10, 0x0e, 0x39, 0xc2,
    0x06, 0xa0, 0x08, 0xe3, 0x4d, 0x19, 0x10, 0x06, 0xa0, 0x00, 0x61, 0x46, 0x00, 0x00, 0x05, 0x90,
    0x00, 0x00,
    /* U+5E97 "店" */
    0x00, 0x00, 0x00, 0x39, 0x00, 0x00, 0x00, 0x00, 0x00, 0x00, 0x1e, 0x30, 0x00, 0x00, 0x04, 0xff,
    0xff, 0xff, 0xff, 0xff, 0xf3, 0x04, 0xc0, 0x00, 0x07, 0x20, 0x00, 0x00, 0x04, 0xc0, 0x00, 0x0d,
    0x30, 0x00, 0x00, 0x04, 0xc0, 0x00, 0x0d, 0xee, 0xee, 0xb0, 0x04, 0xc0, 0x00, 0x0d, 0x30, 0x00,
    0x00, 0x05, 0xb0, 0x00, 0x0d, 0x30, 0x00, 0x00, 0x06, 0xa0, 0xef, 0xff, 0xff, 0xff, 0x20, 0x08,
    0x90, 0xe2, 0x00, 0x00, 0x0e, 0x20, 0x0b, 0x60, 0xe2, 0x00, 0x00, 0x0e, 0x20, 0x0e, 0x30, 0xe2,
    0x00, 0x00, 0x0e, 0x20, 0x5d, 0x00, 0xee, 0xee, 0xee, 0xef, 0x20, 0x36, 0x00, 0x91, 0x00, 0x00,
    0x09, 0x10,
    /* U+5EA6 "度" */
    0x00, 0x00, 0x00, 0x3a, 0x00, 0x00, 0x00, 0x00, 0x00, 0x00, 0x1e, 0x30, 0x00, 0x00, 0x04, 0xff,
    0xff, 0xff, 0xff, 0xff, 0xf4, 0x04, 0xc0, 0x07, 0x40, 0x02, 0x90, 0x00, 0x04, 0xcb, 0xde, 0xed,
    0xdd, 0xfd, 0xd2, 0x04, 0xc0, 0x09, 0x60, 0x03, 0xd0, 0x00, 0x04, 0xb0, 0x09, 0x60, 0x03, 0xd0,
    0x00, 0x05, 0xa0, 0x08, 0xdd, 0xdd, 0xb0, 0x00, 0x06, 0xa0, 0x00, 0x00, 0x00, 0x00, 0x00, 0x07,
    0x99, 0xdf, 0xdd, 0xdd, 0xed, 0x00, 0x09, 0x70, 0x1d, 0x60, 0x03, 0xd4, 0x00, 0x0c, 0x40, 0x02,
    0xba, 0x8d, 0x30, 0x00, 0x2e, 0x13, 0x69, 0xcd, 0xdd, 0x96, 0x30, 0x48, 0x1b, 0x97, 0x20, 0x03,
    0x7a, 0xd2,
    /* U+5EB7 "康" */
    0x00, 0x00, 0x00, 0x01, 0x00, 0x00, 0x00, 0x00, 0x00, 0x00, 0x2e, 0x10, 0x00, 0x00, 0x05, 0xee,
    0xee, 0xef, 0xee, 0xee, 0xe4, 0x05, 0xa0, 0x00, 0x0b, 0x50, 0x00, 0x00, 0x05, 0xa4, 0xbb, 0xbe,
    0xdb, 0xbb, 0x10, 0x05, 0xa0, 0x00, 0x0b, 0x50, 0x0e, 0x10, 0x05, 0xac, 0xcc, 0xce, 0xdc, 0xcf,
    0xe6, 0x06, 0x90, 0x00, 0x0b, 0x50, 0x0e, 0x10, 0x06, 0x95, 0xbb, 0xbe, 0xdb, 0xbf, 0x10, 0x07,
    0x85, 0x60, 0x0b, 0x80, 0x06, 0x30, 0x09, 0x61, 0xb9, 0x0b, 0xf3, 0x9c, 0x20, 0x0b, 0x40, 0x09,
    0xbf, 0x8e, 0xa0, 0x00, 0x0e, 0x15, 0xcc, 0x4b, 0x53, 0xe8, 0x10, 0x4c, 0x3c, 0x50, 0x0c, 0x50,
    0x18, 0xe4, 0x46, 0x00, 0x0b, 0xdc, 0x20, 0x00, 0x10,
    /* U+5F00 "开" */
    0x0b, 0xff, 0xff, 0xff, 0xff, 0xff, 0xd0, 0x00, 0x00, 0xe3, 0x00, 0x0e, 0x30, 0x00, 0x00, 0x00,
    0xe2, 0x00, 0x0e, 0x20, 0x00, 0x00, 0x00, 0xe2, 0x00, 0x0e, 0x20, 0x00, 0x00, 0x00, 0xe2, 0x00,
    0x0e, 0x20, 0x00, 0x4f, 0xff, 0xff, 0xff, 0xff, 0xff, 0xf4, 0x00, 0x01, 0xf1, 0x00, 0x0e, 0x30,
    0x00, 0x00, 0x03, 0xd0, 0x00, 0x0e, 0x20, 0x00, 0x00, 0x08, 0xa0, 0x00, 0x0e, 0x20, 0x00, 0x00,
    0x1e, 0x50, 0x00, 0x0e, 0x20, 0x00, 0x00, 0xab, 0x00, 0x00, 0x0e, 0x20, 0x00, 0x0a, 0xe2, 0x00,
    0x00, 0x0e, 0x20, 0x00, 0x1a, 0x20, 0x00, 0x00, 0x0c, 0x20, 0x00,
    /* U+5F1F "弟" */
    0x00, 0x08, 0x60, 0x00, 0x07, 0x90, 0x00, 0x00, 0x3e, 0x10, 0x01, 0xe3, 0x00, 0x06, 0xee, 0xfe,
    0xee, 0xef, 0xee, 0x40, 0x00, 0x00, 0x08, 0x80, 0x00, 0xc4, 0x00, 0x00, 0x00, 0x88, 0x00, 0x0c,
    0x40, 0x0a, 0xff, 0xff, 0xff, 0xff, 0xf4, 0x00, 0xd3, 0x00, 0x88, 0x00, 0x00, 0x00, 0x1f, 0x00,
    0x08, 0x80, 0x00, 0x00, 0x04, 0xfe, 0xee, 0xff, 0xee, 0xee, 0xd0, 0x00, 0x00, 0xaf, 0x80, 0x00,
    0x4c, 0x00, 0x00, 0xac, 0x98, 0x00, 0x06, 0xb0, 0x03, 0xcc, 0x18, 0x80, 0x00, 0x98, 0x1a, 0xe7,
    0x10, 0x88, 0x0c, 0xee, 0x30, 0x51, 0x00, 0x07, 0x70, 0x01, 0x00,
    /* U+5F62 "形" */
    0x00, 0x00, 0x00, 0x00, 0x00, 0x05, 0x50, 0x3f, 0xff, 0xff, 0xff, 0x00, 0x5e, 0x30, 0x00, 0x96,
    0x05, 0xa0, 0x07, 0xe3, 0x00, 0x00, 0x96, 0x05, 0xa0, 0xac, 0x20, 0x00, 0x00, 0x96, 0x05, 0xa0,
    0x20, 0x00, 0x50, 0x00, 0x96, 0x05, 0xa0, 0x00, 0x0b, 0xa0, 0x6f, 0xff, 0xff, 0xff, 0x31, 0xba,
    0x00, 0x00, 0xa5, 0x05, 0xa0, 0x5e, 0x80, 0x00, 0x00, 0xc3, 0x05, 0xa0, 0x44, 0x00, 0x41, 0x00,
    0xe1, 0x05, 0xa0, 0x00, 0x02, 0xe3, 0x01, 0xe0, 0x05, 0xa0, 0x00, 0x2d, 0x70, 0x07, 0xa0, 0x05,
    0xa0, 0x05, 0xe8, 0x00, 0x1e, 0x40, 0x05, 0xa2, 0xae, 0x50, 0x00, 0x39, 0x00, 0x05, 0x93, 0xa1,
    0x00, 0x00,
    /* U+5F85 "待" */
    0x00, 0x09, 0x30, 0x00, 0x66, 0x00, 0x00, 0x00, 0x8c, 0x00, 0x00, 0x88, 0x00, 0x00, 0x09, 0xd1,
    0x08, 0xee, 0xff, 0xee, 0xa0, 0x3c, 0x13, 0x40, 0x00, 0x88, 0x00, 0x00, 0x00, 0x1d, 0x50, 0x00,
    0x88, 0x00, 0x00, 0x00, 0x9b, 0x6f, 0xff, 0xff, 0xff, 0xf7, 0x06, 0xf9, 0x00, 0x00, 0x00, 0x87,
    0x00, 0x5e, 0xa9, 0x00, 0x00, 0x00, 0x87, 0x00, 0x45, 0x69, 0x4f, 0xff, 0xff, 0xff, 0xf5, 0x00,
    0x69, 0x00, 0x60, 0x00, 0x87, 0x00, 0x00, 0x69, 0x00, 0xb7, 0x00, 0x87, 0x00, 0x00, 0x69, 0x00,
    0x2e, 0x20, 0x87, 0x00, 0x00, 0x69, 0x00, 0x04, 0x00, 0x97, 0x00, 0x00, 0x69, 0x00, 0x00, 0x8f,
    0xd4, 0x00, 0x00, 0x00, 0x00, 0x00, 0x00, 0x00, 0x00,
    /* U+5F8C "後" */
    0x00, 0x1b, 0x20, 0x03, 0x90, 0x00, 0x00, 0x00, 0x99, 0x00, 0x2d, 0x40, 0x22, 0x00, 0x09, 0xb0,
    0x02, 0xc4, 0x03, 0xd6, 0x00, 0x3a, 0x06, 0x6e, 0xec, 0xcd, 0x40, 0x00, 0x00, 0x2e, 0x23, 0x2a,
    0xc2, 0x88, 0x00, 0x00, 0xaa, 0x02, 0xc9, 0x01, 0x3e, 0x40, 0x09, 0xf7, 0x4f, 0xfd, 0xec, 0xbb,
    0xd0, 0x5d, 0xb7, 0x12, 0x2e, 0x30, 0x00, 0x82, 0x02, 0x87, 0x02, 0xdd, 0xdd, 0xde, 0x00, 0x00,
    0x87, 0x5e, 0xba, 0x01, 0xc7, 0x00, 0x00, 0x87, 0x64, 0x0b, 0x9b, 0xa0, 0x00, 0x00, 0x87, 0x00,
    0x05, 0xfe, 0x30, 0x00, 0x00, 0x87, 0x26, 0xcd, 0x57, 0xea, 0x51, 0x00, 0x86, 0x99, 0x50, 0x00,
    0x16, 0xb4,
    /* U+5FD9 "忙" */
    0x00, 0x85, 0x00, 0x00, 0x94, 0x00, 0x00, 0x00, 0x86, 0x00, 0x00, 0x4e, 0x10, 0x00, 0x02, 0x88,
    0x30, 0x00, 0x06, 0x20, 0x00, 0x0c, 0x88, 0xbc, 0xff, 0xff, 0xff, 0xf7, 0x2b, 0x86, 0xc2, 0x79,
    0x00, 0x00, 0x00, 0x58, 0x86, 0x41, 0x79, 0x00, 0x00, 0x00, 0x75, 0x86, 0x00, 0x79, 0x00, 0x00,
    0x00, 0x00, 0x86, 0x00, 0x79, 0x00, 0x00, 0x00, 0x00, 0x86, 0x00, 0x79, 0x00, 0x00, 0x00, 0x00,
    0x86, 0x00, 0x79, 0x00, 0x00, 0x00, 0x00, 0x86, 0x00, 0x79, 0x00, 0x00, 0x00, 0x00, 0x86, 0x00,
    0x79, 0x00, 0x00, 0x00, 0x00, 0x86, 0x00, 0x6e, 0xee, 0xee, 0xe1, 0x00, 0x85, 0x00, 0x00, 0x00,
    0x00, 0x00,
    /* U+5FEB "快" */
    0x00, 0x75, 0x00, 0x00, 0xb2, 0x00, 0x00, 0x00, 0x96, 0x00, 0x00, 0xd3, 0x00, 0x00, 0x00, 0x96,
    0x00, 0x00, 0xd3, 0x00, 0x00, 0x06, 0x9b, 0x69, 0xff, 0xff, 0xff, 0x50, 0x1c, 0x97, 0xc0, 0x00,
    0xd3, 0x0b, 0x50, 0x3a, 0x96, 0x81, 0x00, 0xe2, 0x0b, 0x50, 0x76, 0x96, 0x00, 0x00, 0xe2, 0x0b,
    0x50, 0x00, 0x96, 0x6f, 0xff, 0xff, 0xff, 0xf8, 0x00, 0x96, 0x00, 0x04, 0xfc, 0x10, 0x00, 0x00,
    0x96, 0x00, 0x08, 0x8c, 0x50, 0x00, 0x00, 0x96, 0x00, 0x2e, 0x25, 0xd0, 0x00, 0x00, 0x96, 0x01,
    0xc8, 0x00, 0xca, 0x00, 0x00, 0x96, 0x3c, 0xa0, 0x00, 0x2d, 0xb3, 0x00, 0x86, 0x78, 0x00, 0x00,
    0x02, 0xa3,
    /* U+600E "怎" */
    0x00, 0x04, 0xa0, 0x00, 0x00, 0x00, 0x00, 0x00, 0x0a, 0x90, 0x00, 0x00, 0x00, 0x00, 0x00, 0x1f,
    0xee, 0xfe, 0xee, 0xee, 0xe0, 0x00, 0x9a, 0x03, 0xd0, 0x00, 0x00, 0x00, 0x06, 0xe1, 0x03, 0xfd,
    0xdd, 0xdd, 0x30, 0x0e, 0x50, 0x03, 0xd0, 0x00, 0x00, 0x00, 0x03, 0x00, 0x03, 0xfe, 0xee, 0xee,
    0x80, 0x00, 0x00, 0x03, 0xd0, 0x00, 0x00, 0x00, 0x00, 0x00, 0x03, 0xd0, 0x00, 0x00, 0x00, 0x00,
    0x21, 0x31, 0xd5, 0x00, 0x24, 0x00, 0x02, 0xe3, 0xd0, 0x3e, 0x70, 0x2e, 0x10, 0x07, 0x93, 0xd0,
    0x02, 0x50, 0x69, 0x80, 0x0d, 0x43, 0xd1, 0x00, 0x04, 0xd3, 0xe1, 0x06, 0x01, 0xbe, 0xee, 0xee,
    0x60, 0x61,
    /* U+601D "思" */
    0x00, 0xfe, 0xee, 0xff, 0xee, 0xed, 0x00, 0x00, 0xf0, 0x00, 0x87, 0x00, 0x3d, 0x00, 0x00, 0xf0,
    0x00, 0x87, 0x00, 0x3d, 0x00, 0x00, 0xfd, 0xdd, 0xee, 0xdd, 0xed, 0x00, 0x00, 0xf0, 0x00, 0x87,
    0x00, 0x3d, 0x00, 0x00, 0xf0, 0x00, 0x87, 0x00, 0x3d, 0x00, 0x00, 0xee, 0xee, 0xee, 0xee, 0xec,
    0x00, 0x00, 0x00, 0x05, 0x91, 0x00, 0x00, 0x00, 0x00, 0x70, 0x82, 0xad, 0x20, 0x47, 0x00, 0x02,
    0xd0, 0xf1, 0x07, 0xb0, 0x2e, 0x20, 0x08, 0x90, 0xf1, 0x00, 0x06, 0x58, 0xa0, 0x1e, 0x20, 0xe2,
    0x00, 0x0a, 0x62, 0xf2, 0x15, 0x00, 0x9e, 0xff, 0xfc, 0x10, 0x30,
    /* U+610F "意" */
    0x00, 0x00, 0x00, 0x87, 0x00, 0x00, 0x00, 0x05, 0xdd, 0xdd, 0xef, 0xdd, 0xdd, 0x40, 0x00, 0x01,
    0xd1, 0x00, 0x1d, 0x10, 0x00, 0x0c, 0xdd, 0xed, 0xdd, 0xde, 0xdd, 0xd1, 0x00, 0x00, 0x00, 0x00,
    0x00, 0x00, 0x00, 0x00, 0x4b, 0xbb, 0xbb, 0xbb, 0xb5, 0x00, 0x00, 0x5a, 0x00, 0x00, 0x00, 0x97,
    0x00, 0x00, 0x5d, 0xbb, 0xbb, 0xbb, 0xd7, 0x00, 0x00, 0x5a, 0x00, 0x00, 0x00, 0x97, 0x00, 0x00,
    0x4b, 0xbb, 0xeb, 0xbb, 0xb5, 0x00, 0x00, 0x41, 0x52, 0xc9, 0x10, 0x45, 0x00, 0x01, 0xe2, 0xc3,
    0x08, 0x45, 0x2d, 0x30, 0x0a, 0x80, 0xc4, 0x00, 0x1d, 0x15, 0xb0, 0x07, 0x00, 0x7d, 0xdd, 0xd9,
    0x00, 0x30,
    /* U+6211 "我" */
    0x00, 0x00, 0x04, 0x61, 0xa0, 0x30, 0x00, 0x04, 0x8b, 0xee, 0x92, 0xf0, 0xd7, 0x00, 0x0b, 0x99,
    0xd0, 0x01, 0xf0, 0x2e, 0x40, 0x00, 0x03, 0xc0, 0x00, 0xf1, 0x05, 0x90, 0x00, 0x03, 0xc0, 0x00,
    0xf1, 0x00, 0x00, 0x3f, 0xff, 0xff, 0xff, 0xff, 0xff, 0xf4, 0x00, 0x03, 0xc0, 0x00, 0xc5, 0x02,
    0x00, 0x00, 0x03, 0xc0, 0x11, 0xa7, 0x1d, 0x40, 0x00, 0x27, 0xec, 0xe5, 0x7a, 0x9a, 0x00, 0x4e,
    0xec, 0xd3, 0x00, 0x4e, 0xd1, 0x00, 0x12, 0x03, 0xc0, 0x00, 0x6f, 0x40, 0x32, 0x00, 0x03, 0xc0,
    0x19, 0xdb, 0x80, 0x77, 0x00, 0x15, 0xc2, 0xd9, 0x13, 0xe4, 0xa4, 0x05, 0xfe, 0x70, 0x40, 0x00,
    0x5e, 0xc0,
    /* U+6237 "户" */
    0x00, 0x00, 0x00, 0x00, 0x00, 0x00, 0x00, 0x00, 0x00, 0x96, 0x00, 0x00, 0x00, 0x00, 0x00, 0x4c,
    0x00, 0x00, 0x00, 0x9f, 0xff, 0xff, 0xff, 0xfc, 0x00, 0xa7, 0x00, 0x00, 0x00, 0x3c, 0x00, 0xa7,
    0x00, 0x00, 0x00, 0x3c, 0x00, 0xa7, 0x00, 0x00, 0x00, 0x3c, 0x00, 0xa7, 0x00, 0x00, 0x00, 0x3c,
    0x00, 0xcf, 0xff, 0xff, 0xff, 0xfc, 0x00, 0xd4, 0x00, 0x00, 0x00, 0x3b, 0x00, 0xe2, 0x00, 0x00,
    0x00, 0x00, 0x02, 0xe0, 0x00, 0x00, 0x00, 0x00, 0x07, 0xa0, 0x00, 0x00, 0x00, 0x00, 0x1e, 0x40,
    0x00, 0x00, 0x00, 0x00, 0x4a, 0x00, 0x00, 0x00, 0x00, 0x00,
    /* U+623F "房" */
    0x00, 0x00, 0x00, 0x64, 0x00, 0x00, 0x00, 0x00, 0x00, 0x07, 0xa0, 0x00, 0x00, 0x02, 0xfe, 0xee,
    0xee, 0xee, 0xef, 0x60, 0x2f, 0x00, 0x00, 0x00, 0x00, 0xa6, 0x02, 0xfd, 0xdd, 0xdd, 0xdd, 0xde,
    0x60, 0x2e, 0x00, 0x00, 0xa3, 0x00, 0x00, 0x03, 0xe0, 0x00, 0x06, 0xa0, 0x00, 0x00, 0x4d, 0x8d,
    0xdd, 0xdd, 0xdd, 0xdb, 0x05, 0xc0, 0x00, 0xf0, 0x00, 0x00, 0x00, 0x6a, 0x00, 0x3f, 0xcc, 0xcc,
    0xc0, 0x09, 0x70, 0x08, 0x70, 0x00, 0x3d, 0x00, 0xd4, 0x03, 0xe1, 0x00, 0x04, 0xc0, 0x3e, 0x04,
    0xd7, 0x00, 0x10, 0x89, 0x04, 0x81, 0xb5, 0x00, 0x0b, 0xdb, 0x30,
    /* U+6240 "所" */
    0x00, 0x00, 0x15, 0x30, 0x00, 0x16, 0x70, 0x05, 0xad, 0xfd, 0x74, 0xad, 0xeb, 0x60, 0x0a, 0xa5,
    0x20, 0x08, 0xa2, 0x00, 0x00, 0x0a, 0x60, 0x00, 0x08, 0x80, 0x00, 0x00, 0x0a, 0xfe, 0xef, 0x38,
    0x80, 0x00, 0x00, 0x0a, 0x60, 0x0c, 0x38, 0xff, 0xff, 0xf6, 0x0a, 0x60, 0x0c, 0x38, 0x80, 0x4c,
    0x00, 0x0a, 0xee, 0xef, 0x39, 0x70, 0x4b, 0x00, 0x0b, 0x50, 0x00, 0x0b, 0x60, 0x4b, 0x00, 0x0c,
    0x30, 0x00, 0x0c, 0x40, 0x4b, 0x00, 0x0d, 0x20, 0x00, 0x1f, 0x10, 0x4b, 0x00, 0x1e, 0x00, 0x00,
    0x6b, 0x00, 0x4b, 0x00, 0x6a, 0x00, 0x01, 0xe5, 0x00, 0x4b, 0x00, 0x45, 0x00, 0x01, 0x90, 0x00,
    0x3a, 0x00,
    /* U+624B "手" */
    0x00, 0x01, 0x23, 0x45, 0x7a, 0xd8, 0x00, 0x04, 0xed, 0xcb, 0xdc, 0x74, 0x10, 0x00, 0x00, 0x00,
    0x00, 0x88, 0x00, 0x00, 0x00, 0x00, 0x00, 0x00, 0x88, 0x00, 0x00, 0x00, 0x06, 0xff, 0xff, 0xff,
    0xff, 0xff, 0x80, 0x00, 0x00, 0x00, 0x89, 0x00, 0x00, 0x00, 0x00, 0x00, 0x00, 0x88, 0x00, 0x00,
    0x00, 0x00, 0x00, 0x00, 0x89, 0x00, 0x00, 0x00, 0x5f, 0xff, 0xff, 0xff, 0xff, 0xff, 0xf5, 0x00,
    0x00, 0x00, 0x88, 0x00, 0x00, 0x00, 0x00, 0x00, 0x00, 0x88, 0x00, 0x00, 0x00, 0x00, 0x00, 0x00,
    0x88, 0x00, 0x00, 0x00, 0x00, 0x00, 0x00, 0x98, 0x00, 0x00, 0x00, 0x00, 0x05, 0xff, 0xd3, 0x00,
    0x00, 0x00,
    /* U+6258 "托" */
    0x00, 0x67, 0x00, 0x00, 0x00, 0x48, 0x10, 0x00, 0x78, 0x01, 0x47, 0xbe, 0xb6, 0x10, 0x00, 0x78,
    0x02, 0xa7, 0xa9, 0x00, 0x00, 0x5f, 0xff, 0xf5, 0x00, 0x79, 0x00, 0x00, 0x00, 0x78, 0x00, 0x00,
    0x79, 0x00, 0x00, 0x00, 0x78, 0x00, 0x00, 0x79, 0x02, 0x52, 0x00, 0x78, 0x22, 0x57, 0xce, 0xff,
    0xc3, 0x02, 0xae, 0xf9, 0xda, 0xbb, 0x20, 0x00, 0x6f, 0xea, 0x10, 0x00, 0x79, 0x00, 0x00, 0x11,
    0x78, 0x00, 0x00, 0x79, 0x00, 0x00, 0x00, 0x78, 0x00, 0x00, 0x79, 0x00, 0x41, 0x00, 0x78, 0x00,
    0x00, 0x79, 0x00, 0x96, 0x00, 0x78, 0x00, 0x00, 0x6a, 0x00, 0xb4, 0x1e, 0xd4, 0x00, 0x00, 0x3e,
    0xff, 0xc1,
    /* U+62D7 "拗" */
    0x00, 0xc1, 0x00, 0x60, 0x00, 0xc0, 0x00, 0x00, 0xd1, 0x02, 0xd0, 0x00, 0xe0, 0x00, 0x00, 0xd1,
    0x06, 0x80, 0x00, 0xe0, 0x00, 0x5f, 0xff, 0x5b, 0x31, 0x9e, 0xfe, 0xe2, 0x00, 0xd1, 0x2c, 0x09,
    0x60, 0xe0, 0xd2, 0x00, 0xd1, 0x9c, 0xae, 0x11, 0xd0, 0xd1, 0x00, 0xd3, 0x87, 0xa9, 0x02, 0xc0,
    0xe1, 0x04, 0xef, 0x50, 0xd2, 0x03, 0xb0, 0xe0, 0x8e, 0xf2, 0x05, 0x9a, 0x05, 0x90, 0xf0, 0x10,
    0xd1, 0x0c, 0x2a, 0x48, 0x70, 0xe0, 0x00, 0xd1, 0x8c, 0x9d, 0x8c, 0x31, 0xd0, 0x00, 0xd1, 0xda,
    0x75, 0xcd, 0x03, 0xc0, 0x00, 0xe1, 0x00, 0x00, 0xa7, 0x06, 0xa0, 0x4e, 0xb0, 0x00, 0x02, 0xb0,
    0xbd, 0x40, 0x00, 0x00, 0x00, 0x00, 0x00, 0x00, 0x00,
    /* U+62DC "拜" */
    0x00, 0x01, 0x58, 0x00, 0x00, 0x00, 0x00, 0x39, 0xcf, 0xb7, 0xaf, 0xff, 0xff, 0xf4, 0x26, 0x3f,
    0x10, 0x00, 0x09, 0x70, 0x00, 0x00, 0x0f, 0x10, 0x00, 0x09, 0x70, 0x00, 0x00, 0x0f, 0x10, 0x3f,
    0xff, 0xff, 0xe0, 0x2f, 0xff, 0xfe, 0x00, 0x09, 0x70, 0x00, 0x00, 0x0f, 0x10, 0x00, 0x09, 0x70,
    0x00, 0x00, 0x0f, 0x00, 0x4f, 0xff, 0xff, 0xf1, 0x7f, 0xff, 0xff, 0x10, 0x09, 0x70, 0x00, 0x00,
    0x6b, 0x00, 0x00, 0x0a, 0x70, 0x00, 0x00, 0xb6, 0x00, 0xef, 0xff, 0xff, 0xf7, 0x03, 0xf2, 0x00,
    0x00, 0x09, 0x70, 0x00, 0x1d, 0x90, 0x00, 0x00, 0x09, 0x70, 0x00, 0x2a, 0x10, 0x00, 0x00, 0x09,
    0x60, 0x00,
    /* U+62E8 "拨" */
    0x00, 0x95, 0x00, 0x10, 0x48, 0x02, 0x00, 0x00, 0xb5, 0x00, 0xc4, 0x88, 0x2d, 0x30, 0x00, 0xb5,
    0x01, 0xe0, 0xa6, 0x03, 0x80, 0x5f, 0xff, 0xa7, 0x90, 0xd3, 0x00, 0x00, 0x00, 0xb5, 0x0b, 0xee,
    0xfe, 0xee, 0xe5, 0x00, 0xb5, 0x00, 0x07, 0x90, 0x00, 0x00, 0x00, 0xb6, 0x40, 0x0d, 0xee, 0xee,
    0x70, 0x16, 0xdf, 0xa0, 0x5f, 0x30, 0x0d, 0x40, 0x6d, 0xd6, 0x00, 0xca, 0xc0, 0x7d, 0x00, 0x00,
    0xb5, 0x09, 0xc0, 0xc7, 0xe5, 0x00, 0x00, 0xb5, 0x6f, 0x30, 0x4f, 0xa0, 0x00, 0x00, 0xb5, 0xc5,
    0x01, 0xbe, 0xd2, 0x00, 0x00, 0xb5, 0x10, 0x5d, 0xa1, 0x8e, 0x60, 0x0e, 0xd2, 0x04, 0xd6, 0x00,
    0x05, 0xd4, 0x00, 0x00, 0x00, 0x00, 0x00, 0x00, 0x00,
    /* U+62E9 "择" */
    0x00, 0x76, 0x00, 0x00, 0x00, 0x00, 0x00, 0x00, 0x87, 0x06, 0xff, 0xee, 0xef, 0x70, 0x00, 0x87,
    0x00, 0x3c, 0x20, 0x5d, 0x10, 0x5f, 0xff, 0xf2, 0x04, 0xd7, 0xd2, 0x00, 0x00, 0x87, 0x00, 0x01,
    0xcf, 0x60, 0x00, 0x00, 0x87, 0x02, 0x8e, 0x95, 0xdb, 0x51, 0x00, 0x88, 0x4c, 0xa3, 0x25, 0x17,
    0xd5, 0x03, 0xbf, 0xe1, 0x00, 0x5b, 0x00, 0x00, 0x6d, 0xd9, 0x02, 0xee, 0xff, 0xee, 0x60, 0x00,
    0x87, 0x00, 0x00, 0x5b, 0x00, 0x00, 0x00, 0x87, 0x0c, 0xee, 0xef, 0xee, 0xe5, 0x00, 0x87, 0x00,
    0x00, 0x5b, 0x00, 0x00, 0x00, 0x97, 0x00, 0x00, 0x5b, 0x00, 0x00, 0x0e, 0xe4, 0x00, 0x00, 0x5b,
    0x00, 0x00, 0x00, 0x00, 0x00, 0x00, 0x01, 0x00, 0x00,
    /* U+6309 "按" */
    0x00, 0x77, 0x00, 0x00, 0x77, 0x00, 0x00, 0x00, 0x87, 0x00, 0x00, 0x5c, 0x00, 0x00, 0x00, 0x87,
    0x09, 0xee, 0xef, 0xee, 0xe3, 0x6f, 0xff, 0xfa, 0x50, 0x41, 0x00, 0xc3, 0x00, 0x87, 0x09, 0x51,
    0xe1, 0x00, 0xb3, 0x00, 0x87, 0x00, 0x06, 0xb0, 0x00, 0x00, 0x00, 0x87, 0x0e, 0xef, 0xfe, 0xee,
    0xe6, 0x00, 0x8b, 0xb3, 0x3e, 0x00, 0x5c, 0x00, 0x4c, 0xfc, 0x50, 0xa8, 0x00, 0x98, 0x00, 0x46,
    0x97, 0x01, 0xea, 0x11, 0xe3, 0x00, 0x00, 0x87, 0x00, 0x19, 0xeb, 0xa0, 0x00, 0x00, 0x87, 0x00,
    0x01, 0xaf, 0xc3, 0x00, 0x00, 0x97, 0x02, 0x7d, 0xa1, 0x7e, 0x70, 0x1e, 0xd4, 0x0a, 0x94, 0x00,
    0x03, 0xc2,
    /* U+6362 "换" */
    0x00, 0xa5, 0x00, 0x0b, 0x50, 0x00, 0x00, 0x00, 0xb5, 0x00, 0x5f, 0xed, 0xda, 0x00, 0x00, 0xb5,
    0x01, 0xd3, 0x00, 0xd5, 0x00, 0x5f, 0xff, 0x9b, 0xa0, 0x06, 0xc0, 0x00, 0x00, 0xb5, 0x1d, 0xed,
    0xee, 0xde, 0x50, 0x00, 0xb5, 0x05, 0xa0, 0x79, 0x0b, 0x50, 0x00, 0xb7, 0x45, 0xa0, 0x78, 0x0b,
    0x50, 0x27, 0xee, 0x85, 0xa0, 0x97, 0x0b, 0x50, 0x49, 0xc5, 0x5e, 0xfe, 0xee, 0xef, 0xe4, 0x00,
    0xb5, 0x00, 0x03, 0xed, 0x10, 0x00, 0x00, 0xb5, 0x00, 0x0b, 0x79, 0x90, 0x00, 0x00, 0xb5, 0x00,
    0x9c, 0x01, 0xd4, 0x00, 0x00, 0xb5, 0x2b, 0xc1, 0x00, 0x4e, 0x70, 0x0e, 0xd2, 0xb8, 0x10, 0x00,
    0x03, 0xc4,
    /* U+638C "掌" */
    0x00, 0x38, 0x00, 0x66, 0x00, 0x85, 0x00, 0x00, 0x1d, 0x40, 0x87, 0x04, 0xd1, 0x00, 0x0c, 0xde,
    0xdd, 0xee, 0xdd, 0xed, 0xd0, 0x0d, 0x20, 0x00, 0x00, 0x00, 0x01, 0xe0, 0x0d, 0x2d, 0xcb, 0xbb,
    0xbb, 0xe1, 0xe0, 0x01, 0x0d, 0x20, 0x00, 0x01, 0xe0, 0x10, 0x00, 0x09, 0xbb, 0xbb, 0xbb, 0xb0,
    0x00, 0x00, 0x9b, 0xba, 0xbd, 0xde, 0xc5, 0x00, 0x00, 0x00, 0x00, 0x88, 0x00, 0x00, 0x00, 0x04,
    0xbb, 0xbb, 0xdd, 0xbb, 0xbb, 0x50, 0x00, 0x00, 0x00, 0x87, 0x00, 0x00, 0x00, 0x2b, 0xbb, 0xbb,
    0xdd, 0xbb, 0xbb, 0xb2, 0x00, 0x00, 0x00, 0x97, 0x00, 0x00, 0x00, 0x00, 0x00, 0xac, 0xb3, 0x00,
    0x00, 0x00,
    /* U+63E1 "握" */
    0x00, 0x91, 0x00, 0x00, 0x00, 0x00, 0x00, 0x00, 0xd2, 0x0d, 0xdd, 0xdd, 0xdd, 0xd0, 0x00, 0xd2,
    0x0d, 0x20, 0x00, 0x03, 0xd0, 0x6f, 0xff, 0x9d, 0xdd, 0xdd, 0xdd, 0xd0, 0x00, 0xd2, 0x0d, 0x20,
    0x00, 0x00, 0x00, 0x00, 0xd2, 0x0e, 0xdd, 0xfe, 0xdd, 0xb0, 0x00, 0xd2, 0x2e, 0x12, 0xd1, 0x46,
    0x00, 0x01, 0xde, 0x9f, 0x0c, 0x50, 0x2d, 0x30, 0x6e, 0xf4, 0x1e, 0x7f, 0xcf, 0xcb, 0xb0, 0x21,
    0xd2, 0x2c, 0x10, 0x0e, 0x10, 0x10, 0x00, 0xd2, 0x5a, 0x9c, 0xcf, 0xdc, 0xb0, 0x00, 0xd2, 0x97,
    0x00, 0x0e, 0x10, 0x00, 0x00, 0xd2, 0xe2, 0x00, 0x0e, 0x10, 0x00, 0x4e, 0xc4, 0xa7, 0xdd, 0xdd,
    0xdd, 0xd6, 0x00, 0x00, 0x00, 0x00, 0x00, 0x00, 0x00,
    /* U+6539 "改" */
    0x00, 0x00, 0x00, 0x00, 0xb3, 0x00, 0x00, 0x0e, 0xff, 0xff, 0x01, 0xf1, 0x00, 0x00, 0x01, 0x11,
    0x1f, 0x05, 0xd0, 0x00, 0x00, 0x00, 0x00, 0x0f, 0x09, 0xff, 0xff, 0xf5, 0x00, 0x00, 0x0f, 0x2e,
    0x70, 0x0c, 0x40, 0x0b, 0xff, 0xff, 0xab, 0xc0, 0x1f, 0x10, 0x0b, 0x51, 0x11, 0xa1, 0xc1, 0x5c,
    0x00, 0x0b, 0x40, 0x00, 0x00, 0x77, 0xb6, 0x00, 0x0b, 0x40, 0x00, 0x00, 0x2d, 0xe1, 0x00, 0x0b,
    0x40, 0x03, 0x00, 0x0d, 0xa0, 0x00, 0x0c, 0x56, 0xce, 0x10, 0x6f, 0xe2, 0x00, 0x1e, 0xfd, 0x71,
    0x05, 0xe4, 0x9c, 0x10, 0x1c, 0x50, 0x00, 0x9f, 0x60, 0x0b, 0xe3, 0x00, 0x00, 0x00, 0xa3, 0x00,
    0x00, 0x81,
    /* U+6570 "数" */
    0x04, 0x15, 0x80, 0x60, 0x37, 0x00, 0x00, 0x08, 0x76, 0x95, 0xa0, 0x78, 0x00, 0x00, 0x02, 0x96,
    0x98, 0x20, 0xa6, 0x00, 0x00, 0x4d, 0xdf, 0xfd, 0xd6, 0xdf, 0xff, 0xf4, 0x00, 0x5f, 0xe9, 0x12,
    0xf3, 0x0b, 0x30, 0x06, 0xd8, 0x97, 0xc7, 0xf7, 0x0e, 0x10, 0x4c, 0x25, 0x70, 0x2d, 0x7b, 0x2d,
    0x00, 0x00, 0x0c, 0x10, 0x17, 0x1e, 0x79, 0x00, 0x0d, 0xee, 0xde, 0xb0, 0x0c, 0xe4, 0x00, 0x00,
    0xd2, 0x0a, 0x60, 0x06, 0xe0, 0x00, 0x03, 0xd9, 0x6c, 0x00, 0x0c, 0xf4, 0x00, 0x00, 0x1b, 0xf9,
    0x00, 0x9a, 0x5d, 0x10, 0x16, 0xca, 0x39, 0x4b, 0xb1, 0x08, 0xd3, 0x29, 0x40, 0x00, 0x68, 0x00,
    0x00, 0x73,
    /* U+65B0 "新" */
    0x00, 0x0a, 0x20, 0x00, 0x00, 0x04, 0x20, 0x00, 0x09, 0x70, 0x01, 0x59, 0xde, 0x80, 0x2e, 0xfd,
    0xdf, 0xe4, 0xd7, 0x30, 0x00, 0x02, 0xc0, 0x0e, 0x14, 0xb0, 0x00, 0x00, 0x00, 0xd1, 0x4a, 0x04,
    0xb0, 0x00, 0x00, 0x5d, 0xed, 0xee, 0xd8, 0xff, 0xff, 0xf6, 0x00, 0x07, 0x70, 0x04, 0xb0, 0x2d,
    0x00, 0x00, 0x07, 0x70, 0x05, 0xa0, 0x2d, 0x00, 0x4e, 0xef, 0xfe, 0xe7, 0x90, 0x2d, 0x00, 0x04,
    0x87, 0x7b, 0x16, 0x80, 0x2d, 0x00, 0x0b, 0x47, 0x77, 0x88, 0x70, 0x2d, 0x00, 0x3b, 0x07, 0x71,
    0x8c, 0x30, 0x2d, 0x00, 0x00, 0x08, 0x70, 0x3d, 0x00, 0x2d, 0x00, 0x00, 0x8d, 0x40, 0x35, 0x00,
    0x2b, 0x00,
    /* U+65B9 "方" */
    0x00, 0x00, 0x00, 0x85, 0x00, 0x00, 0x00, 0x00, 0x00, 0x00, 0x7c, 0x00, 0x00, 0x00, 0x00, 0x00,
    0x00, 0x2c, 0x10, 0x00, 0x00, 0x1f, 0xff, 0xff, 0xff, 0xff, 0xff, 0xf2, 0x00, 0x00, 0x4d, 0x00,
    0x00, 0x00, 0x00, 0x00, 0x00, 0x5b, 0x00, 0x00, 0x00, 0x00, 0x00, 0x00, 0x7f, 0xff, 0xff, 0xfa,
    0x00, 0x00, 0x00, 0xa7, 0x00, 0x00, 0x79, 0x00, 0x00, 0x00, 0xe4, 0x00, 0x00, 0x88, 0x00, 0x00,
    0x04, 0xe0, 0x00, 0x00, 0x97, 0x00, 0x00, 0x0b, 0x80, 0x00, 0x00, 0xb5, 0x00, 0x00, 0x5e, 0x20,
    0x00, 0x00, 0xd3, 0x00, 0x04, 0xe5, 0x00, 0x11, 0x04, 0xf0, 0x00, 0x2d, 0x40, 0x00, 0x2e, 0xfe,
    0x70, 0x00, 0x00, 0x00, 0x00, 0x00, 0x00, 0x00, 0x00,
    /* U+65CF "族" */
    0x00, 0x83, 0x00, 0x05, 0x80, 0x00, 0x00, 0x00, 0x5d, 0x00, 0x0b, 0x60, 0x00, 0x00, 0x00, 0x0b,
    0x30, 0x2f, 0xee, 0xee, 0xe4, 0x6f, 0xff, 0xff, 0xb6, 0x50, 0x00, 0x00, 0x00, 0xd2, 0x02, 0xc3,
    0xd0, 0x00, 0x00, 0x00, 0xe2, 0x00, 0x0a, 0xfe, 0xee, 0xa0, 0x00, 0xfe, 0xfa, 0x6c, 0x0a, 0x50,
    0x00, 0x00, 0xf0, 0x5a, 0x12, 0x0a, 0x50, 0x00, 0x01, 0xd0, 0x59, 0xbe, 0xef, 0xfe, 0xe4, 0x03,
    0xb0, 0x69, 0x00, 0x0e, 0xb0, 0x00, 0x06, 0x90, 0x78, 0x00, 0x4c, 0xd3, 0x00, 0x0a, 0x60, 0x87,
    0x01, 0xc5, 0x6a, 0x00, 0x1e, 0x20, 0xa6, 0x1b, 0xa0, 0x0d, 0x70, 0x59, 0x2e, 0xc2, 0xc8, 0x00,
    0x02, 0xc4, 0x00, 0x00, 0x00, 0x00, 0x00, 0x00, 0x00,
    /* U+65E0 "无" */
    0x06, 0xff, 0xff, 0xff, 0xff, 0xff, 0x80, 0x00, 0x11, 0x11, 0xc4, 0x11, 0x11, 0x00, 0x00, 0x00,
    0x00, 0xd3, 0x00, 0x00, 0x00, 0x00, 0x00, 0x00, 0xe2, 0x00, 0x00, 0x00, 0x00, 0x00, 0x00, 0xf1,
    0x00, 0x00, 0x00, 0x4f, 0xff, 0xff, 0xff, 0xff, 0xff, 0xf5, 0x00, 0x00, 0x05, 0xbd, 0x40, 0x00,
    0x00, 0x00, 0x00, 0x0a, 0x7d, 0x40, 0x00, 0x00, 0x00, 0x00, 0x2e, 0x2d, 0x40, 0x00, 0x00, 0x00,
    0x00, 0xa8, 0x0d, 0x40, 0x00, 0x31, 0x00, 0x08, 0xd1, 0x0d, 0x40, 0x00, 0xa6, 0x02, 0xad, 0x20,
    0x0c, 0x60, 0x01, 0xd4, 0x3e, 0x81, 0x00, 0x07, 0xef, 0xff, 0xb0, 0x01, 0x00, 0x00, 0x00, 0x00,
    0x00, 0x00,
    /* U+65E5 "日" */
    0x8f, 0xff, 0xff, 0xff, 0xfa, 0x88, 0x11, 0x11, 0x11, 0x8a, 0x88, 0x00, 0x00, 0x00, 0x7a, 0x88,
    0x00, 0x00, 0x00, 0x7a, 0x88, 0x00, 0x00, 0x00, 0x7a, 0x8f, 0xff, 0xff, 0xff, 0xfa, 0x88, 0x11,
    0x11, 0x11, 0x7a, 0x88, 0x00, 0x00, 0x00, 0x7a, 0x88, 0x00, 0x00, 0x00, 0x7a, 0x88, 0x00, 0x00,
    0x00, 0x7a, 0x88, 0x11, 0x11, 0x11, 0x7a, 0x8f, 0xff, 0xff, 0xff, 0xfa, 0x77, 0x00, 0x00, 0x00,
    0x58,
    /* U+65E7 "旧" */
    0x24, 0x00, 0x00, 0x00, 0x00, 0x00, 0x6b, 0x01, 0xff, 0xff, 0xff, 0xf6, 0x6b, 0x01, 0xf0, 0x00,
    0x00, 0xa7, 0x6b, 0x01, 0xf0, 0x00, 0x00, 0xa7, 0x6b, 0x01, 0xf0, 0x00, 0x00, 0xa7, 0x6b, 0x01,
    0xf0, 0x00, 0x00, 0xa7, 0x6b, 0x01, 0xff, 0xff, 0xff, 0xf7, 0x6b, 0x01, 0xf0, 0x00, 0x00, 0xa7,
    0x6b, 0x01, 0xf0, 0x00, 0x00, 0xa7, 0x6b, 0x01, 0xf0, 0x00, 0x00, 0xa7, 0x6b, 0x01, 0xf0, 0x00,
    0x00, 0xa7, 0x6b, 0x01, 0xf0, 0x00, 0x00, 0xa7, 0x6b, 0x01, 0xff, 0xff, 0xff, 0xf7, 0x6a, 0x01,
    0xe0, 0x00, 0x00, 0x96,
    /* U+65E9 "早" */
    0x00, 0xde, 0xee, 0xee, 0xee, 0xfc, 0x00, 0x00, 0xd2, 0x00, 0x00, 0x00, 0x4c, 0x00, 0x00, 0xde,
    0xdd, 0xdd, 0xdd, 0xec, 0x00, 0x00, 0xd2, 0x00, 0x00, 0x00, 0x4c, 0x00, 0x00, 0xd2, 0x00, 0x00,
    0x00, 0x4c, 0x00, 0x00, 0xde, 0xee, 0xee, 0xee, 0xec, 0x00, 0x00, 0x00, 0x00, 0x97, 0x00, 0x00,
    0x00, 0x00, 0x00, 0x00, 0x97, 0x00, 0x00, 0x00, 0x5f, 0xff, 0xff, 0xff, 0xff, 0xff, 0xf6, 0x00,
    0x00, 0x00, 0x98, 0x00, 0x00, 0x00, 0x00, 0x00, 0x00, 0x97, 0x00, 0x00, 0x00, 0x00, 0x00, 0x00,
    0x97, 0x00, 0x00, 0x00, 0x00, 0x00, 0x00, 0x86, 0x00, 0x00, 0x00,
    /* U+65F6 "时" */
    0x00, 0x00, 0x00, 0x00, 0x04, 0xb0, 0x0c, 0xee, 0xe7, 0x00, 0x00, 0x5b, 0x00, 0xd2, 0x07, 0x80,
    0x00, 0x05, 0xb0, 0x0d, 0x20, 0x78, 0xdf, 0xff, 0xff, 0xf7, 0xd2, 0x07, 0x81, 0x11, 0x15, 0xc1,
    0x0d, 0x20, 0x78, 0x02, 0x00, 0x5b, 0x00, 0xde, 0xef, 0x82, 0xe2, 0x05, 0xb0, 0x0d, 0x20, 0x78,
    0x08, 0xa0, 0x5b, 0x00, 0xd2, 0x07, 0x80, 0x0d, 0x55, 0xb0, 0x0d, 0x20, 0x78, 0x00, 0x33, 0x5b,
    0x00, 0xde, 0xef, 0x80, 0x00, 0x05, 0xb0, 0x0d, 0x20, 0x00, 0x00, 0x00, 0x5b, 0x00, 0x81, 0x00,
    0x00, 0x01, 0x16, 0xb0, 0x00, 0x00, 0x00, 0x00, 0xef, 0xe6, 0x00,
    /* U+660E "明" */
    0xde, 0xee, 0xa0, 0xff, 0xff, 0xff, 0xd2, 0x04, 0xb0, 0xf0, 0x00, 0x1f, 0xd2, 0x04, 0xb0, 0xf0,
    0x00, 0x1f, 0xd2, 0x04, 0xb0, 0xfe, 0xee, 0xef, 0xde, 0xef, 0xb0, 0xf0, 0x00, 0x1f, 0xd2, 0x04,
    0xb0, 0xf0, 0x00, 0x1f, 0xd2, 0x04, 0xb1, 0xf0, 0x00, 0x1f, 0xd2, 0x04, 0xb3, 0xfe, 0xee, 0xef,
    0xdf, 0xff, 0xa5, 0xa0, 0x00, 0x1f, 0xd2, 0x00, 0x0a, 0x50, 0x00, 0x1f, 0x51, 0x00, 0x2f, 0x10,
    0x00, 0x1f, 0x00, 0x01, 0xc8, 0x00, 0x00, 0x2f, 0x00, 0x05, 0xb1, 0x00, 0x3f, 0xe9, 0x00, 0x00,
    0x00, 0x00, 0x00, 0x00,
    /* U+6628 "昨" */
    0x00, 0x00, 0x00, 0x84, 0x00, 0x00, 0x0d, 0xee, 0xe3, 0x0e, 0x30, 0x00, 0x00, 0xe1, 0x0c, 0x33,
    0xe0, 0x00, 0x00, 0x0e, 0x10, 0xc3, 0x8f, 0xff, 0xff, 0xf7, 0xe1, 0x0c, 0x3e, 0x3b, 0x50, 0x00,
    0x0e, 0x10, 0xcb, 0xb0, 0xb5, 0x00, 0x00, 0xee, 0xef, 0x52, 0x0b, 0xff, 0xff, 0x3e, 0x10, 0xc3,
    0x00, 0xb5, 0x00, 0x00, 0xe1, 0x0c, 0x30, 0x0b, 0x50, 0x00, 0x0e, 0x10, 0xc3, 0x00, 0xbe, 0xee,
    0xe4, 0xee, 0xef, 0x30, 0x0b, 0x50, 0x00, 0x0e, 0x10, 0x00, 0x00, 0xb5, 0x00, 0x00, 0x30, 0x00,
    0x00, 0x0b, 0x50, 0x00, 0x00, 0x00, 0x00, 0x00, 0xa4, 0x00, 0x00,
    /* U+662F "是" */
    0x00, 0xbd, 0xcc, 0xcc, 0xcc, 0xda, 0x00, 0x00, 0xb4, 0x00, 0x00, 0x00, 0x6a, 0x00, 0x00, 0xbd,
    0xbb, 0xbb, 0xbb, 0xda, 0x00, 0x00, 0xb4, 0x00, 0x00, 0x00, 0x6a, 0x00, 0x00, 0x9c, 0xcc, 0xcc,
    0xcc, 0xc8, 0x00, 0x00, 0x00, 0x00, 0x00, 0x00, 0x00, 0x00, 0x3e, 0xee, 0xee, 0xff, 0xee, 0xee,
    0xe3, 0x00, 0x09, 0x20, 0x6a, 0x00, 0x00, 0x00, 0x00, 0x3f, 0x00, 0x6f, 0xee, 0xee, 0x40, 0x00,
    0x8f, 0x50, 0x6a, 0x00, 0x00, 0x00, 0x01, 0xd6, 0xd2, 0x6a, 0x00, 0x00, 0x00, 0x08, 0xb0, 0x7e,
    0xba, 0x10, 0x00, 0x00, 0x4d, 0x20, 0x04, 0xad, 0xef, 0xff, 0xf4, 0x00, 0x00, 0x00, 0x00, 0x00,
    0x00, 0x00,
    /* U+663C "昼" */
    0x00, 0xbe, 0xee, 0xee, 0xee, 0xef, 0x00, 0x00, 0xb5, 0x00, 0x00, 0x00, 0x1f, 0x00, 0x00, 0xbe,
    0xee, 0xee, 0xee, 0xef, 0x00, 0x00, 0xe2, 0x00, 0x00, 0x3e, 0x20, 0x00, 0x02, 0xe0, 0x00, 0x00,
    0x0a, 0xc0, 0x00, 0x08, 0xae, 0xcc, 0xcc, 0xcd, 0xfc, 0x30, 0x3e, 0x2e, 0x00, 0x00, 0x03, 0xd9,
    0xf3, 0x36, 0x0e, 0xcb, 0xbb, 0xbc, 0xc0, 0x20, 0x00, 0x0e, 0x00, 0x00, 0x03, 0xc0, 0x00, 0x00,
    0x0e, 0xcc, 0xcc, 0xcd, 0xc0, 0x00, 0x00, 0x00, 0x00, 0x00, 0x00, 0x00, 0x00, 0x0f, 0xff, 0xff,
    0xff, 0xff, 0xff, 0xc0, 0x00, 0x00, 0x00, 0x00, 0x00, 0x00, 0x00,
    /* U+6642 "時" */
    0x00, 0x00, 0x00, 0x03, 0xd0, 0x00, 0x0d, 0xee, 0xe1, 0x00, 0x3d, 0x00, 0x00, 0xe0, 0x0e, 0x2e,
    0xee, 0xfe, 0xed, 0x0e, 0x00, 0xe1, 0x00, 0x3d, 0x00, 0x00, 0xe0, 0x0e, 0x10, 0x03, 0xd0, 0x00,
    0x0e, 0xee, 0xfb, 0xee, 0xee, 0xff, 0xe7, 0xe0, 0x0e, 0x10, 0x00, 0x05, 0xb0, 0x0e, 0x00, 0xe1,
    0x00, 0x00, 0x5b, 0x00, 0xe0, 0x0e, 0xae, 0xee, 0xef, 0xfe, 0x5e, 0x00, 0xe1, 0x54, 0x00, 0x5b,
    0x00, 0xee, 0xee, 0x13, 0xe3, 0x05, 0xb0, 0x0e, 0x00, 0x00, 0x07, 0xa0, 0x5b, 0x00, 0x40, 0x00,
    0x00, 0x01, 0x05, 0xb0, 0x00, 0x00, 0x00, 0x00, 0x5f, 0xe6, 0x00,
    /* U+665A "晚" */
    0x00, 0x00, 0x00, 0x96, 0x00, 0x00, 0x0d, 0xee, 0xd0, 0x2f, 0xed, 0xd3, 0x00, 0xe0, 0x1d, 0x0c,
    0x70, 0x3d, 0x00, 0x0e, 0x01, 0xd9, 0xe1, 0x0a, 0x60, 0x00, 0xe0, 0x1f, 0xff, 0xee, 0xfe, 0xed,
    0x0e, 0x01, 0xd5, 0xc0, 0x4b, 0x01, 0xd0, 0xee, 0xed, 0x2c, 0x05, 0xa0, 0x1d, 0x0e, 0x01, 0xd2,
    0xc0, 0x69, 0x01, 0xd0, 0xe0, 0x1d, 0x2e, 0xef, 0xfe, 0xec, 0x0e, 0x01, 0xd0, 0x00, 0xea, 0x70,
    0x00, 0xee, 0xed, 0x00, 0x7b, 0x87, 0x01, 0x0e, 0x00, 0x00, 0x5e, 0x28, 0x70, 0x67, 0x60, 0x01,
    0x8e, 0x40, 0x88, 0x08, 0x60, 0x02, 0xe9, 0x20, 0x04, 0xee, 0xd2, 0x00, 0x00, 0x00, 0x00, 0x00,
    0x00, 0x00,
    /* U+6691 "暑" */
    0x00, 0xcc, 0xbb, 0xbb, 0xbb, 0xd8, 0x00, 0x00, 0xcb, 0xaa, 0xaa, 0xaa, 0xd8, 0x00, 0x00, 0xc3,
    0x00, 0x00, 0x00, 0x78, 0x00, 0x00, 0x9b, 0xbb, 0xbb, 0xbb, 0xb8, 0x10, 0x01, 0x44, 0x49, 0xb4,
    0x44, 0x3d, 0x50, 0x01, 0x88, 0x8b, 0xc8, 0x9e, 0xb3, 0x00, 0x1c, 0xcc, 0xcd, 0xec, 0xfe, 0xcc,
    0xc1, 0x00, 0x01, 0x7d, 0xe5, 0x00, 0x00, 0x00, 0x15, 0xae, 0xff, 0xcb, 0xbb, 0xb8, 0x00, 0x3c,
    0x7c, 0x40, 0x00, 0x00, 0x4b, 0x00, 0x00, 0x0b, 0xca, 0xaa, 0xaa, 0xcb, 0x00, 0x00, 0x0b, 0x40,
    0x00, 0x00, 0x4b, 0x00, 0x00, 0x0b, 0xcb, 0xbb, 0xbb, 0xcb, 0x00, 0x00, 0x01, 0x00, 0x00, 0x00,
    0x01, 0x00,
    /* U+66F8 "書" */
    0x00, 0x00, 0x00, 0x76, 0x00, 0x00, 0x00, 0x00, 0x8a, 0xaa, 0xdd, 0xaa, 0xa5, 0x00, 0x00, 0x00,
    0x00, 0x97, 0x00, 0x87, 0x00, 0x2c, 0xcc, 0xcc, 0xed, 0xcc, 0xed, 0xc3, 0x00, 0x9a, 0xaa, 0xdd,
    0xaa, 0xd7, 0x00, 0x00, 0x00, 0x00, 0x97, 0x00, 0x00, 0x00, 0x03, 0xbb, 0xbb, 0xdd, 0xbb, 0xbb,
    0x30, 0x14, 0x44, 0x44, 0xa9, 0x44, 0x44, 0x41, 0x28, 0x88, 0x88, 0x88, 0x88, 0x88, 0x82, 0x00,
    0x5b, 0xbb, 0xbb, 0xbb, 0xb6, 0x00, 0x00, 0x79, 0x00, 0x00, 0x00, 0x79, 0x00, 0x00, 0x7d, 0xaa,
    0xaa, 0xaa, 0xd9, 0x00, 0x00, 0x79, 0x00, 0x00, 0x00, 0x79, 0x00, 0x00, 0x7d, 0xbb, 0xbb, 0xbb,
    0xd9, 0x00, 0x00, 0x11, 0x00, 0x00, 0x00, 0x11, 0x00,
    /* U+6709 "有" */
    0x00, 0x00, 0x09, 0x50, 0x00, 0x00, 0x00, 0x00, 0x00, 0x0e, 0x20, 0x00, 0x00, 0x00, 0x2f, 0xff,
    0xff, 0xff, 0xff, 0xff, 0xf2, 0x00, 0x00, 0xc5, 0x00, 0x00, 0x00, 0x00, 0x00, 0x05, 0xd0, 0x00,
    0x00, 0x00, 0x00, 0x00, 0x1e, 0xfe, 0xee, 0xee, 0xf7, 0x00, 0x02, 0xdd, 0x90, 0x00, 0x00, 0x87,
    0x00, 0x3e, 0x87, 0xed, 0xdd, 0xdd, 0xe7, 0x00, 0x17, 0x07, 0x90, 0x00, 0x00, 0x87, 0x00, 0x00,
    0x07, 0x90, 0x00, 0x00, 0x87, 0x00, 0x00, 0x07, 0xfe, 0xee, 0xee, 0xe7, 0x00, 0x00, 0x07, 0x90,
    0x00, 0x00, 0x87, 0x00, 0x00, 0x07, 0x90, 0x00, 0x00, 0x97, 0x00, 0x00, 0x07, 0x90, 0x00, 0xbf,
    0xe4, 0x00, 0x00, 0x00, 0x00, 0x00, 0x00, 0x00, 0x00,
    /* U+670B "朋" */
    0x04, 0xff, 0xff, 0x43, 0xff, 0xff, 0xa0, 0x4b, 0x00, 0xb4, 0x3c, 0x00, 0x5a, 0x04, 0xb0, 0x0b,
    0x43, 0xc0, 0x05, 0xa0, 0x4f, 0xee, 0xf4, 0x3f, 0xee, 0xea, 0x04, 0xb0, 0x0b, 0x43, 0xc0, 0x05,
    0xa0, 0x4b, 0x00, 0xb4, 0x3c, 0x00, 0x5a, 0x05, 0xb0, 0x0b, 0x44, 0xc0, 0x05, 0xa0, 0x6f, 0xee,
    0xf4, 0x5f, 0xee, 0xfa, 0x06, 0x80, 0x0b, 0x46, 0x90, 0x05, 0xa0, 0x86, 0x00, 0xb4, 0x86, 0x00,
    0x5a, 0x0b, 0x40, 0x0b, 0x4c, 0x40, 0x05, 0xa2, 0xe1, 0x00, 0xb7, 0xd0, 0x00, 0x6a, 0x69, 0x04,
    0xed, 0x96, 0x03, 0xfe, 0x60, 0x00, 0x00, 0x00, 0x00, 0x00, 0x00,
    /* U+671D "朝" */
    0x00, 0x0a, 0x50, 0x00, 0x00, 0x00, 0x00, 0x00, 0xa5, 0x00, 0x2f, 0xee, 0xed, 0x4e, 0xef, 0xfe,
    0xe3, 0xd0, 0x03, 0xd0, 0x00, 0xa5, 0x00, 0x2d, 0x00, 0x3d, 0x0d, 0xdc, 0xcd, 0xa2, 0xfe, 0xee,
    0xd0, 0xd1, 0x00, 0x5a, 0x2d, 0x00, 0x3d, 0x0d, 0xcc, 0xcd, 0xa3, 0xc0, 0x03, 0xd0, 0xd1, 0x00,
    0x5a, 0x4c, 0x00, 0x3d, 0x0d, 0xcc, 0xcd, 0xa5, 0xff, 0xff, 0xd0, 0x00, 0xa5, 0x00, 0x79, 0x00,
    0x3d, 0x6e, 0xef, 0xee, 0xeb, 0x50, 0x03, 0xd0, 0x00, 0xa5, 0x00, 0xe2, 0x00, 0x3d, 0x00, 0x0a,
    0x50, 0x89, 0x00, 0x03, 0xd0, 0x00, 0x84, 0x0c, 0x10, 0x0d, 0xf8,
    /* U+6728 "木" */
    0x00, 0x00, 0x00, 0x77, 0x00, 0x00, 0x00, 0x00, 0x00, 0x00, 0x88, 0x00, 0x00, 0x00, 0x00, 0x00,
    0x00, 0x88, 0x00, 0x00, 0x00, 0x01, 0x11, 0x11, 0x99, 0x11, 0x11, 0x10, 0x1f, 0xff, 0xff, 0xff,
    0xff, 0xff, 0xf1, 0x00, 0x00, 0x05, 0xff, 0x40, 0x00, 0x00, 0x00, 0x00, 0x0d, 0xcc, 0xd0, 0x00,
    0x00, 0x00, 0x00, 0x98, 0x88, 0x89, 0x00, 0x00, 0x00, 0x05, 0xd1, 0x88, 0x0d, 0x60, 0x00, 0x00,
    0x5e, 0x30, 0x88, 0x03, 0xe5, 0x00, 0x06, 0xe5, 0x00, 0x88, 0x00, 0x4e, 0x70, 0x5e, 0x40, 0x00,
    0x88, 0x00, 0x04, 0xe5, 0x02, 0x00, 0x00, 0x88, 0x00, 0x00, 0x10, 0x00, 0x00, 0x00, 0x87, 0x00,
    0x00, 0x00,
    /* U+672C "本" */
    0x00, 0x00, 0x00, 0x88, 0x00, 0x00, 0x00, 0x00, 0x00, 0x00, 0x88, 0x00, 0x00, 0x00, 0x00, 0x00,
    0x00, 0x88, 0x00, 0x00, 0x00, 0x1f, 0xff, 0xff, 0xff, 0xff, 0xff, 0xf2, 0x01, 0x11, 0x3e, 0xaa,
    0xe2, 0x11, 0x10, 0x00, 0x00, 0x98, 0x88, 0x98, 0x00, 0x00, 0x00, 0x02, 0xe1, 0x88, 0x2e, 0x20,
    0x00, 0x00, 0x0a, 0x80, 0x88, 0x09, 0x90, 0x00, 0x00, 0x5e, 0x10, 0x88, 0x02, 0xe5, 0x00, 0x04,
    0xe4, 0x00, 0x88, 0x00, 0x5e, 0x40, 0x3f, 0x6d, 0xff, 0xff, 0xff, 0xc7, 0xf4, 0x03, 0x01, 0x11,
    0x99, 0x11, 0x10, 0x30, 0x00, 0x00, 0x00, 0x88, 0x00, 0x00, 0x00, 0x00, 0x00, 0x00, 0x87, 0x00,
    0x00, 0x00,
    /* U+6735 "朵" */
    0x00, 0x01, 0xff, 0xff, 0xff, 0x20, 0x00, 0x00, 0x01, 0xf0, 0x00, 0x0e, 0x20, 0x00, 0x00, 0x04,
    0xd0, 0x00, 0x0e, 0x20, 0x00, 0x00, 0x2d, 0x60, 0x00, 0x0e, 0x20, 0x00, 0x08, 0xf9, 0x00, 0x00,
    0x0a, 0xff, 0xf1, 0x07, 0x50, 0x00, 0x98, 0x00, 0x00, 0x00, 0x00, 0x00, 0x00, 0x98, 0x00, 0x00,
    0x00, 0x2f, 0xff, 0xff, 0xff, 0xff, 0xff, 0xf1, 0x00, 0x00, 0x2c, 0xdc, 0xc2, 0x00, 0x00, 0x00,
    0x03, 0xd5, 0x98, 0x5d, 0x30, 0x00, 0x02, 0x9e, 0x40, 0x98, 0x04, 0xda, 0x30, 0x2e, 0x91, 0x00,
    0x98, 0x00, 0x07, 0xe3, 0x01, 0x00, 0x00, 0x97, 0x00, 0x00, 0x00,
    /* U+673A "机" */
    0x00, 0x0d, 0x10, 0x00, 0x00, 0x00, 0x00, 0x00, 0x0e, 0x10, 0x0f, 0xff, 0xfa, 0x00, 0x00, 0x0e,
    0x10, 0x0f, 0x00, 0x6a, 0x00, 0x4f, 0xff, 0xff, 0x3f, 0x00, 0x6a, 0x00, 0x00, 0x4f, 0x10, 0x0f,
    0x00, 0x6a, 0x00, 0x00, 0x8f, 0x30, 0x0f, 0x00, 0x6a, 0x00, 0x00, 0xdf, 0xc1, 0x1e, 0x00, 0x6a,
    0x00, 0x03, 0xae, 0x9a, 0x2e, 0x00, 0x6a, 0x00, 0x0a, 0x4e, 0x1c, 0x4c, 0x00, 0x6a, 0x00, 0x3d,
    0x0e, 0x10, 0x6a, 0x00, 0x6a, 0x00, 0x65, 0x0e, 0x10, 0xa6, 0x00, 0x6a, 0x28, 0x00, 0x0e, 0x11,
    0xe2, 0x00, 0x6a, 0x2a, 0x00, 0x0e, 0x18, 0xa0, 0x00, 0x5b, 0x39, 0x00, 0x0e, 0x1c, 0x20, 0x00,
    0x2d, 0xe5, 0x00, 0x01, 0x00, 0x00, 0x00, 0x00, 0x00,
    /* U+6765 "来" */
    0x00, 0x00, 0x00, 0x66, 0x00, 0x00, 0x00, 0x00, 0x00, 0x00, 0x88, 0x00, 0x00, 0x00, 0x08, 0xff,
    0xff, 0xff, 0xff, 0xff, 0xa0, 0x00, 0x25, 0x00, 0x88, 0x00, 0x54, 0x00, 0x00, 0x1e, 0x20, 0x88,
    0x00, 0xd4, 0x00, 0x00, 0x09, 0x80, 0x88, 0x05, 0xc0, 0x00, 0x00, 0x03, 0x70, 0x88, 0x07, 0x40,
    0x00, 0x3f, 0xff, 0xff, 0xff, 0xff, 0xff, 0xf3, 0x00, 0x00, 0x0b, 0xee, 0xb0, 0x00, 0x00, 0x00,
    0x00, 0xaa, 0x98, 0xaa, 0x00, 0x00, 0x00, 0x0a, 0xb0, 0x88, 0x0b, 0xa0, 0x00, 0x03, 0xcb, 0x10,
    0x88, 0x01, 0xbc, 0x30, 0x4e, 0x70, 0x00, 0x88, 0x00, 0x08, 0xf4, 0x01, 0x00, 0x00, 0x87, 0x00,
    0x00, 0x20,
    /* U+679C "果" */
    0x00, 0xce, 0xee, 0xef, 0xee, 0xed, 0x00, 0x00, 0xc4, 0x00, 0x88, 0x00, 0x4d, 0x00, 0x00, 0xce,
    0xdd, 0xee, 0xdd, 0xdd, 0x00, 0x00, 0xc4, 0x00, 0x88, 0x00, 0x4d, 0x00, 0x00, 0xc4, 0x00, 0x88,
    0x00, 0x4d, 0x00, 0x00, 0xbe, 0xee, 0xef, 0xee, 0xec, 0x00, 0x00, 0x00, 0x00, 0x88, 0x00, 0x00,
    0x00, 0x2e, 0xee, 0xee, 0xff, 0xee, 0xee, 0xe2, 0x00, 0x00, 0x2d, 0xdd, 0xd2, 0x00, 0x00, 0x00,
    0x03, 0xe6, 0x88, 0x5e, 0x40, 0x00, 0x01, 0x9e, 0x50, 0x88, 0x04, 0xea, 0x20, 0x3e, 0xa2, 0x00,
    0x88, 0x00, 0x18, 0xf4, 0x03, 0x00, 0x00, 0x78, 0x00, 0x00, 0x20,
    /* U+67E5 "查" */
    0x00, 0x00, 0x00, 0x76, 0x00, 0x00, 0x00, 0x00, 0x00, 0x00, 0x87, 0x00, 0x00, 0x00, 0x3e, 0xee,
    0xee, 0xfe, 0xee, 0xee, 0xe3, 0x00, 0x00, 0x4d, 0xba, 0xd3, 0x00, 0x00, 0x00, 0x04, 0xe3, 0x87,
    0x4e, 0x40, 0x00, 0x00, 0x7e, 0x50, 0x87, 0x05, 0xe8, 0x10, 0x3d, 0xd3, 0x00, 0x43, 0x00, 0x3c,
    0xe3, 0x16, 0x0e, 0xcb, 0xbb, 0xbc, 0xd0, 0x40, 0x00, 0x0e, 0x20, 0x00, 0x03, 0xd0, 0x00, 0x00,
    0x0e, 0xcb, 0xbb, 0xbc, 0xd0, 0x00, 0x00, 0x0e, 0xcb, 0xbb, 0xbc, 0xd0, 0x00, 0x00, 0x00, 0x00,
    0x00, 0x00, 0x00, 0x00, 0x0e, 0xee, 0xee, 0xee, 0xee, 0xee, 0xe0,
    /* U+6811 "树" */
    0x00, 0x10, 0x00, 0x00, 0x00, 0x01, 0x00, 0x00, 0xb3, 0x00, 0x00, 0x00, 0x0a, 0x50, 0x00, 0xb3,
    0x0e, 0xee, 0x40, 0x0a, 0x50, 0x00, 0xb3, 0x00, 0x0a, 0x40, 0x0a, 0x50, 0x4f, 0xff, 0x70, 0x0b,
    0x8e, 0xef, 0xe6, 0x00, 0xd4, 0x1b, 0x0d, 0x10, 0x0a, 0x50, 0x01, 0xfa, 0x0b, 0x5d, 0x03, 0x0a,
    0x50, 0x05, 0xfd, 0x33, 0xeb, 0x0c, 0x2a, 0x50, 0x08, 0xe7, 0xa0, 0xa8, 0x06, 0x8a, 0x50, 0x0c,
    0xb4, 0x50, 0xbd, 0x01, 0xda, 0x50, 0x4a, 0xb3, 0x01, 0xec, 0x50, 0x3a, 0x50, 0x64, 0xb3, 0x07,
    0x95, 0x90, 0x0a, 0x50, 0x00, 0xb3, 0x1e, 0x30, 0x10, 0x0a, 0x50, 0x00, 0xb3, 0x7a, 0x00, 0x00,
    0x0a, 0x50, 0x00, 0xb3, 0x11, 0x00, 0x08, 0xed, 0x20, 0x00, 0x10, 0x00, 0x00, 0x00, 0x00, 0x00,
    /* U+6821 "校" */
    0x00, 0x49, 0x00, 0x00, 0xa5, 0x00, 0x00, 0x00, 0x4a, 0x00, 0x00, 0x3c, 0x00, 0x00, 0x00, 0x4a,
    0x06, 0xff, 0xff, 0xff, 0xf4, 0x2f, 0xff, 0xf4, 0x05, 0x10, 0x61, 0x00, 0x00, 0x9a, 0x00, 0x3e,
    0x10, 0x7c, 0x00, 0x00, 0xdf, 0x31, 0xc6, 0x00, 0x0a, 0x80, 0x02, 0xed, 0xb9, 0xb9, 0x00, 0x67,
    0xd1, 0x07, 0xaa, 0xb4, 0x0d, 0x40, 0xc4, 0x10, 0x0d, 0x5a, 0x30, 0x07, 0xb4, 0xd0, 0x00, 0x5a,
    0x4a, 0x00, 0x01, 0xdd, 0x60, 0x00, 0x53, 0x4a, 0x00, 0x00, 0xaf, 0x30, 0x00, 0x00, 0x4a, 0x00,
    0x09, 0xc7, 0xe5, 0x00, 0x00, 0x4a, 0x04, 0xdb, 0x10, 0x6e, 0xb3, 0x00, 0x49, 0x08, 0x60, 0x00,
    0x02, 0x91,
    /* U+6848 "案" */
    0x00, 0x00, 0x00, 0xa4, 0x00, 0x00, 0x00, 0x0c, 0xdd, 0xdd, 0xee, 0xdd, 0xdd, 0xd0, 0x0d, 0x20,
    0x04, 0x60, 0x00, 0x01, 0xe0, 0x07, 0x10, 0x0c, 0x50, 0x00, 0x01, 0x80, 0x1d, 0xdd, 0xfd, 0xdd,
    0xdf, 0xed, 0xd2, 0x00, 0x07, 0xb0, 0x00, 0x6b, 0x10, 0x00, 0x00, 0x18, 0xac, 0xcb, 0xe7, 0x41,
    0x00, 0x06, 0x66, 0x76, 0x30, 0x25, 0xae, 0x60, 0x00, 0x00, 0x00, 0x87, 0x00, 0x00, 0x00, 0x4d,
    0xdd, 0xdd, 0xee, 0xdd, 0xdd, 0xd4, 0x00, 0x00, 0x3d, 0xcb, 0xc4, 0x00, 0x00, 0x00, 0x18, 0xd3,
    0x87, 0x3d, 0x81, 0x00, 0x3a, 0xe9, 0x10, 0x87, 0x01, 0x9e, 0xb3, 0x17, 0x10, 0x00, 0x76, 0x00,
    0x01, 0x72,
    /* U+684C "桌" */
    0x00, 0x00, 0x00, 0x95, 0x00, 0x00, 0x00, 0x00, 0x00, 0x00, 0xae, 0xdd, 0xdd, 0x90, 0x00, 0x00,
    0x00, 0xa6, 0x00, 0x00, 0x00, 0x00, 0x9c, 0xcc, 0xed, 0xcc, 0xc9, 0x00, 0x00, 0xb5, 0x00, 0x00,
    0x00, 0x5b, 0x00, 0x00, 0xbd, 0xbb, 0xbb, 0xbb, 0xdb, 0x00, 0x00, 0xb5, 0x00, 0x00, 0x00, 0x5b,
    0x00, 0x00, 0xbd, 0xcc, 0xcc, 0xcc, 0xdb, 0x00, 0x00, 0x00, 0x00, 0x87, 0x00, 0x00, 0x00, 0x3d,
    0xdd, 0xdd, 0xee, 0xdd, 0xdd, 0xd3, 0x00, 0x00, 0x4c, 0xbb, 0xc4, 0x00, 0x00, 0x00, 0x18, 0xc2,
    0x87, 0x2d, 0x81, 0x00, 0x29, 0xe8, 0x10, 0x87, 0x01, 0x9e, 0xa2, 0x18, 0x20, 0x00, 0x87, 0x00,
    0x01, 0x81,
    /* U+68D2 "棒" */
    0x00, 0x77, 0x00, 0x00, 0x3b, 0x00, 0x00, 0x00, 0x77, 0x08, 0xdd, 0xde, 0xdd, 0xb0, 0x00, 0x77,
    0x00, 0x00, 0xa6, 0x00, 0x00, 0x2c, 0xdd, 0xb3, 0xcc, 0xed, 0xcc, 0x50, 0x00, 0xb9, 0x00, 0x05,
    0xb0, 0x00, 0x00, 0x00, 0xef, 0x3d, 0xde, 0xed, 0xdd, 0xd2, 0x03, 0xfa, 0xb0, 0x6c, 0x34, 0x78,
    0x00, 0x07, 0xc7, 0x73, 0xe3, 0x69, 0x0c, 0x30, 0x0c, 0x87, 0x2e, 0x9d, 0xee, 0xd5, 0xd4, 0x59,
    0x77, 0x03, 0x00, 0x69, 0x00, 0x21, 0x12, 0x77, 0x06, 0xdd, 0xee, 0xdd, 0x50, 0x00, 0x77, 0x00,
    0x00, 0x69, 0x00, 0x00, 0x00, 0x77, 0x00, 0x00, 0x69, 0x00, 0x00, 0x00, 0x66, 0x00, 0x00, 0x57,
    0x00, 0x00,
    /* U+6905 "椅" */
    0x00, 0x69, 0x00, 0x00, 0x1e, 0x00, 0x00, 0x00, 0x69, 0x02, 0xdd, 0xdf, 0xdd, 0xb0, 0x00, 0x69,
    0x00, 0x00, 0x8b, 0x00, 0x00, 0x5f, 0xff, 0xf2, 0x02, 0xed, 0xb2, 0x00, 0x00, 0xa9, 0x01, 0x6e,
    0x60, 0x8e, 0x60, 0x00, 0xed, 0x14, 0xb4, 0x00, 0x04, 0x90, 0x02, 0xfe, 0x7a, 0xdd, 0xdd, 0xde,
    0xe5, 0x07, 0xc9, 0xd0, 0x00, 0x00, 0x0a, 0x60, 0x0c, 0x79, 0x20, 0xcc, 0xcf, 0x0a, 0x60, 0x69,
    0x69, 0x00, 0xc1, 0x0e, 0x0a, 0x60, 0x22, 0x69, 0x00, 0xcc, 0xcf, 0x0a, 0x60, 0x00, 0x69, 0x00,
    0xc1, 0x00, 0x0a, 0x60, 0x00, 0x69, 0x00, 0x10, 0x00, 0x0b, 0x50, 0x00, 0x68, 0x00, 0x00, 0x0a,
    0xec, 0x20,
    /* U+697D "楽" */
    0x00, 0x00, 0x00, 0x66, 0x00, 0x00, 0x00, 0x06, 0x20, 0x00, 0xb5, 0x00, 0x04, 0x80, 0x07, 0xd2,
    0x9e, 0xdd, 0xe9, 0x3d, 0x50, 0x00, 0x4a, 0x96, 0x00, 0x6a, 0xa3, 0x00, 0x00, 0x03, 0x9d, 0xcc,
    0xda, 0x50, 0x00, 0x02, 0xac, 0xa6, 0x00, 0x6b, 0xad, 0x40, 0x4e, 0x70, 0x9d, 0xcc, 0xd9, 0x04,
    0xe3, 0x02, 0x00, 0x00, 0x87, 0x00, 0x00, 0x20, 0x00, 0x00, 0x00, 0x87, 0x00, 0x00, 0x00, 0x3e,
    0xee, 0xef, 0xff, 0xfe, 0xee, 0xe3, 0x00, 0x00, 0x5d, 0xbb, 0xd4, 0x00, 0x00, 0x00, 0x19, 0xc2,
    0x87, 0x2d, 0x92, 0x00, 0x29, 0xe8, 0x10, 0x87, 0x01, 0x8e, 0xa2, 0x18, 0x10, 0x00, 0x87, 0x00,
    0x01, 0x71,
    /* U+6B22 "欢" */
    0x00, 0x00, 0x00, 0x06, 0x70, 0x00, 0x00, 0x00, 0x00, 0x00, 0x0a, 0x60, 0x00, 0x00, 0x4e, 0xee,
    0xed, 0x0d, 0xfe, 0xee, 0xe2, 0x00, 0x00, 0x4b, 0x3d, 0x01, 0x01, 0xe0, 0x1c, 0x00, 0x88, 0x98,
    0x2d, 0x05, 0xa0, 0x0a, 0x80, 0xc5, 0xb2, 0x3c, 0x03, 0x30, 0x01, 0xe4, 0xe1, 0x00, 0x3e, 0x00,
    0x00, 0x00, 0x5f, 0xa0, 0x00, 0x6f, 0x20, 0x00, 0x00, 0x0e, 0x80, 0x00, 0x9e, 0x60, 0x00, 0x00,
    0x7d, 0xe1, 0x01, 0xe5, 0xc0, 0x00, 0x02, 0xe3, 0xa8, 0x08, 0xb0, 0xc4, 0x00, 0x2e, 0x70, 0x22,
    0x4e, 0x30, 0x5d, 0x10, 0x57, 0x00, 0x04, 0xe5, 0x00, 0x0a, 0xd3, 0x00, 0x00, 0x09, 0x40, 0x00,
    0x00, 0x93,
    /* U+6B63 "正" */
    0x0b, 0xff, 0xff, 0xff, 0xff, 0xff, 0xd0, 0x00, 0x11, 0x11, 0x4e, 0x11, 0x11, 0x10, 0x00, 0x00,
    0x00, 0x3e, 0x00, 0x00, 0x00, 0x00, 0x12, 0x00, 0x3e, 0x00, 0x00, 0x00, 0x00, 0x6b, 0x00, 0x3e,
    0x00, 0x00, 0x00, 0x00, 0x6b, 0x00, 0x3f, 0xff, 0xff, 0x40, 0x00, 0x6b, 0x00, 0x3e, 0x00, 0x00,
    0x00, 0x00, 0x6b, 0x00, 0x3e, 0x00, 0x00, 0x00, 0x00, 0x6b, 0x00, 0x3e, 0x00, 0x00, 0x00, 0x00,
    0x6b, 0x00, 0x3e, 0x00, 0x00, 0x00, 0x00, 0x6b, 0x00, 0x3e, 0x00, 0x00, 0x00, 0x4f, 0xff, 0xff,
    0xff, 0xff, 0xff, 0xf4, 0x00, 0x00, 0x00, 0x00, 0x00, 0x00, 0x00,
    /* U+6B6F "歯" */
    0x00, 0x00, 0x00, 0x77, 0x00, 0x00, 0x00, 0x00, 0x2d, 0x00, 0x8e, 0xdd, 0xdd, 0x00, 0x00, 0x2e,
    0x00, 0x88, 0x00, 0x00, 0x00, 0x00, 0x2e, 0x00, 0x88, 0x00, 0x00, 0x00, 0x4e, 0xee, 0xee, 0xee,
    0xee, 0xee, 0xe4, 0x03, 0x50, 0x20, 0x54, 0x02, 0x05, 0x40, 0x06, 0x91, 0xd2, 0x87, 0x2c, 0x18,
    0x70, 0x06, 0x90, 0x54, 0x87, 0x54, 0x08, 0x70, 0x06, 0x9a, 0xcd, 0xfe, 0xdc, 0xc8, 0x70, 0x06,
    0x90, 0x0a, 0xd9, 0xc2, 0x08, 0x70, 0x06, 0x95, 0xc5, 0x87, 0x3d, 0x38, 0x70, 0x06, 0x94, 0x20,
    0x65, 0x02, 0x18, 0x70, 0x06, 0xfe, 0xee, 0xee, 0xee, 0xee, 0x70, 0x00, 0x00, 0x00, 0x00, 0x00,
    0x07, 0x60,
    /* U+6BCD "母" */
    0x00, 0x0d, 0xff, 0xff, 0xff, 0xfd, 0x00, 0x00, 0x0f, 0x10, 0x20, 0x00, 0x3d, 0x00, 0x00, 0x2e,
    0x03, 0xe7, 0x00, 0x4c, 0x00, 0x00, 0x3d, 0x00, 0x2c, 0x90, 0x5b, 0x00, 0x00, 0x5b, 0x00, 0x01,
    0x30, 0x5b, 0x00, 0x3f, 0xff, 0xff, 0xff, 0xff, 0xff, 0xf3, 0x00, 0xa6, 0x05, 0x20, 0x00, 0x79,
    0x00, 0x00, 0xd4, 0x04, 0xc9, 0x10, 0x88, 0x00, 0x01, 0xf1, 0x00, 0x07, 0x40, 0xa6, 0x00, 0x04,
    0xfe, 0xee, 0xee, 0xee, 0xff, 0xc0, 0x00, 0x00, 0x00, 0x00, 0x00, 0xf1, 0x00, 0x00, 0x00, 0x00,
    0x01, 0x05, 0xd0, 0x00, 0x00, 0x00, 0x00, 0x0b, 0xed, 0x50, 0x00,
    /* U+6BCE "毎" */
    0x00, 0x03, 0x90, 0x00, 0x00, 0x00, 0x00, 0x00, 0x0a, 0x90, 0x00, 0x00, 0x00, 0x00, 0x00, 0x3f,
    0xee, 0xee, 0xee, 0xee, 0xb0, 0x02, 0xd5, 0x00, 0x00, 0x00, 0x00, 0x00, 0x0c, 0x6a, 0xee, 0xee,
    0xee, 0xe9, 0x00, 0x01, 0x0d, 0x20, 0x3b, 0x00, 0x78, 0x00, 0x00, 0x0f, 0x00, 0x5a, 0x00, 0x88,
    0x00, 0x6e, 0xef, 0xee, 0xef, 0xee, 0xff, 0xe6, 0x00, 0x5b, 0x00, 0x86, 0x00, 0xa6, 0x00, 0x00,
    0x79, 0x00, 0xa5, 0x00, 0xb4, 0x00, 0x00, 0x97, 0x00, 0xb3, 0x00, 0xc3, 0x00, 0x00, 0xce, 0xee,
    0xee, 0xee, 0xfe, 0xe1, 0x00, 0xa2, 0x00, 0x01, 0x05, 0xd0, 0x00, 0x00, 0x00, 0x00, 0x08, 0xcb,
    0x40, 0x00,
    /* U+6BCF "每" */
    0x00, 0x06, 0x70, 0x00, 0x00, 0x00, 0x00, 0x00, 0x0d, 0x70, 0x00, 0x00, 0x00, 0x00, 0x00, 0x6f,
    0xee, 0xee, 0xee, 0xee, 0xe0, 0x03, 0xe4, 0x00, 0x00, 0x00, 0x00, 0x00, 0x2e, 0x7d, 0xee, 0xee,
    0xee, 0xe8, 0x00, 0x17, 0x1f, 0x04, 0x91, 0x00, 0x88, 0x00, 0x00, 0x2e, 0x01, 0xad, 0x20, 0x87,
    0x00, 0x00, 0x3c, 0x00, 0x08, 0x50, 0x97, 0x00, 0x6e, 0xff, 0xee, 0xee, 0xee, 0xff, 0xe6, 0x00,
    0x88, 0x08, 0xa2, 0x00, 0xa5, 0x00, 0x00, 0xa5, 0x00, 0x3c, 0x20, 0xb4, 0x00, 0x00, 0xce, 0xee,
    0xee, 0xee, 0xfe, 0xd0, 0x00, 0x00, 0x00, 0x00, 0x02, 0xf1, 0x00, 0x00, 0x00, 0x00, 0x02, 0xcc,
    0x60, 0x00,
    /* U+6C14 "气" */
    0x00, 0x07, 0x50, 0x00, 0x00, 0x00, 0x00, 0x00, 0x1e, 0x40, 0x00, 0x00, 0x00, 0x00, 0x00, 0x6f,
    0xee, 0xee, 0xee, 0xee, 0xe0, 0x00, 0xd5, 0x00, 0x00, 0x00, 0x00, 0x00, 0x08, 0xb6, 0xdd, 0xdd,
    0xdd, 0xdd, 0x00, 0x5e, 0x10, 0x00, 0x00, 0x00, 0x00, 0x00, 0x02, 0xce, 0xee, 0xee, 0xee, 0xc0,
    0x00, 0x00, 0x00, 0x00, 0x00, 0x03, 0xd0, 0x00, 0x00, 0x00, 0x00, 0x00, 0x02, 0xe0, 0x00, 0x00,
    0x00, 0x00, 0x00, 0x01, 0xf1, 0x00, 0x00, 0x00, 0x00, 0x00, 0x00, 0xd3, 0x00, 0x00, 0x00, 0x00,
    0x00, 0x00, 0xb6, 0x55, 0x00, 0x00, 0x00, 0x00, 0x00, 0x5c, 0x76, 0x00, 0x00, 0x00, 0x00, 0x00,
    0x0a, 0xe2,
    /* U+6C17 "気" */
    0x00, 0x07, 0x50, 0x00, 0x00, 0x00, 0x00, 0x00, 0x1e, 0x50, 0x00, 0x00, 0x00, 0x00, 0x00, 0x6f,
    0xee, 0xee, 0xee, 0xee, 0xd0, 0x01, 0xd6, 0x00, 0x00, 0x00, 0x00, 0x00, 0x0b, 0xc7, 0xdd, 0xdd,
    0xdd, 0xd8, 0x00, 0x3c, 0x10, 0x00, 0x00, 0x00, 0x00, 0x00, 0x01, 0xee, 0xee, 0xee, 0xee, 0xf1,
    0x00, 0x00, 0x00, 0x00, 0x1a, 0x10, 0xf1, 0x00, 0x00, 0x7c, 0x30, 0x8a, 0x00, 0xe1, 0x00, 0x00,
    0x07, 0xe9, 0xe1, 0x00, 0xe2, 0x00, 0x00, 0x00, 0x6f, 0xc1, 0x00, 0xc3, 0x00, 0x00, 0x05, 0xe6,
    0xbc, 0x10, 0xa6, 0x64, 0x02, 0x9e, 0x40, 0x0b, 0xc0, 0x5b, 0x85, 0x0c, 0x91, 0x00, 0x00, 0x30,
    0x0b, 0xd1, 0x00, 0x00, 0x00, 0x00, 0x00, 0x00, 0x00,
    /* U+6C34 "水" */
    0x00, 0x00, 0x00, 0x77, 0x00, 0x00, 0x00, 0x00, 0x00, 0x00, 0x89, 0x00, 0x00, 0x00, 0x00, 0x00,
    0x00, 0x89, 0x00, 0x00, 0x00, 0x00, 0x00, 0x00, 0x89, 0x00, 0x1c, 0x20, 0x0f, 0xff, 0xf8, 0x8d,
    0x00, 0xba, 0x00, 0x01, 0x11, 0xb6, 0x8f, 0x69, 0xb0, 0x00, 0x00, 0x00, 0xe2, 0x8b, 0xeb, 0x10,
    0x00, 0x00, 0x05, 0xc0, 0x89, 0x88, 0x00, 0x00, 0x00, 0x0c, 0x50, 0x89, 0x1d, 0x50, 0x00, 0x00,
    0x6d, 0x00, 0x89, 0x05, 0xe3, 0x00, 0x03, 0xf4, 0x00, 0x89, 0x00, 0x8f, 0x60, 0x3e, 0x70, 0x00,
    0x89, 0x00, 0x07, 0xf6, 0x05, 0x00, 0x12, 0xa8, 0x00, 0x00, 0x31, 0x00, 0x00, 0x6f, 0xd4, 0x00,
    0x00, 0x00,
    /* U+6C47 "汇" */
    0x03, 0x30, 0x00, 0x00, 0x00, 0x00, 0x00, 0x05, 0xe7, 0x3f, 0xff, 0xff, 0xff, 0xf1, 0x00, 0x2c,
    0x4e, 0x11, 0x11, 0x11, 0x10, 0x00, 0x00, 0x3e, 0x00, 0x00, 0x00, 0x00, 0x04, 0x00, 0x3e, 0x00,
    0x00, 0x00, 0x00, 0x2d, 0xb1, 0x3e, 0x00, 0x00, 0x00, 0x00, 0x00, 0x96, 0x3e, 0x00, 0x00, 0x00,
    0x00, 0x00, 0x00, 0x3e, 0x00, 0x00, 0x00, 0x00, 0x00, 0x07, 0x3e, 0x00, 0x00, 0x00, 0x00, 0x00,
    0x4d, 0x3e, 0x00, 0x00, 0x00, 0x00, 0x00, 0xc6, 0x3e, 0x00, 0x00, 0x00, 0x00, 0x06, 0xd0, 0x3e,
    0x00, 0x00, 0x00, 0x00, 0x0e, 0x50, 0x3f, 0xff, 0xff, 0xff, 0xf5, 0x04, 0x00, 0x01, 0x11, 0x11,
    0x11, 0x10,
    /* U+6C7D "汽" */
    0x02, 0x30, 0x00, 0x93, 0x00, 0x00, 0x00, 0x05, 0xe8, 0x02, 0xf1, 0x00, 0x00, 0x00, 0x00, 0x2a,
    0x19, 0xee, 0xee, 0xee, 0xe6, 0x00, 0x00, 0x4d, 0x10, 0x00, 0x00, 0x00, 0x14, 0x00, 0xb5, 0xdd,
    0xdd, 0xdd, 0x30, 0x2b, 0xc3, 0x00, 0x00, 0x00, 0x00, 0x00, 0x00, 0x41, 0x5e, 0xee, 0xee, 0xeb,
    0x00, 0x00, 0x00, 0x00, 0x00, 0x00, 0x3c, 0x00, 0x00, 0x0a, 0x00, 0x00, 0x00, 0x3c, 0x00, 0x00,
    0x6c, 0x00, 0x00, 0x00, 0x2d, 0x00, 0x00, 0xc5, 0x00, 0x00, 0x00, 0x1d, 0x00, 0x05, 0xe0, 0x00,
    0x00, 0x00, 0x0e, 0x36, 0x0c, 0x70, 0x00, 0x00, 0x00, 0x0b, 0x77, 0x05, 0x10, 0x00, 0x00, 0x00,
    0x04, 0xd3,
    /* U+6CA1 "没" */
    0x02, 0x10, 0x00, 0x00, 0x00, 0x00, 0x00, 0x08, 0xd4, 0x00, 0xcf, 0xff, 0xf1, 0x00, 0x00, 0x5e,
    0x20, 0xc4, 0x00, 0xf1, 0x00, 0x00, 0x01, 0x00, 0xd3, 0x00, 0xf1, 0x00, 0x01, 0x00, 0x03, 0xe0,
    0x00, 0xf1, 0x00, 0x4e, 0x70, 0x3d, 0x60, 0x00, 0xbf, 0xf5, 0x02, 0xb6, 0x75, 0x00, 0x00, 0x00,
    0x00, 0x00, 0x00, 0x3f, 0xff, 0xff, 0xff, 0x30, 0x00, 0x06, 0x05, 0xb0, 0x00, 0x6c, 0x00, 0x00,
    0x3e, 0x00, 0xc7, 0x02, 0xe4, 0x00, 0x00, 0xa7, 0x00, 0x2e, 0x8d, 0x60, 0x00, 0x03, 0xe1, 0x00,
    0x1a, 0xfd, 0x20, 0x00, 0x0c, 0x70, 0x49, 0xea, 0x49, 0xfa, 0x51, 0x06, 0x01, 0xb8, 0x30, 0x00,
    0x27, 0xc2,
    /* U+6CB3 "河" */
    0x06, 0x40, 0x00, 0x00, 0x00, 0x00, 0x00, 0x05, 0xda, 0xbf, 0xff, 0xff, 0xff, 0xf7, 0x00, 0x17,
    0x10, 0x00, 0x00, 0x0a, 0x60, 0x00, 0x00, 0x00, 0x00, 0x00, 0x0a, 0x60, 0x38, 0x10, 0x0c, 0xee,
    0xe8, 0x0a, 0x60, 0x1b, 0xe4, 0x0c, 0x20, 0x69, 0x0a, 0x60, 0x00, 0x73, 0x0c, 0x20, 0x69, 0x0a,
    0x60, 0x00, 0x00, 0x0c, 0x20, 0x69, 0x0a, 0x60, 0x00, 0x04, 0x0c, 0x20, 0x69, 0x0a, 0x60, 0x00,
    0x2e, 0x2c, 0xee, 0xe8, 0x0a, 0x60, 0x00, 0x99, 0x0c, 0x20, 0x00, 0x0a, 0x60, 0x03, 0xe2, 0x00,
    0x00, 0x00, 0x0a, 0x60, 0x0b, 0x80, 0x00, 0x00, 0x11, 0x1b, 0x50, 0x09, 0x10, 0x00, 0x00, 0xaf,
    0xec, 0x20,
    /* U+6CB9 "油" */
    0x05, 0x71, 0x00, 0x00, 0x86, 0x00, 0x00, 0x2a, 0xd4, 0x00, 0x08, 0x70, 0x00, 0x00, 0x04, 0x20,
    0x00, 0x87, 0x00, 0x00, 0x00, 0x00, 0xdf, 0xff, 0xff, 0xfd, 0x2a, 0x10, 0x0d, 0x20, 0x97, 0x02,
    0xd2, 0xce, 0x40, 0xd2, 0x08, 0x70, 0x2d, 0x00, 0x99, 0x0d, 0x20, 0x87, 0x02, 0xd0, 0x00, 0x10,
    0xd2, 0x09, 0x70, 0x2d, 0x00, 0x00, 0x0d, 0xff, 0xff, 0xff, 0xd0, 0x00, 0x90, 0xd2, 0x08, 0x70,
    0x2d, 0x00, 0x6b, 0x0d, 0x20, 0x87, 0x02, 0xd0, 0x1e, 0x30, 0xd2, 0x08, 0x70, 0x2d, 0x0a, 0x90,
    0x0d, 0xff, 0xff, 0xff, 0xd0, 0x52, 0x00, 0xb2, 0x00, 0x00, 0x1a,
    /* U+6CD5 "法" */
    0x03, 0x50, 0x00, 0x00, 0x85, 0x00, 0x00, 0x04, 0xeb, 0x10, 0x00, 0x96, 0x00, 0x00, 0x00, 0x1a,
    0x50, 0x00, 0x96, 0x00, 0x00, 0x00, 0x00, 0x0a, 0xff, 0xff, 0xff, 0x80, 0x16, 0x10, 0x00, 0x00,
    0x96, 0x00, 0x00, 0x16, 0xd6, 0x00, 0x00, 0x96, 0x00, 0x00, 0x00, 0x11, 0x4f, 0xff, 0xff, 0xff,
    0xf2, 0x00, 0x01, 0x00, 0x05, 0xd0, 0x00, 0x00, 0x00, 0x0a, 0x50, 0x0c, 0x60, 0x20, 0x00, 0x00,
    0x3e, 0x10, 0x4e, 0x10, 0xd3, 0x00, 0x00, 0xa8, 0x00, 0xb6, 0x00, 0x5c, 0x00, 0x03, 0xe1, 0x06,
    0xe5, 0x68, 0xaf, 0x50, 0x0b, 0x80, 0x0d, 0xfd, 0xa8, 0x67, 0xc0, 0x04, 0x10, 0x02, 0x00, 0x00,
    0x00, 0x90,
    /* U+6D4A "浊" */
    0x03, 0x50, 0x00, 0x00, 0xc2, 0x00, 0x00, 0x03, 0xda, 0x00, 0x00, 0xe2, 0x00, 0x00, 0x00, 0x1b,
    0x30, 0x00, 0xe2, 0x00, 0x00, 0x00, 0x00, 0x3e, 0xee, 0xfe, 0xee, 0x80, 0x05, 0x00, 0x3d, 0x00,
    0xe2, 0x08, 0x90, 0x2e, 0xa0, 0x3d, 0x00, 0xe2, 0x08, 0x90, 0x01, 0xc6, 0x3d, 0x00, 0xe2, 0x08,
    0x90, 0x00, 0x10, 0x3d, 0x00, 0xe2, 0x08, 0x90, 0x00, 0x04, 0x3e, 0xee, 0xfe, 0xee, 0x80, 0x00,
    0x1e, 0x20, 0x00, 0xe2, 0x15, 0x00, 0x00, 0x7a, 0x00, 0x00, 0xe2, 0x0e, 0x30, 0x01, 0xe3, 0x00,
    0x00, 0xe5, 0x5b, 0xa0, 0x09, 0xa1, 0xbc, 0xef, 0xec, 0xb9, 0xe1, 0x05, 0x20, 0x64, 0x31, 0x00,
    0x00, 0x93,
    /* U+6D4B "测" */
    0x05, 0x40, 0x00, 0x00, 0x00, 0x00, 0x90, 0x5e, 0x9a, 0xdc, 0xce, 0x16, 0x0d, 0x00, 0x16, 0xa3,
    0x10, 0xb1, 0xc1, 0xd0, 0x00, 0x0a, 0x3b, 0x1b, 0x1c, 0x1d, 0x17, 0x00, 0xa3, 0xb1, 0xb1, 0xc1,
    0xd2, 0xbc, 0x2a, 0x3b, 0x1b, 0x1c, 0x1d, 0x00, 0x71, 0xa3, 0xb1, 0xb1, 0xc1, 0xd0, 0x00, 0x0a,
    0x3b, 0x1b, 0x1c, 0x1d, 0x00, 0x32, 0xa3, 0xc0, 0xb1, 0xc1, 0xd0, 0x0b, 0x5a, 0x3c, 0x0b, 0x1c,
    0x1d, 0x01, 0xe1, 0x42, 0xb0, 0x50, 0x60, 0xd0, 0x7a, 0x00, 0x87, 0xb1, 0x00, 0x0d, 0x0d, 0x40,
    0x6c, 0x04, 0xb0, 0x00, 0xd1, 0x80, 0x29, 0x10, 0x07, 0x28, 0xd9,
    /* U+6D77 "海" */
    0x04, 0x60, 0x00, 0xb1, 0x00, 0x00, 0x00, 0x02, 0xac, 0x25, 0xd0, 0x00, 0x00, 0x00, 0x00, 0x05,
    0x0b, 0xff, 0xff, 0xff, 0xf2, 0x00, 0x00, 0x5d, 0x00, 0x00, 0x00, 0x00, 0x15, 0x00, 0xd7, 0xee,
    0xee, 0xee, 0x70, 0x2b, 0xc2, 0x16, 0x90, 0xa2, 0x08, 0x70, 0x00, 0x61, 0x08, 0x70, 0x2a, 0x09,
    0x60, 0x00, 0x00, 0xef, 0xfe, 0xee, 0xef, 0xf7, 0x00, 0x49, 0x0c, 0x35, 0x60, 0x0a, 0x40, 0x00,
    0x96, 0x0d, 0x21, 0xc3, 0x0b, 0x30, 0x00, 0xe2, 0x0f, 0x00, 0x37, 0x0c, 0x30, 0x04, 0xc0, 0x2e,
    0xee, 0xee, 0xef, 0xe1, 0x0a, 0x60, 0x00, 0x00, 0x00, 0x3d, 0x00, 0x07, 0x10, 0x00, 0x00, 0x4d,
    0xc5, 0x00,
    /* U+6E05 "清" */
    0x05, 0x40, 0x00, 0x00, 0xd1, 0x00, 0x00, 0x04, 0xd9, 0x7c, 0xcc, 0xfc, 0xcc, 0x90, 0x00, 0x26,
    0x00, 0x00, 0xe1, 0x00, 0x00, 0x00, 0x00, 0x2b, 0xbb, 0xfc, 0xbb, 0x50, 0x25, 0x00, 0x00, 0x00,
    0xe1, 0x00, 0x00, 0x2c, 0xb2, 0xcc, 0xcc, 0xcc, 0xcc, 0xc4, 0x01, 0xb2, 0x00, 0x00, 0x00, 0x00,
    0x00, 0x00, 0x00, 0x0e, 0xcc, 0xcc, 0xcf, 0x10, 0x00, 0x04, 0x0e, 0x00, 0x00, 0x0e, 0x10, 0x00,
    0x5c, 0x0e, 0xcc, 0xcc, 0xcf, 0x10, 0x00, 0xc5, 0x0e, 0x00, 0x00, 0x0e, 0x10, 0x03, 0xe0, 0x0e,
    0xcc, 0xcc, 0xcf, 0x10, 0x0b, 0x70, 0x0e, 0x00, 0x00, 0x0e, 0x10, 0x08, 0x10, 0x0e, 0x00, 0x08,
    0xdb, 0x00,
    /* U+6F02 "漂" */
    0x02, 0x10, 0x00, 0x00, 0x00, 0x00, 0x00, 0x07, 0xd4, 0x9d, 0xdf, 0xde, 0xed, 0xd3, 0x00, 0x4b,
    0x00, 0x0c, 0x18, 0x60, 0x00, 0x00, 0x00, 0x2e, 0xcf, 0xce, 0xdd, 0xc0, 0x26, 0x10, 0x2b, 0x0c,
    0x18, 0x62, 0xc0, 0x18, 0xd2, 0x2e, 0xcf, 0xce, 0xdc, 0xc0, 0x00, 0x50, 0x00, 0x00, 0x00, 0x00,
    0x00, 0x00, 0x00, 0x0a, 0xcc, 0xcc, 0xcc, 0x60, 0x00, 0x28, 0x00, 0x00, 0x00, 0x00, 0x00, 0x00,
    0x87, 0x9d, 0xdd, 0xdd, 0xdd, 0xd6, 0x01, 0xe2, 0x01, 0x40, 0xb5, 0x22, 0x00, 0x07, 0xa0, 0x0b,
    0x60, 0xb5, 0x4d, 0x30, 0x0e, 0x31, 0xb9, 0x00, 0xb5, 0x04, 0xd2, 0x05, 0x00, 0x60, 0x3e, 0xc2,
    0x00, 0x31,
    /* U+70ED "热" */
    0x00, 0x0e, 0x00, 0x01, 0xd0, 0x00, 0x00, 0x00, 0x0f, 0x00, 0x01, 0xd0, 0x00, 0x00, 0x1f, 0xff,
    0xfa, 0xee, 0xfe, 0xea, 0x00, 0x00, 0x0f, 0x00, 0x03, 0xc0, 0x4b, 0x00, 0x00, 0x0f, 0x13, 0x05,
    0xa0, 0x4a, 0x00, 0x03, 0x7f, 0xe9, 0xcb, 0x80, 0x4a, 0x00, 0x4e, 0xaf, 0x10, 0x2d, 0xc2, 0x3b,
    0x00, 0x00, 0x0f, 0x00, 0x3e, 0x8e, 0x4c, 0x23, 0x00, 0x0f, 0x02, 0xd6, 0x04, 0x1d, 0x68, 0x07,
    0xeb, 0x08, 0x60, 0x00, 0x07, 0xe3, 0x00, 0x52, 0x02, 0x01, 0x30, 0x26, 0x00, 0x02, 0xe1, 0x2d,
    0x02, 0xe0, 0x1d, 0x40, 0x0b, 0x70, 0x0f, 0x00, 0xc5, 0x05, 0xd0, 0x2b, 0x00, 0x0a, 0x10, 0x64,
    0x00, 0xa2,
    /* U+7136 "然" */
    0x00, 0x00, 0x00, 0x00, 0x00, 0x00, 0x00, 0x00, 0x0a, 0x60, 0x00, 0x09, 0x58, 0x00, 0x00, 0x2f,
    0xdd, 0xd1, 0x0b, 0x49, 0x90, 0x00, 0x97, 0x02, 0xd0, 0x0b, 0x41, 0x60, 0x05, 0xd7, 0x97, 0x9f,
    0xff, 0xff, 0xf3, 0x3e, 0x40, 0x6f, 0x40, 0x0d, 0x80, 0x00, 0x25, 0xa7, 0x6b, 0x00, 0x2f, 0xd0,
    0x00, 0x00, 0x1b, 0xf3, 0x00, 0x99, 0xc4, 0x00, 0x00, 0x2d, 0x70, 0x04, 0xe2, 0x5c, 0x00, 0x06,
    0xe8, 0x00, 0x5e, 0x50, 0x0b, 0xa0, 0x0a, 0x40, 0x03, 0xe5, 0x00, 0x01, 0xb2, 0x00, 0x51, 0x02,
    0x01, 0x30, 0x26, 0x00, 0x02, 0xe1, 0x1d, 0x01, 0xe1, 0x1d, 0x50, 0x0b, 0x70, 0x0f, 0x10, 0xb5,
    0x04, 0xd0, 0x3a, 0x00, 0x09, 0x10, 0x64, 0x00, 0xa3,
    /* U+7167 "照" */
    0x00, 0x00, 0x00, 0x00, 0x00, 0x00, 0x00, 0x0b, 0xfe, 0xf6, 0xee, 0xfe, 0xee, 0xd0, 0x0b, 0x40,
    0x96, 0x01, 0xe3, 0x03, 0xc0, 0x0b, 0x40, 0x96, 0x09, 0xb0, 0x06, 0xa0, 0x0b, 0xee, 0xf8, 0xcb,
    0x12, 0xdc, 0x40, 0x0b, 0x40, 0x96, 0x30, 0x00, 0x00, 0x00, 0x0b, 0x40, 0x96, 0x9e, 0xdd, 0xde,
    0x80, 0x0b, 0x40, 0x96, 0x96, 0x00, 0x07, 0x80, 0x0b, 0xee, 0xf6, 0x96, 0x00, 0x07, 0x80, 0x09,
    0x40, 0x00, 0x8d, 0xdd, 0xdd, 0x70, 0x00, 0x52, 0x02, 0x01, 0x30, 0x26, 0x00, 0x02, 0xe1, 0x3c,
    0x01, 0xe1, 0x1d, 0x40, 0x0a, 0x80, 0x1f, 0x00, 0xb5, 0x05, 0xd0, 0x2c, 0x10, 0x0c, 0x00, 0x66,
    0x00, 0xb2,
    /* U+7236 "父" */
    0x00, 0x00, 0xb4, 0x00, 0x5a, 0x00, 0x00, 0x00, 0x08, 0xc0, 0x00, 0x0b, 0xb1, 0x00, 0x00, 0x6e,
    0x20, 0x00, 0x01, 0xbb, 0x00, 0x07, 0xe4, 0x00, 0x00, 0x01, 0x1d, 0x90, 0x0b, 0x43, 0xc0, 0x00,
    0x0c, 0x62, 0xb1, 0x00, 0x00, 0xd5, 0x00, 0x4e, 0x10, 0x00, 0x00, 0x00, 0x6d, 0x10, 0xc7, 0x00,
    0x00, 0x00, 0x00, 0x0b, 0x98, 0xc0, 0x00, 0x00, 0x00, 0x00, 0x02, 0xef, 0x20, 0x00, 0x00, 0x00,
    0x00, 0x19, 0xee, 0xa1, 0x00, 0x00, 0x00, 0x05, 0xdb, 0x21, 0xbe, 0x61, 0x00, 0x29, 0xed, 0x60,
    0x00, 0x06, 0xdf, 0xa3, 0x2a, 0x50, 0x00, 0x00, 0x00, 0x04, 0x91,
    /* U+7247 "片" */
    0x00, 0x45, 0x00, 0x06, 0x90, 0x00, 0x00, 0x07, 0x90, 0x00, 0x6a, 0x00, 0x00, 0x00, 0x79, 0x00,
    0x06, 0xa0, 0x00, 0x00, 0x07, 0x90, 0x00, 0x6a, 0x00, 0x00, 0x00, 0x7f, 0xff, 0xff, 0xff, 0xff,
    0xa0, 0x07, 0xa1, 0x11, 0x11, 0x11, 0x11, 0x00, 0x89, 0x00, 0x00, 0x00, 0x00, 0x00, 0x0a, 0x91,
    0x11, 0x11, 0x11, 0x00, 0x00, 0xbf, 0xff, 0xff, 0xff, 0x70, 0x00, 0x0c, 0x50, 0x00, 0x00, 0xa7,
    0x00, 0x01, 0xf1, 0x00, 0x00, 0x0a, 0x70, 0x00, 0x7c, 0x00, 0x00, 0x00, 0xa7, 0x00, 0x2e, 0x40,
    0x00, 0x00, 0x0a, 0x70, 0x03, 0x80, 0x00, 0x00, 0x00, 0x97, 0x00,
    /* U+7259 "牙" */
    0x00, 0x00, 0x00, 0x00, 0x00, 0x00, 0x00, 0x05, 0xff, 0xff, 0xff, 0xff, 0xff, 0x70, 0x00, 0x04,
    0x00, 0x00, 0x1f, 0x00, 0x00, 0x00, 0x3d, 0x00, 0x00, 0x1f, 0x00, 0x00, 0x00, 0x79, 0x00, 0x00,
    0x1f, 0x00, 0x00, 0x00, 0xa5, 0x00, 0x00, 0x1f, 0x00, 0x00, 0x00, 0xef, 0xff, 0xff, 0xff, 0xff,
    0xf2, 0x00, 0x00, 0x00, 0x1b, 0xaf, 0x00, 0x00, 0x00, 0x00, 0x00, 0xab, 0x1f, 0x00, 0x00, 0x00,
    0x00, 0x1c, 0xb1, 0x1f, 0x00, 0x00, 0x00, 0x05, 0xea, 0x00, 0x1f, 0x00, 0x00, 0x03, 0xae, 0x60,
    0x00, 0x1f, 0x00, 0x00, 0x2f, 0xa2, 0x00, 0x00, 0x3f, 0x00, 0x00, 0x01, 0x00, 0x00, 0x4f, 0xe9,
    0x00, 0x00,
    /* U+725B "牛" */
    0x00, 0x05, 0x10, 0x59, 0x00, 0x00, 0x00, 0x00, 0x1f, 0x20, 0x6b, 0x00, 0x00, 0x00, 0x00, 0x6c,
    0x00, 0x6b, 0x00, 0x00, 0x00, 0x00, 0xcf, 0xff, 0xff, 0xff, 0xff, 0x80, 0x05, 0xd0, 0x00, 0x6b,
    0x00, 0x00, 0x00, 0x1d, 0x60, 0x00, 0x6b, 0x00, 0x00, 0x00, 0x18, 0x00, 0x00, 0x6b, 0x00, 0x00,
    0x00, 0x00, 0x00, 0x00, 0x6b, 0x00, 0x00, 0x00, 0x4f, 0xff, 0xff, 0xff, 0xff, 0xff, 0xf4, 0x00,
    0x00, 0x00, 0x6b, 0x00, 0x00, 0x00, 0x00, 0x00, 0x00, 0x6b, 0x00, 0x00, 0x00, 0x00, 0x00, 0x00,
    0x6b, 0x00, 0x00, 0x00, 0x00, 0x00, 0x00, 0x6b, 0x00, 0x00, 0x00, 0x00, 0x00, 0x00, 0x5a, 0x00,
    0x00, 0x00,
    /* U+7269 "物" */
    0x00, 0x0c, 0x10, 0x07, 0x40, 0x00, 0x00, 0x0b, 0x3d, 0x10, 0x0d, 0x20, 0x00, 0x00, 0x0d, 0x1d,
    0x10, 0x3e, 0x00, 0x00, 0x00, 0x0f, 0xff, 0xf8, 0x7f, 0xff, 0xff, 0xf4, 0x4a, 0x0d, 0x10, 0xd3,
    0x95, 0x77, 0xb3, 0x76, 0x0d, 0x17, 0xa0, 0xd1, 0xa4, 0xc3, 0x11, 0x0d, 0x1a, 0x25, 0x90, 0xe1,
    0xd2, 0x00, 0x2e, 0xdb, 0x0c, 0x44, 0xb0, 0xe1, 0x4d, 0xef, 0x50, 0x5b, 0x0a, 0x50, 0xf0, 0x35,
    0x1d, 0x13, 0xe3, 0x2e, 0x11, 0xe0, 0x00, 0x0d, 0x15, 0x60, 0xa7, 0x03, 0xc0, 0x00, 0x0d, 0x10,
    0x04, 0xd1, 0x06, 0xa0, 0x00, 0x0d, 0x10, 0x3e, 0x41, 0x0b, 0x70, 0x00, 0x0d, 0x10, 0x76, 0x09,
    0xfd, 0x10, 0x00, 0x01, 0x00, 0x00, 0x00, 0x00, 0x00,
    /* U+72AC "犬" */
    0x00, 0x00, 0x00, 0x77, 0x03, 0x00, 0x00, 0x00, 0x00, 0x00, 0x98, 0x1d, 0x80, 0x00, 0x00, 0x00,
    0x00, 0xa7, 0x01, 0xc9, 0x00, 0x00, 0x00, 0x00, 0xa6, 0x00, 0x1c, 0x20, 0x01, 0x11, 0x11, 0xb6,
    0x11, 0x11, 0x10, 0x4f, 0xff, 0xff, 0xff, 0xff, 0xff, 0xf4, 0x00, 0x00, 0x01, 0xff, 0x10, 0x00,
    0x00, 0x00, 0x00, 0x05, 0xdb, 0x60, 0x00, 0x00, 0x00, 0x00, 0x0b, 0x85, 0xd0, 0x00, 0x00, 0x00,
    0x00, 0x4e, 0x10, 0xd7, 0x00, 0x00, 0x00, 0x02, 0xd7, 0x00, 0x3e, 0x40, 0x00, 0x00, 0x2d, 0xa0,
    0x00, 0x07, 0xe4, 0x00, 0x18, 0xf9, 0x00, 0x00, 0x00, 0x7f, 0xa2, 0x1a, 0x30, 0x00, 0x00, 0x00,
    0x03, 0xb2,
    /* U+72D7 "狗" */
    0x19, 0x12, 0xa0, 0x2c, 0x00, 0x00, 0x00, 0x7b, 0xc6, 0x07, 0x90, 0x00, 0x00, 0x00, 0xdb, 0x00,
    0xdf, 0xee, 0xee, 0xe0, 0x9d, 0xd0, 0x6b, 0x00, 0x00, 0x1e, 0x4c, 0x1e, 0x3e, 0x40, 0x00, 0x01,
    0xe0, 0x10, 0xb8, 0x9b, 0xee, 0xe4, 0x2e, 0x00, 0x3f, 0x60, 0xc2, 0x0a, 0x42, 0xd0, 0x0c, 0xd7,
    0x0c, 0x20, 0xa4, 0x3d, 0x0a, 0xb8, 0x80, 0xc2, 0x0a, 0x44, 0xc3, 0xc1, 0x87, 0x0c, 0xee, 0xf4,
    0x4b, 0x00, 0x09, 0x60, 0xc2, 0x00, 0x06, 0xa0, 0x00, 0xa5, 0x04, 0x10, 0x00, 0x79, 0x00, 0x1e,
    0x20, 0x00, 0x00, 0x1c, 0x60, 0xee, 0x90, 0x00, 0x00, 0xef, 0xd1, 0x00, 0x00, 0x00, 0x00, 0x00,
    0x00, 0x00,
    /* U+732B "猫" */
    0x04, 0x01, 0x30, 0x2c, 0x00, 0x95, 0x00, 0x0b, 0x89, 0x90, 0x2d, 0x00, 0xa5, 0x00, 0x01, 0xde,
    0x3e, 0xef, 0xee, 0xfe, 0xe3, 0x05, 0xeb, 0x00, 0x2d, 0x00, 0xa5, 0x00, 0x4e, 0x4e, 0x00, 0x2d,
    0x00, 0xa5, 0x00, 0x02, 0x0b, 0x40, 0x00, 0x00, 0x00, 0x00, 0x00, 0x2e, 0x68, 0xfe, 0xff, 0xef,
    0xb0, 0x00, 0xbd, 0x78, 0x70, 0x68, 0x04, 0xb0, 0x09, 0xb8, 0x88, 0x70, 0x68, 0x04, 0xb0, 0x3c,
    0x18, 0x78, 0xee, 0xef, 0xee, 0xb0, 0x00, 0x09, 0x68, 0x70, 0x68, 0x04, 0xb0, 0x00, 0x0b, 0x58,
    0x70, 0x68, 0x04, 0xb0, 0x00, 0x1f, 0x28, 0xee, 0xef, 0xee, 0xb0, 0x0b, 0xe9, 0x07, 0x50, 0x00,
    0x03, 0x80,
    /* U+73B0 "现" */
    0x3f, 0xff, 0xf6, 0xee, 0xee, 0xef, 0x50, 0x00, 0x5a, 0x00, 0xe1, 0x00, 0x0b, 0x50, 0x00, 0x5a,
    0x00, 0xe1, 0x59, 0x0b, 0x50, 0x00, 0x5a, 0x00, 0xe1, 0x59, 0x0b, 0x50, 0x0f, 0xff, 0xf2, 0xe1,
    0x59, 0x0b, 0x50, 0x00, 0x5a, 0x00, 0xe1, 0x68, 0x0b, 0x50, 0x00, 0x5a, 0x00, 0xe1, 0x87, 0x0b,
    0x50, 0x00, 0x5a, 0x00, 0x90, 0xba, 0x17, 0x30, 0x00, 0x5a, 0x12, 0x01, 0xed, 0x30, 0x00, 0x00,
    0x7e, 0xe8, 0x08, 0xbb, 0x30, 0x52, 0x4e, 0xe9, 0x40, 0x3e, 0x3b, 0x30, 0x85, 0x25, 0x10, 0x03,
    0xe6, 0x0b, 0x40, 0xb3, 0x00, 0x00, 0x2d, 0x50, 0x05, 0xcc, 0x90, 0x00, 0x00, 0x00, 0x00, 0x00,
    0x00, 0x00,
    /* U+751F "生" */
    0x00, 0x07, 0x20, 0x78, 0x00, 0x00, 0x00, 0x00, 0x1f, 0x20, 0x88, 0x00, 0x00, 0x00, 0x00, 0x6c,
    0x00, 0x88, 0x00, 0x00, 0x00, 0x00, 0xcf, 0xff, 0xff, 0xff, 0xff, 0x90, 0x06, 0xc1, 0x00, 0x89,
    0x00, 0x00, 0x00, 0x1e, 0x30, 0x00, 0x88, 0x00, 0x00, 0x00, 0x01, 0x00, 0x00, 0x88, 0x00, 0x00,
    0x00, 0x00, 0xbf, 0xff, 0xff, 0xff, 0xff, 0x20, 0x00, 0x00, 0x00, 0x89, 0x00, 0x00, 0x00, 0x00,
    0x00, 0x00, 0x88, 0x00, 0x00, 0x00, 0x00, 0x00, 0x00, 0x88, 0x00, 0x00, 0x00, 0x00, 0x00, 0x00,
    0x88, 0x00, 0x00, 0x00, 0x3f, 0xff, 0xff, 0xff, 0xff, 0xff, 0xf4, 0x00, 0x00, 0x00, 0x00, 0x00,
    0x00, 0x00,
    /* U+7528 "用" */
    0x00, 0xdf, 0xff, 0xff, 0xff, 0xff, 0x60, 0x0d, 0x30, 0x07, 0x90, 0x00, 0x96, 0x00, 0xd3, 0x00,
    0x79, 0x00, 0x09, 0x60, 0x0d, 0x30, 0x07, 0x90, 0x00, 0x96, 0x00, 0xdf, 0xff, 0xff, 0xff, 0xff,
    0x60, 0x0d, 0x30, 0x07, 0x90, 0x00, 0x96, 0x00, 0xd2, 0x00, 0x79, 0x00, 0x09, 0x60, 0x0e, 0xff,
    0xff, 0xff, 0xff, 0xf6, 0x01, 0xe0, 0x00, 0x79, 0x00, 0x09, 0x60, 0x4b, 0x00, 0x07, 0x90, 0x00,
    0x96, 0x08, 0x80, 0x00, 0x79, 0x00, 0x09, 0x61, 0xe3, 0x00, 0x07, 0x90, 0x00, 0xb6, 0x5a, 0x00,
    0x00, 0x79, 0x1e, 0xed, 0x20, 0x00, 0x00, 0x00, 0x00, 0x00, 0x00,
    /* U+7535 "电" */
    0x00, 0x00, 0x09, 0x60, 0x00, 0x00, 0x00, 0x00, 0x00, 0xa7, 0x00, 0x00, 0x00, 0x4f, 0xff, 0xff,
    0xff, 0xff, 0xf2, 0x04, 0xd1, 0x11, 0xa7, 0x11, 0x1f, 0x20, 0x4d, 0x00, 0x0a, 0x70, 0x00, 0xf2,
    0x04, 0xd0, 0x00, 0xa7, 0x00, 0x0f, 0x20, 0x4f, 0xff, 0xff, 0xff, 0xff, 0xf2, 0x04, 0xd0, 0x00,
    0xa7, 0x00, 0x0f, 0x20, 0x4d, 0x00, 0x0a, 0x70, 0x00, 0xf2, 0x04, 0xff, 0xff, 0xff, 0xff, 0xff,
    0x20, 0x4d, 0x00, 0x0a, 0x70, 0x00, 0x05, 0x20, 0x00, 0x00, 0xa7, 0x00, 0x00, 0xa6, 0x00, 0x00,
    0x09, 0x91, 0x11, 0x2e, 0x30, 0x00, 0x00, 0x3d, 0xff, 0xff, 0xa0,
    /* U+753A "町" */
    0x1e, 0xee, 0xee, 0x50, 0x00, 0x00, 0x00, 0x1d, 0x0b, 0x18, 0x6e, 0xff, 0xff, 0xf7, 0x1d, 0x0b,
    0x18, 0x60, 0x00, 0x97, 0x00, 0x1d, 0x0b, 0x18, 0x60, 0x00, 0x97, 0x00, 0x1d, 0x0b, 0x18, 0x60,
    0x00, 0x97, 0x00, 0x1f, 0xef, 0xef, 0x60, 0x00, 0x97, 0x00, 0x1d, 0x0b, 0x18, 0x60, 0x00, 0x97,
    0x00, 0x1d, 0x0b, 0x18, 0x60, 0x00, 0x97, 0x00, 0x1d, 0x0b, 0x18, 0x60, 0x00, 0x97, 0x00, 0x1d,
    0x0b, 0x18, 0x60, 0x00, 0x97, 0x00, 0x1f, 0xee, 0xee, 0x60, 0x00, 0x97, 0x00, 0x1d, 0x00, 0x00,
    0x00, 0x00, 0xa7, 0x00, 0x00, 0x00, 0x00, 0x02, 0xff, 0xd3, 0x00,
    /* U+75C5 "病" */
    0x00, 0x00, 0x00, 0x07, 0x70, 0x00, 0x00, 0x00, 0x00, 0x00, 0x06, 0xd0, 0x00, 0x00, 0x00, 0x3f,
    0xff, 0xff, 0xff, 0xff, 0xf6, 0x28, 0x3c, 0x00, 0x00, 0x00, 0x00, 0x00, 0x0d, 0x5c, 0x8e, 0xee,
    0xee, 0xee, 0xe4, 0x08, 0xac, 0x00, 0x00, 0xc3, 0x00, 0x00, 0x02, 0x3c, 0x00, 0x00, 0xc3, 0x00,
    0x00, 0x00, 0x3c, 0x4f, 0xee, 0xfe, 0xee, 0xd0, 0x06, 0xdb, 0x4b, 0x00, 0xe2, 0x02, 0xd0, 0x6b,
    0x99, 0x4b, 0x04, 0xec, 0x12, 0xd0, 0x00, 0xa6, 0x4b, 0x2d, 0x46, 0xc2, 0xd0, 0x01, 0xe1, 0x4b,
    0xc5, 0x00, 0x86, 0xd0, 0x0a, 0x90, 0x4b, 0x00, 0x00, 0x02, 0xd0, 0x0b, 0x10, 0x4a, 0x00, 0x00,
    0xbe, 0x90,
    /* U+767D "白" */
    0x00, 0x00, 0xb4, 0x00, 0x00, 0x00, 0x00, 0x2f, 0x20, 0x00, 0x00, 0x11, 0x17, 0xc1, 0x11, 0x11,
    0x0f, 0xff, 0xff, 0xff, 0xff, 0xf0, 0xf1, 0x00, 0x00, 0x00, 0x1f, 0x0f, 0x10, 0x00, 0x00, 0x01,
    0xf0, 0xf1, 0x00, 0x00, 0x00, 0x1f, 0x0f, 0xff, 0xff, 0xff, 0xff, 0xf0, 0xf2, 0x11, 0x11, 0x11,
    0x2f, 0x0f, 0x10, 0x00, 0x00, 0x01, 0xf0, 0xf1, 0x00, 0x00, 0x00, 0x1f, 0x0f, 0x21, 0x11, 0x11,
    0x12, 0xf0, 0xff, 0xff, 0xff, 0xff, 0xff, 0x0f, 0x10, 0x00, 0x00, 0x01, 0xe0,
    /* U+767E "百" */
    0x00, 0x00, 0x00, 0x00, 0x00, 0x00, 0x00, 0x2f, 0xff, 0xff, 0xff, 0xff, 0xff, 0xf2, 0x00, 0x00,
    0x00, 0xc5, 0x00, 0x00, 0x00, 0x00, 0x00, 0x01, 0xf1, 0x00, 0x00, 0x00, 0x00, 0x8f, 0xff, 0xff,
    0xff, 0xfa, 0x00, 0x00, 0x88, 0x00, 0x00, 0x00, 0x6b, 0x00, 0x00, 0x88, 0x00, 0x00, 0x00, 0x6b,
    0x00, 0x00, 0x88, 0x00, 0x00, 0x00, 0x6b, 0x00, 0x00, 0x8f, 0xee, 0xee, 0xee, 0xfb, 0x00, 0x00,
    0x88, 0x00, 0x00, 0x00, 0x6b, 0x00, 0x00, 0x88, 0x00, 0x00, 0x00, 0x6b, 0x00, 0x00, 0x88, 0x00,
    0x00, 0x00, 0x6b, 0x00, 0x00, 0x8f, 0xff, 0xff, 0xff, 0xfb, 0x00, 0x00, 0x88, 0x00, 0x00, 0x00,
    0x5a, 0x00,
    /* U+7684 "的" */
    0x00, 0x84, 0x00, 0x09, 0x20, 0x00, 0x00, 0xe3, 0x00, 0x0d, 0x00, 0x00, 0x02, 0xd0, 0x00, 0x4f,
    0xff, 0xfe, 0xce, 0xee, 0xf1, 0x93, 0x00, 0x0e, 0xc3, 0x00, 0xd2, 0xc0, 0x00, 0x1e, 0xc3, 0x00,
    0xd9, 0x70, 0x00, 0x1d, 0xc3, 0x00, 0xd3, 0x28, 0x00, 0x2d, 0xce, 0xee, 0xf1, 0x0a, 0x80, 0x2c,
    0xc3, 0x00, 0xd1, 0x01, 0xd3, 0x3c, 0xc3, 0x00, 0xd1, 0x00, 0x55, 0x4b, 0xc3, 0x00, 0xd1, 0x00,
    0x00, 0x5a, 0xce, 0xee, 0xf1, 0x00, 0x00, 0x78, 0xc3, 0x00, 0x00, 0x00, 0x01, 0xc5, 0x41, 0x00,
    0x00, 0x05, 0xee, 0xb1,
    /* U+76EE "目" */
    0xcf, 0xff, 0xff, 0xff, 0xfb, 0xc4, 0x11, 0x11, 0x11, 0x6b, 0xc4, 0x00, 0x00, 0x00, 0x6b, 0xc4,
    0x00, 0x00, 0x00, 0x6b, 0xcf, 0xff, 0xff, 0xff, 0xfb, 0xc4, 0x00, 0x00, 0x00, 0x6b, 0xc4, 0x00,
    0x00, 0x00, 0x6b, 0xcf, 0xff, 0xff, 0xff, 0xfb, 0xc4, 0x00, 0x00, 0x00, 0x6b, 0xc4, 0x00, 0x00,
    0x00, 0x6b, 0xc4, 0x00, 0x00, 0x00, 0x6b, 0xcf, 0xff, 0xff, 0xff, 0xfb, 0xb3, 0x00, 0x00, 0x00,
    0x5a,
    /* U+770B "看" */
    0x00, 0x01, 0x22, 0x34, 0x56, 0x99, 0x00, 0x03, 0xcc, 0xbc, 0xe9, 0x87, 0x53, 0x00, 0x00, 0x00,
    0x07, 0xa0, 0x00, 0x00, 0x00, 0x02, 0xdd, 0xdf, 0xdd, 0xdd, 0xdd, 0x50, 0x00, 0x00, 0x3e, 0x10,
    0x00, 0x00, 0x00, 0x2d, 0xdd, 0xfe, 0xdd, 0xdd, 0xdd, 0xd2, 0x00, 0x04, 0xe1, 0x00, 0x00, 0x00,
    0x00, 0x00, 0x1e, 0xed, 0xdd, 0xdd, 0xdc, 0x00, 0x01, 0xce, 0xa0, 0x00, 0x00, 0x4c, 0x00, 0x3d,
    0x96, 0xeb, 0xbb, 0xbb, 0xcc, 0x00, 0x12, 0x05, 0xeb, 0xbb, 0xbb, 0xcc, 0x00, 0x00, 0x05, 0xa0,
    0x00, 0x00, 0x4c, 0x00, 0x00, 0x05, 0xec, 0xcc, 0xcc, 0xdc, 0x00, 0x00, 0x04, 0x80, 0x00, 0x00,
    0x39, 0x00,
    /* U+771F "真" */
    0x00, 0x00, 0x00, 0x78, 0x00, 0x00, 0x00, 0x0b, 0xdd, 0xdd, 0xee, 0xdd, 0xdd, 0xb0, 0x00, 0x00,
    0x00, 0xb4, 0x00, 0x00, 0x00, 0x00, 0x2b, 0xbb, 0xec, 0xbb, 0xb3, 0x00, 0x00, 0x3c, 0x00, 0x00,
    0x00, 0xc3, 0x00, 0x00, 0x3e, 0xaa, 0xaa, 0xaa, 0xe3, 0x00, 0x00, 0x3c, 0x00, 0x00, 0x00, 0xc3,
    0x00, 0x00, 0x3e, 0xaa, 0xaa, 0xaa, 0xe3, 0x00, 0x00, 0x3e, 0xaa, 0xaa, 0xaa, 0xe3, 0x00, 0x00,
    0x3c, 0x00, 0x00, 0x00, 0xc3, 0x00, 0x3d, 0xef, 0xdd, 0xdd, 0xdd, 0xfe, 0xd3, 0x00, 0x01, 0x74,
    0x00, 0x48, 0x20, 0x00, 0x02, 0x8e, 0xa2, 0x00, 0x27, 0xdb, 0x40, 0x0b, 0x82, 0x00, 0x00, 0x00,
    0x06, 0xa1,
    /* U+773C "眼" */
    0xee, 0xed, 0x0e, 0xee, 0xee, 0xf8, 0x0e, 0x00, 0xd0, 0xe2, 0x00, 0x07, 0x80, 0xe0, 0x0d, 0x0e,
    0x20, 0x00, 0x78, 0x0f, 0xee, 0xd0, 0xee, 0xdd, 0xde, 0x80, 0xe0, 0x0d, 0x0e, 0x20, 0x00, 0x78,
    0x0e, 0x00, 0xd0, 0xee, 0xee, 0xee, 0x80, 0xee, 0xed, 0x0e, 0x23, 0xb0, 0x03, 0x0e, 0x00, 0xd0,
    0xe2, 0x0e, 0x18, 0xd1, 0xe0, 0x0d, 0x0e, 0x20, 0x9d, 0xa1, 0x0f, 0xee, 0xd0, 0xe2, 0x02, 0xe2,
    0x00, 0xe0, 0x00, 0x0e, 0x22, 0x38, 0xc1, 0x07, 0x00, 0x02, 0xfe, 0xe7, 0x0b, 0xd3, 0x00, 0x00,
    0x2a, 0x40, 0x00, 0x07, 0x10,
    /* U+775B "睛" */
    0x00, 0x00, 0x00, 0x05, 0x80, 0x00, 0x0e, 0xee, 0x96, 0xcc, 0xde, 0xcc, 0xc0, 0xe0, 0x4a, 0x00,
    0x06, 0x90, 0x00, 0x0e, 0x04, 0xa2, 0xbb, 0xde, 0xbb, 0x70, 0xfe, 0xea, 0x00, 0x06, 0x90, 0x00,
    0x0e, 0x04, 0xab, 0xcc, 0xcc, 0xcc, 0xc4, 0xe0, 0x4a, 0x00, 0x00, 0x00, 0x00, 0x0f, 0xee, 0xa0,
    0xec, 0xcc, 0xce, 0x40, 0xe0, 0x4a, 0x0e, 0x00, 0x00, 0xb4, 0x0e, 0x04, 0xa0, 0xec, 0xbb, 0xbe,
    0x40, 0xfe, 0xea, 0x0e, 0x00, 0x00, 0xb4, 0x0e, 0x00, 0x00, 0xeb, 0xbb, 0xbe, 0x40, 0x70, 0x00,
    0x0e, 0x00, 0x00, 0xb4, 0x00, 0x00, 0x00, 0xd0, 0x02, 0xdb, 0x20,
    /* U+7761 "睡" */
    0x00, 0x00, 0x00, 0x02, 0x36, 0x91, 0x0d, 0xee, 0x64, 0xde, 0xee, 0x97, 0x20, 0xd0, 0x67, 0x00,
    0x05, 0xa0, 0x00, 0x0d, 0x06, 0x70, 0x00, 0x5a, 0x00, 0x00, 0xee, 0xe7, 0xcf, 0xff, 0xff, 0xff,
    0x1d, 0x06, 0x70, 0xa3, 0x5a, 0x0e, 0x00, 0xd0, 0x67, 0x0a, 0x35, 0xa0, 0xe0, 0x0e, 0xee, 0x7f,
    0xff, 0xff, 0xff, 0xf6, 0xd0, 0x67, 0x0a, 0x35, 0xa0, 0xe0, 0x0d, 0x06, 0x7d, 0xff, 0xff, 0xff,
    0xf1, 0xee, 0xe7, 0x00, 0x05, 0xa0, 0x00, 0x0d, 0x00, 0x00, 0x00, 0x5a, 0x00, 0x00, 0xd0, 0x00,
    0x00, 0x05, 0xa0, 0x00, 0x03, 0x00, 0x06, 0xee, 0xee, 0xee, 0x80,
    /* U+786E "确" */
    0x00, 0x00, 0x00, 0x08, 0x60, 0x00, 0x03, 0xff, 0xff, 0x71, 0xee, 0xdd, 0x70, 0x00, 0xa5, 0x00,
    0x79, 0x00, 0xd4, 0x00, 0x0d, 0x20, 0x3e, 0x20, 0x7a, 0x00, 0x01, 0xe0, 0x0d, 0xfe, 0xef, 0xee,
    0xf0, 0x5a, 0x00, 0x7c, 0x30, 0xe0, 0x0f, 0x0a, 0xfe, 0xf1, 0xc3, 0x0e, 0x00, 0xf3, 0xf9, 0x0d,
    0x1c, 0xdd, 0xfd, 0xdf, 0x5b, 0x90, 0xd1, 0xc2, 0x0e, 0x00, 0xf0, 0x59, 0x0d, 0x1d, 0xee, 0xfe,
    0xef, 0x05, 0x90, 0xd1, 0xe0, 0x0e, 0x00, 0xf0, 0x5f, 0xef, 0x5a, 0x00, 0xe0, 0x0f, 0x05, 0x90,
    0x0b, 0x60, 0x0e, 0x01, 0xf0, 0x12, 0x02, 0xb0, 0x00, 0x86, 0xea,
    /* U+793E "社" */
    0x00, 0x64, 0x00, 0x00, 0x0c, 0x20, 0x00, 0x00, 0x4d, 0x10, 0x00, 0x0e, 0x20, 0x00, 0x00, 0x08,
    0x20, 0x00, 0x0e, 0x20, 0x00, 0x4f, 0xff, 0xf8, 0x00, 0x0e, 0x20, 0x00, 0x00, 0x01, 0xd2, 0x00,
    0x0e, 0x20, 0x00, 0x00, 0x0a, 0x80, 0xff, 0xff, 0xff, 0xf2, 0x00, 0x7f, 0x40, 0x00, 0x0e, 0x20,
    0x00, 0x08, 0xfe, 0xd3, 0x00, 0x0e, 0x20, 0x00, 0x7c, 0x5c, 0x5b, 0x00, 0x0e, 0x20, 0x00, 0x11,
    0x3c, 0x01, 0x00, 0x0e, 0x20, 0x00, 0x00, 0x3c, 0x00, 0x00, 0x0e, 0x20, 0x00, 0x00, 0x3c, 0x00,
    0x00, 0x0e, 0x20, 0x00, 0x00, 0x3c, 0x0a, 0xff, 0xff, 0xff, 0xf7, 0x00, 0x29, 0x00, 0x11, 0x11,
    0x11, 0x10,
    /* U+795E "神" */
    0x00, 0x86, 0x00, 0x00, 0x1e, 0x00, 0x00, 0x01, 0xd1, 0x00, 0x01, 0xe0, 0x00, 0x00, 0x01, 0x00,
    0xee, 0xef, 0xee, 0xd4, 0xff, 0xff, 0x5e, 0x01, 0xe0, 0x1e, 0x00, 0x02, 0xd1, 0xe0, 0x1e, 0x01,
    0xe0, 0x00, 0xb6, 0x0e, 0x01, 0xe0, 0x1e, 0x00, 0x6e, 0x10, 0xfe, 0xef, 0xee, 0xe0, 0x7f, 0xeb,
    0x1e, 0x01, 0xe0, 0x1e, 0x5e, 0x89, 0x98, 0xe0, 0x1e, 0x01, 0xe2, 0x25, 0x91, 0x2f, 0xee, 0xfe,
    0xee, 0x00, 0x59, 0x00, 0x90, 0x1e, 0x00, 0x80, 0x05, 0x90, 0x00, 0x01, 0xe0, 0x00, 0x00, 0x59,
    0x00, 0x00, 0x1e, 0x00, 0x00, 0x05, 0x80, 0x00, 0x01, 0xd0, 0x00,
    /* U+79BB "离" */
    0x00, 0x00, 0x00, 0x00, 0x00, 0x00, 0x00, 0x00, 0x00, 0x00, 0xb4, 0x00, 0x00, 0x00, 0x1e, 0xee,
    0xee, 0xef, 0xee, 0xee, 0xe2, 0x00, 0x43, 0x35, 0x00, 0x73, 0x34, 0x00, 0x00, 0x96, 0x18, 0xba,
    0x70, 0x6a, 0x00, 0x00, 0x96, 0x17, 0xcb, 0xa1, 0x6a, 0x00, 0x00, 0x96, 0x97, 0x00, 0x57, 0x6a,
    0x00, 0x00, 0x9e, 0xdd, 0xdd, 0xdd, 0xea, 0x00, 0x00, 0x00, 0x00, 0xb6, 0x00, 0x00, 0x00, 0x07,
    0xee, 0xee, 0xfe, 0xee, 0xee, 0x70, 0x07, 0x80, 0x0d, 0x40, 0x81, 0x07, 0x80, 0x07, 0x80, 0x89,
    0x12, 0xa9, 0x07, 0x80, 0x07, 0x81, 0xfe, 0xec, 0xad, 0x37, 0x80, 0x07, 0x80, 0x31, 0x00, 0x02,
    0x08, 0x80, 0x07, 0x70, 0x00, 0x00, 0x05, 0xcb, 0x30,
    /* U+79C1 "私" */
    0x00, 0x01, 0x49, 0x20, 0x17, 0x00, 0x00, 0x1a, 0xdf, 0xb6, 0x10, 0x4d, 0x00, 0x00, 0x04, 0x1b,
    0x50, 0x00, 0x7a, 0x00, 0x00, 0x00, 0x0b, 0x50, 0x00, 0xb7, 0x00, 0x00, 0x3f, 0xff, 0xff, 0x90,
    0xe3, 0x00, 0x00, 0x00, 0x2f, 0x90, 0x02, 0xf0, 0x00, 0x00, 0x00, 0x8f, 0xd6, 0x06, 0xc0, 0xb3,
    0x00, 0x01, 0xdb, 0x6d, 0x3a, 0x70, 0x89, 0x00, 0x09, 0x7b, 0x55, 0x3e, 0x30, 0x3e, 0x10, 0x5d,
    0x1b, 0x50, 0x3e, 0x00, 0x0c, 0x50, 0x54, 0x0b, 0x50, 0x99, 0x00, 0x2a, 0xa0, 0x00, 0x0b, 0x52,
    0xec, 0xcf, 0xfc, 0xf1, 0x00, 0x0b, 0x51, 0xc8, 0x52, 0x00, 0xd4, 0x00, 0x09, 0x40, 0x00, 0x00,
    0x00, 0x30,
    /* U+7A7A "空" */
    0x00, 0x00, 0x0b, 0x40, 0x00, 0x00, 0x00, 0x00, 0x09, 0xa0, 0x00, 0x00, 0xef, 0xff, 0xff, 0xff,
    0xff, 0xff, 0xe1, 0x00, 0x00, 0x00, 0x00, 0x2f, 0xe1, 0x05, 0xb0, 0x0b, 0x60, 0x1c, 0x81, 0x7e,
    0x40, 0x03, 0xdc, 0x30, 0x4d, 0xc3, 0x00, 0x00, 0x08, 0xe6, 0x67, 0x00, 0x00, 0x00, 0x00, 0x45,
    0x06, 0xee, 0xef, 0xfe, 0xee, 0x80, 0x00, 0x00, 0x09, 0x80, 0x00, 0x00, 0x00, 0x00, 0x09, 0x80,
    0x00, 0x00, 0x00, 0x00, 0x09, 0x80, 0x00, 0x00, 0xde, 0xee, 0xef, 0xfe, 0xee, 0xee,
    /* U+7A93 "窓" */
    0x00, 0x00, 0x00, 0x97, 0x00, 0x00, 0x00, 0x0b, 0xcc, 0xcc, 0xde, 0xcc, 0xcc, 0xc0, 0x0e, 0x20,
    0x15, 0x00, 0x30, 0x02, 0xf0, 0x0e, 0x23, 0xd7, 0x00, 0xac, 0x42, 0xf0, 0x02, 0x9e, 0x53, 0x90,
    0x03, 0xc9, 0x10, 0x02, 0x81, 0x1d, 0x50, 0x62, 0x06, 0x00, 0x00, 0x01, 0xc5, 0x00, 0x5e, 0x40,
    0x00, 0x00, 0x3d, 0xd9, 0xab, 0xce, 0xf4, 0x00, 0x00, 0x39, 0x76, 0x54, 0x32, 0x4a, 0x00, 0x00,
    0x11, 0x20, 0xc4, 0x00, 0x43, 0x00, 0x03, 0xc6, 0xa0, 0x3e, 0x20, 0x5d, 0x10, 0x09, 0x76, 0xa0,
    0x07, 0x72, 0x7a, 0x80, 0x1e, 0x16, 0xb0, 0x00, 0x06, 0xb2, 0xe1, 0x15, 0x02, 0xce, 0xee, 0xed,
    0x40, 0x20,
    /* U+7A97 "窗" */
    0x00, 0x00, 0x0c, 0x50, 0x00, 0x00, 0xbc, 0xcc, 0xce, 0xec, 0xcc, 0xcb, 0xe2, 0x02, 0x50, 0x05,
    0x20, 0x3e, 0x71, 0x4e, 0x60, 0x06, 0xe8, 0x26, 0x4b, 0xe4, 0x2a, 0x00, 0x2a, 0xd3, 0x78, 0x10,
    0x98, 0x00, 0x00, 0x79, 0x0b, 0xdc, 0xcc, 0xcc, 0xcd, 0xd0, 0x0b, 0x50, 0xa2, 0x00, 0x03, 0xd0,
    0x0b, 0x56, 0xca, 0xac, 0x93, 0xd0, 0x0b, 0x57, 0x78, 0x4b, 0x13, 0xd0, 0x0b, 0x50, 0x3b, 0xcb,
    0x23, 0xd0, 0x0b, 0x5a, 0xa4, 0x03, 0x83, 0xd0, 0x0b, 0xdc, 0xcc, 0xcc, 0xcd, 0xd0, 0x08, 0x40,
    0x00, 0x00, 0x02, 0x90,
    /* U+7AD9 "站" */
    0x00, 0x46, 0x00, 0x00, 0x3c, 0x00, 0x00, 0x00, 0x2e, 0x00, 0x00, 0x3d, 0x00, 0x00, 0x00, 0x09,
    0x20, 0x00, 0x3d, 0x00, 0x00, 0x3f, 0xff, 0xff, 0x40, 0x3f, 0xff, 0xf7, 0x03, 0x10, 0x34, 0x00,
    0x3d, 0x00, 0x00, 0x08, 0x50, 0x87, 0x00, 0x3d, 0x00, 0x00, 0x05, 0x70, 0xa4, 0x00, 0x3d, 0x00,
    0x00, 0x03, 0x90, 0xc1, 0x7f, 0xff, 0xff, 0xc0, 0x02, 0xb0, 0xd0, 0x78, 0x00, 0x03, 0xd0, 0x00,
    0xc2, 0xb2, 0x88, 0x00, 0x03, 0xd0, 0x01, 0x5b, 0xfe, 0x98, 0x00, 0x03, 0xd0, 0x4f, 0xd8, 0x40,
    0x78, 0x00, 0x03, 0xd0, 0x12, 0x00, 0x00, 0x7f, 0xff, 0xff, 0xd0, 0x00, 0x00, 0x00, 0x67, 0x00,
    0x02, 0x90,
    /* U+7B2C "第" */
    0x00, 0x5a, 0x00, 0x00, 0xc3, 0x00, 0x00, 0x00, 0xce, 0xcc, 0xc5, 0xfc, 0xcc, 0xc3, 0x08, 0xa1,
    0xe1, 0x1d, 0x52, 0xe1, 0x00, 0x2c, 0x10, 0x83, 0x39, 0x00, 0x74, 0x00, 0x02, 0xdd, 0xdd, 0xdd,
    0xdd, 0xdd, 0x20, 0x00, 0x00, 0x00, 0x97, 0x00, 0x0d, 0x30, 0x00, 0x00, 0x00, 0x97, 0x00, 0x0d,
    0x30, 0x00, 0xbe, 0xee, 0xee, 0xee, 0xee, 0x20, 0x00, 0xd2, 0x00, 0x97, 0x00, 0x00, 0x00, 0x01,
    0xfd, 0xdd, 0xee, 0xdd, 0xdd, 0x80, 0x00, 0x00, 0x3d, 0xd7, 0x00, 0x09, 0x70, 0x00, 0x06, 0xd3,
    0x97, 0x00, 0x0c, 0x50, 0x06, 0xdb, 0x20, 0x97, 0x0d, 0xec, 0x10, 0x07, 0x50, 0x00, 0x75, 0x00,
    0x10, 0x00,
    /* U+7B49 "等" */
    0x00, 0xa5, 0x00, 0x03, 0xd0, 0x00, 0x00, 0x03, 0xfe, 0xdd, 0xba, 0xfd, 0xdd, 0xd3, 0x0c, 0x6a,
    0x60, 0x6d, 0x0a, 0x70, 0x00, 0x5d, 0x16, 0xa0, 0xb7, 0x03, 0xd0, 0x00, 0x03, 0x01, 0x00, 0x88,
    0x00, 0x20, 0x00, 0x00, 0xdd, 0xdd, 0xee, 0xdd, 0xdd, 0x10, 0x00, 0x00, 0x00, 0x88, 0x00, 0x00,
    0x00, 0x5e, 0xee, 0xee, 0xee, 0xef, 0xee, 0xe5, 0x00, 0x00, 0x00, 0x00, 0x0a, 0x60, 0x00, 0x0c,
    0xee, 0xee, 0xee, 0xef, 0xee, 0xe0, 0x00, 0x08, 0x70, 0x00, 0x0a, 0x60, 0x00, 0x00, 0x03, 0xe7,
    0x00, 0x0a, 0x60, 0x00, 0x00, 0x00, 0x3e, 0x20, 0x0b, 0x60, 0x00, 0x00, 0x00, 0x01, 0x0d, 0xed,
    0x20, 0x00,
    /* U+7B54 "答" */
    0x00, 0x00, 0x00, 0x00, 0x00, 0x00, 0x00, 0x00, 0x88, 0x00, 0x00, 0xd2, 0x00, 0x00, 0x01, 0xee,
    0xee, 0xc7, 0xfd, 0xdd, 0xd2, 0x0b, 0x74, 0xc0, 0x2e, 0x25, 0xc0, 0x00, 0x3b, 0x00, 0xc2, 0x13,
    0x00, 0xb2, 0x00, 0x00, 0x00, 0x01, 0xdb, 0x00, 0x00, 0x00, 0x00, 0x00, 0x2d, 0x8a, 0xc3, 0x00,
    0x00, 0x00, 0x18, 0xe6, 0x00, 0x5e, 0xa4, 0x00, 0x19, 0xeb, 0xce, 0xee, 0xed, 0x7e, 0xd4, 0x19,
    0x30, 0x00, 0x00, 0x00, 0x01, 0x61, 0x00, 0x0e, 0xee, 0xee, 0xee, 0xe1, 0x00, 0x00, 0x0f, 0x00,
    0x00, 0x00, 0xe2, 0x00, 0x00, 0x0f, 0x00, 0x00, 0x00, 0xe2, 0x00, 0x00, 0x0f, 0xee, 0xee, 0xee,
    0xf2, 0x00, 0x00, 0x0b, 0x00, 0x00, 0x00, 0xa1, 0x00,
    /* U+7C73 "米" */
    0x00, 0x00, 0x00, 0x87, 0x00, 0x00, 0x00, 0x02, 0xc1, 0x00, 0x98, 0x00, 0x0d, 0x40, 0x00, 0xb8,
    0x00, 0x98, 0x00, 0x6d, 0x00, 0x00, 0x2f, 0x20, 0x98, 0x01, 0xe4, 0x00, 0x00, 0x0a, 0x50, 0x98,
    0x06, 0xa0, 0x00, 0x01, 0x11, 0x11, 0x98, 0x11, 0x11, 0x10, 0x3f, 0xff, 0xff, 0xff, 0xff, 0xff,
    0xf3, 0x00, 0x00, 0x0c, 0xee, 0xb0, 0x00, 0x00, 0x00, 0x00, 0x8b, 0x98, 0xb9, 0x00, 0x00, 0x00,
    0x05, 0xe1, 0x98, 0x1d, 0x60, 0x00, 0x00, 0x4e, 0x40, 0x98, 0x03, 0xe6, 0x00, 0x06, 0xe5, 0x00,
    0x98, 0x00, 0x4e, 0x91, 0x4e, 0x40, 0x00, 0x98, 0x00, 0x03, 0xc4, 0x01, 0x00, 0x00, 0x87, 0x00,
    0x00, 0x00,
    /* U+7CBE "精" */
    0x00, 0x67, 0x00, 0x00, 0x1d, 0x00, 0x00, 0x28, 0x78, 0x85, 0xcc, 0xcf, 0xcc, 0xc1, 0x0c, 0x78,
    0xb1, 0x00, 0x1d, 0x00, 0x00, 0x0a, 0x89, 0xa0, 0x8b, 0xcf, 0xbb, 0x90, 0x03, 0x89, 0x30, 0x00,
    0x1d, 0x00, 0x00, 0x6f, 0xff, 0xf7, 0xcc, 0xcc, 0xcc, 0xc5, 0x00, 0xca, 0x00, 0x00, 0x00, 0x00,
    0x00, 0x02, 0xff, 0x40, 0x8d, 0xcc, 0xce, 0x70, 0x07, 0xda, 0xd0, 0x87, 0x00, 0x07, 0x70, 0x0d,
    0x88, 0x92, 0x8d, 0xbb, 0xbd, 0x70, 0x6a, 0x78, 0x00, 0x87, 0x00, 0x07, 0x70, 0x43, 0x78, 0x00,
    0x8d, 0xbb, 0xbd, 0x70, 0x00, 0x78, 0x00, 0x87, 0x00, 0x08, 0x70, 0x00, 0x67, 0x00, 0x76, 0x00,
    0xcc, 0x40,
    /* U+7EA2 "红" */
    0x00, 0x07, 0x20, 0x00, 0x00, 0x00, 0x00, 0x00, 0x2f, 0x20, 0x11, 0x11, 0x11, 0x10, 0x00, 0x8a,
    0x01, 0xff, 0xff, 0xff, 0xf2, 0x01, 0xe3, 0x11, 0x00, 0x0f, 0x20, 0x00, 0x09, 0x80, 0xa8, 0x00,
    0x0f, 0x20, 0x00, 0x5f, 0xbc, 0xd1, 0x00, 0x0f, 0x20, 0x00, 0x37, 0x6e, 0x40, 0x00, 0x0f, 0x20,
    0x00, 0x00, 0xb7, 0x00, 0x00, 0x0f, 0x20, 0x00, 0x0a, 0xd7, 0x96, 0x00, 0x0f, 0x20, 0x00, 0x4e,
    0xb9, 0x62, 0x00, 0x0f, 0x20, 0x00, 0x00, 0x00, 0x00, 0x00, 0x0f, 0x20, 0x00, 0x02, 0x58, 0xb8,
    0x11, 0x1f, 0x21, 0x10, 0x6e, 0xb8, 0x55, 0xff, 0xff, 0xff, 0xf6, 0x10, 0x00, 0x00, 0x00, 0x00,
    0x00, 0x00,
    /* U+7EBF "线" */
    0x00, 0x09, 0x20, 0x00, 0xb3, 0x61, 0x00, 0x00, 0x3e, 0x10, 0x00, 0xc4, 0x6d, 0x30, 0x00, 0x98,
    0x00, 0x00, 0xb4, 0x04, 0x30, 0x01, 0xd1, 0x43, 0x47, 0xdd, 0xee, 0x90, 0x09, 0x70, 0xd4, 0xa9,
    0xc8, 0x20, 0x00, 0x3f, 0xde, 0xa0, 0x00, 0x96, 0x01, 0x40, 0x15, 0x4e, 0x20, 0x14, 0xbd, 0xde,
    0xb1, 0x00, 0xb5, 0x02, 0xec, 0xbc, 0x20, 0x30, 0x08, 0xd8, 0xb5, 0x00, 0x3d, 0x03, 0xd1, 0x2e,
    0xb7, 0x40, 0x00, 0x1f, 0x4d, 0x40, 0x00, 0x00, 0x01, 0x00, 0x0c, 0xe5, 0x00, 0x02, 0x6a, 0xe6,
    0x01, 0x9f, 0xb0, 0x32, 0x2e, 0xa5, 0x12, 0x8d, 0x82, 0xd6, 0x86, 0x01, 0x00, 0x04, 0x81, 0x00,
    0x4d, 0xd1,
    /* U+7ED3 "结" */
    0x00, 0x1a, 0x10, 0x00, 0x1e, 0x00, 0x00, 0x00, 0x7b, 0x00, 0x00, 0x1f, 0x00, 0x00, 0x00, 0xd4,
    0x04, 0xff, 0xff, 0xff, 0xf3, 0x05, 0xc0, 0x63, 0x00, 0x1f, 0x00, 0x00, 0x0d, 0x50, 0xe4, 0x00,
    0x1f, 0x00, 0x00, 0x6f, 0xad, 0xa0, 0x00, 0x1f, 0x00, 0x00, 0x38, 0x8e, 0x20, 0xef, 0xff, 0xff,
    0xf0, 0x02, 0xc4, 0x01, 0x00, 0x00, 0x00, 0x00, 0x3d, 0xdc, 0xe7, 0x8e, 0xee, 0xee, 0x90, 0x39,
    0x52, 0x00, 0x97, 0x00, 0x07, 0x90, 0x00, 0x00, 0x12, 0x97, 0x00, 0x07, 0x90, 0x27, 0xad, 0xe8,
    0x97, 0x00, 0x07, 0x90, 0x5a, 0x73, 0x00, 0x9e, 0xee, 0xee, 0x90, 0x00, 0x00, 0x00, 0x75, 0x00,
    0x05, 0x60,
    /* U+7EE7 "继" */
    0x00, 0x2a, 0x01, 0x30, 0x03, 0x70, 0x00, 0x00, 0x79, 0x03, 0xb5, 0x34, 0x91, 0xa0, 0x00, 0xd3,
    0x03, 0xb3, 0x94, 0x95, 0x80, 0x05, 0xb0, 0x64, 0xb0, 0xc4, 0x9b, 0x20, 0x0c, 0x33, 0xd4, 0xb0,
    0x14, 0x91, 0x00, 0x6f, 0xdf, 0x53, 0xbb, 0xef, 0xfe, 0xe3, 0x11, 0x6b, 0x03, 0xb0, 0x0d, 0xe3,
    0x00, 0x02, 0xd1, 0x03, 0xb0, 0x6b, 0xbc, 0x10, 0x1c, 0xcc, 0xe5, 0xb2, 0xd5, 0x96, 0xa0, 0x3a,
    0x63, 0x03, 0xba, 0x54, 0x90, 0x91, 0x00, 0x00, 0x24, 0xb2, 0x04, 0x90, 0x00, 0x16, 0xad, 0xd6,
    0xb0, 0x02, 0x50, 0x00, 0x39, 0x52, 0x03, 0xfe, 0xee, 0xee, 0xe5,
    /* U+7EED "续" */
    0x00, 0x00, 0x00, 0x00, 0x00, 0x00, 0x00, 0x00, 0x0a, 0x00, 0x00, 0x5b, 0x00, 0x00, 0x00, 0x5b,
    0x00, 0xcd, 0xef, 0xdd, 0x50, 0x00, 0xb4, 0x00, 0x00, 0x5b, 0x00, 0x00, 0x03, 0xc0, 0x61, 0x00,
    0x5b, 0x00, 0x00, 0x0b, 0x43, 0xc6, 0xee, 0xee, 0xee, 0xe0, 0x5f, 0xdf, 0x40, 0x14, 0x08, 0x04,
    0xa0, 0x13, 0x6b, 0x00, 0x2a, 0x7e, 0x07, 0x40, 0x01, 0xd2, 0x22, 0xc3, 0x2e, 0x00, 0x00, 0x0b,
    0xdd, 0xc0, 0x28, 0x1e, 0x00, 0x00, 0x3b, 0x62, 0x0a, 0xee, 0xff, 0xee, 0xe2, 0x00, 0x03, 0x80,
    0x00, 0xc6, 0x30, 0x00, 0x17, 0xcc, 0x60, 0x09, 0xc2, 0xc7, 0x00, 0x4a, 0x40, 0x02, 0xbc, 0x10,
    0x1b, 0x90, 0x00, 0x00, 0x09, 0x70, 0x00, 0x00, 0xa2,
    /* U+7F6E "置" */
    0x04, 0xbb, 0xbb, 0xbb, 0xbb, 0xbb, 0x60, 0x06, 0xa0, 0x2c, 0x00, 0xd2, 0x08, 0x80, 0x06, 0xeb,
    0xce, 0xbb, 0xfc, 0xbd, 0x80, 0x00, 0x00, 0x00, 0xa6, 0x00, 0x00, 0x00, 0x1c, 0xcc, 0xcc, 0xed,
    0xcc, 0xcc, 0xb0, 0x00, 0x00, 0x00, 0xe1, 0x00, 0x00, 0x00, 0x00, 0x4b, 0xbb, 0xfb, 0xbb, 0xb3,
    0x00, 0x00, 0x5a, 0x00, 0x00, 0x00, 0xb5, 0x00, 0x00, 0x5d, 0xaa, 0xaa, 0xaa, 0xe5, 0x00, 0x00,
    0x5d, 0x99, 0x99, 0x99, 0xd5, 0x00, 0x00, 0x5a, 0x00, 0x00, 0x00, 0xb5, 0x00, 0x00, 0x5d, 0xaa,
    0xaa, 0xaa, 0xe5, 0x00, 0x00, 0x5a, 0x00, 0x00, 0x00, 0xb5, 0x00, 0x2c, 0xcc, 0xcc, 0xcc, 0xcc,
    0xcc, 0xc3,
    /* U+8001 "老" */
    0x00, 0x00, 0x07, 0x80, 0x00, 0x02, 0x10, 0x00, 0x00, 0x07, 0x90, 0x00, 0x1d, 0x50, 0x01, 0xff,
    0xff, 0xff, 0xff, 0xc7, 0x00, 0x00, 0x00, 0x07, 0x90, 0x1b, 0x90, 0x00, 0x00, 0x00, 0x07, 0x91,
    0xba, 0x00, 0x00, 0x4f, 0xff, 0xff, 0xff, 0xff, 0xff, 0xf4, 0x00, 0x00, 0x06, 0xe6, 0x00, 0x00,
    0x00, 0x00, 0x01, 0xbe, 0x40, 0x00, 0x30, 0x00, 0x01, 0x7e, 0xe8, 0x00, 0x5c, 0xe3, 0x00, 0x4e,
    0xd5, 0x8b, 0x9e, 0xc6, 0x10, 0x00, 0x16, 0x00, 0x8d, 0x72, 0x00, 0x01, 0x10, 0x00, 0x00, 0x88,
    0x00, 0x00, 0x04, 0xb0, 0x00, 0x00, 0x7a, 0x00, 0x00, 0x08, 0x90, 0x00, 0x00, 0x2c, 0xee, 0xee,
    0xec, 0x30,
    /* U+8033 "耳" */
    0x1f, 0xff, 0xff, 0xff, 0xff, 0xff, 0xf2, 0x01, 0x1e, 0x41, 0x11, 0x13, 0xe1, 0x10, 0x00, 0x0e,
    0x30, 0x00, 0x03, 0xe0, 0x00, 0x00, 0x0e, 0xff, 0xff, 0xff, 0xe0, 0x00, 0x00, 0x0e, 0x30, 0x00,
    0x03, 0xe0, 0x00, 0x00, 0x0e, 0x30, 0x00, 0x03, 0xe0, 0x00, 0x00, 0x0e, 0x30, 0x00, 0x03, 0xe0,
    0x00, 0x00, 0x0e, 0xff, 0xff, 0xff, 0xe0, 0x00, 0x00, 0x0e, 0x30, 0x00, 0x03, 0xe0, 0x00, 0x15,
    0x6e, 0x98, 0x9a, 0xbd, 0xfe, 0xf4, 0x4e, 0xdc, 0xa9, 0x87, 0x56, 0xe1, 0x00, 0x00, 0x00, 0x00,
    0x00, 0x03, 0xe0, 0x00, 0x00, 0x00, 0x00, 0x00, 0x02, 0xb0, 0x00,
    /* U+805E "聞" */
    0xbc, 0xbb, 0xe5, 0x6e, 0xbb, 0xcc, 0xbc, 0xbb, 0xe5, 0x6d, 0xbb, 0xcc, 0xb4, 0x00, 0xa5, 0x69,
    0x00, 0x3c, 0xbc, 0xbb, 0xe5, 0x6e, 0xbb, 0xcc, 0xb4, 0x00, 0x00, 0x00, 0x00, 0x3c, 0xb4, 0x6c,
    0xcc, 0xcc, 0xc6, 0x3c, 0xb4, 0x07, 0x70, 0x08, 0x70, 0x3c, 0xb4, 0x07, 0xca, 0xad, 0x70, 0x3c,
    0xb4, 0x07, 0x70, 0x08, 0x70, 0x3c, 0xb4, 0x07, 0xca, 0xad, 0x70, 0x3c, 0xb4, 0x4b, 0xb8, 0x9d,
    0xdb, 0x3c, 0xb4, 0x68, 0x75, 0x49, 0x71, 0x4c, 0xb4, 0x00, 0x00, 0x04, 0x4b, 0xe8, 0x00, 0x00,
    0x00, 0x00, 0x00, 0x00,
    /* U+8089 "肉" */
    0x00, 0x00, 0x05, 0xa0, 0x00, 0x00, 0x00, 0x00, 0x07, 0x90, 0x00, 0x00, 0xaf, 0xff, 0xff, 0xff,
    0xff, 0xfa, 0xa6, 0x00, 0x2e, 0x50, 0x00, 0x6a, 0xa6, 0x00, 0x8d, 0xe6, 0x00, 0x6a, 0xa6, 0x04,
    0xe3, 0x3d, 0xb1, 0x6a, 0xa6, 0x9d, 0x44, 0x51, 0xba, 0x6a, 0xa6, 0x41, 0x0a, 0x60, 0x02, 0x6a,
    0xa6, 0x00, 0x2f, 0xa0, 0x00, 0x6a, 0xa6, 0x00, 0xa9, 0xbc, 0x10, 0x6a, 0xa6, 0x2a, 0xc0, 0x0a,
    0xd2, 0x6a, 0xa6, 0xc8, 0x10, 0x00, 0x98, 0x6a, 0xa6, 0x00, 0x00, 0x00, 0x11, 0x7a, 0xa6, 0x00,
    0x00, 0x00, 0x8f, 0xe5,
    /* U+811A "脚" */
    0x00, 0x00, 0x00, 0x35, 0x00, 0x00, 0x00, 0x0c, 0xef, 0x80, 0x58, 0x04, 0xff, 0xf1, 0x0c, 0x15,
    0x80, 0x58, 0x04, 0xa0, 0xd1, 0x0c, 0x15, 0x8c, 0xff, 0xf4, 0xa0, 0xd1, 0x0c, 0xee, 0x80, 0x58,
    0x04, 0xa0, 0xd1, 0x0c, 0x15, 0x80, 0x58, 0x04, 0xa0, 0xd1, 0x0c, 0x15, 0x9f, 0xff, 0xf8, 0xa0,
    0xd1, 0x0d, 0x05, 0x80, 0xb3, 0x04, 0xa0, 0xd1, 0x0d, 0xff, 0x80, 0xd2, 0x34, 0xa0, 0xd1, 0x0d,
    0x05, 0x84, 0xa2, 0xa4, 0xa0, 0xd1, 0x1c, 0x05, 0x8a, 0x88, 0xe4, 0xad, 0xc0, 0x4a, 0x05, 0x8e,
    0xc8, 0xb7, 0xa0, 0x00, 0x67, 0x06, 0x82, 0x00, 0x35, 0xa0, 0x00, 0x74, 0x7d, 0x40, 0x00, 0x04,
    0xa0, 0x00, 0x00, 0x00, 0x00, 0x00, 0x00, 0x00, 0x00,
    /* U+8138 "脸" */
    0x00, 0x00, 0x00, 0x00, 0x58, 0x00, 0x00, 0x0a, 0xff, 0xe0, 0x00, 0xdd, 0x10, 0x00, 0x0a, 0x30,
    0xe0, 0x07, 0xa7, 0xb0, 0x00, 0x0a, 0x30, 0xe0, 0x5d, 0x10, 0x9a, 0x10, 0x0a, 0xee, 0xe5, 0xe3,
    0x00, 0x0a, 0xc2, 0x0a, 0x30, 0xfe, 0x8e, 0xee, 0xe7, 0x87, 0x0a, 0x30, 0xe1, 0x00, 0x00, 0x00,
    0x10, 0x0b, 0x30, 0xe0, 0x80, 0x57, 0x04, 0xb0, 0x0c, 0xff, 0xe0, 0xc2, 0x3b, 0x09, 0x50, 0x0c,
    0x10, 0xe0, 0x86, 0x0d, 0x1d, 0x00, 0x0e, 0x00, 0xe0, 0x58, 0x08, 0x67, 0x00, 0x3d, 0x00, 0xe0,
    0x00, 0x00, 0xc1, 0x00, 0x69, 0x00, 0xeb, 0xee, 0xee, 0xfe, 0xe5, 0x64, 0x3e, 0xa0, 0x00, 0x00,
    0x00, 0x00,
    /* U+81EA "自" */
    0x00, 0x00, 0xb5, 0x00, 0x00, 0x00, 0x01, 0xf1, 0x00, 0x00, 0xbf, 0xff, 0xff, 0xff, 0xfe, 0xb5,
    0x00, 0x00, 0x00, 0x3e, 0xb5, 0x00, 0x00, 0x00, 0x3e, 0xb5, 0x00, 0x00, 0x00, 0x3e, 0xbf, 0xff,
    0xff, 0xff, 0xfe, 0xb5, 0x00, 0x00, 0x00, 0x3e, 0xb5, 0x00, 0x00, 0x00, 0x3e, 0xbf, 0xff, 0xff,
    0xff, 0xfe, 0xb5, 0x00, 0x00, 0x00, 0x3e, 0xb5, 0x00, 0x00, 0x00, 0x3e, 0xbf, 0xff, 0xff, 0xff,
    0xfe, 0xa5, 0x00, 0x00, 0x00, 0x2b,
    /* U+8272 "色" */
    0x00, 0x00, 0x79, 0x00, 0x00, 0x00, 0x00, 0x00, 0x03, 0xfe, 0xee, 0xea, 0x00, 0x00, 0x00, 0x1d,
    0x50, 0x01, 0xd4, 0x00, 0x00, 0x02, 0xd9, 0x00, 0x0b, 0x80, 0x00, 0x00, 0x3e, 0xff, 0xff, 0xff,
    0xff, 0xff, 0x10, 0x28, 0x96, 0x00, 0x6a, 0x00, 0x0f, 0x10, 0x00, 0x96, 0x00, 0x6a, 0x00, 0x0f,
    0x10, 0x00, 0x96, 0x00, 0x6a, 0x00, 0x0f, 0x10, 0x00, 0x9f, 0xff, 0xff, 0xff, 0xff, 0x10, 0x00,
    0x96, 0x00, 0x00, 0x00, 0x0b, 0x00, 0x00, 0x96, 0x00, 0x00, 0x00, 0x00, 0x52, 0x00, 0x96, 0x00,
    0x00, 0x00, 0x00, 0xa6, 0x00, 0x89, 0x10, 0x00, 0x00, 0x03, 0xe2, 0x00, 0x2b, 0xef, 0xff, 0xff,
    0xed, 0x70,
    /* U+82B1 "花" */
    0x00, 0x00, 0x93, 0x00, 0x2a, 0x00, 0x00, 0x00, 0x00, 0xc4, 0x00, 0x3d, 0x00, 0x00, 0x3f, 0xff,
    0xff, 0xff, 0xff, 0xff, 0xf2, 0x00, 0x00, 0xc4, 0x00, 0x3d, 0x00, 0x00, 0x00, 0x00, 0x72, 0x04,
    0x35, 0x00, 0x00, 0x00, 0x04, 0xe1, 0x0b, 0x50, 0x00, 0x00, 0x00, 0x0d, 0x60, 0x0b, 0x50, 0x2c,
    0x60, 0x00, 0x9f, 0x10, 0x0b, 0x67, 0xe8, 0x00, 0x09, 0xdf, 0x10, 0x0b, 0xeb, 0x30, 0x00, 0x1b,
    0x2f, 0x14, 0xcf, 0x70, 0x00, 0x00, 0x00, 0x0f, 0x16, 0x5b, 0x50, 0x00, 0x20, 0x00, 0x0f, 0x10,
    0x0b, 0x50, 0x00, 0x96, 0x00, 0x0f, 0x10, 0x0a, 0x70, 0x00, 0xc4, 0x00, 0x0f, 0x10, 0x05, 0xef,
    0xff, 0xc0, 0x00, 0x02, 0x00, 0x00, 0x00, 0x00, 0x00,
    /* U+8336 "茶" */
    0x00, 0x02, 0xa0, 0x00, 0x0b, 0x10, 0x00, 0x00, 0x03, 0xd0, 0x00, 0x0e, 0x20, 0x00, 0x2f, 0xff,
    0xff, 0xff, 0xff, 0xff, 0xf3, 0x00, 0x03, 0xd0, 0x56, 0x0e, 0x20, 0x00, 0x00, 0x01, 0x45, 0xed,
    0x55, 0x10, 0x00, 0x00, 0x01, 0x8d, 0x22, 0xb9, 0x10, 0x00, 0x01, 0x6d, 0xa1, 0x67, 0x08, 0xe9,
    0x20, 0x3e, 0xa3, 0x00, 0x88, 0x00, 0x18, 0xe4, 0x02, 0x8f, 0xff, 0xff, 0xff, 0xf8, 0x10, 0x00,
    0x01, 0x10, 0x88, 0x02, 0x00, 0x00, 0x00, 0x0b, 0x90, 0x88, 0x0c, 0x90, 0x00, 0x00, 0x7d, 0x10,
    0x88, 0x01, 0xc9, 0x00, 0x08, 0xd2, 0x00, 0x88, 0x00, 0x1d, 0x60, 0x02, 0x10, 0x1e, 0xe5, 0x00,
    0x02, 0x10,
    /* U+83DC "菜" */
    0x00, 0x00, 0xc2, 0x00, 0x3c, 0x00, 0x00, 0x2e, 0xee, 0xfe, 0xee, 0xef, 0xee, 0xe3, 0x00, 0x00,
    0xd3, 0x00, 0x3d, 0x00, 0x00, 0x00, 0x01, 0x63, 0x45, 0x8c, 0xcb, 0x00, 0x09, 0xed, 0xdc, 0xba,
    0x87, 0x42, 0x00, 0x00, 0x70, 0x01, 0xb0, 0x00, 0x1e, 0x20, 0x00, 0xa8, 0x00, 0xb5, 0x00, 0x89,
    0x00, 0x00, 0x2c, 0x00, 0x54, 0x01, 0xd1, 0x00, 0x00, 0x00, 0x00, 0x98, 0x00, 0x00, 0x00, 0x3e,
    0xee, 0xef, 0xff, 0xfe, 0xee, 0xe4, 0x00, 0x00, 0x5d, 0xcb, 0xd4, 0x00, 0x00, 0x00, 0x2a, 0xc2,
    0x98, 0x2d, 0x92, 0x00, 0x3b, 0xe8, 0x10, 0x98, 0x01, 0x8e, 0xb2, 0x17, 0x10, 0x00, 0x87, 0x00,
    0x01, 0x60,
    /* U+84DD "蓝" */
    0x00, 0x00, 0xd1, 0x00, 0x1d, 0x00, 0x00, 0x3e, 0xee, 0xfe, 0xee, 0xef, 0xee, 0xe3, 0x00, 0x00,
    0xd1, 0x00, 0x1c, 0x00, 0x00, 0x00, 0x00, 0x54, 0x01, 0xe0, 0x00, 0x00, 0x03, 0xc0, 0x97, 0x06,
    0xfd, 0xdd, 0xa0, 0x03, 0xc0, 0x97, 0x0c, 0x43, 0x00, 0x00, 0x03, 0xc0, 0x97, 0x6c, 0x08, 0x90,
    0x00, 0x03, 0xc0, 0x97, 0x44, 0x00, 0xd4, 0x00, 0x00, 0x00, 0x33, 0x00, 0x00, 0x31, 0x00, 0x00,
    0xad, 0xdd, 0xdd, 0xdd, 0xdb, 0x00, 0x00, 0xc3, 0x0d, 0x00, 0xe0, 0x2e, 0x00, 0x00, 0xc3, 0x0d,
    0x00, 0xe0, 0x2e, 0x00, 0x00, 0xc3, 0x0d, 0x00, 0xe0, 0x2e, 0x00, 0x5e, 0xee, 0xee, 0xee, 0xee,
    0xee, 0xe5,
    /* U+852C "蔬" */
    0x00, 0x00, 0xd1, 0x00, 0x2c, 0x00, 0x00, 0x3e, 0xee, 0xfe, 0xee, 0xef, 0xee, 0xe3, 0x00, 0x00,
    0xf1, 0x00, 0x2d, 0x00, 0x00, 0x00, 0x00, 0x10, 0x00, 0x19, 0x00, 0x00, 0x1e, 0xee, 0xeb, 0xdd,
    0xdf, 0xed, 0xd3, 0x00, 0x02, 0xd2, 0x05, 0xc0, 0x67, 0x00, 0x02, 0x1a, 0x50, 0x3d, 0x20, 0x2e,
    0x40, 0x0a, 0x3b, 0x30, 0xbe, 0xdd, 0xcb, 0xd0, 0x0a, 0x3b, 0xeb, 0x13, 0x03, 0x04, 0x20, 0x0a,
    0x3b, 0x30, 0x3a, 0x2b, 0x1d, 0x00, 0x0a, 0x3b, 0x31, 0x4a, 0x2b, 0x1d, 0x00, 0x0a, 0x5c, 0xcc,
    0x78, 0x2b, 0x1d, 0x14, 0x5e, 0xc8, 0x32, 0xd2, 0x2b, 0x0d, 0x29, 0x11, 0x00, 0x0a, 0x40, 0x15,
    0x09, 0xb4,
    /* U+86CB "蛋" */
    0x00, 0x00, 0x00, 0x00, 0x00, 0x00, 0x00, 0x08, 0xdd, 0xdd, 0xee, 0xdd, 0xde, 0xb0, 0x00, 0x07,
    0x40, 0x88, 0x00, 0x0a, 0x50, 0x00, 0x2f, 0x50, 0x8d, 0xcc, 0xa6, 0x00, 0x00, 0xb9, 0xc7, 0x98,
    0x00, 0x00, 0x00, 0x1b, 0xb0, 0x18, 0xce, 0xee, 0xee, 0xe3, 0x4a, 0x10, 0x00, 0x55, 0x00, 0x00,
    0x00, 0x00, 0xac, 0xcc, 0xee, 0xcc, 0xcb, 0x00, 0x00, 0xd2, 0x00, 0x88, 0x00, 0x2e, 0x00, 0x00,
    0xd2, 0x00, 0x88, 0x00, 0x2e, 0x00, 0x00, 0xac, 0xcc, 0xee, 0xcd, 0xdb, 0x00, 0x00, 0x00, 0x00,
    0x88, 0x05, 0xc2, 0x00, 0x09, 0x99, 0xaa, 0xdd, 0xbc, 0xee, 0x50, 0x07, 0x66, 0x54, 0x43, 0x21,
    0x12, 0xc2, 0x00, 0x00, 0x00, 0x00, 0x00, 0x00, 0x00,
    /* U+884C "行" */
    0x00, 0x09, 0x50, 0x00, 0x00, 0x00, 0x00, 0x00, 0x7c, 0x10, 0xef, 0xff, 0xff, 0xf0, 0x09, 0xd2,
    0x00, 0x00, 0x00, 0x00, 0x00, 0x4c, 0x11, 0x91, 0x00, 0x00, 0x00, 0x00, 0x00, 0x0a, 0x90, 0x00,
    0x00, 0x00, 0x00, 0x00, 0x6d, 0x18, 0xff, 0xff, 0xff, 0xf6, 0x05, 0xfb, 0x00, 0x00, 0x00, 0xc4,
    0x00, 0x5f, 0xab, 0x00, 0x00, 0x00, 0xc4, 0x00, 0x25, 0x5b, 0x00, 0x00, 0x00, 0xc4, 0x00, 0x00,
    0x5b, 0x00, 0x00, 0x00, 0xc4, 0x00, 0x00, 0x5b, 0x00, 0x00, 0x00, 0xc4, 0x00, 0x00, 0x5b, 0x00,
    0x00, 0x00, 0xc4, 0x00, 0x00, 0x5b, 0x00, 0x00, 0x00, 0xd4, 0x00, 0x00, 0x5b, 0x00, 0x03, 0xff,
    0xc1, 0x00, 0x00, 0x01, 0x00, 0x00, 0x00, 0x00, 0x00,
    /* U+8868 "表" */
    0x00, 0x00, 0x00, 0x87, 0x00, 0x00, 0x00, 0x07, 0xee, 0xee, 0xee, 0xee, 0xee, 0x80, 0x00, 0x00,
    0x00, 0x87, 0x00, 0x00, 0x00, 0x00, 0x00, 0x00, 0x87, 0x00, 0x00, 0x00, 0x00, 0xbd, 0xdd, 0xee,
    0xdd, 0xdd, 0x00, 0x00, 0x00, 0x00, 0x87, 0x00, 0x00, 0x00, 0x1e, 0xee, 0xee, 0xff, 0xee, 0xee,
    0xe1, 0x00, 0x00, 0x4d, 0x5d, 0x40, 0x03, 0x10, 0x00, 0x18, 0xe3, 0x06, 0xc0, 0x4e, 0x50, 0x18,
    0xed, 0xa0, 0x00, 0xca, 0xc2, 0x00, 0x2a, 0x36, 0xa0, 0x00, 0x3f, 0x60, 0x00, 0x00, 0x06, 0xa1,
    0x5a, 0x24, 0xe8, 0x10, 0x00, 0x0a, 0xee, 0xb6, 0x10, 0x2b, 0xe4, 0x00, 0x08, 0x72, 0x00, 0x00,
    0x00, 0x30,
    /* U+888B "袋" */
    0x00, 0x03, 0x90, 0x0b, 0x23, 0x81, 0x00, 0x00, 0x1d, 0x60, 0x0b, 0x50, 0x8c, 0x00, 0x00, 0x9c,
    0x00, 0x2a, 0xa7, 0x8b, 0xb2, 0x0a, 0xeb, 0x6f, 0xdc, 0xf9, 0x76, 0x41, 0x6c, 0x5b, 0x00, 0x00,
    0xc7, 0x00, 0x31, 0x01, 0x4b, 0x00, 0x20, 0x2e, 0x71, 0xb4, 0x00, 0x4b, 0x00, 0xd4, 0x02, 0xae,
    0xb0, 0x00, 0x00, 0x00, 0x67, 0x00, 0x00, 0x00, 0x3e, 0xee, 0xee, 0xff, 0xee, 0xee, 0xe3, 0x00,
    0x01, 0x7c, 0x4a, 0x80, 0x1a, 0x30, 0x03, 0x8d, 0xd1, 0x02, 0xe8, 0xd6, 0x00, 0x3b, 0x63, 0xc0,
    0x03, 0x3e, 0x91, 0x00, 0x00, 0x05, 0xeb, 0xda, 0x01, 0x9e, 0xa3, 0x00, 0x05, 0x73, 0x00, 0x00,
    0x01, 0x61,
    /* U+898B "見" */
    0x00, 0x6f, 0xee, 0xee, 0xee, 0xf7, 0x00, 0x00, 0x69, 0x00, 0x00, 0x00, 0x97, 0x00, 0x00, 0x6e,
    0xdd, 0xdd, 0xdd, 0xe7, 0x00, 0x00, 0x69, 0x00, 0x00, 0x00, 0x97, 0x00, 0x00, 0x69, 0x00, 0x00,
    0x00, 0x97, 0x00, 0x00, 0x6e, 0xee, 0xee, 0xee, 0xe7, 0x00, 0x00, 0x69, 0x00, 0x00, 0x00, 0x97,
    0x00, 0x00, 0x6f, 0xee, 0xee, 0xee, 0xf7, 0x00, 0x00, 0x00, 0xa7, 0x02, 0xe0, 0x00, 0x00, 0x00,
    0x00, 0xd4, 0x02, 0xe0, 0x00, 0x20, 0x00, 0x07, 0xd0, 0x02, 0xe0, 0x00, 0x86, 0x02, 0x9e, 0x40,
    0x01, 0xf1, 0x00, 0xb5, 0x3e, 0x92, 0x00, 0x00, 0xbf, 0xff, 0xd1, 0x00, 0x00, 0x00, 0x00, 0x00,
    0x00, 0x00,
    /* U+89C1 "见" */
    0x00, 0x8f, 0xff, 0xff, 0xff, 0xf7, 0x00, 0x00, 0x89, 0x11, 0x11, 0x11, 0xa7, 0x00, 0x00, 0x89,
    0x00, 0x53, 0x00, 0xa7, 0x00, 0x00, 0x89, 0x00, 0xb6, 0x00, 0xa7, 0x00, 0x00, 0x89, 0x00, 0xc5,
    0x00, 0xa7, 0x00, 0x00, 0x89, 0x00, 0xc4, 0x00, 0xa7, 0x00, 0x00, 0x89, 0x00, 0xe3, 0x00, 0xa7,
    0x00, 0x00, 0x89, 0x02, 0xe5, 0x20, 0xa7, 0x00, 0x00, 0x78, 0x06, 0xab, 0x40, 0x96, 0x00, 0x00,
    0x00, 0x0c, 0x6b, 0x40, 0x00, 0x30, 0x00, 0x00, 0x8c, 0x0b, 0x40, 0x00, 0xb3, 0x00, 0x3b, 0xc2,
    0x0b, 0x50, 0x01, 0xe1, 0x2d, 0xc6, 0x00, 0x06, 0xef, 0xff, 0x90, 0x01, 0x00, 0x00, 0x00, 0x00,
    0x00, 0x00,
    /* U+89C9 "觉" */
    0x03, 0x20, 0x19, 0x00, 0x04, 0x60, 0x00, 0x7c, 0x00, 0xb6, 0x00, 0xc6, 0x00, 0x00, 0xc4, 0x04,
    0x80, 0x6b, 0x00, 0x0c, 0xee, 0xee, 0xee, 0xee, 0xee, 0xe0, 0xc3, 0x00, 0x00, 0x00, 0x00, 0x3e,
    0x07, 0x3e, 0xee, 0xee, 0xee, 0xe3, 0x80, 0x02, 0xe0, 0x02, 0x20, 0x0f, 0x20, 0x00, 0x2e, 0x00,
    0x97, 0x00, 0xf2, 0x00, 0x02, 0xe0, 0x09, 0x70, 0x0f, 0x20, 0x00, 0x2e, 0x00, 0xb6, 0x20, 0xf2,
    0x00, 0x01, 0xc0, 0x2e, 0x7a, 0x0d, 0x10, 0x00, 0x00, 0x2c, 0x76, 0xa0, 0x00, 0x61, 0x01, 0x7e,
    0x70, 0x6b, 0x00, 0x1d, 0x29, 0xd8, 0x20, 0x02, 0xde, 0xee, 0xb0, 0x10, 0x00, 0x00, 0x00, 0x00,
    0x00, 0x00,
    /* U+8A08 "計" */
    0x00, 0x37, 0x00, 0x00, 0x05, 0x40, 0x00, 0x00, 0x1e, 0x20, 0x00, 0x09, 0x70, 0x00, 0x00, 0x07,
    0x20, 0x00, 0x09, 0x70, 0x00, 0x1d, 0xdd, 0xdd, 0x90, 0x09, 0x70, 0x00, 0x00, 0x00, 0x00, 0x00,
    0x09, 0x70, 0x00, 0x06, 0xdd, 0xdd, 0x6f, 0xff, 0xff, 0xf6, 0x00, 0x00, 0x00, 0x01, 0x19, 0x81,
    0x10, 0x06, 0xcc, 0xcc, 0x10, 0x09, 0x70, 0x00, 0x00, 0x00, 0x00, 0x00, 0x09, 0x70, 0x00, 0x06,
    0xed, 0xdf, 0x10, 0x09, 0x70, 0x00, 0x06, 0x80, 0x0d, 0x10, 0x09, 0x70, 0x00, 0x06, 0x80, 0x0d,
    0x10, 0x09, 0x70, 0x00, 0x06, 0xed, 0xdf, 0x10, 0x09, 0x70, 0x00, 0x04, 0x60, 0x00, 0x00, 0x08,
    0x60, 0x00,
    /* U+8A71 "話" */
    0x00, 0x83, 0x00, 0x00, 0x00, 0x48, 0x30, 0x00, 0x6a, 0x00, 0x59, 0xcf, 0xd8, 0x30, 0x00, 0x18,
    0x00, 0x56, 0x4d, 0x20, 0x00, 0x6d, 0xdd, 0xd9, 0x00, 0x0c, 0x20, 0x00, 0x00, 0x00, 0x00, 0x00,
    0x0c, 0x20, 0x00, 0x0b, 0xdd, 0xd3, 0xef, 0xff, 0xff, 0xf6, 0x00, 0x00, 0x00, 0x00, 0x0c, 0x20,
    0x00, 0x0b, 0xcc, 0xc3, 0x00, 0x0c, 0x20, 0x00, 0x00, 0x00, 0x00, 0x5e, 0xef, 0xee, 0xa0, 0x0d,
    0xdd, 0xe5, 0x59, 0x00, 0x05, 0xa0, 0x0d, 0x10, 0x95, 0x59, 0x00, 0x05, 0xa0, 0x0d, 0x10, 0x95,
    0x59, 0x00, 0x05, 0xa0, 0x0d, 0xdd, 0xe5, 0x5f, 0xee, 0xee, 0xa0, 0x09, 0x10, 0x00, 0x47, 0x00,
    0x04, 0x70,
    /* U+8A9E "語" */
    0x00, 0x73, 0x00, 0x00, 0x00, 0x00, 0x00, 0x00, 0x6b, 0x00, 0xee, 0xfe, 0xee, 0xe2, 0x00, 0x09,
    0x00, 0x00, 0xc4, 0x00, 0x00, 0x5d, 0xdd, 0xda, 0x9d, 0xfe, 0xdd, 0x20, 0x00, 0x00, 0x00, 0x03,
    0xd0, 0x0d, 0x20, 0x0a, 0xdd, 0xd4, 0x06, 0xa0, 0x0d, 0x20, 0x00, 0x00, 0x05, 0xde, 0xed, 0xdf,
    0xe6, 0x0a, 0xcc, 0xc3, 0x00, 0x00, 0x00, 0x00, 0x00, 0x00, 0x00, 0x8e, 0xee, 0xee, 0x80, 0x0c,
    0xed, 0xe6, 0x96, 0x00, 0x06, 0x90, 0x0c, 0x20, 0x86, 0x96, 0x00, 0x06, 0x90, 0x0c, 0x20, 0x86,
    0x96, 0x00, 0x06, 0x90, 0x0c, 0xdd, 0xe6, 0x9e, 0xee, 0xee, 0x90, 0x09, 0x10, 0x00, 0x75, 0x00,
    0x05, 0x70,
    /* U+8AAD "読" */
    0x00, 0x00, 0x00, 0x00, 0x00, 0x00, 0x00, 0x00, 0xa0, 0x00, 0x00, 0x1f, 0x00, 0x00, 0x00, 0xa7,
    0x04, 0xdd, 0xdf, 0xdd, 0xd3, 0x00, 0x36, 0x00, 0x00, 0x1f, 0x00, 0x00, 0x6e, 0xee, 0xe3, 0x00,
    0x1f, 0x00, 0x00, 0x00, 0x00, 0x00, 0xbd, 0xdd, 0xdd, 0xa0, 0x0c, 0xdd, 0xa0, 0x00, 0x00, 0x00,
    0x00, 0x00, 0x00, 0x04, 0xed, 0xdd, 0xdd, 0xe4, 0x0c, 0xdd, 0xa4, 0xa0, 0x00, 0x20, 0xa4, 0x00,
    0x00, 0x02, 0x55, 0xa0, 0xd1, 0x52, 0x0e, 0xdd, 0xe0, 0x06, 0x90, 0xd1, 0x00, 0x0e, 0x00, 0xe0,
    0x08, 0x70, 0xd1, 0x00, 0x0e, 0x00, 0xe0, 0x1e, 0x30, 0xd1, 0x44, 0x0e, 0xdd, 0xe1, 0xa9, 0x00,
    0xd1, 0x76, 0x0a, 0x00, 0x09, 0x90, 0x00, 0x9e, 0xd2, 0x00, 0x00, 0x00, 0x00, 0x00, 0x00, 0x00,
    /* U+8AB0 "誰" */
    0x00, 0x83, 0x00, 0x04, 0x66, 0x30, 0x00, 0x00, 0x6a, 0x00, 0x0a, 0x77, 0xa0, 0x00, 0x00, 0x18,
    0x00, 0x0e, 0x21, 0xc0, 0x00, 0x6d, 0xdd, 0xd9, 0x6f, 0xef, 0xfe, 0xe2, 0x00, 0x00, 0x01, 0xea,
    0x04, 0xa0, 0x00, 0x0b, 0xdd, 0xda, 0xea, 0x04, 0xa0, 0x00, 0x00, 0x00, 0x03, 0x6f, 0xef, 0xfe,
    0xc0, 0x0b, 0xcc, 0xc3, 0x5a, 0x04, 0xa0, 0x00, 0x00, 0x00, 0x00, 0x5a, 0x04, 0xa0, 0x00, 0x0d,
    0xdd, 0xe5, 0x5f, 0xef, 0xfe, 0xc0, 0x0d, 0x10, 0x95, 0x5a, 0x04, 0xa0, 0x00, 0x0d, 0x10, 0x95,
    0x5a, 0x04, 0xa0, 0x00, 0x0d, 0xdd, 0xe5, 0x5f, 0xff, 0xff, 0xf4, 0x09, 0x10, 0x00, 0x5a, 0x00,
    0x00, 0x00,
    /* U+8BA4 "认" */
    0x00, 0x41, 0x00, 0x00, 0x4a, 0x00, 0x00, 0x00, 0xab, 0x00, 0x00, 0x5b, 0x00, 0x00, 0x00, 0x0b,
    0x90, 0x00, 0x5b, 0x00, 0x00, 0x00, 0x01, 0x20, 0x00, 0x5a, 0x00, 0x00, 0x00, 0x00, 0x00, 0x00,
    0x6a, 0x00, 0x00, 0x5f, 0xff, 0x00, 0x00, 0x8b, 0x00, 0x00, 0x00, 0x0f, 0x00, 0x00, 0x9e, 0x00,
    0x00, 0x00, 0x0f, 0x00, 0x00, 0xbf, 0x30, 0x00, 0x00, 0x0f, 0x00, 0x01, 0xe9, 0x70, 0x00, 0x00,
    0x0f, 0x00, 0x05, 0xb2, 0xd0, 0x00, 0x00, 0x0f, 0x5d, 0x0a, 0x60, 0xb5, 0x00, 0x00, 0x2f, 0xd3,
    0x4e, 0x10, 0x4d, 0x20, 0x00, 0x8a, 0x13, 0xe5, 0x00, 0x09, 0xd2, 0x00, 0x10, 0x06, 0x70, 0x00,
    0x00, 0x93,
    /* U+8BBE "设" */
    0x00, 0x20, 0x00, 0x00, 0x00, 0x00, 0x00, 0x01, 0xe4, 0x00, 0x2f, 0xff, 0xf5, 0x00, 0x00, 0x4e,
    0x30, 0x2d, 0x00, 0xa5, 0x00, 0x00, 0x04, 0x10, 0x4b, 0x00, 0xa5, 0x00, 0x00, 0x00, 0x00, 0xb7,
    0x00, 0xa6, 0x00, 0x6f, 0xf9, 0x1c, 0xb0, 0x00, 0x6e, 0xe3, 0x00, 0x79, 0x06, 0x00, 0x00, 0x00,
    0x00, 0x00, 0x79, 0x09, 0xff, 0xff, 0xff, 0x60, 0x00, 0x79, 0x00, 0xd3, 0x00, 0x1e, 0x10, 0x00,
    0x79, 0x00, 0x5c, 0x00, 0xa8, 0x00, 0x00, 0x79, 0x43, 0x09, 0xa8, 0xb0, 0x00, 0x00, 0x7e, 0xd3,
    0x02, 0xef, 0x40, 0x00, 0x00, 0xda, 0x14, 0x9e, 0x87, 0xea, 0x51, 0x00, 0x50, 0x1b, 0x72, 0x00,
    0x27, 0xc3,
    /* U+8BCD "词" */
    0x01, 0x30, 0x00, 0x00, 0x00, 0x00, 0x00, 0x3d, 0x50, 0xdf, 0xff, 0xff, 0xfe, 0x00, 0x2d, 0x20,
    0x00, 0x00, 0x01, 0xe0, 0x00, 0x10, 0x7e, 0xee, 0xec, 0x1e, 0x00, 0x00, 0x00, 0x00, 0x00, 0x01,
    0xe5, 0xff, 0xb0, 0x00, 0x00, 0x00, 0x1e, 0x00, 0x4b, 0x00, 0xee, 0xef, 0x31, 0xe0, 0x04, 0xb0,
    0x0e, 0x00, 0xb3, 0x1e, 0x00, 0x4b, 0x00, 0xe0, 0x0b, 0x31, 0xe0, 0x04, 0xb0, 0x0e, 0x00, 0xb3,
    0x1e, 0x00, 0x4b, 0x85, 0xee, 0xee, 0x31, 0xe0, 0x05, 0xfb, 0x1c, 0x00, 0x00, 0x1e, 0x00, 0xb8,
    0x00, 0x00, 0x00, 0x13, 0xe0, 0x04, 0x00, 0x00, 0x00, 0x3f, 0xe9,
    /* U+8BDD "话" */
    0x01, 0x20, 0x00, 0x00, 0x01, 0x59, 0x30, 0x05, 0xd2, 0x06, 0x9b, 0xef, 0xb8, 0x30, 0x00, 0x8c,
    0x06, 0x75, 0x7b, 0x00, 0x00, 0x00, 0x05, 0x00, 0x00, 0x5b, 0x00, 0x00, 0x00, 0x00, 0x00, 0x00,
    0x5b, 0x00, 0x00, 0x6f, 0xf8, 0x0d, 0xff, 0xff, 0xff, 0xf6, 0x00, 0x78, 0x00, 0x00, 0x5b, 0x00,
    0x00, 0x00, 0x78, 0x00, 0x00, 0x5b, 0x00, 0x00, 0x00, 0x78, 0x02, 0xee, 0xff, 0xee, 0x80, 0x00,
    0x78, 0x13, 0xd0, 0x00, 0x07, 0x90, 0x00, 0x7b, 0xd6, 0xd0, 0x00, 0x07, 0x90, 0x00, 0xaf, 0x53,
    0xd0, 0x00, 0x07, 0x90, 0x01, 0xd3, 0x03, 0xfe, 0xee, 0xef, 0x90, 0x00, 0x10, 0x02, 0xa0, 0x00,
    0x05, 0x60,
    /* U+8BED "语" */
    0x00, 0x00, 0x00, 0x00, 0x00, 0x00, 0x00, 0x05, 0xb1, 0x0e, 0xee, 0xfe, 0xee, 0xd0, 0x00, 0x6c,
    0x00, 0x05, 0xb0, 0x00, 0x00, 0x00, 0x01, 0x07, 0xee, 0xee, 0xee, 0x00, 0x00, 0x00, 0x00, 0x0d,
    0x30, 0x1e, 0x00, 0x6f, 0xf8, 0x00, 0x1f, 0x00, 0x3c, 0x00, 0x00, 0x78, 0x7e, 0xef, 0xee, 0xef,
    0xe6, 0x00, 0x78, 0x00, 0x00, 0x00, 0x00, 0x00, 0x00, 0x78, 0x00, 0x00, 0x00, 0x00, 0x00, 0x00,
    0x78, 0x05, 0xfe, 0xee, 0xef, 0x70, 0x00, 0x78, 0x49, 0xa0, 0x00, 0x09, 0x70, 0x00, 0x7d, 0xd8,
    0xa0, 0x00, 0x09, 0x70, 0x00, 0xca, 0x15, 0xfe, 0xee, 0xef, 0x70, 0x00, 0x20, 0x04, 0x70, 0x00,
    0x06, 0x50,
    /* U+8BF4 "说" */
    0x01, 0x50, 0x00, 0xa2, 0x00, 0x58, 0x00, 0x02, 0xd6, 0x00, 0x7a, 0x00, 0xb7, 0x00, 0x00, 0x3e,
    0x30, 0x1d, 0x12, 0xe1, 0x00, 0x00, 0x03, 0x09, 0xee, 0xee, 0xfe, 0x30, 0x00, 0x00, 0x09, 0x60,
    0x00, 0x0d, 0x30, 0x6f, 0xfb, 0x09, 0x60, 0x00, 0x0d, 0x30, 0x00, 0x5b, 0x09, 0x60, 0x00, 0x0d,
    0x30, 0x00, 0x5b, 0x09, 0xef, 0xef, 0xfe, 0x30, 0x00, 0x5b, 0x00, 0x0e, 0x28, 0x70, 0x00, 0x00,
    0x5b, 0x00, 0x1f, 0x08, 0x70, 0x00, 0x00, 0x5b, 0x88, 0x4c, 0x08, 0x70, 0x00, 0x00, 0x7f, 0xc2,
    0xb7, 0x08, 0x70, 0x73, 0x00, 0xda, 0x18, 0xd1, 0x08, 0x80, 0xa5, 0x00, 0x50, 0x8b, 0x20, 0x05,
    0xef, 0xd1, 0x00, 0x00, 0x00, 0x00, 0x00, 0x00, 0x00,
    /* U+8BFB "读" */
    0x00, 0x00, 0x00, 0x00, 0x00, 0x00, 0x00, 0x03, 0x60, 0x00, 0x00, 0x79, 0x00, 0x00, 0x01, 0xc9,
    0x05, 0xdd, 0xee, 0xdd, 0x70, 0x00, 0x2e, 0x20, 0x00, 0x79, 0x00, 0x00, 0x00, 0x02, 0x00, 0x00,
    0x79, 0x00, 0x00, 0x00, 0x00, 0x0c, 0xee, 0xee, 0xee, 0xe0, 0x7f, 0xf9, 0x00, 0x41, 0x07, 0x04,
    0xa0, 0x00, 0x69, 0x01, 0x4c, 0x5e, 0x07, 0x40, 0x00, 0x69, 0x07, 0xa2, 0x5e, 0x00, 0x00, 0x00,
    0x69, 0x00, 0x47, 0x3d, 0x00, 0x00, 0x00, 0x69, 0x2e, 0xee, 0xff, 0xee, 0xe3, 0x00, 0x69, 0x91,
    0x01, 0xd5, 0x30, 0x00, 0x00, 0x6f, 0xa1, 0x1b, 0xa2, 0xd7, 0x00, 0x00, 0xc9, 0x05, 0xda, 0x00,
    0x1b, 0x90, 0x00, 0x40, 0x2c, 0x50, 0x00, 0x00, 0xa2,
    /* U+8C01 "谁" */
    0x01, 0x30, 0x00, 0x1a, 0x08, 0x00, 0x00, 0x04, 0xe3, 0x00, 0x6b, 0x0b, 0x60, 0x00, 0x00, 0x5e,
    0x10, 0xc6, 0x04, 0x80, 0x00, 0x00, 0x05, 0x04, 0xfe, 0xef, 0xfe, 0xe0, 0x00, 0x00, 0x0d, 0xf0,
    0x08, 0x70, 0x00, 0x6f, 0xf9, 0x7c, 0xf0, 0x08, 0x70, 0x00, 0x00, 0x79, 0x22, 0xfe, 0xef, 0xfe,
    0xa0, 0x00, 0x79, 0x00, 0xf0, 0x08, 0x70, 0x00, 0x00, 0x79, 0x00, 0xf0, 0x08, 0x70, 0x00, 0x00,
    0x79, 0x00, 0xfe, 0xef, 0xfe, 0xa0, 0x00, 0x79, 0x63, 0xf0, 0x08, 0x70, 0x00, 0x00, 0x8e, 0xc2,
    0xf0, 0x08, 0x70, 0x00, 0x01, 0xea, 0x10, 0xff, 0xff, 0xff, 0xf6, 0x00, 0x40, 0x00, 0xf0, 0x00,
    0x00, 0x00,
    /* U+8C22 "谢" */
    0x02, 0x10, 0x00, 0x74, 0x00, 0x05, 0x70, 0x07, 0xb0, 0x00, 0xc2, 0x00, 0x06, 0x80, 0x00, 0xb7,
    0x3e, 0xde, 0x90, 0x06, 0x80, 0x00, 0x24, 0x3a, 0x04, 0x9d, 0xef, 0xf6, 0x00, 0x00, 0x3e, 0xcd,
    0x90, 0x06, 0x80, 0x5f, 0xf3, 0x3a, 0x04, 0x91, 0x06, 0x80, 0x00, 0xb3, 0x3e, 0xcd, 0x9b, 0x36,
    0x80, 0x00, 0xb3, 0x3a, 0x04, 0x96, 0x86, 0x80, 0x00, 0xb3, 0xee, 0xef, 0x91, 0xc6, 0x80, 0x00,
    0xb3, 0x00, 0x8d, 0x90, 0x56, 0x80, 0x00, 0xb5, 0x63, 0xd5, 0x90, 0x06, 0x80, 0x00, 0xde, 0x6d,
    0x44, 0x90, 0x06, 0x80, 0x03, 0xe4, 0xd5, 0x05, 0x90, 0x07, 0x80, 0x00, 0x30, 0x20, 0xbd, 0x51,
    0xed, 0x40,
    /* U+8CB7 "買" */
    0x06, 0xec, 0xdf, 0xcc, 0xfd, 0xce, 0x70, 0x06, 0x90, 0x2c, 0x00, 0xd1, 0x08, 0x70, 0x06, 0xec,
    0xde, 0xcc, 0xfc, 0xce, 0x70, 0x00, 0x00, 0x00, 0x00, 0x00, 0x00, 0x00, 0x00, 0x8d, 0xbb, 0xbb,
    0xbb, 0xda, 0x00, 0x00, 0x87, 0x00, 0x00, 0x00, 0x6a, 0x00, 0x00, 0x8d, 0xbb, 0xbb, 0xbb, 0xca,
    0x00, 0x00, 0x87, 0x00, 0x00, 0x00, 0x6a, 0x00, 0x00, 0x8d, 0xbb, 0xbb, 0xbb, 0xca, 0x00, 0x00,
    0x87, 0x00, 0x00, 0x00, 0x6a, 0x00, 0x00, 0x6b, 0xcb, 0xbb, 0xbb, 0xb7, 0x00, 0x00, 0x49, 0xd5,
    0x00, 0x5c, 0x94, 0x00, 0x1c, 0xa5, 0x00, 0x00, 0x00, 0x4a, 0xb1,
    /* U+8D25 "败" */
    0x00, 0x00, 0x00, 0x00, 0x44, 0x00, 0x00, 0x0b, 0xee, 0xef, 0x30, 0xa6, 0x00, 0x00, 0x0b, 0x20,
    0x0a, 0x30, 0xd2, 0x00, 0x00, 0x0b, 0x2a, 0x2a, 0x32, 0xfe, 0xef, 0xf4, 0x0b, 0x2b, 0x3a, 0x38,
    0x80, 0x0b, 0x20, 0x0b, 0x2b, 0x3a, 0x4e, 0x50, 0x0d, 0x00, 0x0b, 0x2b, 0x3a, 0x9d, 0xa0, 0x1c,
    0x00, 0x0b, 0x2b, 0x2a, 0x31, 0xd1, 0x59, 0x00, 0x0b, 0x2c, 0x2a, 0x30, 0x97, 0xa4, 0x00, 0x0b,
    0x2e, 0x0a, 0x30, 0x2d, 0xd0, 0x00, 0x00, 0x4b, 0x50, 0x00, 0x0b, 0xb0, 0x00, 0x00, 0xc4, 0x89,
    0x00, 0x6c, 0xc8, 0x00, 0x1a, 0xa0, 0x0c, 0x48, 0xd2, 0x1d, 0xa1, 0x39, 0x00, 0x03, 0x3a, 0x10,
    0x01, 0x93,
    /* U+8D35 "贵" */
    0x00, 0x00, 0x00, 0x77, 0x00, 0x00, 0x00, 0x00, 0x6b, 0xbb, 0xdd, 0xbb, 0xb6, 0x00, 0x00, 0x87,
    0x00, 0x88, 0x00, 0x78, 0x00, 0x00, 0x8d, 0xbb, 0xdd, 0xbb, 0xd8, 0x00, 0x00, 0x00, 0x00, 0x88,
    0x00, 0x00, 0x00, 0x3e, 0xee, 0xee, 0xee, 0xee, 0xee, 0xe4, 0x00, 0x00, 0x00, 0x00, 0x00, 0x00,
    0x00, 0x00, 0x5f, 0xdd, 0xdd, 0xdd, 0xf5, 0x00, 0x00, 0x5b, 0x00, 0x54, 0x00, 0xb5, 0x00, 0x00,
    0x5b, 0x00, 0xa7, 0x00, 0xb5, 0x00, 0x00, 0x5b, 0x00, 0xd4, 0x00, 0xb5, 0x00, 0x00, 0x24, 0x1a,
    0xb6, 0xb6, 0x52, 0x00, 0x01, 0x49, 0xe8, 0x00, 0x49, 0xe9, 0x30, 0x09, 0xb6, 0x10, 0x00, 0x00,
    0x18, 0x80,
    /* U+8D64 "赤" */
    0x00, 0x00, 0x00, 0x66, 0x00, 0x00, 0x00, 0x00, 0x00, 0x00, 0x88, 0x00, 0x00, 0x00, 0x00, 0xbf,
    0xff, 0xff, 0xff, 0xfb, 0x00, 0x00, 0x00, 0x00, 0x88, 0x00, 0x00, 0x00, 0x00, 0x00, 0x00, 0x88,
    0x00, 0x00, 0x00, 0x0f, 0xff, 0xff, 0xff, 0xff, 0xff, 0xf1, 0x00, 0x00, 0x1f, 0x10, 0xb6, 0x00,
    0x00, 0x00, 0x56, 0x1f, 0x10, 0xb5, 0x66, 0x00, 0x00, 0xd4, 0x2f, 0x00, 0xb5, 0x3e, 0x10, 0x06,
    0xc0, 0x5c, 0x00, 0xb5, 0x09, 0x90, 0x2e, 0x30, 0xa9, 0x00, 0xb5, 0x02, 0xe1, 0x15, 0x03, 0xf2,
    0x00, 0xb5, 0x00, 0x72, 0x00, 0x3e, 0x70, 0x11, 0xc5, 0x00, 0x00, 0x00, 0x87, 0x00, 0x8f, 0xd2,
    0x00, 0x00,
    /* U+8D77 "起" */
    0x00, 0x09, 0x50, 0x00, 0x00, 0x00, 0x00, 0x00, 0x09, 0x60, 0x07, 0xee, 0xee, 0xa0, 0x0e, 0xef,
    0xee, 0x90, 0x00, 0x05, 0xa0, 0x00, 0x09, 0x50, 0x00, 0x00, 0x05, 0xa0, 0x00, 0x09, 0x50, 0x00,
    0x00, 0x05, 0xa0, 0x5e, 0xef, 0xfe, 0xe5, 0xfe, 0xef, 0xa0, 0x00, 0x06, 0x90, 0x05, 0xa0, 0x02,
    0x30, 0x09, 0x56, 0x90, 0x05, 0xa0, 0x00, 0x00, 0x0b, 0x56, 0xfe, 0xc5, 0xa0, 0x00, 0x42, 0x0c,
    0x96, 0x90, 0x05, 0xb0, 0x00, 0xa6, 0x0d, 0xda, 0x90, 0x02, 0xde, 0xee, 0xd1, 0x3d, 0x3e, 0xb3,
    0x10, 0x00, 0x00, 0x00, 0x79, 0x02, 0x9d, 0xef, 0xff, 0xff, 0xf6, 0x34, 0x00, 0x00, 0x00, 0x00,
    0x00, 0x00,
    /* U+8DB3 "足" */
    0x00, 0xaf, 0xff, 0xff, 0xff, 0xfe, 0x00, 0x00, 0xa6, 0x00, 0x00, 0x00, 0x2e, 0x00, 0x00, 0xa6,
    0x00, 0x00, 0x00, 0x2e, 0x00, 0x00, 0xa6, 0x00, 0x00, 0x00, 0x2e, 0x00, 0x00, 0xaf, 0xff, 0xff,
    0xff, 0xfe, 0x00, 0x00, 0x00, 0x00, 0x79, 0x00, 0x00, 0x00, 0x00, 0x0e, 0x20, 0x79, 0x00, 0x00,
    0x00, 0x00, 0x1f, 0x00, 0x7f, 0xff, 0xff, 0x50, 0x00, 0x5f, 0x30, 0x79, 0x00, 0x00, 0x00, 0x00,
    0x9d, 0xa0, 0x79, 0x00, 0x00, 0x00, 0x01, 0xe2, 0xc8, 0x79, 0x00, 0x00, 0x00, 0x0a, 0xa0, 0x2d,
    0xeb, 0x31, 0x00, 0x00, 0x2c, 0x10, 0x01, 0x7b, 0xef, 0xff, 0xf4, 0x00, 0x00, 0x00, 0x00, 0x00,
    0x00, 0x00,
    /* U+8EAB "身" */
    0x00, 0x00, 0x00, 0x85, 0x00, 0x00, 0x00, 0x00, 0x00, 0x01, 0xe2, 0x00, 0x00, 0x00, 0x00, 0x1f,
    0xee, 0xee, 0xee, 0xd0, 0x00, 0x00, 0x1f, 0x00, 0x00, 0x03, 0xd0, 0x00, 0x00, 0x1f, 0xcc, 0xcc,
    0xcd, 0xd0, 0x00, 0x00, 0x1f, 0x00, 0x00, 0x03, 0xd0, 0x60, 0x00, 0x1f, 0xcc, 0xcc, 0xcc, 0xd9,
    0xa0, 0x00, 0x1f, 0x00, 0x00, 0x03, 0xfa, 0x00, 0x0d, 0xef, 0xee, 0xee, 0xee, 0xd0, 0x00, 0x00,
    0x00, 0x00, 0x06, 0xe9, 0xd0, 0x00, 0x00, 0x00, 0x01, 0xae, 0x53, 0xd0, 0x00, 0x00, 0x00, 0x5d,
    0xb2, 0x03, 0xd0, 0x00, 0x01, 0x7d, 0xd6, 0x01, 0x04, 0xc0, 0x00, 0x2e, 0xb5, 0x00, 0x0d, 0xfe,
    0x70, 0x00, 0x01, 0x00, 0x00, 0x00, 0x00, 0x00, 0x00,
    /* U+8ECA "車" */
    0x00, 0x00, 0x00, 0x00, 0x00, 0x00, 0x00, 0x00, 0x00, 0x00, 0x97, 0x00, 0x00, 0x00, 0x0c, 0xee,
    0xee, 0xff, 0xee, 0xee, 0xc0, 0x00, 0x00, 0x00, 0x97, 0x00, 0x00, 0x00, 0x00, 0x00, 0x00, 0x97,
    0x00, 0x00, 0x00, 0x00, 0xce, 0xdd, 0xee, 0xdd, 0xed, 0x00, 0x00, 0xc3, 0x00, 0x97, 0x00, 0x3d,
    0x00, 0x00, 0xcd, 0xcc, 0xee, 0xcc, 0xdd, 0x00, 0x00, 0xc3, 0x00, 0x97, 0x00, 0x3d, 0x00, 0x00,
    0xce, 0xdd, 0xee, 0xdd, 0xed, 0x00, 0x00, 0x00, 0x00, 0x97, 0x00, 0x00, 0x00, 0x00, 0x00, 0x00,
    0x97, 0x00, 0x00, 0x00, 0x4f, 0xff, 0xff, 0xff, 0xff, 0xff, 0xf5, 0x00, 0x00, 0x00, 0x97, 0x00,
    0x00, 0x00, 0x00, 0x00, 0x00, 0x97, 0x00, 0x00, 0x00,
    /* U+8F66 "车" */
    0x00, 0x00, 0x0c, 0x40, 0x00, 0x00, 0x00, 0x00, 0x00, 0x4e, 0x10, 0x00, 0x00, 0x00, 0x0e, 0xff,
    0xff, 0xff, 0xff, 0xff, 0xe0, 0x00, 0x03, 0xf2, 0x00, 0x00, 0x00, 0x00, 0x00, 0x08, 0x90, 0x0b,
    0x30, 0x00, 0x00, 0x00, 0x1e, 0x30, 0x0e, 0x30, 0x00, 0x00, 0x00, 0x8b, 0x00, 0x0e, 0x30, 0x00,
    0x00, 0x00, 0xdf, 0xff, 0xff, 0xff, 0xff, 0x00, 0x00, 0x10, 0x00, 0x0e, 0x30, 0x00, 0x00, 0x00,
    0x00, 0x00, 0x0e, 0x30, 0x00, 0x00, 0x2f, 0xff, 0xff, 0xff, 0xff, 0xff, 0xf3, 0x00, 0x00, 0x00,
    0x0e, 0x30, 0x00, 0x00, 0x00, 0x00, 0x00, 0x0e, 0x30, 0x00, 0x00, 0x00, 0x00, 0x00, 0x0c, 0x30,
    0x00, 0x00,
    /* U+8F6E "轮" */
    0x00, 0x56, 0x00, 0x00, 0x3c, 0x00, 0x00, 0x00, 0x87, 0x00, 0x00, 0xaf, 0x40, 0x00, 0x5f, 0xff,
    0xf9, 0x02, 0xe8, 0xc0, 0x00, 0x00, 0xe0, 0x00, 0x0b, 0x80, 0xb7, 0x00, 0x03, 0xb7, 0x20, 0x8d,
    0x10, 0x3e, 0x30, 0x07, 0x7b, 0x35, 0xe3, 0x00, 0x06, 0xe2, 0x0b, 0x2b, 0x36, 0x5c, 0x30, 0x01,
    0x71, 0x1f, 0xef, 0xe8, 0x0d, 0x30, 0x8d, 0x00, 0x00, 0x0b, 0x30, 0x0d, 0x8d, 0x91, 0x00, 0x00,
    0x2c, 0x87, 0x0d, 0xa2, 0x00, 0x00, 0x5e, 0xce, 0x83, 0x0d, 0x30, 0x01, 0x60, 0x00, 0x0b, 0x30,
    0x0d, 0x40, 0x03, 0xc0, 0x00, 0x0b, 0x30, 0x08, 0xee, 0xee, 0x60, 0x00, 0x06, 0x10, 0x00, 0x00,
    0x00, 0x00,
    /* U+8FA8 "辨" */
    0x00, 0x90, 0x00, 0x08, 0x30, 0xa1, 0x00, 0x00, 0xa6, 0x00, 0x0a, 0x30, 0x87, 0x00, 0x4d, 0xee,
    0xd2, 0x0a, 0x8e, 0xef, 0xe3, 0x07, 0x12, 0x73, 0x7a, 0x37, 0x01, 0x90, 0x08, 0x55, 0x84, 0x8a,
    0x39, 0x34, 0x90, 0x05, 0x79, 0x45, 0x7a, 0x36, 0x58, 0x40, 0x5e, 0xdf, 0xeb, 0x5b, 0x9d, 0xde,
    0xd6, 0x00, 0x87, 0x0a, 0x2b, 0x20, 0x77, 0x00, 0x00, 0x87, 0x01, 0x0d, 0x10, 0x77, 0x00, 0x3d,
    0xee, 0xd2, 0x1d, 0x4d, 0xee, 0xd3, 0x00, 0xb4, 0x00, 0x5a, 0x00, 0x77, 0x00, 0x00, 0xe1, 0x00,
    0xc3, 0x00, 0x77, 0x00, 0x08, 0xa0, 0x09, 0xa0, 0x00, 0x77, 0x00, 0x1a, 0x10, 0x19, 0x00, 0x00,
    0x77, 0x00,
    /* U+8FB9 "边" */
    0x04, 0x20, 0x00, 0x02, 0x80, 0x00, 0x00, 0x07, 0xd1, 0x00, 0x04, 0xc0, 0x00, 0x00, 0x00, 0x9b,
    0x00, 0x05, 0xc0, 0x00, 0x00, 0x00, 0x17, 0x3f, 0xff, 0xff, 0xff, 0xd0, 0x00, 0x00, 0x00, 0x07,
    0x90, 0x03, 0xc0, 0x6f, 0xf7, 0x00, 0x0a, 0x70, 0x04, 0xc0, 0x01, 0x97, 0x00, 0x0e, 0x30, 0x05,
    0xb0, 0x00, 0x97, 0x00, 0x4d, 0x00, 0x07, 0xa0, 0x00, 0x97, 0x00, 0xc6, 0x00, 0x08, 0x80, 0x00,
    0x97, 0x1a, 0xb0, 0x00, 0x1c, 0x60, 0x00, 0xa8, 0x5b, 0x10, 0x4f, 0xfd, 0x10, 0x08, 0xff, 0x50,
    0x00, 0x01, 0x10, 0x00, 0x4f, 0x36, 0xf8, 0x32, 0x12, 0x24, 0x54, 0x68, 0x00, 0x4a, 0xde, 0xff,
    0xfe, 0xe5, 0x00, 0x00, 0x00, 0x00, 0x00, 0x00, 0x00,
    /* U+8FD4 "返" */
    0x02, 0x00, 0x00, 0x01, 0x23, 0x68, 0x50, 0x0a, 0x90, 0x08, 0xee, 0xcb, 0x96, 0x40, 0x01, 0xd7,
    0x09, 0x60, 0x00, 0x00, 0x00, 0x00, 0x34, 0x09, 0x60, 0x00, 0x00, 0x00, 0x00, 0x00, 0x09, 0xfe,
    0xee, 0xef, 0x60, 0x00, 0x00, 0x0a, 0x50, 0x00, 0x0e, 0x20, 0x5f, 0xf7, 0x0c, 0x59, 0x10, 0x5b,
    0x00, 0x00, 0x97, 0x0d, 0x26, 0xd5, 0xd3, 0x00, 0x00, 0x97, 0x2e, 0x00, 0x5f, 0xa0, 0x00, 0x00,
    0x97, 0x99, 0x06, 0xe7, 0xc9, 0x00, 0x00, 0x98, 0xb2, 0xcb, 0x30, 0x1b, 0x60, 0x1a, 0xcd, 0x83,
    0x10, 0x00, 0x01, 0x21, 0x5b, 0x00, 0x6b, 0xee, 0xff, 0xee, 0xe3, 0x01, 0x00, 0x00, 0x00, 0x00,
    0x00, 0x00,
    /* U+8FD9 "这" */
    0x00, 0x00, 0x00, 0x00, 0x00, 0x00, 0x00, 0x04, 0x00, 0x00, 0x07, 0xa0, 0x00, 0x00, 0x0a, 0xa0,
    0x00, 0x01, 0xe2, 0x00, 0x00, 0x00, 0xb7, 0xdf, 0xff, 0xff, 0xff, 0xf3, 0x00, 0x10, 0x00, 0x00,
    0x00, 0xc5, 0x00, 0x00, 0x00, 0x29, 0x00, 0x01, 0xe1, 0x00, 0x00, 0x00, 0x1c, 0xb1, 0x06, 0xb0,
    0x00, 0x5f, 0xf8, 0x01, 0xad, 0x2e, 0x40, 0x00, 0x00, 0x78, 0x00, 0x08, 0xfb, 0x00, 0x00, 0x00,
    0x78, 0x00, 0x07, 0xee, 0x40, 0x00, 0x00, 0x78, 0x01, 0x9d, 0x25, 0xe5, 0x00, 0x00, 0x78, 0x7e,
    0xb2, 0x00, 0x5f, 0x50, 0x00, 0x9a, 0x65, 0x00, 0x00, 0x05, 0x30, 0x1b, 0xdc, 0xc6, 0x21, 0x11,
    0x23, 0x42, 0x3b, 0x10, 0x5a, 0xde, 0xff, 0xee, 0xd3, 0x00, 0x00, 0x00, 0x00, 0x00, 0x00, 0x00,
    /* U+8FDB "进" */
    0x03, 0x10, 0x00, 0x26, 0x00, 0x71, 0x00, 0x08, 0xc1, 0x00, 0x4b, 0x00, 0xe2, 0x00, 0x00, 0xaa,
    0x00, 0x4b, 0x00, 0xe2, 0x00, 0x00, 0x16, 0x4f, 0xff, 0xff, 0xff, 0xe0, 0x00, 0x00, 0x00, 0x4b,
    0x00, 0xe2, 0x00, 0x00, 0x00, 0x00, 0x4b, 0x00, 0xe2, 0x00, 0x5f, 0xfa, 0x00, 0x4b, 0x00, 0xe2,
    0x00, 0x00, 0x6a, 0x5f, 0xff, 0xff, 0xff, 0xf3, 0x00, 0x6a, 0x00, 0x97, 0x00, 0xe2, 0x00, 0x00,
    0x6a, 0x02, 0xe2, 0x00, 0xe2, 0x00, 0x00, 0x7a, 0x0d, 0x60, 0x00, 0xe2, 0x00, 0x09, 0xca, 0xb6,
    0x10, 0x00, 0x31, 0x21, 0x4c, 0x10, 0x39, 0xde, 0xef, 0xfe, 0xe4, 0x01, 0x00, 0x00, 0x00, 0x00,
    0x00, 0x00,
    /* U+9009 "选" */
    0x03, 0x00, 0x00, 0x51, 0x76, 0x00, 0x00, 0x0b, 0x90, 0x02, 0xe1, 0x87, 0x00, 0x00, 0x01, 0xc8,
    0x08, 0xfe, 0xee, 0xee, 0xa0, 0x00, 0x23, 0x3e, 0x10, 0x87, 0x00, 0x00, 0x00, 0x00, 0x03, 0x00,
    0x87, 0x00, 0x00, 0x00, 0x00, 0x7e, 0xee, 0xff, 0xee, 0xe4, 0x3f, 0xf8, 0x00, 0x1e, 0x07, 0x80,
    0x00, 0x00, 0x78, 0x00, 0x5c, 0x07, 0x80, 0x00, 0x00, 0x78, 0x00, 0xb7, 0x07, 0x80, 0x53, 0x00,
    0x78, 0x19, 0xd1, 0x07, 0x80, 0x95, 0x00, 0x78, 0xac, 0x20, 0x04, 0xef, 0xe1, 0x01, 0xbe, 0x70,
    0x00, 0x00, 0x00, 0x00, 0x0c, 0xa3, 0xea, 0x31, 0x01, 0x23, 0x64, 0x2c, 0x10, 0x29, 0xde, 0xff,
    0xfe, 0xe4, 0x00, 0x00, 0x00, 0x00, 0x00, 0x00, 0x00,
    /* U+904D "遍" */
    0x04, 0x10, 0x00, 0x01, 0xa0, 0x00, 0x00, 0x08, 0xb0, 0x00, 0x00, 0xd4, 0x00, 0x00, 0x00, 0xb8,
    0x3e, 0xcc, 0xcc, 0xcd, 0xa0, 0x00, 0x23, 0x3b, 0x00, 0x00, 0x05, 0xa0, 0x00, 0x00, 0x3e, 0xcc,
    0xcc, 0xcc, 0x80, 0x6f, 0xf5, 0x4a, 0x00, 0x00, 0x00, 0x00, 0x00, 0xa6, 0x5b, 0xec, 0xec, 0xec,
    0xd0, 0x00, 0xa6, 0x7a, 0xb1, 0xa1, 0xb0, 0xd0, 0x00, 0xa6, 0xa6, 0xec, 0xec, 0xec, 0xd0, 0x00,
    0xa6, 0xd3, 0xb1, 0xa1, 0xb0, 0xd0, 0x00, 0xa7, 0x82, 0xb1, 0xa1, 0xb1, 0xd0, 0x02, 0xda, 0x02,
    0x90, 0x40, 0x49, 0x70, 0x2e, 0x79, 0xd6, 0x21, 0x01, 0x12, 0x32, 0x68, 0x00, 0x4a, 0xde, 0xff,
    0xee, 0xe5, 0x00, 0x00, 0x00, 0x00, 0x00, 0x00, 0x00,
    /* U+9054 "達" */
    0x02, 0x00, 0x00, 0x00, 0xc2, 0x00, 0x00, 0x0b, 0xa0, 0x0c, 0xcc, 0xfc, 0xcc, 0x40, 0x01, 0xc7,
    0x00, 0x00, 0xd3, 0x00, 0x00, 0x00, 0x24, 0xac, 0xcc, 0xfd, 0xcc, 0xc3, 0x00, 0x00, 0x00, 0xc2,
    0x01, 0xd2, 0x00, 0x00, 0x00, 0x6c, 0xed, 0xcc, 0xec, 0xc1, 0x5f, 0xf6, 0x00, 0x00, 0xd3, 0x00,
    0x00, 0x00, 0x97, 0x1c, 0xcc, 0xfc, 0xcc, 0x60, 0x00, 0x97, 0x00, 0x00, 0xd3, 0x00, 0x00, 0x00,
    0x97, 0x8c, 0xcc, 0xfc, 0xcc, 0xc1, 0x00, 0xb9, 0x00, 0x00, 0xd3, 0x00, 0x00, 0x0b, 0x89, 0xb4,
    0x00, 0x71, 0x01, 0x21, 0x3b, 0x00, 0x4a, 0xde, 0xee, 0xee, 0xe5, 0x01, 0x00, 0x00, 0x00, 0x00,
    0x00, 0x00,
    /* U+90E8 "部" */
    0x00, 0x05, 0x70, 0x00, 0x00, 0x00, 0x00, 0x00, 0x02, 0xe0, 0x00, 0x3f, 0xff, 0xe2, 0x0d, 0xee,
    0xee, 0xeb, 0x3b, 0x03, 0xd0, 0x00, 0xb1, 0x02, 0xc0, 0x3b, 0x08, 0x70, 0x00, 0x95, 0x07, 0xa0,
    0x3b, 0x0d, 0x20, 0x00, 0x59, 0x0c, 0x40, 0x3b, 0x4b, 0x00, 0x4f, 0xff, 0xff, 0xff, 0x4b, 0x3c,
    0x10, 0x00, 0x00, 0x00, 0x00, 0x3b, 0x08, 0x80, 0x07, 0xee, 0xee, 0xe6, 0x3b, 0x02, 0xd0, 0x07,
    0x80, 0x00, 0xa6, 0x3b, 0x00, 0xe1, 0x07, 0x80, 0x00, 0xa6, 0x3b, 0x02, 0xe0, 0x07, 0x80, 0x00,
    0xa6, 0x3b, 0xbe, 0x70, 0x07, 0xfe, 0xee, 0xf6, 0x3b, 0x00, 0x00, 0x05, 0x60, 0x00, 0x64, 0x3a,
    0x00, 0x00,
    /* U+9152 "酒" */
    0x05, 0x10, 0x00, 0x00, 0x00, 0x00, 0x00, 0x08, 0xe5, 0xef, 0xff, 0xff, 0xff, 0xf5, 0x00, 0x45,
    0x00, 0x0e, 0x0b, 0x30, 0x00, 0x00, 0x00, 0x00, 0x0e, 0x0b, 0x30, 0x00, 0x26, 0x00, 0x6f, 0xef,
    0xef, 0xee, 0xd0, 0x2c, 0xc2, 0x68, 0x0d, 0x0c, 0x12, 0xd0, 0x00, 0x61, 0x68, 0x2b, 0x0c, 0x12,
    0xd0, 0x00, 0x00, 0x69, 0xb4, 0x08, 0xdd, 0xd0, 0x00, 0x28, 0x6a, 0x30, 0x00, 0x02, 0xd0, 0x00,
    0x98, 0x6e, 0xee, 0xee, 0xee, 0xd0, 0x01, 0xe2, 0x68, 0x00, 0x00, 0x02, 0xd0, 0x08, 0xa0, 0x68,
    0x00, 0x00, 0x02, 0xd0, 0x1e, 0x30, 0x6e, 0xee, 0xee, 0xee, 0xd0, 0x04, 0x00, 0x57, 0x00, 0x00,
    0x02, 0xa0,
    /* U+91CC "里" */
    0x00, 0xde, 0xee, 0xff, 0xee, 0xef, 0x10, 0x00, 0xd3, 0x00, 0x78, 0x00, 0x1f, 0x10, 0x00, 0xd3,
    0x00, 0x78, 0x00, 0x1f, 0x10, 0x00, 0xde, 0xdd, 0xee, 0xdd, 0xdf, 0x10, 0x00, 0xd3, 0x00, 0x78,
    0x00, 0x1f, 0x10, 0x00, 0xde, 0xee, 0xff, 0xee, 0xef, 0x10, 0x00, 0x00, 0x00, 0x89, 0x00, 0x00,
    0x00, 0x00, 0x00, 0x00, 0x89, 0x00, 0x00, 0x00, 0x04, 0xff, 0xff, 0xff, 0xff, 0xff, 0x70, 0x00,
    0x00, 0x00, 0x89, 0x00, 0x00, 0x00, 0x00, 0x00, 0x00, 0x89, 0x00, 0x00, 0x00, 0x4f, 0xff, 0xff,
    0xff, 0xff, 0xff, 0xf4,
    /* U+91CD "重" */
    0x00, 0x01, 0x23, 0x45, 0x68, 0xa6, 0x00, 0x01, 0xcc, 0xba, 0xdb, 0x76, 0x42, 0x00, 0x00, 0x00,
    0x00, 0x97, 0x00, 0x00, 0x00, 0x3d, 0xdd, 0xdd, 0xee, 0xdd, 0xdd, 0xd3, 0x00, 0x00, 0x00, 0x97,
    0x00, 0x00, 0x00, 0x00, 0xcc, 0xbb, 0xed, 0xbb, 0xcd, 0x00, 0x00, 0xcc, 0xbb, 0xdd, 0xbb, 0xbd,
    0x00, 0x00, 0xc3, 0x00, 0x97, 0x00, 0x3d, 0x00, 0x00, 0xcc, 0xbb, 0xed, 0xbb, 0xcd, 0x00, 0x00,
    0x00, 0x00, 0x97, 0x00, 0x00, 0x00, 0x03, 0xcc, 0xcc, 0xee, 0xcc, 0xcc, 0x50, 0x00, 0x00, 0x00,
    0x97, 0x00, 0x00, 0x00, 0x4d, 0xdd, 0xdd, 0xee, 0xdd, 0xdd, 0xd4,
    /* U+91CE "野" */
    0x00, 0x00, 0x00, 0x00, 0x00, 0x00, 0x00, 0x0f, 0xde, 0xed, 0xf8, 0xee, 0xef, 0xf2, 0x0d, 0x06,
    0x70, 0xd1, 0x00, 0x0b, 0x90, 0x0f, 0xcd, 0xec, 0xf1, 0x98, 0x9b, 0x00, 0x0d, 0x06, 0x70, 0xd1,
    0x1a, 0xf2, 0x00, 0x0d, 0x06, 0x70, 0xd1, 0x00, 0x8d, 0x00, 0x0d, 0xde, 0xed, 0xda, 0xff, 0xff,
    0xf6, 0x00, 0x07, 0x80, 0x00, 0x06, 0xa0, 0xd2, 0x00, 0x07, 0x80, 0x00, 0x06, 0xa2, 0xc0, 0x0e,
    0xef, 0xfe, 0xe1, 0x06, 0xa3, 0x50, 0x00, 0x07, 0x80, 0x00, 0x06, 0xa0, 0x00, 0x00, 0x07, 0x95,
    0x84, 0x06, 0xa0, 0x00, 0x5d, 0xed, 0xb8, 0x62, 0x07, 0xa0, 0x00, 0x23, 0x10, 0x00, 0x04, 0xfe,
    0x60, 0x00,
    /* U+91CF "量" */
    0x00, 0x59, 0x99, 0x99, 0x99, 0x95, 0x00, 0x00, 0x87, 0x00, 0x00, 0x00, 0x87, 0x00, 0x00, 0x8c,
    0x99, 0x99, 0x99, 0xc7, 0x00, 0x00, 0x8c, 0x99, 0x99, 0x99, 0xc7, 0x00, 0x00, 0x00, 0x00, 0x00,
    0x00, 0x00, 0x00, 0x3c, 0xcc, 0xcc, 0xcc, 0xcc, 0xcc, 0xc3, 0x00, 0x8a, 0xaa, 0xaa, 0xaa, 0xa9,
    0x00, 0x00, 0xc3, 0x00, 0x87, 0x00, 0x2e, 0x00, 0x00, 0xcb, 0x99, 0xcc, 0x99, 0xae, 0x00, 0x00,
    0xcb, 0xaa, 0xcc, 0xaa, 0xae, 0x00, 0x00, 0x00, 0x00, 0x87, 0x00, 0x00, 0x00, 0x02, 0xbb, 0xbb,
    0xdd, 0xbb, 0xbb, 0x20, 0x00, 0x00, 0x00, 0x87, 0x00, 0x00, 0x00, 0x4c, 0xcc, 0xcc, 0xcc, 0xcc,
    0xcc, 0xc5,
    /* U+91D1 "金" */
    0x00, 0x00, 0x00, 0x59, 0x00, 0x00, 0x00, 0x00, 0x00, 0x02, 0xed, 0x20, 0x00, 0x00, 0x00, 0x00,
    0x3d, 0x87, 0xd2, 0x00, 0x00, 0x00, 0x05, 0xe8, 0x00, 0x7e, 0x50, 0x00, 0x03, 0xbf, 0x60, 0x00,
    0x04, 0xeb, 0x30, 0x5f, 0x9b, 0xff, 0xff, 0xff, 0xa8, 0xe5, 0x01, 0x00, 0x00, 0x98, 0x00, 0x00,
    0x10, 0x00, 0x00, 0x00, 0x98, 0x00, 0x00, 0x00, 0x06, 0xff, 0xff, 0xff, 0xff, 0xff, 0x60, 0x00,
    0x19, 0x00, 0x98, 0x01, 0x91, 0x00, 0x00, 0x0a, 0x70, 0x98, 0x08, 0x90, 0x00, 0x00, 0x02, 0x90,
    0x98, 0x1a, 0x00, 0x00, 0x1e, 0xee, 0xee, 0xff, 0xee, 0xee, 0xe1,
    /* U+9280 "銀" */
    0x00, 0x07, 0x20, 0x00, 0x00, 0x00, 0x00, 0x00, 0x4f, 0x90, 0x3f, 0xee, 0xee, 0xb0, 0x02, 0xc3,
    0xba, 0x4c, 0x00, 0x04, 0xb0, 0x2d, 0x40, 0x0a, 0x5c, 0x00, 0x04, 0xb0, 0x5d, 0xef, 0xe5, 0x3f,
    0xdd, 0xde, 0xb0, 0x00, 0x0e, 0x00, 0x3c, 0x00, 0x04, 0xb0, 0x00, 0x0e, 0x00, 0x3f, 0xee, 0xee,
    0xb0, 0x2e, 0xef, 0xfd, 0x3c, 0x0d, 0x10, 0x30, 0x0a, 0x1e, 0x3a, 0x3c, 0x09, 0x67, 0xe2, 0x08,
    0x5e, 0x65, 0x3c, 0x04, 0xec, 0x20, 0x05, 0x7e, 0x81, 0x3c, 0x00, 0xc6, 0x00, 0x01, 0x1e, 0x58,
    0x4c, 0x15, 0x5e, 0x30, 0x2a, 0xed, 0xa6, 0x7f, 0xfb, 0x28, 0xe4, 0x15, 0x20, 0x00, 0x77, 0x10,
    0x00, 0x61,
    /* U+949F "钟" */
    0x00, 0x73, 0x00, 0x00, 0x0c, 0x20, 0x00, 0x01, 0xe2, 0x00, 0x00, 0x0d, 0x30, 0x00, 0x07, 0xff,
    0xfc, 0x00, 0x0d, 0x30, 0x00, 0x2e, 0x20, 0x00, 0xbf, 0xff, 0xff, 0xf2, 0x59, 0x00, 0x00, 0xb4,
    0x0d, 0x30, 0xd2, 0x07, 0xef, 0xe7, 0xb3, 0x0d, 0x30, 0xd2, 0x00, 0x2d, 0x00, 0xb3, 0x0d, 0x30,
    0xd2, 0x00, 0x2d, 0x00, 0xb3, 0x0d, 0x30, 0xd2, 0x2f, 0xff, 0xfc, 0xbf, 0xff, 0xff, 0xf2, 0x00,
    0x2d, 0x00, 0xa3, 0x0d, 0x30, 0xb2, 0x00, 0x2d, 0x00, 0x00, 0x0d, 0x30, 0x00, 0x00, 0x2d, 0x49,
    0x00, 0x0d, 0x30, 0x00, 0x00, 0x6f, 0xc4, 0x00, 0x0d, 0x30, 0x00, 0x00, 0x75, 0x00, 0x00, 0x0c,
    0x20, 0x00,
    /* U+94B1 "钱" */
    0x00, 0x73, 0x00, 0x00, 0xa4, 0x50, 0x00, 0x01, 0xe2, 0x00, 0x00, 0xb5, 0x9c, 0x20, 0x07, 0xff,
    0xf9, 0x00, 0xa5, 0x04, 0x20, 0x2e, 0x30, 0x00, 0x13, 0xcb, 0xce, 0xb0, 0x59, 0x00, 0x00, 0xbf,
    0xeb, 0x74, 0x10, 0x07, 0xef, 0xe6, 0x10, 0x87, 0x00, 0x00, 0x00, 0x1d, 0x00, 0x00, 0x8b, 0x8b,
    0xe2, 0x00, 0x1d, 0x00, 0xbe, 0xed, 0x84, 0x20, 0x2f, 0xff, 0xfc, 0x42, 0x3c, 0x01, 0xd1, 0x00,
    0x1d, 0x00, 0x00, 0x0e, 0x2b, 0x70, 0x00, 0x1d, 0x00, 0x00, 0x0b, 0xd8, 0x00, 0x00, 0x1d, 0x6b,
    0x00, 0x6e, 0xc0, 0x31, 0x00, 0x4f, 0xb2, 0x6d, 0xb4, 0xd5, 0x85, 0x00, 0x85, 0x00, 0x94, 0x00,
    0x4d, 0xd1,
    /* U+94F6 "银" */
    0x00, 0x73, 0x00, 0x00, 0x00, 0x00, 0x00, 0x01, 0xe1, 0x00, 0x8f, 0xee, 0xee, 0x90, 0x08, 0xff,
    0xfa, 0x87, 0x00, 0x06, 0x90, 0x3e, 0x20, 0x00, 0x87, 0x00, 0x06, 0x90, 0x59, 0x00, 0x00, 0x8e,
    0xdd, 0xde, 0x90, 0x07, 0xef, 0xe7, 0x87, 0x00, 0x06, 0x90, 0x00, 0x3c, 0x00, 0x8e, 0xee, 0xee,
    0x90, 0x00, 0x3c, 0x00, 0x87, 0x1c, 0x00, 0x30, 0x3f, 0xff, 0xfc, 0x87, 0x0c, 0x26, 0xd1, 0x00,
    0x3c, 0x00, 0x87, 0x07, 0xdc, 0x20, 0x00, 0x3c, 0x00, 0x87, 0x01, 0xe3, 0x00, 0x00, 0x3c, 0x49,
    0x87, 0x15, 0x7d, 0x10, 0x00, 0x6f, 0xc4, 0xbe, 0xfc, 0x0a, 0xe3, 0x00, 0x65, 0x00, 0x96, 0x20,
    0x00, 0x72,
    /* U+9519 "错" */
    0x00, 0x83, 0x00, 0x06, 0x70, 0x76, 0x00, 0x01, 0xe1, 0x00, 0x06, 0x80, 0x87, 0x00, 0x08, 0xff,
    0xf9, 0xbe, 0xee, 0xee, 0xe1, 0x3e, 0x10, 0x00, 0x06, 0x80, 0x87, 0x00, 0x48, 0x00, 0x00, 0x06,
    0x80, 0x87, 0x00, 0x08, 0xef, 0xe8, 0xee, 0xfe, 0xff, 0xe6, 0x00, 0x3c, 0x00, 0x00, 0x00, 0x00,
    0x00, 0x00, 0x3c, 0x00, 0x4d, 0xdd, 0xdd, 0x60, 0x2f, 0xff, 0xfa, 0x5a, 0x00, 0x08, 0x70, 0x00,
    0x3c, 0x00, 0x5a, 0x00, 0x08, 0x70, 0x00, 0x3c, 0x00, 0x5e, 0xdd, 0xde, 0x70, 0x00, 0x3c, 0x66,
    0x5a, 0x00, 0x08, 0x70, 0x00, 0x8f, 0x91, 0x5e, 0xdd, 0xde, 0x70, 0x00, 0x63, 0x00, 0x48, 0x00,
    0x05, 0x50,
    /* U+9547 "镇" */
    0x00, 0x73, 0x00, 0x00, 0x0d, 0x20, 0x00, 0x01, 0xe2, 0x00, 0xcd, 0xdf, 0xdd, 0xd2, 0x07, 0xfe,
    0xe9, 0x00, 0x5a, 0x00, 0x00, 0x2e, 0x20, 0x00, 0x4b, 0xdd, 0xbb, 0x60, 0x59, 0x00, 0x00, 0x69,
    0x00, 0x06, 0x80, 0x07, 0xef, 0xe5, 0x6d, 0xaa, 0xac, 0x80, 0x00, 0x3b, 0x00, 0x69, 0x00, 0x06,
    0x80, 0x00, 0x3b, 0x00, 0x6d, 0xaa, 0xac, 0x80, 0x3f, 0xff, 0xf9, 0x6d, 0xaa, 0xac, 0x80, 0x00,
    0x3b, 0x00, 0x69, 0x00, 0x06, 0x80, 0x00, 0x3b, 0x05, 0xef, 0xee, 0xee, 0xe6, 0x00, 0x3c, 0x56,
    0x04, 0xa0, 0x85, 0x00, 0x00, 0x7f, 0xa2, 0x7e, 0x40, 0x3d, 0x80, 0x00, 0x84, 0x02, 0xa2, 0x00,
    0x01, 0xa1,
    /* U+957F "长" */
    0x00, 0x06, 0x70, 0x00, 0x00, 0x43, 0x00, 0x00, 0x08, 0x80, 0x00, 0x04, 0xe4, 0x00, 0x00, 0x08,
    0x80, 0x00, 0x7e, 0x40, 0x00, 0x00, 0x08, 0x80, 0x4c, 0xd3, 0x00, 0x00, 0x00, 0x08, 0x83, 0xe8,
    0x00, 0x00, 0x00, 0x00, 0x08, 0x80, 0x10, 0x00, 0x00, 0x00, 0x3f, 0xff, 0xff, 0xff, 0xff, 0xff,
    0xf3, 0x01, 0x18, 0x91, 0x2e, 0x31, 0x11, 0x10, 0x00, 0x08, 0x80, 0x09, 0x90, 0x00, 0x00, 0x00,
    0x08, 0x80, 0x02, 0xe5, 0x00, 0x00, 0x00, 0x08, 0x80, 0x00, 0x4e, 0x40, 0x00, 0x00, 0x08, 0x82,
    0x6a, 0x06, 0xf8, 0x10, 0x00, 0x0c, 0xff, 0xb7, 0x00, 0x4c, 0xf4, 0x00, 0x09, 0x51, 0x00, 0x00,
    0x00, 0x40,
    /* U+9593 "間" */
    0xbd, 0xcc, 0xe5, 0x6e, 0xcc, 0xdc, 0xb4, 0x00, 0xa5, 0x69, 0x00, 0x3c, 0xbd, 0xcc, 0xe5, 0x6e,
    0xcc, 0xdc, 0xb4, 0x00, 0xa5, 0x69, 0x00, 0x3c, 0xbd, 0xcc, 0xc4, 0x5c, 0xcc, 0xdc, 0xb4, 0x00,
    0x00, 0x00, 0x00, 0x3c, 0xb4, 0x0a, 0xdc, 0xcd, 0x90, 0x3c, 0xb4, 0x0a, 0x50, 0x06, 0x90, 0x3c,
    0xb4, 0x0a, 0xdc, 0xcd, 0x90, 0x3c, 0xb4, 0x0a, 0x50, 0x06, 0x90, 0x3c, 0xb4, 0x0a, 0xdc, 0xcd,
    0x90, 0x3c, 0xb4, 0x09, 0x50, 0x00, 0x11, 0x5c, 0xb4, 0x00, 0x00, 0x00, 0x5f, 0xe7, 0x00, 0x00,
    0x00, 0x00, 0x00, 0x00,
    /* U+95EE "问" */
    0x25, 0x00, 0x00, 0x00, 0x00, 0x00, 0x2d, 0x40, 0xff, 0xff, 0xff, 0xfa, 0x03, 0xe2, 0x00, 0x00,
    0x00, 0x5a, 0x32, 0x40, 0x00, 0x00, 0x00, 0x5a, 0xb5, 0x00, 0x00, 0x00, 0x00, 0x5a, 0xb5, 0x07,
    0xfe, 0xef, 0x60, 0x5a, 0xb5, 0x07, 0x70, 0x09, 0x60, 0x5a, 0xb5, 0x07, 0x70, 0x09, 0x60, 0x5a,
    0xb5, 0x07, 0x70, 0x09, 0x60, 0x5a, 0xb5, 0x07, 0xfe, 0xef, 0x60, 0x5a, 0xb5, 0x07, 0x70, 0x00,
    0x00, 0x5a, 0xb5, 0x01, 0x10, 0x00, 0x00, 0x5a, 0xb5, 0x00, 0x00, 0x00, 0x00, 0x6a, 0xb5, 0x00,
    0x00, 0x00, 0x6f, 0xe6, 0x10, 0x00, 0x00, 0x00, 0x00, 0x00,
    /* U+95F4 "间" */
    0x26, 0x00, 0x00, 0x00, 0x00, 0x00, 0x1d, 0x51, 0xff, 0xff, 0xff, 0xfc, 0x03, 0xa0, 0x00, 0x00,
    0x00, 0x4c, 0x84, 0x00, 0x00, 0x00, 0x00, 0x4c, 0xb5, 0x09, 0xdd, 0xdd, 0x90, 0x4c, 0xb5, 0x0a,
    0x40, 0x05, 0xa0, 0x4c, 0xb5, 0x0a, 0x40, 0x05, 0xa0, 0x4c, 0xb5, 0x0a, 0xed, 0xde, 0xa0, 0x4c,
    0xb5, 0x0a, 0x40, 0x05, 0xa0, 0x4c, 0xb5, 0x0a, 0x40, 0x05, 0xa0, 0x4c, 0xb5, 0x0a, 0xed, 0xde,
    0xa0, 0x4c, 0xb5, 0x00, 0x00, 0x00, 0x00, 0x4c, 0xb5, 0x00, 0x00, 0x00, 0x00, 0x5c, 0xb5, 0x00,
    0x00, 0x00, 0x0a, 0xe7, 0x00, 0x00, 0x00, 0x00, 0x00, 0x00,
    /* U+9662 "院" */
    0x00, 0x00, 0x00, 0x08, 0x60, 0x00, 0x0e, 0xee, 0xe0, 0x00, 0x4d, 0x00, 0x00, 0xe1, 0x4b, 0x9e,
    0xee, 0xee, 0xef, 0x4e, 0x19, 0x69, 0x50, 0x00, 0x00, 0xb4, 0xe1, 0xd1, 0x53, 0x00, 0x00, 0x05,
    0x2e, 0x2d, 0x10, 0x7e, 0xee, 0xee, 0x20, 0xe1, 0x69, 0x00, 0x00, 0x00, 0x00, 0x0e, 0x11, 0xe8,
    0xee, 0xee, 0xee, 0xe5, 0xe1, 0x1e, 0x00, 0xa5, 0x2d, 0x00, 0x0e, 0x6e, 0x80, 0x0d, 0x32, 0xd0,
    0x00, 0xe1, 0x00, 0x02, 0xe0, 0x2d, 0x02, 0x0e, 0x10, 0x00, 0x99, 0x02, 0xd0, 0x67, 0xe1, 0x01,
    0x8d, 0x10, 0x2e, 0x07, 0x6e, 0x10, 0x8a, 0x20, 0x00, 0xbe, 0xd2, 0x10, 0x00, 0x00, 0x00, 0x00,
    0x00, 0x00,
    /* U+96E8 "雨" */
    0x4f, 0xff, 0xff, 0xff, 0xff, 0xff, 0xf4, 0x01, 0x11, 0x11, 0x97, 0x11, 0x11, 0x10, 0x00, 0x00,
    0x00, 0x97, 0x00, 0x00, 0x00, 0x09, 0xff, 0xff, 0xff, 0xff, 0xff, 0x90, 0x09, 0x60, 0x00, 0x97,
    0x00, 0x06, 0xa0, 0x09, 0x6b, 0x60, 0x97, 0xb7, 0x06, 0xa0, 0x09, 0x61, 0xba, 0x97, 0x1a, 0xb6,
    0xa0, 0x09, 0x60, 0x03, 0x97, 0x00, 0x36, 0xa0, 0x09, 0x6b, 0x30, 0x97, 0xb3, 0x06, 0xa0, 0x09,
    0x64, 0xd6, 0x97, 0x3d, 0x76, 0xa0, 0x09, 0x60, 0x26, 0x97, 0x01, 0x66, 0xa0, 0x09, 0x60, 0x00,
    0x97, 0x00, 0x06, 0x90, 0x09, 0x60, 0x00, 0x86, 0x07, 0xed, 0x50, 0x00, 0x00, 0x00, 0x00, 0x00,
    0x00, 0x00,
    /* U+96FB "電" */
    0x1c, 0xcc, 0xcc, 0xcc, 0xcc, 0xc1, 0x00, 0x00, 0x00, 0x87, 0x00, 0x00, 0x00, 0xbb, 0xbb, 0xbd,
    0xdb, 0xbb, 0xbb, 0x0e, 0x00, 0x00, 0x87, 0x00, 0x00, 0xe0, 0xe3, 0xaa, 0x78, 0x78, 0xaa, 0x3e,
    0x03, 0x00, 0x00, 0x87, 0x00, 0x00, 0x30, 0x05, 0xaa, 0x70, 0x08, 0xaa, 0x60, 0x00, 0x8b, 0xbb,
    0xbb, 0xbb, 0xb9, 0x00, 0x0b, 0x40, 0x09, 0x60, 0x04, 0xc0, 0x00, 0xbc, 0xaa, 0xdc, 0xaa, 0xbc,
    0x00, 0x0b, 0x40, 0x09, 0x60, 0x04, 0xc0, 0x00, 0xbd, 0xcc, 0xed, 0xcc, 0xc9, 0x64, 0x07, 0x30,
    0x09, 0x80, 0x00, 0x0a, 0x50, 0x00, 0x00, 0x3c, 0xdd, 0xdd, 0xa1,
    /* U+9752 "青" */
    0x00, 0x00, 0x00, 0x76, 0x00, 0x00, 0x00, 0x03, 0xcc, 0xcc, 0xee, 0xcc, 0xcc, 0x50, 0x00, 0x00,
    0x00, 0x87, 0x00, 0x00, 0x00, 0x00, 0xac, 0xcc, 0xee, 0xcc, 0xca, 0x00, 0x00, 0x00, 0x00, 0x87,
    0x00, 0x00, 0x00, 0x2d, 0xdd, 0xdd, 0xdd, 0xdd, 0xdd, 0xd2, 0x00, 0x00, 0x00, 0x00, 0x00, 0x00,
    0x00, 0x00, 0x3f, 0xcc, 0xcc, 0xcc, 0xe5, 0x00, 0x00, 0x3c, 0x00, 0x00, 0x00, 0xb5, 0x00, 0x00,
    0x3e, 0xbb, 0xbb, 0xbb, 0xe5, 0x00, 0x00, 0x3c, 0x00, 0x00, 0x00, 0xb5, 0x00, 0x00, 0x3e, 0xbb,
    0xbb, 0xbb, 0xe5, 0x00, 0x00, 0x3c, 0x00, 0x00, 0x00, 0xc5, 0x00, 0x00, 0x3c, 0x00, 0x00, 0xad,
    0xb2, 0x00,
    /* U+9759 "静" */
    0x00, 0x0c, 0x30, 0x00, 0x95, 0x00, 0x00, 0x2c, 0xce, 0xdc, 0x72, 0xfd, 0xc9, 0x00, 0x00, 0x0c,
    0x30, 0x0a, 0x60, 0x97, 0x00, 0x0a, 0xbe, 0xcb, 0x9d, 0x02, 0xd1, 0x00, 0x00, 0x0c, 0x30, 0x2d,
    0xde, 0xfd, 0x90, 0x5c, 0xcc, 0xcc, 0x90, 0x0d, 0x14, 0xa0, 0x00, 0x00, 0x00, 0x00, 0x0d, 0x14,
    0xa0, 0x09, 0xdc, 0xce, 0x7d, 0xdf, 0xee, 0xf7, 0x09, 0x50, 0x0d, 0x10, 0x0d, 0x14, 0xa0, 0x09,
    0xdb, 0xbf, 0x1b, 0xdf, 0xee, 0xa0, 0x09, 0xcb, 0xbe, 0x10, 0x0d, 0x13, 0x70, 0x09, 0x50, 0x0d,
    0x10, 0x0d, 0x10, 0x00, 0x09, 0x50, 0x0d, 0x10, 0x0e, 0x10, 0x00, 0x08, 0x43, 0xda, 0x07, 0xeb,
    0x00, 0x00,
    /* U+9762 "面" */
    0x3f, 0xff, 0xff, 0xff, 0xff, 0xff, 0xf3, 0x00, 0x00, 0x00, 0xd5, 0x00, 0x00, 0x00, 0x00, 0x00,
    0x01, 0xf1, 0x00, 0x00, 0x00, 0x08, 0xff, 0xff, 0xff, 0xff, 0xff, 0x80, 0x08, 0x70, 0x87, 0x00,
    0x96, 0x08, 0x80, 0x08, 0x70, 0x87, 0x00, 0x96, 0x08, 0x80, 0x08, 0x70, 0x8e, 0xdd, 0xe6, 0x08,
    0x80, 0x08, 0x70, 0x87, 0x00, 0x96, 0x08, 0x80, 0x08, 0x70, 0x8e, 0xdd, 0xe6, 0x08, 0x80, 0x08,
    0x70, 0x87, 0x00, 0x96, 0x08, 0x80, 0x08, 0x70, 0x87, 0x00, 0x96, 0x08, 0x80, 0x08, 0xff, 0xff,
    0xff, 0xff, 0xff, 0x80, 0x07, 0x60, 0x00, 0x00, 0x00, 0x07, 0x70,
    /* U+9774 "靴" */
    0x06, 0x60, 0xd0, 0x04, 0x83, 0x80, 0x00, 0x5e, 0xed, 0xfd, 0x09, 0x64, 0xb0, 0x00, 0x06, 0x60,
    0xd0, 0x0e, 0x14, 0xb0, 0x40, 0x06, 0xdc, 0xd0, 0x6f, 0x04, 0xb3, 0xe1, 0x00, 0x4a, 0x01, 0xef,
    0x04, 0xbc, 0x60, 0x1c, 0xde, 0xca, 0xae, 0x04, 0xfa, 0x00, 0x1b, 0x39, 0x66, 0x1e, 0x08, 0xd1,
    0x00, 0x1b, 0x39, 0x66, 0x0e, 0x7f, 0xb0, 0x00, 0x1e, 0xde, 0xd6, 0x0e, 0x76, 0xb0, 0x00, 0x00,
    0x4a, 0x00, 0x0e, 0x04, 0xb0, 0x00, 0x6e, 0xef, 0xec, 0x0e, 0x04, 0xb0, 0x21, 0x00, 0x4a, 0x00,
    0x0e, 0x04, 0xb0, 0x57, 0x00, 0x4a, 0x00, 0x0e, 0x03, 0xc0, 0x76, 0x00, 0x38, 0x00, 0x0e, 0x01,
    0xdf, 0xd2, 0x00, 0x00, 0x00, 0x02, 0x00, 0x00, 0x00,
    /* U+978B "鞋" */
    0x02, 0xb0, 0x2c, 0x00, 0x05, 0x90, 0x00, 0x5d, 0xfd, 0xdf, 0xd0, 0x05, 0xa0, 0x00, 0x02, 0xb0,
    0x2c, 0x0a, 0xef, 0xfe, 0xe0, 0x02, 0xec, 0xdc, 0x00, 0x05, 0xa0, 0x00, 0x00, 0x0a, 0x40, 0x00,
    0x05, 0xa0, 0x00, 0x0b, 0xce, 0xdc, 0x6f, 0xff, 0xff, 0xf5, 0x0e, 0x09, 0x37, 0x60, 0x02, 0x40,
    0x00, 0x0e, 0x09, 0x37, 0x60, 0x05, 0xa0, 0x00, 0x0e, 0xce, 0xde, 0x60, 0x05, 0xa0, 0x00, 0x00,
    0x0a, 0x40, 0x0c, 0xff, 0xff, 0xf1, 0x6e, 0xef, 0xee, 0xc0, 0x05, 0xa0, 0x00, 0x00, 0x0a, 0x40,
    0x00, 0x05, 0xa0, 0x00, 0x00, 0x0a, 0x40, 0x7f, 0xff, 0xff, 0xf7, 0x00, 0x09, 0x40, 0x00, 0x00,
    0x00, 0x00,
    /* U+97F3 "音" */
    0x00, 0x00, 0x00, 0x00, 0x00, 0x00, 0x00, 0x00, 0x00, 0x00, 0xa7, 0x00, 0x00, 0x00, 0x06, 0xee,
    0xee, 0xef, 0xee, 0xee, 0x80, 0x00, 0x05, 0x80, 0x00, 0x08, 0x70, 0x00, 0x00, 0x03, 0xe1, 0x00,
    0x0d, 0x40, 0x00, 0x00, 0x00, 0xd4, 0x00, 0x3e, 0x00, 0x00, 0x3e, 0xee, 0xfe, 0xee, 0xef, 0xee,
    0xe3, 0x00, 0x00, 0x00, 0x00, 0x00, 0x00, 0x00, 0x00, 0x4d, 0xdd, 0xdd, 0xdd, 0xd6, 0x00, 0x00,
    0x4b, 0x00, 0x00, 0x00, 0xa7, 0x00, 0x00, 0x4b, 0x00, 0x00, 0x00, 0xa7, 0x00, 0x00, 0x4e, 0xdd,
    0xdd, 0xdd, 0xe7, 0x00, 0x00, 0x4b, 0x00, 0x00, 0x00, 0xa7, 0x00, 0x00, 0x4f, 0xdd, 0xdd, 0xdd,
    0xe7, 0x00, 0x00, 0x38, 0x00, 0x00, 0x00, 0x75, 0x00,
    /* U+982D "頭" */
    0x4f, 0xff, 0xff, 0x9e, 0xef, 0xee, 0xe5, 0x00, 0x00, 0x00, 0x00, 0x0d, 0x40, 0x00, 0x0b, 0xdd,
    0xdc, 0x0b, 0xcf, 0xcc, 0xb0, 0x0d, 0x00, 0x0e, 0x0e, 0x00, 0x01, 0xe0, 0x0d, 0x00, 0x0e, 0x0e,
    0xcc, 0xcc, 0xe0, 0x0d, 0xdd, 0xde, 0x0e, 0x00, 0x01, 0xe0, 0x02, 0x20, 0x00, 0x0e, 0x00, 0x01,
    0xe0, 0x06, 0x60, 0x85, 0x0e, 0xcc, 0xcc, 0xe0, 0x03, 0x90, 0xc3, 0x0e, 0x00, 0x01, 0xe0, 0x01,
    0xb0, 0xd1, 0x1e, 0xcc, 0xcc, 0xe0, 0x03, 0x6a, 0xee, 0x41, 0x71, 0x26, 0x00, 0x5e, 0xa6, 0x20,
    0x5d, 0x80, 0x1b, 0xa1, 0x00, 0x00, 0x03, 0xb4, 0x00, 0x00, 0x95,
    /* U+9854 "顔" */
    0x00, 0x09, 0x30, 0x00, 0x00, 0x00, 0x00, 0x00, 0x08, 0x82, 0x2e, 0xee, 0xfe, 0xe4, 0x3e, 0xee,
    0xef, 0xc0, 0x07, 0x80, 0x00, 0x01, 0xe1, 0x2d, 0x07, 0xce, 0xdc, 0xc1, 0x00, 0x61, 0x68, 0x08,
    0x50, 0x00, 0xe1, 0x0e, 0xee, 0xef, 0xd8, 0xdc, 0xcc, 0xf1, 0x0e, 0x01, 0xb8, 0x08, 0x50, 0x00,
    0xe1, 0x0e, 0x6d, 0x70, 0x08, 0x50, 0x00, 0xe1, 0x0e, 0x22, 0x29, 0x18, 0xdc, 0xcc, 0xf1, 0x0e,
    0x17, 0xc4, 0x08, 0x50, 0x00, 0xe1, 0x1d, 0x57, 0x15, 0x78, 0xdc, 0xcc, 0xf1, 0x5a, 0x00, 0x6c,
    0x10, 0x83, 0x17, 0x00, 0x95, 0x6d, 0xa1, 0x2b, 0xb1, 0x09, 0xc1, 0x21, 0x63, 0x00, 0xa7, 0x00,
    0x00, 0x85,
    /* U+9898 "题" */
    0x06, 0xbb, 0xbb, 0x30, 0x00, 0x00, 0x00, 0x07, 0x70, 0x0a, 0x5d, 0xde, 0xed, 0xd5, 0x07, 0xdb,
    0xbe, 0x40, 0x0a, 0x50, 0x00, 0x07, 0x70, 0x0a, 0x45, 0xcf, 0xcc, 0x80, 0x07, 0xdb, 0xbe, 0x47,
    0x73, 0x63, 0xa0, 0x00, 0x00, 0x00, 0x07, 0x75, 0x83, 0xa0, 0x4c, 0xcc, 0xcc, 0xc7, 0x76, 0x73,
    0xa0, 0x00, 0x07, 0x70, 0x07, 0x78, 0x63, 0xa0, 0x05, 0x87, 0x70, 0x07, 0x7b, 0x33, 0xa0, 0x06,
    0x87, 0xdc, 0x93, 0x5d, 0x65, 0x40, 0x08, 0xc7, 0x70, 0x02, 0xc4, 0x2c, 0x60, 0x0a, 0xbd, 0x70,
    0x5d, 0x50, 0x01, 0xc2, 0x1d, 0x1a, 0xc6, 0x31, 0x00, 0x00, 0x10, 0x58, 0x00, 0x49, 0xbc, 0xdd,
    0xdd, 0xd4, 0x00, 0x00, 0x00, 0x00, 0x00, 0x00, 0x00,
    /* U+989C "颜" */
    0x00, 0x09, 0x20, 0x00, 0x00, 0x00, 0x00, 0x00, 0x07, 0x80, 0x0a, 0xdd, 0xed, 0xd3, 0x1d, 0xdd,
    0xdd, 0xd0, 0x06, 0x70, 0x00, 0x00, 0xc0, 0x0b, 0x26, 0xce, 0xdc, 0xa0, 0x00, 0x94, 0x3b, 0x07,
    0x51, 0x21, 0xc0, 0x0b, 0xed, 0xef, 0xd7, 0x54, 0x91, 0xc0, 0x0b, 0x34, 0xc9, 0x07, 0x54, 0x81,
    0xc0, 0x0b, 0xac, 0x40, 0x07, 0x54, 0x81, 0xc0, 0x0c, 0x30, 0x1b, 0x47, 0x55, 0x71, 0xc0, 0x0d,
    0x26, 0xd6, 0x17, 0x58, 0x51, 0xc0, 0x0d, 0xa9, 0x2a, 0x94, 0x2c, 0x21, 0x50, 0x1e, 0x03, 0xb9,
    0x00, 0x6a, 0x6b, 0x10, 0x5b, 0xad, 0x60, 0x17, 0xd1, 0x06, 0xc1, 0x56, 0x41, 0x00, 0x98, 0x10,
    0x00, 0x73,
    /* U+98DF "食" */
    0x00, 0x00, 0x00, 0x79, 0x00, 0x00, 0x00, 0x00, 0x00, 0x05, 0xdd, 0x50, 0x00, 0x00, 0x00, 0x00,
    0x7c, 0x52, 0xd8, 0x10, 0x00, 0x00, 0x3c, 0xb1, 0xa6, 0x19, 0xe8, 0x20, 0x3c, 0xdf, 0xdd, 0xee,
    0xdd, 0xeb, 0xf5, 0x05, 0x0f, 0x10, 0x00, 0x01, 0xe0, 0x20, 0x00, 0x0f, 0xcc, 0xcc, 0xcc, 0xe0,
    0x00, 0x00, 0x0f, 0x10, 0x00, 0x01, 0xe0, 0x00, 0x00, 0x0f, 0x10, 0x00, 0x01, 0xe0, 0x00, 0x00,
    0x0f, 0xdd, 0xdd, 0xdd, 0xd6, 0x00, 0x00, 0x0f, 0x10, 0x78, 0x14, 0xd7, 0x00, 0x00, 0x0f, 0x10,
    0x07, 0xee, 0x30, 0x00, 0x00, 0x2f, 0x8a, 0xd7, 0x18, 0xd5, 0x00, 0x00, 0x4b, 0x84, 0x10, 0x00,
    0x3b, 0x10,
    /* U+98EF "飯" */
    0x00, 0x1d, 0x10, 0x00, 0x00, 0x25, 0x60, 0x00, 0xbb, 0xc2, 0x0c, 0xdc, 0xb8, 0x40, 0x1c, 0x92,
    0x5d, 0x2e, 0x00, 0x00, 0x00, 0x78, 0x0d, 0x04, 0x1e, 0x00, 0x00, 0x00, 0x07, 0xce, 0xd9, 0x0f,
    0xee, 0xee, 0xc0, 0x08, 0x50, 0x2c, 0x0e, 0xd1, 0x04, 0xa0, 0x08, 0xdc, 0xcc, 0x0e, 0x94, 0x07,
    0x70, 0x08, 0x50, 0x2c, 0x1e, 0x58, 0x0b, 0x30, 0x08, 0x50, 0x2c, 0x2d, 0x1d, 0x3d, 0x00, 0x08,
    0xdc, 0xca, 0x2b, 0x09, 0xd7, 0x00, 0x08, 0x50, 0x90, 0x59, 0x04, 0xf2, 0x00, 0x08, 0x54, 0xd6,
    0x86, 0x1c, 0xcb, 0x00, 0x1d, 0xe9, 0x4c, 0xd3, 0xc9, 0x0b, 0xb2, 0x08, 0x20, 0x02, 0x83, 0x70,
    0x00, 0x82,
    /* U+98F2 "飲" */
    0x00, 0x00, 0x00, 0x00, 0x00, 0x00, 0x00, 0x00, 0x1d, 0x80, 0x00, 0xc3, 0x00, 0x00, 0x03, 0xd6,
    0x8c, 0x20, 0xe0, 0x00, 0x00, 0x6f, 0x5a, 0x24, 0xa3, 0xfe, 0xee, 0xe3, 0x45, 0x08, 0x60, 0x07,
    0x80, 0x00, 0xe1, 0x05, 0xcd, 0xec, 0x3c, 0x43, 0x21, 0xe0, 0x07, 0x80, 0x0b, 0x7d, 0x0b, 0x54,
    0xa0, 0x07, 0xec, 0xce, 0x43, 0x0c, 0x54, 0x50, 0x07, 0x80, 0x0b, 0x30, 0x0d, 0x70, 0x00, 0x07,
    0x80, 0x0b, 0x30, 0x1f, 0xb0, 0x00, 0x07, 0xec, 0xcc, 0x30, 0x5e, 0xe1, 0x00, 0x07, 0x80, 0x64,
    0x00, 0xc7, 0xa6, 0x00, 0x07, 0x82, 0xad, 0x07, 0xe1, 0x3e, 0x10, 0x0c, 0xeb, 0x5a, 0xaf, 0x40,
    0x09, 0xc2, 0x08, 0x20, 0x01, 0xa3, 0x00, 0x00, 0x94,
    /* U+996D "饭" */
    0x00, 0xd0, 0x00, 0x00, 0x12, 0x58, 0x70, 0x03, 0xc0, 0x00, 0xbe, 0xdb, 0x96, 0x20, 0x06, 0xfe,
    0xe7, 0xc3, 0x00, 0x00, 0x00, 0x09, 0x50, 0xa5, 0xc3, 0x00, 0x00, 0x00, 0x0d, 0x20, 0xd1, 0xc3,
    0x00, 0x00, 0x00, 0x4c, 0x23, 0xc0, 0xdf, 0xfe, 0xef, 0x90, 0x66, 0xa4, 0x10, 0xd6, 0xa0, 0x09,
    0x60, 0x00, 0xa4, 0x00, 0xe1, 0xe1, 0x0e, 0x20, 0x00, 0xa4, 0x00, 0xe0, 0xa7, 0x5c, 0x00, 0x00,
    0xa4, 0x02, 0xd0, 0x3d, 0xd4, 0x00, 0x00, 0xa4, 0x56, 0xa0, 0x0c, 0xc0, 0x00, 0x00, 0xbc, 0xaa,
    0x60, 0x7d, 0xe5, 0x00, 0x02, 0xe8, 0x2e, 0x3a, 0xd2, 0x4e, 0x70, 0x02, 0x60, 0x48, 0x68, 0x10,
    0x03, 0xb3,
    /* U+996E "饮" */
    0x00, 0xc1, 0x00, 0x05, 0xa0, 0x00, 0x00, 0x03, 0xd0, 0x00, 0x08, 0x80, 0x00, 0x00, 0x06, 0xfe,
    0xee, 0x1c, 0xfe, 0xee, 0xe2, 0x0c, 0x40, 0x4c, 0x3e, 0x00, 0x01, 0xe0, 0x3e, 0x11, 0x96, 0xa9,
    0x0c, 0x04, 0xb0, 0x87, 0x78, 0x31, 0xb2, 0x1f, 0x03, 0x50, 0x01, 0x78, 0x00, 0x00, 0x2f, 0x00,
    0x00, 0x00, 0x78, 0x00, 0x00, 0x4f, 0x30, 0x00, 0x00, 0x78, 0x00, 0x00, 0x7f, 0x70, 0x00, 0x00,
    0x78, 0x00, 0x00, 0xc7, 0xd0, 0x00, 0x00, 0x78, 0x47, 0x06, 0xd0, 0xa5, 0x00, 0x00, 0x8e, 0xd3,
    0x2e, 0x50, 0x4e, 0x10, 0x01, 0xea, 0x12, 0xd8, 0x00, 0x09, 0xd3, 0x00, 0x50, 0x07, 0x80, 0x00,
    0x00, 0x85,
    /* U+99C5 "駅" */
    0x0c, 0xee, 0xed, 0x57, 0xff, 0xff, 0xf0, 0x0c, 0x28, 0x50, 0x07, 0x70, 0x00, 0xf0, 0x0c, 0xde,
    0xed, 0x27, 0x70, 0x00, 0xf0, 0x0c, 0x28, 0x50, 0x07, 0x70, 0x00, 0xf0, 0x0c, 0xde, 0xdc, 0x17,
    0x70, 0x00, 0xf0, 0x0c, 0x28, 0x50, 0x08, 0xff, 0xff, 0xe0, 0x0c, 0xde, 0xed, 0x68, 0x72, 0xc0,
    0x00, 0x00, 0x00, 0x26, 0x79, 0x50, 0xe0, 0x00, 0x08, 0x78, 0x88, 0x6a, 0x40, 0xb4, 0x00, 0x0a,
    0x98, 0x4d, 0x5d, 0x20, 0x6a, 0x00, 0x28, 0x94, 0x2a, 0x5e, 0x00, 0x1e, 0x30, 0x73, 0x20, 0x1d,
    0x99, 0x00, 0x07, 0xd2, 0x00, 0x04, 0xc8, 0x92, 0x00, 0x00, 0x94,
    /* U+9A7E "驾" */
    0x00, 0x0a, 0x30, 0x00, 0x00, 0x00, 0x01, 0xcc, 0xfd, 0xcc, 0x2e, 0xcc, 0xd9, 0x00, 0x4c, 0x01,
    0xd2, 0xc0, 0x06, 0x90, 0x0b, 0x50, 0x4c, 0x2c, 0x00, 0x69, 0x2c, 0xb0, 0xad, 0x72, 0xcc, 0xcc,
    0x72, 0x81, 0x00, 0x00, 0x00, 0x00, 0x00, 0x00, 0x7e, 0xee, 0xee, 0xee, 0xe0, 0x00, 0x00, 0x45,
    0x00, 0x00, 0x4c, 0x00, 0x00, 0x0a, 0x70, 0x00, 0x07, 0x90, 0x00, 0x00, 0xbc, 0xcc, 0xcc, 0xcc,
    0xdc, 0x00, 0x00, 0x00, 0x00, 0x00, 0x05, 0xb0, 0xcd, 0xdd, 0xdd, 0xdd, 0xd3, 0x79, 0x00, 0x00,
    0x00, 0x00, 0x01, 0x0b, 0x60, 0x00, 0x00, 0x00, 0x00, 0x8d, 0xa1,
    /* U+9A8C "验" */
    0x00, 0x00, 0x00, 0x00, 0x1b, 0x10, 0x00, 0x1e, 0xee, 0xf2, 0x00, 0x8f, 0x30, 0x00, 0x00, 0x00,
    0xc1, 0x02, 0xe6, 0xd1, 0x00, 0x08, 0x50, 0xd0, 0x2c, 0x60, 0x6c, 0x10, 0x09, 0x40, 0xd2, 0xd8,
    0x00, 0x08, 0xd3, 0x0a, 0x31, 0xd8, 0x78, 0xee, 0xe9, 0x75, 0x0c, 0x12, 0xb0, 0x00, 0x01, 0x00,
    0x00, 0x0e, 0xdd, 0xea, 0x47, 0x0d, 0x01, 0xc0, 0x00, 0x00, 0x3b, 0x2c, 0x0a, 0x35, 0xa0, 0x00,
    0x14, 0x6a, 0x0d, 0x18, 0x5b, 0x40, 0x4b, 0xea, 0x78, 0x09, 0x34, 0x5c, 0x00, 0x34, 0x00, 0x87,
    0x00, 0x00, 0x95, 0x00, 0x00, 0x10, 0xc4, 0xde, 0xee, 0xfe, 0xe3, 0x00, 0xac, 0x90, 0x00, 0x00,
    0x00, 0x00,
    /* U+9AD8 "高" */
    0x00, 0x00, 0x00, 0x00, 0x00, 0x00, 0x00, 0x00, 0x00, 0x00, 0xa7, 0x00, 0x00, 0x00, 0x3e, 0xee,
    0xee, 0xef, 0xee, 0xee, 0xe2, 0x00, 0x00, 0x00, 0x00, 0x00, 0x00, 0x00, 0x00, 0x1b, 0xbb, 0xbb,
    0xbb, 0xb2, 0x00, 0x00, 0x1f, 0x00, 0x00, 0x00, 0xe2, 0x00, 0x00, 0x1f, 0xbb, 0xbb, 0xbb, 0xf2,
    0x00, 0x00, 0x00, 0x00, 0x00, 0x00, 0x00, 0x00, 0x09, 0xdd, 0xdd, 0xdd, 0xdd, 0xdd, 0x90, 0x0a,
    0x50, 0x00, 0x00, 0x00, 0x06, 0xa0, 0x0a, 0x51, 0xcc, 0xcc, 0xca, 0x06, 0xa0, 0x0a, 0x51, 0xe0,
    0x00, 0x1d, 0x06, 0xa0, 0x0a, 0x51, 0xfc, 0xcc, 0xcd, 0x06, 0xa0, 0x0a, 0x51, 0xc0, 0x00, 0x00,
    0x06, 0xa0, 0x09, 0x50, 0x00, 0x00, 0x00, 0xab, 0x50,
    /* U+9B5A "魚" */
    0x00, 0x00, 0x97, 0x00, 0x00, 0x00, 0x00, 0x00, 0x04, 0xfe, 0xdd, 0xd3, 0x00, 0x00, 0x00, 0x1d,
    0x60, 0x05, 0xe0, 0x00, 0x00, 0x01, 0xcc, 0x00, 0x0d, 0x60, 0x00, 0x00, 0x1c, 0xfe, 0xee, 0xee,
    0xee, 0xed, 0x00, 0x17, 0xb5, 0x00, 0x87, 0x00, 0x3d, 0x00, 0x00, 0xad, 0xdd, 0xee, 0xdd, 0xdd,
    0x00, 0x00, 0xa5, 0x00, 0x87, 0x00, 0x3d, 0x00, 0x00, 0xa5, 0x00, 0x87, 0x00, 0x3d, 0x00, 0x00,
    0xae, 0xee, 0xee, 0xee, 0xec, 0x00, 0x00, 0x42, 0x02, 0x01, 0x20, 0x35, 0x00, 0x01, 0xe3, 0x1e,
    0x02, 0xe0, 0x2e, 0x40, 0x0a, 0xa0, 0x0e, 0x20, 0xb5, 0x05, 0xd1, 0x3b, 0x10, 0x09, 0x20, 0x55,
    0x00, 0xa3,
    /* U+9C7C "鱼" */
    0x00, 0x00, 0x99, 0x00, 0x00, 0x00, 0x00, 0x00, 0x04, 0xfe, 0xee, 0xe9, 0x00, 0x00, 0x00, 0x3e,
    0x40, 0x01, 0xd4, 0x00, 0x00, 0x03, 0xe8, 0x00, 0x08, 0xb0, 0x00, 0x00, 0x1e, 0xfe, 0xee, 0xee,
    0xee, 0xed, 0x00, 0x04, 0xa5, 0x00, 0x78, 0x00, 0x3d, 0x00, 0x00, 0xa5, 0x00, 0x78, 0x00, 0x3d,
    0x00, 0x00, 0xae, 0xdd, 0xee, 0xdd, 0xdd, 0x00, 0x00, 0xa5, 0x00, 0x78, 0x00, 0x3d, 0x00, 0x00,
    0xa5, 0x00, 0x78, 0x00, 0x3d, 0x00, 0x00, 0xae, 0xee, 0xee, 0xee, 0xec, 0x00, 0x00, 0x00, 0x00,
    0x00, 0x00, 0x00, 0x00, 0x2f, 0xff, 0xff, 0xff, 0xff, 0xff, 0xf2,
    /* U+9CE5 "鳥" */
    0x00, 0x00, 0x00, 0xc5, 0x00, 0x00, 0x00, 0x00, 0x6c, 0xcc, 0xfc, 0xcc, 0xc4, 0x00, 0x00, 0x88,
    0x00, 0x00, 0x00, 0xb5, 0x00, 0x00, 0x8d, 0xbb, 0xbb, 0xbb, 0xe5, 0x00, 0x00, 0x88, 0x00, 0x00,
    0x00, 0xb5, 0x00, 0x00, 0x8d, 0xcc, 0xcc, 0xcc, 0xe5, 0x00, 0x00, 0x88, 0x00, 0x00, 0x00, 0x00,
    0x00, 0x00, 0x8e, 0xcc, 0xcc, 0xcc, 0xcc, 0xc3, 0x00, 0x88, 0x00, 0x00, 0x00, 0x00, 0x00, 0x00,
    0x6c, 0xcc, 0xcc, 0xcc, 0xcd, 0xd0, 0x00, 0x70, 0x40, 0x42, 0x36, 0x03, 0xc0, 0x05, 0xa0, 0xd1,
    0x77, 0x1d, 0x15, 0xa0, 0x1d, 0x40, 0xb3, 0x3a, 0x03, 0x19, 0x80, 0x27, 0x00, 0x31, 0x00, 0x07,
    0xdb, 0x20,
    /* U+9E1F "鸟" */
    0x00, 0x00, 0x00, 0xa3, 0x00, 0x00, 0x00, 0x00, 0x00, 0x3e, 0x10, 0x00, 0x00, 0x00, 0x6f, 0xff,
    0xff, 0xff, 0xf5, 0x00, 0x06, 0x91, 0x51, 0x00, 0x0c, 0x30, 0x00, 0x69, 0x16, 0xc8, 0x01, 0xe1,
    0x00, 0x06, 0x90, 0x00, 0x38, 0xe9, 0x00, 0x00, 0x69, 0x00, 0x00, 0x00, 0x00, 0x00, 0x06, 0xfe,
    0xee, 0xee, 0xee, 0xec, 0x00, 0x00, 0x00, 0x00, 0x00, 0x04, 0xc0, 0x00, 0x00, 0x00, 0x00, 0x00,
    0x5b, 0x4e, 0xee, 0xee, 0xee, 0xee, 0x26, 0x90, 0x00, 0x00, 0x00, 0x00, 0x00, 0x87, 0x00, 0x00,
    0x00, 0x00, 0x00, 0x1c, 0x40, 0x00, 0x00, 0x00, 0x01, 0xde, 0xb0,
    /* U+9E21 "鸡" */
    0x00, 0x00, 0x00, 0x00, 0x00, 0x00, 0x00, 0x00, 0x00, 0x00, 0x00, 0x79, 0x00, 0x00, 0x00, 0x00,
    0x00, 0x7c, 0xed, 0x97, 0x10, 0x4e, 0xee, 0xf9, 0x87, 0x00, 0x0c, 0x20, 0x00, 0x00, 0x87, 0x87,
    0x73, 0x0d, 0x10, 0x0a, 0x10, 0xc4, 0x87, 0x2d, 0x1e, 0x00, 0x08, 0x91, 0xf1, 0x87, 0x02, 0x2e,
    0x00, 0x01, 0xe8, 0xc0, 0x87, 0x07, 0xc6, 0x00, 0x00, 0x6f, 0x70, 0x87, 0x00, 0x00, 0x00, 0x00,
    0x1f, 0x60, 0x7d, 0xdd, 0xdd, 0xf0, 0x00, 0x9b, 0xd1, 0x00, 0x00, 0x00, 0xf0, 0x05, 0xd1, 0x94,
    0xee, 0xee, 0xe5, 0xe0, 0x4e, 0x40, 0x00, 0x00, 0x00, 0x02, 0xd0, 0x35, 0x00, 0x00, 0x00, 0x00,
    0x05, 0xb0, 0x00, 0x00, 0x00, 0x00, 0x03, 0xcc, 0x40,
    /* U+9EC4 "黄" */
    0x00, 0x00, 0x00, 0x00, 0x00, 0x00, 0x00, 0x00, 0x00, 0xb4, 0x00, 0x4c, 0x00, 0x00, 0x03, 0xee,
    0xfe, 0xee, 0xef, 0xee, 0x50, 0x00, 0x00, 0xb4, 0x00, 0x4c, 0x00, 0x00, 0x00, 0x00, 0xb4, 0x00,
    0x4c, 0x00, 0x00, 0x3f, 0xff, 0xff, 0xff, 0xff, 0xff, 0xf4, 0x00, 0x00, 0x00, 0x88, 0x00, 0x00,
    0x00, 0x00, 0xbd, 0xcc, 0xed, 0xcc, 0xdc, 0x00, 0x00, 0xb4, 0x00, 0x88, 0x00, 0x3c, 0x00, 0x00,
    0xbc, 0xbb, 0xdd, 0xbb, 0xcc, 0x00, 0x00, 0xb4, 0x00, 0x88, 0x00, 0x3c, 0x00, 0x00, 0xbd, 0xcc,
    0xed, 0xcc, 0xdc, 0x00, 0x00, 0x01, 0x75, 0x00, 0x47, 0x20, 0x00, 0x03, 0x8e, 0xa2, 0x00, 0x28,
    0xea, 0x30, 0x0b, 0x83, 0x00, 0x00, 0x00, 0x06, 0xa0,
    /* U+9ED1 "黑" */
    0x00, 0xde, 0xdd, 0xee, 0xdd, 0xeb, 0x00, 0x00, 0xd3, 0x80, 0x87, 0x08, 0x4b, 0x00, 0x00, 0xd3,
    0x94, 0x87, 0x68, 0x4b, 0x00, 0x00, 0xd3, 0x34, 0x87, 0x81, 0x4b, 0x00, 0x00, 0xbd, 0xdd, 0xee,
    0xdd, 0xda, 0x00, 0x00, 0x00, 0x00, 0x87, 0x00, 0x00, 0x00, 0x01, 0xdd, 0xdd, 0xee, 0xdd, 0xdd,
    0x10, 0x00, 0x00, 0x00, 0x87, 0x00, 0x00, 0x00, 0x3e, 0xee, 0xee, 0xff, 0xee, 0xee, 0xe3, 0x00,
    0x00, 0x00, 0x00, 0x00, 0x00, 0x00, 0x00, 0x72, 0x13, 0x01, 0x40, 0x27, 0x00, 0x04, 0xd0, 0x2d,
    0x02, 0xe0, 0x1d, 0x60, 0x0d, 0x40, 0x0f, 0x00, 0xb4, 0x03, 0xe1, 0x00, 0x00, 0x00, 0x00, 0x00,
    0x00, 0x00,
    /* U+9ED2 "黒" */
    0x00, 0xbd, 0xdd, 0xee, 0xdd, 0xdc, 0x00, 0x00, 0xb4, 0x00, 0x87, 0x00, 0x4c, 0x00, 0x00, 0xbd,
    0xcc, 0xee, 0xcc, 0xdc, 0x00, 0x00, 0xb4, 0x00, 0x87, 0x00, 0x4c, 0x00, 0x00, 0xbd, 0xcc, 0xee,
    0xcc, 0xdc, 0x00, 0x00, 0x00, 0x00, 0x87, 0x00, 0x00, 0x00, 0x01, 0xdd, 0xdd, 0xee, 0xdd, 0xdd,
    0x30, 0x00, 0x00, 0x00, 0x87, 0x00, 0x00, 0x00, 0x3e, 0xee, 0xee, 0xee, 0xee, 0xee, 0xe3, 0x00,
    0x00, 0x00, 0x00, 0x00, 0x00, 0x00, 0x00, 0x82, 0x13, 0x01, 0x40, 0x27, 0x00, 0x04, 0xd0, 0x1d,
    0x02, 0xe0, 0x1d, 0x60, 0x1d, 0x40, 0x0f, 0x00, 0xb3, 0x02, 0xe1, 0x00, 0x00, 0x00, 0x00, 0x00,
    0x00, 0x00,
    /* U+9F7F "齿" */
    0x00, 0x04, 0x00, 0x7a, 0x00, 0x00, 0x00, 0x00, 0x1f, 0x00, 0x7a, 0x00, 0x00, 0x00, 0x00, 0x1f,
    0x00, 0x7f, 0xee, 0xee, 0x10, 0x00, 0x1f, 0x00, 0x7a, 0x00, 0x00, 0x00, 0x00, 0x1f, 0x00, 0x7a,
    0x00, 0x00, 0x00, 0x3f, 0xff, 0xff, 0xff, 0xff, 0xff, 0xf5, 0x02, 0x60, 0x00, 0x36, 0x00, 0x05,
    0x30, 0x05, 0xb0, 0x00, 0x96, 0x00, 0x0a, 0x70, 0x05, 0xb0, 0x02, 0xeb, 0x20, 0x0a, 0x70, 0x05,
    0xb0, 0x1c, 0x55, 0xd4, 0x0a, 0x70, 0x05, 0xb3, 0xc7, 0x00, 0x3d, 0x6a, 0x70, 0x05, 0xb5, 0x40,
    0x00, 0x02, 0x4a, 0x70, 0x05, 0xff, 0xff, 0xff, 0xff, 0xff, 0x70, 0x00, 0x00, 0x00, 0x00, 0x00,
    0x07, 0x50,
    /* U+FF01 "！" */
    0x27, 0x24, 0xf4, 0x4f, 0x33, 0xf3, 0x2f, 0x21, 0xf1, 0x1f, 0x00, 0xf0, 0x04, 0x00, 0x00, 0x3d,
    0x33, 0xc2,
    /* U+FF08 "（" */
    0x00, 0x02, 0x00, 0x03, 0xd2, 0x00, 0xd4, 0x00, 0x6a, 0x00, 0x0c, 0x40, 0x01, 0xe0, 0x00, 0x3c,
    0x00, 0x04, 0xc0, 0x00, 0x2d, 0x00, 0x00, 0xe1, 0x00, 0x0a, 0x60, 0x00, 0x4d, 0x00, 0x00, 0xa7,
    0x00, 0x01, 0xc2,
    /* U+FF09 "）" */
    0x02, 0x00, 0x02, 0xd3, 0x00, 0x04, 0xd0, 0x00, 0x0a, 0x60, 0x00, 0x4c, 0x00, 0x00, 0xe1, 0x00,
    0x0d, 0x30, 0x00, 0xc4, 0x00, 0x0d, 0x20, 0x01, 0xe0, 0x00, 0x6a, 0x00, 0x0d, 0x40, 0x07, 0xa0,
    0x02, 0xc1, 0x00,
    /* U+FF0C "，" */
    0x06, 0xd3, 0x06, 0xf8, 0x00, 0x87, 0x02, 0xd2, 0x0d, 0x60, 0x01, 0x00,
    /* U+FF1A "：" */
    0x4e, 0x45, 0xf5, 0x00, 0x00, 0x00, 0x00, 0x00, 0x00, 0x00, 0x00, 0x00, 0x5f, 0x55, 0xe4,
    /* U+FF1B "；" */
    0x4e, 0x45, 0xf5, 0x00, 0x00, 0x00, 0x00, 0x00, 0x00, 0x00, 0x04, 0xe5, 0x4e, 0xb0, 0x5a, 0x1c,
    0x4b, 0x60, 0x00, 0x00,
    /* U+FF1F "？" */
    0x04, 0xbe, 0xd5, 0x04, 0xe6, 0x27, 0xf2, 0x02, 0x00, 0x0e, 0x60, 0x00, 0x01, 0xe4, 0x00, 0x00,
    0x9c, 0x00, 0x00, 0x6e, 0x20, 0x00, 0x1e, 0x40, 0x00, 0x04, 0xd0, 0x00, 0x00, 0x12, 0x00, 0x00,
    0x00, 0x00, 0x00, 0x00, 0x5d, 0x10, 0x00, 0x04, 0xb1, 0x00,
};

static const lv_font_fmt_txt_glyph_dsc_t glyph_dsc[] = {
    {.bitmap_index = 0, .adv_w = 0, .box_w = 0, .box_h = 0, .ofs_x = 0, .ofs_y = 0} /* id = 0 reserved */,
    {.bitmap_index = 0, .adv_w = 48, .box_w = 0, .box_h = 0, .ofs_x = 0, .ofs_y = 0},
    {.bitmap_index = 0, .adv_w = 80, .box_w = 3, .box_h = 11, .ofs_x = 1, .ofs_y = 0},
    {.bitmap_index = 17, .adv_w = 112, .box_w = 5, .box_h = 5, .ofs_x = 1, .ofs_y = 6},
    {.bitmap_index = 30, .adv_w = 128, .box_w = 8, .box_h = 10, .ofs_x = 0, .ofs_y = 0},
    {.bitmap_index = 70, .adv_w = 128, .box_w = 7, .box_h = 14, .ofs_x = 0, .ofs_y = -2},
    {.bitmap_index = 119, .adv_w = 208, .box_w = 13, .box_h = 11, .ofs_x = 0, .ofs_y = 0},
    {.bitmap_index = 191, .adv_w = 160, .box_w = 10, .box_h = 11, .ofs_x = 0, .ofs_y = 0},
    {.bitmap_index = 246, .adv_w = 64, .box_w = 2, .box_h = 5, .ofs_x = 1, .ofs_y = 6},
    {.bitmap_index = 251, .adv_w = 80, .box_w = 4, .box_h = 15, .ofs_x = 1, .ofs_y = -3},
    {.bitmap_index = 281, .adv_w = 80, .box_w = 4, .box_h = 15, .ofs_x = 0, .ofs_y = -3},
    {.bitmap_index = 311, .adv_w = 112, .box_w = 6, .box_h = 5, .ofs_x = 0, .ofs_y = 6},
    {.bitmap_index = 326, .adv_w = 128, .box_w = 8, .box_h = 9, .ofs_x = 0, .ofs_y = 1},
    {.bitmap_index = 362, .adv_w = 64, .box_w = 4, .box_h = 5, .ofs_x = 0, .ofs_y = -3},
    {.bitmap_index = 372, .adv_w = 80, .box_w = 5, .box_h = 1, .ofs_x = 0, .ofs_y = 3},
    {.bitmap_index = 375, .adv_w = 64, .box_w = 2, .box_h = 2, .ofs_x = 1, .ofs_y = 0},
    {.bitmap_index = 377, .adv_w = 80, .box_w = 6, .box_h = 14, .ofs_x = 0, .ofs_y = -3},
    {.bitmap_index = 419, .adv_w = 128, .box_w = 8, .box_h = 11, .ofs_x = 0, .ofs_y = 0},
    {.bitmap_index = 463, .adv_w = 128, .box_w = 6, .box_h = 11, .ofs_x = 1, .ofs_y = 0},
    {.bitmap_index = 496, .adv_w = 128, .box_w = 8, .box_h = 11, .ofs_x = 0, .ofs_y = 0},
    {.bitmap_index = 540, .adv_w = 128, .box_w = 7, .box_h = 11, .ofs_x = 0, .ofs_y = 0},
    {.bitmap_index = 579, .adv_w = 128, .box_w = 8, .box_h = 11, .ofs_x = 0, .ofs_y = 0},
    {.bitmap_index = 623, .adv_w = 128, .box_w = 8, .box_h = 11, .ofs_x = 0, .ofs_y = 0},
    {.bitmap_index = 667, .adv_w = 128, .box_w = 8, .box_h = 11, .ofs_x = 0, .ofs_y = 0},
    {.bitmap_index = 711, .adv_w = 128, .box_w = 8, .box_h = 11, .ofs_x = 0, .ofs_y = 0},
    {.bitmap_index = 755, .adv_w = 128, .box_w = 8, .box_h = 11, .ofs_x = 0, .ofs_y = 0},
    {.bitmap_index = 799, .adv_w = 128, .box_w = 7, .box_h = 11, .ofs_x = 0, .ofs_y = 0},
    {.bitmap_index = 838, .adv_w = 64, .box_w = 2, .box_h = 8, .ofs_x = 1, .ofs_y = 0},
    {.bitmap_index = 846, .adv_w = 64, .box_w = 4, .box_h = 10, .ofs_x = 0, .ofs_y = -3},
    {.bitmap_index = 866, .adv_w = 128, .box_w = 8, .box_h = 7, .ofs_x = 0, .ofs_y = 2},
    {.bitmap_index = 894, .adv_w = 128, .box_w = 8, .box_h = 4, .ofs_x = 0, .ofs_y = 3},
    {.bitmap_index = 910, .adv_w = 128, .box_w = 8, .box_h = 7, .ofs_x = 0, .ofs_y = 2},
    {.bitmap_index = 938, .adv_w = 112, .box_w = 6, .box_h = 11, .ofs_x = 0, .ofs_y = 0},
    {.bitmap_index = 971, .adv_w = 208, .box_w = 13, .box_h = 12, .ofs_x = 0, .ofs_y = -2},
    {.bitmap_index = 1049, .adv_w = 144, .box_w = 9, .box_h = 11, .ofs_x = 0, .ofs_y = 0},
    {.bitmap_index = 1099, .adv_w = 144, .box_w = 8, .box_h = 11, .ofs_x = 1, .ofs_y = 0},
    {.bitmap_index = 1143, .adv_w = 144, .box_w = 9, .box_h = 11, .ofs_x = 0, .ofs_y = 0},
    {.bitmap_index = 1193, .adv_w = 160, .box_w = 8, .box_h = 11, .ofs_x = 1, .ofs_y = 0},
    {.bitmap_index = 1237, .adv_w = 128, .box_w = 7, .box_h = 11, .ofs_x = 1, .ofs_y = 0},
    {.bitmap_index = 1276, .adv_w = 128, .box_w = 7, .box_h = 11, .ofs_x = 1, .ofs_y = 0},
    {.bitmap_index = 1315, .adv_w = 160, .box_w = 9, .box_h = 11, .ofs_x = 0, .ofs_y = 0},
    {.bitmap_index = 1365, .adv_w = 160, .box_w = 8, .box_h = 11, .ofs_x = 1, .ofs_y = 0},
    {.bitmap_index = 1409, .adv_w = 64, .box_w = 2, .box_h = 11, .ofs_x = 1, .ofs_y = 0},
    {.bitmap_index = 1420, .adv_w = 112, .box_w = 7, .box_h = 11, .ofs_x = 0, .ofs_y = 0},
    {.bitmap_index = 1459, .adv_w = 144, .box_w = 8, .box_h = 11, .ofs_x = 1, .ofs_y = 0},
    {.bitmap_index = 1503, .adv_w = 128, .box_w = 7, .box_h = 11, .ofs_x = 1, .ofs_y = 0},
    {.bitmap_index = 1542, .adv_w = 176, .box_w = 9, .box_h = 11, .ofs_x = 1, .ofs_y = 0},
    {.bitmap_index = 1592, .adv_w = 160, .box_w = 8, .box_h = 11, .ofs_x = 1, .ofs_y = 0},
    {.bitmap_index = 1636, .adv_w = 160, .box_w = 10, .box_h = 11, .ofs_x = 0, .ofs_y = 0},
    {.bitmap_index = 1691, .adv_w = 144, .box_w = 8, .box_h = 11, .ofs_x = 1, .ofs_y = 0},
    {.bitmap_index = 1735, .adv_w = 160, .box_w = 10, .box_h = 14, .ofs_x = 0, .ofs_y = -3},
    {.bitmap_index = 1805, .adv_w = 144, .box_w = 8, .box_h = 11, .ofs_x = 1, .ofs_y = 0},
    {.bitmap_index = 1849, .adv_w = 128, .box_w = 8, .box_h = 11, .ofs_x = 0, .ofs_y = 0},
    {.bitmap_index = 1893, .adv_w = 128, .box_w = 8, .box_h = 11, .ofs_x = 0, .ofs_y = 0},
    {.bitmap_index = 1937, .adv_w = 160, .box_w = 8, .box_h = 11, .ofs_x = 1, .ofs_y = 0},
    {.bitmap_index = 1981, .adv_w = 128, .box_w = 8, .box_h = 11, .ofs_x = 0, .ofs_y = 0},
    {.bitmap_index = 2025, .adv_w = 192, .box_w = 12, .box_h = 11, .ofs_x = 0, .ofs_y = 0},
    {.bitmap_index = 2091, .adv_w = 128, .box_w = 8, .box_h = 11, .ofs_x = 0, .ofs_y = 0},
    {.bitmap_index = 2135, .adv_w = 112, .box_w = 8, .box_h = 11, .ofs_x = 0, .ofs_y = 0},
    {.bitmap_index = 2179, .adv_w = 128, .box_w = 8, .box_h = 11, .ofs_x = 0, .ofs_y = 0},
    {.bitmap_index = 2223, .adv_w = 80, .box_w = 4, .box_h = 14, .ofs_x = 1, .ofs_y = -3},
    {.bitmap_index = 2251, .adv_w = 80, .box_w = 6, .box_h = 14, .ofs_x = 0, .ofs_y = -3},
    {.bitmap_index = 2293, .adv_w = 80, .box_w = 4, .box_h = 14, .ofs_x = 0, .ofs_y = -3},
    {.bitmap_index = 2321, .adv_w = 128, .box_w = 7, .box_h = 7, .ofs_x = 0, .ofs_y = 4},
    {.bitmap_index = 2346, .adv_w = 128, .box_w = 8, .box_h = 1, .ofs_x = 0, .ofs_y = -2},
    {.bitmap_index = 2350, .adv_w = 128, .box_w = 4, .box_h = 4, .ofs_x = 2, .ofs_y = 8},
    {.bitmap_index = 2358, .adv_w = 128, .box_w = 7, .box_h = 9, .ofs_x = 0, .ofs_y = -1},
    {.bitmap_index = 2390, .adv_w = 144, .box_w = 7, .box_h = 13, .ofs_x = 1, .ofs_y = -1},
    {.bitmap_index = 2436, .adv_w = 112, .box_w = 7, .box_h = 8, .ofs_x = 0, .ofs_y = 0},
    {.bitmap_index = 2464, .adv_w = 144, .box_w = 8, .box_h = 13, .ofs_x = 0, .ofs_y = -1},
    {.bitmap_index = 2516, .adv_w = 128, .box_w = 8, .box_h = 8, .ofs_x = 0, .ofs_y = 0},
    {.bitmap_index = 2548, .adv_w = 80, .box_w = 5, .box_h = 12, .ofs_x = 0, .ofs_y = 0},
    {.bitmap_index = 2578, .adv_w = 128, .box_w = 8, .box_h = 12, .ofs_x = 0, .ofs_y = -4},
    {.bitmap_index = 2626, .adv_w = 144, .box_w = 7, .box_h = 12, .ofs_x = 1, .ofs_y = 0},
    {.bitmap_index = 2668, .adv_w = 64, .box_w = 2, .box_h = 11, .ofs_x = 1, .ofs_y = 0},
    {.bitmap_index = 2679, .adv_w = 64, .box_w = 4, .box_h = 15, .ofs_x = -1, .ofs_y = -4},
    {.bitmap_index = 2709, .adv_w = 128, .box_w = 7, .box_h = 12, .ofs_x = 1, .ofs_y = 0},
    {.bitmap_index = 2751, .adv_w = 64, .box_w = 3, .box_h = 12, .ofs_x = 1, .ofs_y = 0},
    {.bitmap_index = 2769, .adv_w = 208, .box_w = 11, .box_h = 8, .ofs_x = 1, .ofs_y = 0},
    {.bitmap_index = 2813, .adv_w = 144, .box_w = 7, .box_h = 8, .ofs_x = 1, .ofs_y = 0},
    {.bitmap_index = 2841, .adv_w = 128, .box_w = 8, .box_h = 8, .ofs_x = 0, .ofs_y = 0},
    {.bitmap_index = 2873, .adv_w = 144, .box_w = 7, .box_h = 12, .ofs_x = 1, .ofs_y = -4},
    {.bitmap_index = 2915, .adv_w = 144, .box_w = 8, .box_h = 12, .ofs_x = 0, .ofs_y = -4},
    {.bitmap_index = 2963, .adv_w = 80, .box_w = 5, .box_h = 8, .ofs_x = 1, .ofs_y = 0},
    {.bitmap_index = 2983, .adv_w = 112, .box_w = 7, .box_h = 8, .ofs_x = 0, .ofs_y = 0},
    {.bitmap_index = 3011, .adv_w = 80, .box_w = 6, .box_h = 11, .ofs_x = 0, .ofs_y = 0},
    {.bitmap_index = 3044, .adv_w = 144, .box_w = 7, .box_h = 8, .ofs_x = 1, .ofs_y = 0},
    {.bitmap_index = 3072, .adv_w = 112, .box_w = 8, .box_h = 8, .ofs_x = 0, .ofs_y = 0},
    {.bitmap_index = 3104, .adv_w = 176, .box_w = 11, .box_h = 8, .ofs_x = 0, .ofs_y = 0},
    {.bitmap_index = 3148, .adv_w = 112, .box_w = 7, .box_h = 8, .ofs_x = 0, .ofs_y = 0},
    {.bitmap_index = 3176, .adv_w = 112, .box_w = 8, .box_h = 12, .ofs_x = 0, .ofs_y = -4},
    {.bitmap_index = 3224, .adv_w = 112, .box_w = 7, .box_h = 8, .ofs_x = 0, .ofs_y = 0},
    {.bitmap_index = 3252, .adv_w = 80, .box_w = 5, .box_h = 14, .ofs_x = 0, .ofs_y = -3},
    {.bitmap_index = 3287, .adv_w = 64, .box_w = 2, .box_h = 16, .ofs_x = 1, .ofs_y = -4},
    {.bitmap_index = 3303, .adv_w = 80, .box_w = 5, .box_h = 14, .ofs_x = 0, .ofs_y = -3},
    {.bitmap_index = 3338, .adv_w = 128, .box_w = 8, .box_h = 3, .ofs_x = 0, .ofs_y = 3},
    {.bitmap_index = 3350, .adv_w = 224, .box_w = 4, .box_h = 3, .ofs_x = 5, .ofs_y = 3},
    {.bitmap_index = 3356, .adv_w = 224, .box_w = 14, .box_h = 12, .ofs_x = 0, .ofs_y = 0},
    {.bitmap_index = 3440, .adv_w = 224, .box_w = 14, .box_h = 12, .ofs_x = 0, .ofs_y = -2},
    {.bitmap_index = 3524, .adv_w = 224, .box_w = 0, .box_h = 0, .ofs_x = 0, .ofs_y = 0},
    {.bitmap_index = 3524, .adv_w = 224, .box_w = 12, .box_h = 14, .ofs_x = 1, .ofs_y = -2},
    {.bitmap_index = 3608, .adv_w = 224, .box_w = 12, .box_h = 11, .ofs_x = 1, .ofs_y = -1},
    {.bitmap_index = 3674, .adv_w = 224, .box_w = 10, .box_h = 13, .ofs_x = 2, .ofs_y = -2},
    {.bitmap_index = 3739, .adv_w = 224, .box_w = 12, .box_h = 13, .ofs_x = 1, .ofs_y = -2},
    {.bitmap_index = 3817, .adv_w = 224, .box_w = 13, .box_h = 14, .ofs_x = 1, .ofs_y = -2},
    {.bitmap_index = 3908, .adv_w = 224, .box_w = 13, .box_h = 14, .ofs_x = 1, .ofs_y = -2},
    {.bitmap_index = 3999, .adv_w = 224, .box_w = 14, .box_h = 14, .ofs_x = 0, .ofs_y = -2},
    {.bitmap_index = 4097, .adv_w = 224, .box_w = 10, .box_h = 14, .ofs_x = 2, .ofs_y = -2},
    {.bitmap_index = 4167, .adv_w = 224, .box_w = 13, .box_h = 14, .ofs_x = 1, .ofs_y = -2},
    {.bitmap_index = 4258, .adv_w = 224, .box_w = 9, .box_h = 13, .ofs_x = 2, .ofs_y = -2},
    {.bitmap_index = 4317, .adv_w = 224, .box_w = 10, .box_h = 13, .ofs_x = 2, .ofs_y = -2},
    {.bitmap_index = 4382, .adv_w = 224, .box_w = 12, .box_h = 14, .ofs_x = 1, .ofs_y = -2},
    {.bitmap_index = 4466, .adv_w = 224, .box_w = 13, .box_h = 14, .ofs_x = 1, .ofs_y = -2},
    {.bitmap_index = 4557, .adv_w = 224, .box_w = 10, .box_h = 12, .ofs_x = 2, .ofs_y = -1},
    {.bitmap_index = 4617, .adv_w = 224, .box_w = 12, .box_h = 14, .ofs_x = 2, .ofs_y = -2},
    {.bitmap_index = 4701, .adv_w = 224, .box_w = 11, .box_h = 14, .ofs_x = 2, .ofs_y = -2},
    {.bitmap_index = 4778, .adv_w = 224, .box_w = 12, .box_h = 15, .ofs_x = 2, .ofs_y = -2},
    {.bitmap_index = 4868, .adv_w = 224, .box_w = 10, .box_h = 14, .ofs_x = 3, .ofs_y = -2},
    {.bitmap_index = 4938, .adv_w = 224, .box_w = 10, .box_h = 13, .ofs_x = 3, .ofs_y = -2},
    {.bitmap_index = 5003, .adv_w = 224, .box_w = 12, .box_h = 14, .ofs_x = 1, .ofs_y = -2},
    {.bitmap_index = 5087, .adv_w = 224, .box_w = 14, .box_h = 14, .ofs_x = 0, .ofs_y = -2},
    {.bitmap_index = 5185, .adv_w = 224, .box_w = 13, .box_h = 12, .ofs_x = 0, .ofs_y = -1},
    {.bitmap_index = 5263, .adv_w = 224, .box_w = 14, .box_h = 13, .ofs_x = 0, .ofs_y = -2},
    {.bitmap_index = 5354, .adv_w = 224, .box_w = 12, .box_h = 13, .ofs_x = 1, .ofs_y = -2},
    {.bitmap_index = 5432, .adv_w = 224, .box_w = 12, .box_h = 13, .ofs_x = 1, .ofs_y = -2},
    {.bitmap_index = 5510, .adv_w = 224, .box_w = 12, .box_h = 14, .ofs_x = 1, .ofs_y = -2},
    {.bitmap_index = 5594, .adv_w = 224, .box_w = 13, .box_h = 13, .ofs_x = 1, .ofs_y = -2},
    {.bitmap_index = 5679, .adv_w = 224, .box_w = 11, .box_h = 14, .ofs_x = 1, .ofs_y = -2},
    {.bitmap_index = 5756, .adv_w = 224, .box_w = 13, .box_h = 14, .ofs_x = 1, .ofs_y = -2},
    {.bitmap_index = 5847, .adv_w = 224, .box_w = 10, .box_h = 8, .ofs_x = 2, .ofs_y = -1},
    {.bitmap_index = 5887, .adv_w = 224, .box_w = 12, .box_h = 10, .ofs_x = 1, .ofs_y = -1},
    {.bitmap_index = 5947, .adv_w = 224, .box_w = 14, .box_h = 13, .ofs_x = 0, .ofs_y = -1},
    {.bitmap_index = 6038, .adv_w = 224, .box_w = 12, .box_h = 13, .ofs_x = 1, .ofs_y = -2},
    {.bitmap_index = 6116, .adv_w = 224, .box_w = 12, .box_h = 13, .ofs_x = 1, .ofs_y = -2},
    {.bitmap_index = 6194, .adv_w = 224, .box_w = 10, .box_h = 13, .ofs_x = 2, .ofs_y = -2},
    {.bitmap_index = 6259, .adv_w = 224, .box_w = 12, .box_h = 14, .ofs_x = 2, .ofs_y = -2},
    {.bitmap_index = 6343, .adv_w = 224, .box_w = 12, .box_h = 13, .ofs_x = 1, .ofs_y = -1},
    {.bitmap_index = 6421, .adv_w = 224, .box_w = 12, .box_h = 13, .ofs_x = 1, .ofs_y = -2},
    {.bitmap_index = 6499, .adv_w = 224, .box_w = 13, .box_h = 12, .ofs_x = 1, .ofs_y = -1},
    {.bitmap_index = 6577, .adv_w = 224, .box_w = 14, .box_h = 14, .ofs_x = 0, .ofs_y = -2},
    {.bitmap_index = 6675, .adv_w = 224, .box_w = 12, .box_h = 13, .ofs_x = 1, .ofs_y = -2},
    {.bitmap_index = 6753, .adv_w = 224, .box_w = 13, .box_h = 13, .ofs_x = 1, .ofs_y = -2},
    {.bitmap_index = 6838, .adv_w = 224, .box_w = 13, .box_h = 14, .ofs_x = 1, .ofs_y = -2},
    {.bitmap_index = 6929, .adv_w = 224, .box_w = 13, .box_h = 14, .ofs_x = 1, .ofs_y = -2},
    {.bitmap_index = 7020, .adv_w = 224, .box_w = 13, .box_h = 13, .ofs_x = 1, .ofs_y = -2},
    {.bitmap_index = 7105, .adv_w = 224, .box_w = 13, .box_h = 14, .ofs_x = 1, .ofs_y = -2},
    {.bitmap_index = 7196, .adv_w = 224, .box_w = 13, .box_h = 14, .ofs_x = 1, .ofs_y = -2},
    {.bitmap_index = 7287, .adv_w = 224, .box_w = 14, .box_h = 13, .ofs_x = 0, .ofs_y = -2},
    {.bitmap_index = 7378, .adv_w = 224, .box_w = 14, .box_h = 13, .ofs_x = 0, .ofs_y = -2},
    {.bitmap_index = 7469, .adv_w = 224, .box_w = 14, .box_h = 13, .ofs_x = 0, .ofs_y = -2},
    {.bitmap_index = 7560, .adv_w = 224, .box_w = 14, .box_h = 10, .ofs_x = 0, .ofs_y = -1},
    {.bitmap_index = 7630, .adv_w = 224, .box_w = 14, .box_h = 11, .ofs_x = 0, .ofs_y = -1},
    {.bitmap_index = 7707, .adv_w = 224, .box_w = 14, .box_h = 11, .ofs_x = 0, .ofs_y = -1},
    {.bitmap_index = 7784, .adv_w = 224, .box_w = 13, .box_h = 13, .ofs_x = 1, .ofs_y = -2},
    {.bitmap_index = 7869, .adv_w = 224, .box_w = 13, .box_h = 14, .ofs_x = 1, .ofs_y = -2},
    {.bitmap_index = 7960, .adv_w = 224, .box_w = 13, .box_h = 14, .ofs_x = 1, .ofs_y = -2},
    {.bitmap_index = 8051, .adv_w = 224, .box_w = 11, .box_h = 12, .ofs_x = 2, .ofs_y = -1},
    {.bitmap_index = 8117, .adv_w = 224, .box_w = 13, .box_h = 13, .ofs_x = 1, .ofs_y = -2},
    {.bitmap_index = 8202, .adv_w = 224, .box_w = 12, .box_h = 14, .ofs_x = 1, .ofs_y = -2},
    {.bitmap_index = 8286, .adv_w = 224, .box_w = 12, .box_h = 14, .ofs_x = 1, .ofs_y = -2},
    {.bitmap_index = 8370, .adv_w = 224, .box_w = 12, .box_h = 13, .ofs_x = 1, .ofs_y = -2},
    {.bitmap_index = 8448, .adv_w = 224, .box_w = 11, .box_h = 11, .ofs_x = 1, .ofs_y = -2},
    {.bitmap_index = 8509, .adv_w = 224, .box_w = 13, .box_h = 14, .ofs_x = 0, .ofs_y = -2},
    {.bitmap_index = 8600, .adv_w = 224, .box_w = 10, .box_h = 11, .ofs_x = 2, .ofs_y = -2},
    {.bitmap_index = 8655, .adv_w = 224, .box_w = 12, .box_h = 14, .ofs_x = 1, .ofs_y = -2},
    {.bitmap_index = 8739, .adv_w = 224, .box_w = 10, .box_h = 11, .ofs_x = 2, .ofs_y = -2},
    {.bitmap_index = 8794, .adv_w = 224, .box_w = 11, .box_h = 13, .ofs_x = 1, .ofs_y = -2},
    {.bitmap_index = 8866, .adv_w = 224, .box_w = 10, .box_h = 14, .ofs_x = 2, .ofs_y = -2},
    {.bitmap_index = 8936, .adv_w = 224, .box_w = 10, .box_h = 13, .ofs_x = 2, .ofs_y = -2},
    {.bitmap_index = 9001, .adv_w = 224, .box_w = 11, .box_h = 12, .ofs_x = 1, .ofs_y = -1},
    {.bitmap_index = 9067, .adv_w = 224, .box_w = 14, .box_h = 14, .ofs_x = 0, .ofs_y = -2},
    {.bitmap_index = 9165, .adv_w = 224, .box_w = 11, .box_h = 13, .ofs_x = 1, .ofs_y = -2},
    {.bitmap_index = 9237, .adv_w = 224, .box_w = 13, .box_h = 14, .ofs_x = 0, .ofs_y = -2},
    {.bitmap_index = 9328, .adv_w = 224, .box_w = 12, .box_h = 14, .ofs_x = 1, .ofs_y = -2},
    {.bitmap_index = 9412, .adv_w = 224, .box_w = 13, .box_h = 13, .ofs_x = 1, .ofs_y = -2},
    {.bitmap_index = 9497, .adv_w = 224, .box_w = 12, .box_h = 13, .ofs_x = 1, .ofs_y = -2},
    {.bitmap_index = 9575, .adv_w = 224, .box_w = 12, .box_h = 12, .ofs_x = 1, .ofs_y = -1},
    {.bitmap_index = 9647, .adv_w = 224, .box_w = 12, .box_h = 14, .ofs_x = 1, .ofs_y = -2},
    {.bitmap_index = 9731, .adv_w = 224, .box_w = 12, .box_h = 11, .ofs_x = 1, .ofs_y = -1},
    {.bitmap_index = 9797, .adv_w = 224, .box_w = 12, .box_h = 13, .ofs_x = 1, .ofs_y = -2},
    {.bitmap_index = 9875, .adv_w = 224, .box_w = 11, .box_h = 13, .ofs_x = 1, .ofs_y = -2},
    {.bitmap_index = 9947, .adv_w = 224, .box_w = 13, .box_h = 14, .ofs_x = 1, .ofs_y = -2},
    {.bitmap_index = 10038, .adv_w = 224, .box_w = 12, .box_h = 12, .ofs_x = 1, .ofs_y = -1},
    {.bitmap_index = 10110, .adv_w = 224, .box_w = 13, .box_h = 13, .ofs_x = 1, .ofs_y = -1},
    {.bitmap_index = 10195, .adv_w = 224, .box_w = 12, .box_h = 14, .ofs_x = 1, .ofs_y = -2},
    {.bitmap_index = 10279, .adv_w = 224, .box_w = 14, .box_h = 14, .ofs_x = 0, .ofs_y = -2},
    {.bitmap_index = 10377, .adv_w = 224, .box_w = 13, .box_h = 14, .ofs_x = 0, .ofs_y = -2},
    {.bitmap_index = 10468, .adv_w = 224, .box_w = 14, .box_h = 14, .ofs_x = 0, .ofs_y = -2},
    {.bitmap_index = 10566, .adv_w = 224, .box_w = 10, .box_h = 11, .ofs_x = 2, .ofs_y = -1},
    {.bitmap_index = 10621, .adv_w = 224, .box_w = 13, .box_h = 15, .ofs_x = 1, .ofs_y = -2},
    {.bitmap_index = 10719, .adv_w = 224, .box_w = 13, .box_h = 13, .ofs_x = 0, .ofs_y = -2},
    {.bitmap_index = 10804, .adv_w = 224, .box_w = 14, .box_h = 14, .ofs_x = 0, .ofs_y = -2},
    {.bitmap_index = 10902, .adv_w = 224, .box_w = 12, .box_h = 12, .ofs_x = 1, .ofs_y = -1},
    {.bitmap_index = 10974, .adv_w = 224, .box_w = 13, .box_h = 12, .ofs_x = 1, .ofs_y = -1},
    {.bitmap_index = 11052, .adv_w = 224, .box_w = 12, .box_h = 13, .ofs_x = 1, .ofs_y = -2},
    {.bitmap_index = 11130, .adv_w = 224, .box_w = 13, .box_h = 14, .ofs_x = 1, .ofs_y = -2},
    {.bitmap_index = 11221, .adv_w = 224, .box_w = 13, .box_h = 12, .ofs_x = 0, .ofs_y = -1},
    {.bitmap_index = 11299, .adv_w = 224, .box_w = 14, .box_h = 14, .ofs_x = 0, .ofs_y = -2},
    {.bitmap_index = 11397, .adv_w = 224, .box_w = 11, .box_h = 11, .ofs_x = 1, .ofs_y = -1},
    {.bitmap_index = 11458, .adv_w = 224, .box_w = 13, .box_h = 13, .ofs_x = 1, .ofs_y = -1},
    {.bitmap_index = 11543, .adv_w = 224, .box_w = 12, .box_h = 14, .ofs_x = 1, .ofs_y = -2},
    {.bitmap_index = 11627, .adv_w = 224, .box_w = 14, .box_h = 14, .ofs_x = 0, .ofs_y = -2},
    {.bitmap_index = 11725, .adv_w = 224, .box_w = 12, .box_h = 13, .ofs_x = 1, .ofs_y = -2},
    {.bitmap_index = 11803, .adv_w = 224, .box_w = 14, .box_h = 13, .ofs_x = 0, .ofs_y = -2},
    {.bitmap_index = 11894, .adv_w = 224, .box_w = 12, .box_h = 11, .ofs_x = 1, .ofs_y = -1},
    {.bitmap_index = 11960, .adv_w = 224, .box_w = 13, .box_h = 13, .ofs_x = 1, .ofs_y = -1},
    {.bitmap_index = 12045, .adv_w = 224, .box_w = 12, .box_h = 13, .ofs_x = 1, .ofs_y = -2},
    {.bitmap_index = 12123, .adv_w = 224, .box_w = 13, .box_h = 14, .ofs_x = 1, .ofs_y = -2},
    {.bitmap_index = 12214, .adv_w = 224, .box_w = 8, .box_h = 12, .ofs_x = 4, .ofs_y = -1},
    {.bitmap_index = 12262, .adv_w = 224, .box_w = 9, .box_h = 12, .ofs_x = 4, .ofs_y = -1},
    {.bitmap_index = 12316, .adv_w = 224, .box_w = 12, .box_h = 13, .ofs_x = 1, .ofs_y = -2},
    {.bitmap_index = 12394, .adv_w = 224, .box_w = 12, .box_h = 11, .ofs_x = 1, .ofs_y = -1},
    {.bitmap_index = 12460, .adv_w = 224, .box_w = 11, .box_h = 13, .ofs_x = 1, .ofs_y = -2},
    {.bitmap_index = 12532, .adv_w = 224, .box_w = 12, .box_h = 14, .ofs_x = 1, .ofs_y = -2},
    {.bitmap_index = 12616, .adv_w = 224, .box_w = 10, .box_h = 11, .ofs_x = 2, .ofs_y = -1},
    {.bitmap_index = 12671, .adv_w = 224, .box_w = 12, .box_h = 10, .ofs_x = 1, .ofs_y = 0},
    {.bitmap_index = 12731, .adv_w = 224, .box_w = 14, .box_h = 12, .ofs_x = 0, .ofs_y = -1},
    {.bitmap_index = 12815, .adv_w = 224, .box_w = 14, .box_h = 13, .ofs_x = 0, .ofs_y = -1},
    {.bitmap_index = 12906, .adv_w = 224, .box_w = 10, .box_h = 12, .ofs_x = 3, .ofs_y = -1},
    {.bitmap_index = 12966, .adv_w = 224, .box_w = 11, .box_h = 13, .ofs_x = 2, .ofs_y = -1},
    {.bitmap_index = 13038, .adv_w = 224, .box_w = 12, .box_h = 13, .ofs_x = 2, .ofs_y = -1},
    {.bitmap_index = 13116, .adv_w = 224, .box_w = 11, .box_h = 12, .ofs_x = 2, .ofs_y = -1},
    {.bitmap_index = 13182, .adv_w = 224, .box_w = 13, .box_h = 15, .ofs_x = 1, .ofs_y = -2},
    {.bitmap_index = 13280, .adv_w = 224, .box_w = 13, .box_h = 14, .ofs_x = 1, .ofs_y = -2},
    {.bitmap_index = 13371, .adv_w = 224, .box_w = 14, .box_h = 9, .ofs_x = 0, .ofs_y = 0},
    {.bitmap_index = 13434, .adv_w = 224, .box_w = 14, .box_h = 12, .ofs_x = 0, .ofs_y = -1},
    {.bitmap_index = 13518, .adv_w = 224, .box_w = 14, .box_h = 11, .ofs_x = 0, .ofs_y = -1},
    {.bitmap_index = 13595, .adv_w = 224, .box_w = 13, .box_h = 13, .ofs_x = 1, .ofs_y = -2},
    {.bitmap_index = 13680, .adv_w = 224, .box_w = 14, .box_h = 14, .ofs_x = 0, .ofs_y = -2},
    {.bitmap_index = 13778, .adv_w = 224, .box_w = 13, .box_h = 14, .ofs_x = 0, .ofs_y = -2},
    {.bitmap_index = 13869, .adv_w = 224, .box_w = 12, .box_h = 12, .ofs_x = 1, .ofs_y = -2},
    {.bitmap_index = 13941, .adv_w = 224, .box_w = 10, .box_h = 11, .ofs_x = 2, .ofs_y = -1},
    {.bitmap_index = 13996, .adv_w = 224, .box_w = 13, .box_h = 13, .ofs_x = 1, .ofs_y = -2},
    {.bitmap_index = 14081, .adv_w = 224, .box_w = 12, .box_h = 12, .ofs_x = 1, .ofs_y = -1},
    {.bitmap_index = 14153, .adv_w = 224, .box_w = 12, .box_h = 12, .ofs_x = 1, .ofs_y = -1},
    {.bitmap_index = 14225, .adv_w = 224, .box_w = 11, .box_h = 10, .ofs_x = 2, .ofs_y = -2},
    {.bitmap_index = 14280, .adv_w = 224, .box_w = 13, .box_h = 12, .ofs_x = 0, .ofs_y = -1},
    {.bitmap_index = 14358, .adv_w = 224, .box_w = 10, .box_h = 9, .ofs_x = 2, .ofs_y = -1},
    {.bitmap_index = 14403, .adv_w = 224, .box_w = 12, .box_h = 11, .ofs_x = 1, .ofs_y = -1},
    {.bitmap_index = 14469, .adv_w = 224, .box_w = 9, .box_h = 10, .ofs_x = 2, .ofs_y = -2},
    {.bitmap_index = 14514, .adv_w = 224, .box_w = 10, .box_h = 12, .ofs_x = 2, .ofs_y = -1},
    {.bitmap_index = 14574, .adv_w = 224, .box_w = 12, .box_h = 13, .ofs_x = 1, .ofs_y = -2},
    {.bitmap_index = 14652, .adv_w = 224, .box_w = 8, .box_h = 12, .ofs_x = 3, .ofs_y = -1},
    {.bitmap_index = 14700, .adv_w = 224, .box_w = 14, .box_h = 11, .ofs_x = 0, .ofs_y = -1},
    {.bitmap_index = 14777, .adv_w = 224, .box_w = 10, .box_h = 11, .ofs_x = 3, .ofs_y = -1},
    {.bitmap_index = 14832, .adv_w = 224, .box_w = 11, .box_h = 11, .ofs_x = 2, .ofs_y = -1},
    {.bitmap_index = 14893, .adv_w = 224, .box_w = 12, .box_h = 13, .ofs_x = 1, .ofs_y = -2},
    {.bitmap_index = 14971, .adv_w = 224, .box_w = 11, .box_h = 13, .ofs_x = 2, .ofs_y = -2},
    {.bitmap_index = 15043, .adv_w = 224, .box_w = 11, .box_h = 11, .ofs_x = 2, .ofs_y = -1},
    {.bitmap_index = 15104, .adv_w = 224, .box_w = 12, .box_h = 3, .ofs_x = 1, .ofs_y = 4},
    {.bitmap_index = 15122, .adv_w = 224, .box_w = 14, .box_h = 2, .ofs_x = 0, .ofs_y = 4},
    {.bitmap_index = 15136, .adv_w = 224, .box_w = 14, .box_h = 14, .ofs_x = 0, .ofs_y = -2},
    {.bitmap_index = 15234, .adv_w = 224, .box_w = 14, .box_h = 14, .ofs_x = 0, .ofs_y = -3},
    {.bitmap_index = 15332, .adv_w = 224, .box_w = 14, .box_h = 12, .ofs_x = 0, .ofs_y = -1},
    {.bitmap_index = 15416, .adv_w = 224, .box_w = 14, .box_h = 14, .ofs_x = 0, .ofs_y = -2},
    {.bitmap_index = 15514, .adv_w = 224, .box_w = 14, .box_h = 13, .ofs_x = 0, .ofs_y = -2},
    {.bitmap_index = 15605, .adv_w = 224, .box_w = 14, .box_h = 13, .ofs_x = 0, .ofs_y = -2},
    {.bitmap_index = 15696, .adv_w = 224, .box_w = 13, .box_h = 14, .ofs_x = 0, .ofs_y = -2},
    {.bitmap_index = 15787, .adv_w = 224, .box_w = 14, .box_h = 13, .ofs_x = 0, .ofs_y = -1},
    {.bitmap_index = 15878, .adv_w = 224, .box_w = 12, .box_h = 14, .ofs_x = 1, .ofs_y = -2},
    {.bitmap_index = 15962, .adv_w = 224, .box_w = 14, .box_h = 13, .ofs_x = 0, .ofs_y = -1},
    {.bitmap_index = 16053, .adv_w = 224, .box_w = 14, .box_h = 13, .ofs_x = 0, .ofs_y = -1},
    {.bitmap_index = 16144, .adv_w = 224, .box_w = 14, .box_h = 14, .ofs_x = 0, .ofs_y = -2},
    {.bitmap_index = 16242, .adv_w = 224, .box_w = 14, .box_h = 15, .ofs_x = 0, .ofs_y = -3},
    {.bitmap_index = 16347, .adv_w = 224, .box_w = 12, .box_h = 14, .ofs_x = 1, .ofs_y = -3},
    {.bitmap_index = 16431, .adv_w = 224, .box_w = 14, .box_h = 14, .ofs_x = 0, .ofs_y = -2},
    {.bitmap_index = 16529, .adv_w = 224, .box_w = 14, .box_h = 14, .ofs_x = 0, .ofs_y = -2},
    {.bitmap_index = 16627, .adv_w = 224, .box_w = 14, .box_h = 14, .ofs_x = 0, .ofs_y = -2},
    {.bitmap_index = 16725, .adv_w = 224, .box_w = 12, .box_h = 14, .ofs_x = 1, .ofs_y = -2},
    {.bitmap_index = 16809, .adv_w = 224, .box_w = 14, .box_h = 11, .ofs_x = 0, .ofs_y = -1},
    {.bitmap_index = 16886, .adv_w = 224, .box_w = 14, .box_h = 13, .ofs_x = 0, .ofs_y = -2},
    {.bitmap_index = 16977, .adv_w = 224, .box_w = 14, .box_h = 16, .ofs_x = 0, .ofs_y = -3},
    {.bitmap_index = 17089, .adv_w = 224, .box_w = 14, .box_h = 14, .ofs_x = 0, .ofs_y = -2},
    {.bitmap_index = 17187, .adv_w = 224, .box_w = 14, .box_h = 13, .ofs_x = 0, .ofs_y = -1},
    {.bitmap_index = 17278, .adv_w = 224, .box_w = 14, .box_h = 14, .ofs_x = 0, .ofs_y = -2},
    {.bitmap_index = 17376, .adv_w = 224, .box_w = 14, .box_h = 14, .ofs_x = 0, .ofs_y = -2},
    {.bitmap_index = 17474, .adv_w = 224, .box_w = 14, .box_h = 14, .ofs_x = 0, .ofs_y = -2},
    {.bitmap_index = 17572, .adv_w = 224, .box_w = 14, .box_h = 14, .ofs_x = 0, .ofs_y = -2},
    {.bitmap_index = 17670, .adv_w = 224, .box_w = 14, .box_h = 14, .ofs_x = 0, .ofs_y = -2},
    {.bitmap_index = 17768, .adv_w = 224, .box_w = 14, .box_h = 15, .ofs_x = 0, .ofs_y = -3},
    {.bitmap_index = 17873, .adv_w = 224, .box_w = 14, .box_h = 14, .ofs_x = 0, .ofs_y = -2},
    {.bitmap_index = 17971, .adv_w = 224, .box_w = 14, .box_h = 14, .ofs_x = 0, .ofs_y = -2},
    {.bitmap_index = 18069, .adv_w = 224, .box_w = 14, .box_h = 14, .ofs_x = 0, .ofs_y = -2},
    {.bitmap_index = 18167, .adv_w = 224, .box_w = 14, .box_h = 14, .ofs_x = 0, .ofs_y = -2},
    {.bitmap_index = 18265, .adv_w = 224, .box_w = 14, .box_h = 15, .ofs_x = 0, .ofs_y = -3},
    {.bitmap_index = 18370, .adv_w = 224, .box_w = 14, .box_h = 14, .ofs_x = 0, .ofs_y = -2},
    {.bitmap_index = 18468, .adv_w = 224, .box_w = 14, .box_h = 14, .ofs_x = 0, .ofs_y = -2},
    {.bitmap_index = 18566, .adv_w = 224, .box_w = 14, .box_h = 14, .ofs_x = 0, .ofs_y = -2},
    {.bitmap_index = 18664, .adv_w = 224, .box_w = 14, .box_h = 14, .ofs_x = 0, .ofs_y = -2},
    {.bitmap_index = 18762, .adv_w = 224, .box_w = 14, .box_h = 14, .ofs_x = 0, .ofs_y = -2},
    {.bitmap_index = 18860, .adv_w = 224, .box_w = 14, .box_h = 15, .ofs_x = 0, .ofs_y = -3},
    {.bitmap_index = 18965, .adv_w = 224, .box_w = 14, .box_h = 14, .ofs_x = 0, .ofs_y = -2},
    {.bitmap_index = 19063, .adv_w = 224, .box_w = 14, .box_h = 14, .ofs_x = 0, .ofs_y = -3},
    {.bitmap_index = 19161, .adv_w = 224, .box_w = 14, .box_h = 15, .ofs_x = 0, .ofs_y = -3},
    {.bitmap_index = 19266, .adv_w = 224, .box_w = 14, .box_h = 15, .ofs_x = 0, .ofs_y = -3},
    {.bitmap_index = 19371, .adv_w = 224, .box_w = 14, .box_h = 13, .ofs_x = 0, .ofs_y = -2},
    {.bitmap_index = 19462, .adv_w = 224, .box_w = 14, .box_h = 13, .ofs_x = 0, .ofs_y = -1},
    {.bitmap_index = 19553, .adv_w = 224, .box_w = 14, .box_h = 12, .ofs_x = 0, .ofs_y = -2},
    {.bitmap_index = 19637, .adv_w = 224, .box_w = 14, .box_h = 13, .ofs_x = 0, .ofs_y = -2},
    {.bitmap_index = 19728, .adv_w = 224, .box_w = 14, .box_h = 14, .ofs_x = 0, .ofs_y = -2},
    {.bitmap_index = 19826, .adv_w = 224, .box_w = 14, .box_h = 14, .ofs_x = 0, .ofs_y = -2},
    {.bitmap_index = 19924, .adv_w = 224, .box_w = 14, .box_h = 14, .ofs_x = 0, .ofs_y = -3},
    {.bitmap_index = 20022, .adv_w = 224, .box_w = 12, .box_h = 13, .ofs_x = 1, .ofs_y = -2},
    {.bitmap_index = 20100, .adv_w = 224, .box_w = 14, .box_h = 14, .ofs_x = 0, .ofs_y = -2},
    {.bitmap_index = 20198, .adv_w = 224, .box_w = 14, .box_h = 14, .ofs_x = 0, .ofs_y = -2},
    {.bitmap_index = 20296, .adv_w = 224, .box_w = 12, .box_h = 14, .ofs_x = 1, .ofs_y = -2},
    {.bitmap_index = 20380, .adv_w = 224, .box_w = 14, .box_h = 15, .ofs_x = 0, .ofs_y = -3},
    {.bitmap_index = 20485, .adv_w = 224, .box_w = 14, .box_h = 15, .ofs_x = 0, .ofs_y = -3},
    {.bitmap_index = 20590, .adv_w = 224, .box_w = 14, .box_h = 15, .ofs_x = 0, .ofs_y = -2},
    {.bitmap_index = 20695, .adv_w = 224, .box_w = 13, .box_h = 15, .ofs_x = 0, .ofs_y = -3},
    {.bitmap_index = 20793, .adv_w = 224, .box_w = 14, .box_h = 15, .ofs_x = 0, .ofs_y = -3},
    {.bitmap_index = 20898, .adv_w = 224, .box_w = 14, .box_h = 15, .ofs_x = 0, .ofs_y = -3},
    {.bitmap_index = 21003, .adv_w = 224, .box_w = 14, .box_h = 14, .ofs_x = 0, .ofs_y = -2},
    {.bitmap_index = 21101, .adv_w = 224, .box_w = 13, .box_h = 13, .ofs_x = 1, .ofs_y = -2},
    {.bitmap_index = 21186, .adv_w = 224, .box_w = 14, .box_h = 14, .ofs_x = 0, .ofs_y = -2},
    {.bitmap_index = 21284, .adv_w = 224, .box_w = 14, .box_h = 14, .ofs_x = 0, .ofs_y = -2},
    {.bitmap_index = 21382, .adv_w = 224, .box_w = 14, .box_h = 14, .ofs_x = 0, .ofs_y = -2},
    {.bitmap_index = 21480, .adv_w = 224, .box_w = 14, .box_h = 14, .ofs_x = 0, .ofs_y = -2},
    {.bitmap_index = 21578, .adv_w = 224, .box_w = 14, .box_h = 14, .ofs_x = 0, .ofs_y = -2},
    {.bitmap_index = 21676, .adv_w = 224, .box_w = 12, .box_h = 14, .ofs_x = 1, .ofs_y = -2},
    {.bitmap_index = 21760, .adv_w = 224, .box_w = 14, .box_h = 13, .ofs_x = 0, .ofs_y = -2},
    {.bitmap_index = 21851, .adv_w = 224, .box_w = 14, .box_h = 14, .ofs_x = 0, .ofs_y = -2},
    {.bitmap_index = 21949, .adv_w = 224, .box_w = 14, .box_h = 14, .ofs_x = 0, .ofs_y = -2},
    {.bitmap_index = 22047, .adv_w = 224, .box_w = 14, .box_h = 14, .ofs_x = 0, .ofs_y = -2},
    {.bitmap_index = 22145, .adv_w = 224, .box_w = 12, .box_h = 13, .ofs_x = 1, .ofs_y = -2},
    {.bitmap_index = 22223, .adv_w = 224, .box_w = 14, .box_h = 14, .ofs_x = 0, .ofs_y = -2},
    {.bitmap_index = 22321, .adv_w = 224, .box_w = 14, .box_h = 13, .ofs_x = 0, .ofs_y = -2},
    {.bitmap_index = 22412, .adv_w = 224, .box_w = 14, .box_h = 14, .ofs_x = 0, .ofs_y = -2},
    {.bitmap_index = 22510, .adv_w = 224, .box_w = 12, .box_h = 13, .ofs_x = 1, .ofs_y = -2},
    {.bitmap_index = 22588, .adv_w = 224, .box_w = 13, .box_h = 14, .ofs_x = 1, .ofs_y = -2},
    {.bitmap_index = 22679, .adv_w = 224, .box_w = 12, .box_h = 14, .ofs_x = 0, .ofs_y = -2},
    {.bitmap_index = 22763, .adv_w = 224, .box_w = 14, .box_h = 14, .ofs_x = 0, .ofs_y = -2},
    {.bitmap_index = 22861, .adv_w = 224, .box_w = 13, .box_h = 14, .ofs_x = 1, .ofs_y = -2},
    {.bitmap_index = 22952, .adv_w = 224, .box_w = 12, .box_h = 15, .ofs_x = 1, .ofs_y = -3},
    {.bitmap_index = 23042, .adv_w = 224, .box_w = 12, .box_h = 13, .ofs_x = 1, .ofs_y = -2},
    {.bitmap_index = 23120, .adv_w = 224, .box_w = 14, .box_h = 13, .ofs_x = 0, .ofs_y = -2},
    {.bitmap_index = 23211, .adv_w = 224, .box_w = 13, .box_h = 14, .ofs_x = 1, .ofs_y = -2},
    {.bitmap_index = 23302, .adv_w = 224, .box_w = 13, .box_h = 14, .ofs_x = 1, .ofs_y = -2},
    {.bitmap_index = 23393, .adv_w = 224, .box_w = 14, .box_h = 14, .ofs_x = 0, .ofs_y = -2},
    {.bitmap_index = 23491, .adv_w = 224, .box_w = 12, .box_h = 14, .ofs_x = 1, .ofs_y = -3},
    {.bitmap_index = 23575, .adv_w = 224, .box_w = 13, .box_h = 14, .ofs_x = 1, .ofs_y = -2},
    {.bitmap_index = 23666, .adv_w = 224, .box_w = 14, .box_h = 15, .ofs_x = 0, .ofs_y = -3},
    {.bitmap_index = 23771, .adv_w = 224, .box_w = 13, .box_h = 13, .ofs_x = 1, .ofs_y = -2},
    {.bitmap_index = 23856, .adv_w = 224, .box_w = 13, .box_h = 14, .ofs_x = 1, .ofs_y = -2},
    {.bitmap_index = 23947, .adv_w = 224, .box_w = 12, .box_h = 13, .ofs_x = 1, .ofs_y = -2},
    {.bitmap_index = 24025, .adv_w = 224, .box_w = 12, .box_h = 14, .ofs_x = 1, .ofs_y = -2},
    {.bitmap_index = 24109, .adv_w = 224, .box_w = 12, .box_h = 13, .ofs_x = 1, .ofs_y = -2},
    {.bitmap_index = 24187, .adv_w = 224, .box_w = 12, .box_h = 13, .ofs_x = 1, .ofs_y = -2},
    {.bitmap_index = 24265, .adv_w = 224, .box_w = 12, .box_h = 13, .ofs_x = 1, .ofs_y = -2},
    {.bitmap_index = 24343, .adv_w = 224, .box_w = 14, .box_h = 14, .ofs_x = 0, .ofs_y = -2},
    {.bitmap_index = 24441, .adv_w = 224, .box_w = 14, .box_h = 14, .ofs_x = 0, .ofs_y = -2},
    {.bitmap_index = 24539, .adv_w = 224, .box_w = 14, .box_h = 15, .ofs_x = 0, .ofs_y = -3},
    {.bitmap_index = 24644, .adv_w = 224, .box_w = 13, .box_h = 14, .ofs_x = 1, .ofs_y = -2},
    {.bitmap_index = 24735, .adv_w = 224, .box_w = 14, .box_h = 14, .ofs_x = 0, .ofs_y = -2},
    {.bitmap_index = 24833, .adv_w = 224, .box_w = 14, .box_h = 14, .ofs_x = 0, .ofs_y = -2},
    {.bitmap_index = 24931, .adv_w = 224, .box_w = 14, .box_h = 13, .ofs_x = 0, .ofs_y = -2},
    {.bitmap_index = 25022, .adv_w = 224, .box_w = 14, .box_h = 14, .ofs_x = 0, .ofs_y = -2},
    {.bitmap_index = 25120, .adv_w = 224, .box_w = 14, .box_h = 14, .ofs_x = 0, .ofs_y = -2},
    {.bitmap_index = 25218, .adv_w = 224, .box_w = 14, .box_h = 14, .ofs_x = 0, .ofs_y = -2},
    {.bitmap_index = 25316, .adv_w = 224, .box_w = 14, .box_h = 15, .ofs_x = 0, .ofs_y = -3},
    {.bitmap_index = 25421, .adv_w = 224, .box_w = 14, .box_h = 14, .ofs_x = 0, .ofs_y = -2},
    {.bitmap_index = 25519, .adv_w = 224, .box_w = 14, .box_h = 14, .ofs_x = 0, .ofs_y = -2},
    {.bitmap_index = 25617, .adv_w = 224, .box_w = 14, .box_h = 14, .ofs_x = 0, .ofs_y = -2},
    {.bitmap_index = 25715, .adv_w = 224, .box_w = 14, .box_h = 14, .ofs_x = 0, .ofs_y = -2},
    {.bitmap_index = 25813, .adv_w = 224, .box_w = 14, .box_h = 14, .ofs_x = 0, .ofs_y = -2},
    {.bitmap_index = 25911, .adv_w = 224, .box_w = 14, .box_h = 14, .ofs_x = 0, .ofs_y = -2},
    {.bitmap_index = 26009, .adv_w = 224, .box_w = 14, .box_h = 14, .ofs_x = 0, .ofs_y = -2},
    {.bitmap_index = 26107, .adv_w = 224, .box_w = 14, .box_h = 14, .ofs_x = 0, .ofs_y = -2},
    {.bitmap_index = 26205, .adv_w = 224, .box_w = 14, .box_h = 14, .ofs_x = 0, .ofs_y = -2},
    {.bitmap_index = 26303, .adv_w = 224, .box_w = 14, .box_h = 14, .ofs_x = 0, .ofs_y = -2},
    {.bitmap_index = 26401, .adv_w = 224, .box_w = 14, .box_h = 14, .ofs_x = 0, .ofs_y = -2},
    {.bitmap_index = 26499, .adv_w = 224, .box_w = 14, .box_h = 13, .ofs_x = 0, .ofs_y = -1},
    {.bitmap_index = 26590, .adv_w = 224, .box_w = 14, .box_h = 15, .ofs_x = 0, .ofs_y = -2},
    {.bitmap_index = 26695, .adv_w = 224, .box_w = 14, .box_h = 15, .ofs_x = 0, .ofs_y = -2},
    {.bitmap_index = 26800, .adv_w = 224, .box_w = 14, .box_h = 15, .ofs_x = 0, .ofs_y = -2},
    {.bitmap_index = 26905, .adv_w = 224, .box_w = 14, .box_h = 15, .ofs_x = 0, .ofs_y = -2},
    {.bitmap_index = 27010, .adv_w = 224, .box_w = 14, .box_h = 14, .ofs_x = 0, .ofs_y = -2},
    {.bitmap_index = 27108, .adv_w = 224, .box_w = 14, .box_h = 14, .ofs_x = 0, .ofs_y = -2},
    {.bitmap_index = 27206, .adv_w = 224, .box_w = 14, .box_h = 13, .ofs_x = 0, .ofs_y = -1},
    {.bitmap_index = 27297, .adv_w = 224, .box_w = 14, .box_h = 14, .ofs_x = 0, .ofs_y = -3},
    {.bitmap_index = 27395, .adv_w = 224, .box_w = 14, .box_h = 13, .ofs_x = 0, .ofs_y = -2},
    {.bitmap_index = 27486, .adv_w = 224, .box_w = 12, .box_h = 14, .ofs_x = 1, .ofs_y = -2},
    {.bitmap_index = 27570, .adv_w = 224, .box_w = 13, .box_h = 13, .ofs_x = 0, .ofs_y = -2},
    {.bitmap_index = 27655, .adv_w = 224, .box_w = 14, .box_h = 14, .ofs_x = 0, .ofs_y = -2},
    {.bitmap_index = 27753, .adv_w = 224, .box_w = 13, .box_h = 13, .ofs_x = 1, .ofs_y = -2},
    {.bitmap_index = 27838, .adv_w = 224, .box_w = 13, .box_h = 14, .ofs_x = 1, .ofs_y = -2},
    {.bitmap_index = 27929, .adv_w = 224, .box_w = 14, .box_h = 15, .ofs_x = 0, .ofs_y = -2},
    {.bitmap_index = 28034, .adv_w = 224, .box_w = 14, .box_h = 14, .ofs_x = 0, .ofs_y = -2},
    {.bitmap_index = 28132, .adv_w = 224, .box_w = 14, .box_h = 13, .ofs_x = 0, .ofs_y = -2},
    {.bitmap_index = 28223, .adv_w = 224, .box_w = 14, .box_h = 13, .ofs_x = 0, .ofs_y = -2},
    {.bitmap_index = 28314, .adv_w = 224, .box_w = 14, .box_h = 14, .ofs_x = 0, .ofs_y = -2},
    {.bitmap_index = 28412, .adv_w = 224, .box_w = 14, .box_h = 14, .ofs_x = 0, .ofs_y = -2},
    {.bitmap_index = 28510, .adv_w = 224, .box_w = 14, .box_h = 14, .ofs_x = 0, .ofs_y = -2},
    {.bitmap_index = 28608, .adv_w = 224, .box_w = 14, .box_h = 14, .ofs_x = 0, .ofs_y = -2},
    {.bitmap_index = 28706, .adv_w = 224, .box_w = 14, .box_h = 15, .ofs_x = 0, .ofs_y = -2},
    {.bitmap_index = 28811, .adv_w = 224, .box_w = 14, .box_h = 13, .ofs_x = 0, .ofs_y = -2},
    {.bitmap_index = 28902, .adv_w = 224, .box_w = 13, .box_h = 14, .ofs_x = 0, .ofs_y = -2},
    {.bitmap_index = 28993, .adv_w = 224, .box_w = 14, .box_h = 14, .ofs_x = 0, .ofs_y = -2},
    {.bitmap_index = 29091, .adv_w = 224, .box_w = 14, .box_h = 15, .ofs_x = 0, .ofs_y = -3},
    {.bitmap_index = 29196, .adv_w = 224, .box_w = 14, .box_h = 14, .ofs_x = 0, .ofs_y = -2},
    {.bitmap_index = 29294, .adv_w = 224, .box_w = 14, .box_h = 14, .ofs_x = 0, .ofs_y = -2},
    {.bitmap_index = 29392, .adv_w = 224, .box_w = 14, .box_h = 14, .ofs_x = 0, .ofs_y = -2},
    {.bitmap_index = 29490, .adv_w = 224, .box_w = 14, .box_h = 14, .ofs_x = 0, .ofs_y = -2},
    {.bitmap_index = 29588, .adv_w = 224, .box_w = 14, .box_h = 13, .ofs_x = 0, .ofs_y = -2},
    {.bitmap_index = 29679, .adv_w = 224, .box_w = 14, .box_h = 14, .ofs_x = 0, .ofs_y = -2},
    {.bitmap_index = 29777, .adv_w = 224, .box_w = 14, .box_h = 14, .ofs_x = 0, .ofs_y = -2},
    {.bitmap_index = 29875, .adv_w = 224, .box_w = 12, .box_h = 15, .ofs_x = 0, .ofs_y = -2},
    {.bitmap_index = 29965, .adv_w = 224, .box_w = 13, .box_h = 14, .ofs_x = 0, .ofs_y = -2},
    {.bitmap_index = 30056, .adv_w = 224, .box_w = 14, .box_h = 14, .ofs_x = 0, .ofs_y = -2},
    {.bitmap_index = 30154, .adv_w = 224, .box_w = 14, .box_h = 14, .ofs_x = 0, .ofs_y = -2},
    {.bitmap_index = 30252, .adv_w = 224, .box_w = 14, .box_h = 14, .ofs_x = 0, .ofs_y = -2},
    {.bitmap_index = 30350, .adv_w = 224, .box_w = 14, .box_h = 15, .ofs_x = 0, .ofs_y = -3},
    {.bitmap_index = 30455, .adv_w = 224, .box_w = 14, .box_h = 14, .ofs_x = 0, .ofs_y = -2},
    {.bitmap_index = 30553, .adv_w = 224, .box_w = 14, .box_h = 15, .ofs_x = 0, .ofs_y = -3},
    {.bitmap_index = 30658, .adv_w = 224, .box_w = 14, .box_h = 15, .ofs_x = 0, .ofs_y = -3},
    {.bitmap_index = 30763, .adv_w = 224, .box_w = 14, .box_h = 14, .ofs_x = 0, .ofs_y = -2},
    {.bitmap_index = 30861, .adv_w = 224, .box_w = 14, .box_h = 14, .ofs_x = 0, .ofs_y = -2},
    {.bitmap_index = 30959, .adv_w = 224, .box_w = 14, .box_h = 14, .ofs_x = 0, .ofs_y = -2},
    {.bitmap_index = 31057, .adv_w = 224, .box_w = 14, .box_h = 15, .ofs_x = 0, .ofs_y = -3},
    {.bitmap_index = 31162, .adv_w = 224, .box_w = 14, .box_h = 14, .ofs_x = 0, .ofs_y = -2},
    {.bitmap_index = 31260, .adv_w = 224, .box_w = 14, .box_h = 14, .ofs_x = 0, .ofs_y = -2},
    {.bitmap_index = 31358, .adv_w = 224, .box_w = 14, .box_h = 14, .ofs_x = 0, .ofs_y = -2},
    {.bitmap_index = 31456, .adv_w = 224, .box_w = 14, .box_h = 15, .ofs_x = 0, .ofs_y = -3},
    {.bitmap_index = 31561, .adv_w = 224, .box_w = 14, .box_h = 15, .ofs_x = 0, .ofs_y = -3},
    {.bitmap_index = 31666, .adv_w = 224, .box_w = 14, .box_h = 14, .ofs_x = 0, .ofs_y = -3},
    {.bitmap_index = 31764, .adv_w = 224, .box_w = 10, .box_h = 13, .ofs_x = 2, .ofs_y = -2},
    {.bitmap_index = 31829, .adv_w = 224, .box_w = 12, .box_h = 14, .ofs_x = 1, .ofs_y = -2},
    {.bitmap_index = 31913, .adv_w = 224, .box_w = 14, .box_h = 13, .ofs_x = 0, .ofs_y = -2},
    {.bitmap_index = 32004, .adv_w = 224, .box_w = 13, .box_h = 14, .ofs_x = 1, .ofs_y = -2},
    {.bitmap_index = 32095, .adv_w = 224, .box_w = 12, .box_h = 14, .ofs_x = 1, .ofs_y = -3},
    {.bitmap_index = 32179, .adv_w = 224, .box_w = 13, .box_h = 14, .ofs_x = 1, .ofs_y = -2},
    {.bitmap_index = 32270, .adv_w = 224, .box_w = 14, .box_h = 14, .ofs_x = 0, .ofs_y = -3},
    {.bitmap_index = 32368, .adv_w = 224, .box_w = 14, .box_h = 13, .ofs_x = 0, .ofs_y = -2},
    {.bitmap_index = 32459, .adv_w = 224, .box_w = 13, .box_h = 14, .ofs_x = 1, .ofs_y = -2},
    {.bitmap_index = 32550, .adv_w = 224, .box_w = 13, .box_h = 15, .ofs_x = 1, .ofs_y = -3},
    {.bitmap_index = 32648, .adv_w = 224, .box_w = 14, .box_h = 14, .ofs_x = 0, .ofs_y = -3},
    {.bitmap_index = 32746, .adv_w = 224, .box_w = 14, .box_h = 15, .ofs_x = 0, .ofs_y = -3},
    {.bitmap_index = 32851, .adv_w = 224, .box_w = 14, .box_h = 15, .ofs_x = 0, .ofs_y = -3},
    {.bitmap_index = 32956, .adv_w = 224, .box_w = 13, .box_h = 14, .ofs_x = 0, .ofs_y = -3},
    {.bitmap_index = 33047, .adv_w = 224, .box_w = 13, .box_h = 14, .ofs_x = 0, .ofs_y = -2},
    {.bitmap_index = 33138, .adv_w = 224, .box_w = 14, .box_h = 14, .ofs_x = 0, .ofs_y = -2},
    {.bitmap_index = 33236, .adv_w = 224, .box_w = 14, .box_h = 14, .ofs_x = 0, .ofs_y = -2},
    {.bitmap_index = 33334, .adv_w = 224, .box_w = 14, .box_h = 13, .ofs_x = 0, .ofs_y = -2},
    {.bitmap_index = 33425, .adv_w = 224, .box_w = 14, .box_h = 15, .ofs_x = 0, .ofs_y = -3},
    {.bitmap_index = 33530, .adv_w = 224, .box_w = 14, .box_h = 14, .ofs_x = 0, .ofs_y = -2},
    {.bitmap_index = 33628, .adv_w = 224, .box_w = 14, .box_h = 13, .ofs_x = 0, .ofs_y = -2},
    {.bitmap_index = 33719, .adv_w = 224, .box_w = 14, .box_h = 13, .ofs_x = 0, .ofs_y = -1},
    {.bitmap_index = 33810, .adv_w = 224, .box_w = 14, .box_h = 16, .ofs_x = 0, .ofs_y = -3},
    {.bitmap_index = 33922, .adv_w = 224, .box_w = 14, .box_h = 14, .ofs_x = 0, .ofs_y = -2},
    {.bitmap_index = 34020, .adv_w = 224, .box_w = 14, .box_h = 14, .ofs_x = 0, .ofs_y = -2},
    {.bitmap_index = 34118, .adv_w = 224, .box_w = 14, .box_h = 14, .ofs_x = 0, .ofs_y = -2},
    {.bitmap_index = 34216, .adv_w = 224, .box_w = 14, .box_h = 14, .ofs_x = 0, .ofs_y = -2},
    {.bitmap_index = 34314, .adv_w = 224, .box_w = 14, .box_h = 14, .ofs_x = 0, .ofs_y = -2},
    {.bitmap_index = 34412, .adv_w = 224, .box_w = 14, .box_h = 14, .ofs_x = 0, .ofs_y = -2},
    {.bitmap_index = 34510, .adv_w = 224, .box_w = 14, .box_h = 14, .ofs_x = 0, .ofs_y = -2},
    {.bitmap_index = 34608, .adv_w = 224, .box_w = 14, .box_h = 13, .ofs_x = 0, .ofs_y = -2},
    {.bitmap_index = 34699, .adv_w = 224, .box_w = 14, .box_h = 14, .ofs_x = 0, .ofs_y = -2},
    {.bitmap_index = 34797, .adv_w = 224, .box_w = 14, .box_h = 13, .ofs_x = 0, .ofs_y = -2},
    {.bitmap_index = 34888, .adv_w = 224, .box_w = 14, .box_h = 14, .ofs_x = 0, .ofs_y = -2},
    {.bitmap_index = 34986, .adv_w = 224, .box_w = 14, .box_h = 14, .ofs_x = 0, .ofs_y = -2},
    {.bitmap_index = 35084, .adv_w = 224, .box_w = 14, .box_h = 14, .ofs_x = 0, .ofs_y = -2},
    {.bitmap_index = 35182, .adv_w = 224, .box_w = 14, .box_h = 15, .ofs_x = 0, .ofs_y = -3},
    {.bitmap_index = 35287, .adv_w = 224, .box_w = 14, .box_h = 14, .ofs_x = 0, .ofs_y = -2},
    {.bitmap_index = 35385, .adv_w = 224, .box_w = 14, .box_h = 14, .ofs_x = 0, .ofs_y = -2},
    {.bitmap_index = 35483, .adv_w = 224, .box_w = 14, .box_h = 14, .ofs_x = 0, .ofs_y = -2},
    {.bitmap_index = 35581, .adv_w = 224, .box_w = 14, .box_h = 14, .ofs_x = 0, .ofs_y = -2},
    {.bitmap_index = 35679, .adv_w = 224, .box_w = 14, .box_h = 14, .ofs_x = 0, .ofs_y = -2},
    {.bitmap_index = 35777, .adv_w = 224, .box_w = 13, .box_h = 14, .ofs_x = 0, .ofs_y = -2},
    {.bitmap_index = 35868, .adv_w = 224, .box_w = 14, .box_h = 14, .ofs_x = 0, .ofs_y = -2},
    {.bitmap_index = 35966, .adv_w = 224, .box_w = 14, .box_h = 14, .ofs_x = 0, .ofs_y = -2},
    {.bitmap_index = 36064, .adv_w = 224, .box_w = 13, .box_h = 14, .ofs_x = 0, .ofs_y = -2},
    {.bitmap_index = 36155, .adv_w = 224, .box_w = 14, .box_h = 14, .ofs_x = 0, .ofs_y = -2},
    {.bitmap_index = 36253, .adv_w = 224, .box_w = 14, .box_h = 14, .ofs_x = 0, .ofs_y = -2},
    {.bitmap_index = 36351, .adv_w = 224, .box_w = 14, .box_h = 14, .ofs_x = 0, .ofs_y = -2},
    {.bitmap_index = 36449, .adv_w = 224, .box_w = 14, .box_h = 14, .ofs_x = 0, .ofs_y = -2},
    {.bitmap_index = 36547, .adv_w = 224, .box_w = 14, .box_h = 15, .ofs_x = 0, .ofs_y = -2},
    {.bitmap_index = 36652, .adv_w = 224, .box_w = 14, .box_h = 14, .ofs_x = 0, .ofs_y = -2},
    {.bitmap_index = 36750, .adv_w = 224, .box_w = 14, .box_h = 13, .ofs_x = 0, .ofs_y = -2},
    {.bitmap_index = 36841, .adv_w = 224, .box_w = 13, .box_h = 14, .ofs_x = 0, .ofs_y = -2},
    {.bitmap_index = 36932, .adv_w = 224, .box_w = 14, .box_h = 14, .ofs_x = 0, .ofs_y = -2},
    {.bitmap_index = 37030, .adv_w = 224, .box_w = 14, .box_h = 14, .ofs_x = 0, .ofs_y = -2},
    {.bitmap_index = 37128, .adv_w = 224, .box_w = 14, .box_h = 15, .ofs_x = 0, .ofs_y = -3},
    {.bitmap_index = 37233, .adv_w = 224, .box_w = 14, .box_h = 14, .ofs_x = 0, .ofs_y = -2},
    {.bitmap_index = 37331, .adv_w = 224, .box_w = 13, .box_h = 15, .ofs_x = 0, .ofs_y = -3},
    {.bitmap_index = 37429, .adv_w = 224, .box_w = 14, .box_h = 14, .ofs_x = 0, .ofs_y = -2},
    {.bitmap_index = 37527, .adv_w = 224, .box_w = 14, .box_h = 14, .ofs_x = 0, .ofs_y = -3},
    {.bitmap_index = 37625, .adv_w = 224, .box_w = 14, .box_h = 14, .ofs_x = 0, .ofs_y = -2},
    {.bitmap_index = 37723, .adv_w = 224, .box_w = 13, .box_h = 14, .ofs_x = 0, .ofs_y = -3},
    {.bitmap_index = 37814, .adv_w = 224, .box_w = 13, .box_h = 14, .ofs_x = 1, .ofs_y = -2},
    {.bitmap_index = 37905, .adv_w = 224, .box_w = 14, .box_h = 13, .ofs_x = 0, .ofs_y = -2},
    {.bitmap_index = 37996, .adv_w = 224, .box_w = 14, .box_h = 14, .ofs_x = 0, .ofs_y = -2},
    {.bitmap_index = 38094, .adv_w = 224, .box_w = 11, .box_h = 14, .ofs_x = 2, .ofs_y = -2},
    {.bitmap_index = 38171, .adv_w = 224, .box_w = 14, .box_h = 14, .ofs_x = 0, .ofs_y = -2},
    {.bitmap_index = 38269, .adv_w = 224, .box_w = 12, .box_h = 14, .ofs_x = 1, .ofs_y = -2},
    {.bitmap_index = 38353, .adv_w = 224, .box_w = 10, .box_h = 13, .ofs_x = 2, .ofs_y = -2},
    {.bitmap_index = 38418, .adv_w = 224, .box_w = 14, .box_h = 14, .ofs_x = 0, .ofs_y = -2},
    {.bitmap_index = 38516, .adv_w = 224, .box_w = 14, .box_h = 14, .ofs_x = 0, .ofs_y = -2},
    {.bitmap_index = 38614, .adv_w = 224, .box_w = 13, .box_h = 13, .ofs_x = 1, .ofs_y = -2},
    {.bitmap_index = 38699, .adv_w = 224, .box_w = 13, .box_h = 14, .ofs_x = 1, .ofs_y = -2},
    {.bitmap_index = 38790, .adv_w = 224, .box_w = 13, .box_h = 14, .ofs_x = 1, .ofs_y = -2},
    {.bitmap_index = 38881, .adv_w = 224, .box_w = 13, .box_h = 14, .ofs_x = 0, .ofs_y = -2},
    {.bitmap_index = 38972, .adv_w = 224, .box_w = 14, .box_h = 14, .ofs_x = 0, .ofs_y = -2},
    {.bitmap_index = 39070, .adv_w = 224, .box_w = 13, .box_h = 14, .ofs_x = 0, .ofs_y = -2},
    {.bitmap_index = 39161, .adv_w = 224, .box_w = 14, .box_h = 15, .ofs_x = 0, .ofs_y = -2},
    {.bitmap_index = 39266, .adv_w = 224, .box_w = 14, .box_h = 14, .ofs_x = 0, .ofs_y = -2},
    {.bitmap_index = 39364, .adv_w = 224, .box_w = 12, .box_h = 13, .ofs_x = 1, .ofs_y = -1},
    {.bitmap_index = 39442, .adv_w = 224, .box_w = 14, .box_h = 14, .ofs_x = 0, .ofs_y = -2},
    {.bitmap_index = 39540, .adv_w = 224, .box_w = 12, .box_h = 14, .ofs_x = 1, .ofs_y = -2},
    {.bitmap_index = 39624, .adv_w = 224, .box_w = 14, .box_h = 14, .ofs_x = 0, .ofs_y = -2},
    {.bitmap_index = 39722, .adv_w = 224, .box_w = 14, .box_h = 14, .ofs_x = 0, .ofs_y = -2},
    {.bitmap_index = 39820, .adv_w = 224, .box_w = 14, .box_h = 14, .ofs_x = 0, .ofs_y = -2},
    {.bitmap_index = 39918, .adv_w = 224, .box_w = 14, .box_h = 15, .ofs_x = 0, .ofs_y = -2},
    {.bitmap_index = 40023, .adv_w = 224, .box_w = 14, .box_h = 14, .ofs_x = 0, .ofs_y = -2},
    {.bitmap_index = 40121, .adv_w = 224, .box_w = 14, .box_h = 14, .ofs_x = 0, .ofs_y = -2},
    {.bitmap_index = 40219, .adv_w = 224, .box_w = 14, .box_h = 14, .ofs_x = 0, .ofs_y = -2},
    {.bitmap_index = 40317, .adv_w = 224, .box_w = 14, .box_h = 14, .ofs_x = 0, .ofs_y = -2},
    {.bitmap_index = 40415, .adv_w = 224, .box_w = 14, .box_h = 14, .ofs_x = 0, .ofs_y = -2},
    {.bitmap_index = 40513, .adv_w = 224, .box_w = 14, .box_h = 13, .ofs_x = 0, .ofs_y = -1},
    {.bitmap_index = 40604, .adv_w = 224, .box_w = 14, .box_h = 15, .ofs_x = 0, .ofs_y = -2},
    {.bitmap_index = 40709, .adv_w = 224, .box_w = 14, .box_h = 14, .ofs_x = 0, .ofs_y = -2},
    {.bitmap_index = 40807, .adv_w = 224, .box_w = 14, .box_h = 14, .ofs_x = 0, .ofs_y = -2},
    {.bitmap_index = 40905, .adv_w = 224, .box_w = 14, .box_h = 13, .ofs_x = 0, .ofs_y = -2},
    {.bitmap_index = 40996, .adv_w = 224, .box_w = 12, .box_h = 14, .ofs_x = 1, .ofs_y = -3},
    {.bitmap_index = 41080, .adv_w = 224, .box_w = 12, .box_h = 14, .ofs_x = 1, .ofs_y = -2},
    {.bitmap_index = 41164, .adv_w = 224, .box_w = 14, .box_h = 15, .ofs_x = 0, .ofs_y = -3},
    {.bitmap_index = 41269, .adv_w = 224, .box_w = 14, .box_h = 14, .ofs_x = 0, .ofs_y = -2},
    {.bitmap_index = 41367, .adv_w = 224, .box_w = 10, .box_h = 14, .ofs_x = 2, .ofs_y = -2},
    {.bitmap_index = 41437, .adv_w = 224, .box_w = 14, .box_h = 14, .ofs_x = 0, .ofs_y = -2},
    {.bitmap_index = 41535, .adv_w = 224, .box_w = 14, .box_h = 15, .ofs_x = 0, .ofs_y = -3},
    {.bitmap_index = 41640, .adv_w = 224, .box_w = 14, .box_h = 14, .ofs_x = 0, .ofs_y = -2},
    {.bitmap_index = 41738, .adv_w = 224, .box_w = 14, .box_h = 14, .ofs_x = 0, .ofs_y = -2},
    {.bitmap_index = 41836, .adv_w = 224, .box_w = 14, .box_h = 14, .ofs_x = 0, .ofs_y = -2},
    {.bitmap_index = 41934, .adv_w = 224, .box_w = 14, .box_h = 14, .ofs_x = 0, .ofs_y = -2},
    {.bitmap_index = 42032, .adv_w = 224, .box_w = 14, .box_h = 15, .ofs_x = 0, .ofs_y = -3},
    {.bitmap_index = 42137, .adv_w = 224, .box_w = 14, .box_h = 15, .ofs_x = 0, .ofs_y = -3},
    {.bitmap_index = 42242, .adv_w = 224, .box_w = 14, .box_h = 14, .ofs_x = 0, .ofs_y = -2},
    {.bitmap_index = 42340, .adv_w = 224, .box_w = 14, .box_h = 14, .ofs_x = 0, .ofs_y = -2},
    {.bitmap_index = 42438, .adv_w = 224, .box_w = 14, .box_h = 14, .ofs_x = 0, .ofs_y = -3},
    {.bitmap_index = 42536, .adv_w = 224, .box_w = 14, .box_h = 14, .ofs_x = 0, .ofs_y = -3},
    {.bitmap_index = 42634, .adv_w = 224, .box_w = 13, .box_h = 15, .ofs_x = 1, .ofs_y = -3},
    {.bitmap_index = 42732, .adv_w = 224, .box_w = 14, .box_h = 14, .ofs_x = 0, .ofs_y = -2},
    {.bitmap_index = 42830, .adv_w = 224, .box_w = 14, .box_h = 14, .ofs_x = 0, .ofs_y = -2},
    {.bitmap_index = 42928, .adv_w = 224, .box_w = 14, .box_h = 14, .ofs_x = 0, .ofs_y = -2},
    {.bitmap_index = 43026, .adv_w = 224, .box_w = 14, .box_h = 16, .ofs_x = 0, .ofs_y = -3},
    {.bitmap_index = 43138, .adv_w = 224, .box_w = 14, .box_h = 14, .ofs_x = 0, .ofs_y = -2},
    {.bitmap_index = 43236, .adv_w = 224, .box_w = 14, .box_h = 14, .ofs_x = 0, .ofs_y = -2},
    {.bitmap_index = 43334, .adv_w = 224, .box_w = 14, .box_h = 14, .ofs_x = 0, .ofs_y = -2},
    {.bitmap_index = 43432, .adv_w = 224, .box_w = 13, .box_h = 14, .ofs_x = 0, .ofs_y = -2},
    {.bitmap_index = 43523, .adv_w = 224, .box_w = 14, .box_h = 14, .ofs_x = 0, .ofs_y = -2},
    {.bitmap_index = 43621, .adv_w = 224, .box_w = 14, .box_h = 14, .ofs_x = 0, .ofs_y = -2},
    {.bitmap_index = 43719, .adv_w = 224, .box_w = 14, .box_h = 15, .ofs_x = 0, .ofs_y = -3},
    {.bitmap_index = 43824, .adv_w = 224, .box_w = 14, .box_h = 15, .ofs_x = 0, .ofs_y = -2},
    {.bitmap_index = 43929, .adv_w = 224, .box_w = 14, .box_h = 14, .ofs_x = 0, .ofs_y = -2},
    {.bitmap_index = 44027, .adv_w = 224, .box_w = 14, .box_h = 14, .ofs_x = 0, .ofs_y = -2},
    {.bitmap_index = 44125, .adv_w = 224, .box_w = 14, .box_h = 13, .ofs_x = 0, .ofs_y = -2},
    {.bitmap_index = 44216, .adv_w = 224, .box_w = 14, .box_h = 14, .ofs_x = 0, .ofs_y = -2},
    {.bitmap_index = 44314, .adv_w = 224, .box_w = 14, .box_h = 14, .ofs_x = 0, .ofs_y = -2},
    {.bitmap_index = 44412, .adv_w = 224, .box_w = 14, .box_h = 14, .ofs_x = 0, .ofs_y = -2},
    {.bitmap_index = 44510, .adv_w = 224, .box_w = 14, .box_h = 14, .ofs_x = 0, .ofs_y = -2},
    {.bitmap_index = 44608, .adv_w = 224, .box_w = 14, .box_h = 14, .ofs_x = 0, .ofs_y = -3},
    {.bitmap_index = 44706, .adv_w = 224, .box_w = 14, .box_h = 15, .ofs_x = 0, .ofs_y = -3},
    {.bitmap_index = 44811, .adv_w = 224, .box_w = 14, .box_h = 15, .ofs_x = 0, .ofs_y = -2},
    {.bitmap_index = 44916, .adv_w = 224, .box_w = 14, .box_h = 14, .ofs_x = 0, .ofs_y = -2},
    {.bitmap_index = 45014, .adv_w = 224, .box_w = 14, .box_h = 14, .ofs_x = 0, .ofs_y = -2},
    {.bitmap_index = 45112, .adv_w = 224, .box_w = 14, .box_h = 14, .ofs_x = 0, .ofs_y = -2},
    {.bitmap_index = 45210, .adv_w = 224, .box_w = 14, .box_h = 15, .ofs_x = 0, .ofs_y = -3},
    {.bitmap_index = 45315, .adv_w = 224, .box_w = 14, .box_h = 14, .ofs_x = 0, .ofs_y = -2},
    {.bitmap_index = 45413, .adv_w = 224, .box_w = 14, .box_h = 16, .ofs_x = 0, .ofs_y = -3},
    {.bitmap_index = 45525, .adv_w = 224, .box_w = 14, .box_h = 14, .ofs_x = 0, .ofs_y = -2},
    {.bitmap_index = 45623, .adv_w = 224, .box_w = 14, .box_h = 15, .ofs_x = 0, .ofs_y = -3},
    {.bitmap_index = 45728, .adv_w = 224, .box_w = 14, .box_h = 15, .ofs_x = 0, .ofs_y = -3},
    {.bitmap_index = 45833, .adv_w = 224, .box_w = 14, .box_h = 14, .ofs_x = 0, .ofs_y = -2},
    {.bitmap_index = 45931, .adv_w = 224, .box_w = 14, .box_h = 14, .ofs_x = 0, .ofs_y = -2},
    {.bitmap_index = 46029, .adv_w = 224, .box_w = 14, .box_h = 14, .ofs_x = 0, .ofs_y = -2},
    {.bitmap_index = 46127, .adv_w = 224, .box_w = 14, .box_h = 12, .ofs_x = 0, .ofs_y = -1},
    {.bitmap_index = 46211, .adv_w = 224, .box_w = 14, .box_h = 13, .ofs_x = 0, .ofs_y = -1},
    {.bitmap_index = 46302, .adv_w = 224, .box_w = 14, .box_h = 14, .ofs_x = 0, .ofs_y = -2},
    {.bitmap_index = 46400, .adv_w = 224, .box_w = 14, .box_h = 14, .ofs_x = 0, .ofs_y = -2},
    {.bitmap_index = 46498, .adv_w = 224, .box_w = 14, .box_h = 13, .ofs_x = 0, .ofs_y = -1},
    {.bitmap_index = 46589, .adv_w = 224, .box_w = 14, .box_h = 14, .ofs_x = 0, .ofs_y = -2},
    {.bitmap_index = 46687, .adv_w = 224, .box_w = 14, .box_h = 14, .ofs_x = 0, .ofs_y = -2},
    {.bitmap_index = 46785, .adv_w = 224, .box_w = 14, .box_h = 14, .ofs_x = 0, .ofs_y = -2},
    {.bitmap_index = 46883, .adv_w = 224, .box_w = 14, .box_h = 14, .ofs_x = 0, .ofs_y = -2},
    {.bitmap_index = 46981, .adv_w = 224, .box_w = 14, .box_h = 14, .ofs_x = 0, .ofs_y = -2},
    {.bitmap_index = 47079, .adv_w = 224, .box_w = 14, .box_h = 14, .ofs_x = 0, .ofs_y = -2},
    {.bitmap_index = 47177, .adv_w = 224, .box_w = 14, .box_h = 14, .ofs_x = 0, .ofs_y = -2},
    {.bitmap_index = 47275, .adv_w = 224, .box_w = 12, .box_h = 14, .ofs_x = 1, .ofs_y = -3},
    {.bitmap_index = 47359, .adv_w = 224, .box_w = 12, .box_h = 15, .ofs_x = 1, .ofs_y = -3},
    {.bitmap_index = 47449, .adv_w = 224, .box_w = 12, .box_h = 15, .ofs_x = 1, .ofs_y = -3},
    {.bitmap_index = 47539, .adv_w = 224, .box_w = 13, .box_h = 15, .ofs_x = 1, .ofs_y = -3},
    {.bitmap_index = 47637, .adv_w = 224, .box_w = 14, .box_h = 14, .ofs_x = 0, .ofs_y = -3},
    {.bitmap_index = 47735, .adv_w = 224, .box_w = 13, .box_h = 14, .ofs_x = 1, .ofs_y = -2},
    {.bitmap_index = 47826, .adv_w = 224, .box_w = 14, .box_h = 14, .ofs_x = 0, .ofs_y = -2},
    {.bitmap_index = 47924, .adv_w = 224, .box_w = 14, .box_h = 14, .ofs_x = 0, .ofs_y = -2},
    {.bitmap_index = 48022, .adv_w = 224, .box_w = 14, .box_h = 13, .ofs_x = 0, .ofs_y = -2},
    {.bitmap_index = 48113, .adv_w = 224, .box_w = 14, .box_h = 15, .ofs_x = 0, .ofs_y = -3},
    {.bitmap_index = 48218, .adv_w = 224, .box_w = 14, .box_h = 14, .ofs_x = 0, .ofs_y = -2},
    {.bitmap_index = 48316, .adv_w = 224, .box_w = 14, .box_h = 15, .ofs_x = 0, .ofs_y = -2},
    {.bitmap_index = 48421, .adv_w = 224, .box_w = 14, .box_h = 13, .ofs_x = 0, .ofs_y = -2},
    {.bitmap_index = 48512, .adv_w = 224, .box_w = 14, .box_h = 14, .ofs_x = 0, .ofs_y = -2},
    {.bitmap_index = 48610, .adv_w = 224, .box_w = 14, .box_h = 15, .ofs_x = 0, .ofs_y = -3},
    {.bitmap_index = 48715, .adv_w = 224, .box_w = 14, .box_h = 14, .ofs_x = 0, .ofs_y = -2},
    {.bitmap_index = 48813, .adv_w = 224, .box_w = 14, .box_h = 14, .ofs_x = 0, .ofs_y = -2},
    {.bitmap_index = 48911, .adv_w = 224, .box_w = 14, .box_h = 14, .ofs_x = 0, .ofs_y = -2},
    {.bitmap_index = 49009, .adv_w = 224, .box_w = 14, .box_h = 15, .ofs_x = 0, .ofs_y = -2},
    {.bitmap_index = 49114, .adv_w = 224, .box_w = 14, .box_h = 14, .ofs_x = 0, .ofs_y = -2},
    {.bitmap_index = 49212, .adv_w = 224, .box_w = 14, .box_h = 14, .ofs_x = 0, .ofs_y = -2},
    {.bitmap_index = 49310, .adv_w = 224, .box_w = 14, .box_h = 13, .ofs_x = 0, .ofs_y = -2},
    {.bitmap_index = 49401, .adv_w = 224, .box_w = 13, .box_h = 14, .ofs_x = 0, .ofs_y = -2},
    {.bitmap_index = 49492, .adv_w = 224, .box_w = 14, .box_h = 14, .ofs_x = 0, .ofs_y = -2},
    {.bitmap_index = 49590, .adv_w = 224, .box_w = 14, .box_h = 15, .ofs_x = 0, .ofs_y = -2},
    {.bitmap_index = 49695, .adv_w = 224, .box_w = 14, .box_h = 14, .ofs_x = 0, .ofs_y = -2},
    {.bitmap_index = 49793, .adv_w = 224, .box_w = 14, .box_h = 13, .ofs_x = 0, .ofs_y = -1},
    {.bitmap_index = 49884, .adv_w = 224, .box_w = 14, .box_h = 14, .ofs_x = 0, .ofs_y = -2},
    {.bitmap_index = 49982, .adv_w = 224, .box_w = 13, .box_h = 14, .ofs_x = 0, .ofs_y = -2},
    {.bitmap_index = 50073, .adv_w = 224, .box_w = 14, .box_h = 15, .ofs_x = 0, .ofs_y = -2},
    {.bitmap_index = 50178, .adv_w = 224, .box_w = 14, .box_h = 15, .ofs_x = 0, .ofs_y = -2},
    {.bitmap_index = 50283, .adv_w = 224, .box_w = 14, .box_h = 14, .ofs_x = 0, .ofs_y = -3},
    {.bitmap_index = 50381, .adv_w = 224, .box_w = 14, .box_h = 14, .ofs_x = 0, .ofs_y = -3},
    {.bitmap_index = 50479, .adv_w = 224, .box_w = 14, .box_h = 14, .ofs_x = 0, .ofs_y = -2},
    {.bitmap_index = 50577, .adv_w = 224, .box_w = 3, .box_h = 12, .ofs_x = 2, .ofs_y = -1},
    {.bitmap_index = 50595, .adv_w = 224, .box_w = 5, .box_h = 14, .ofs_x = 9, .ofs_y = -2},
    {.bitmap_index = 50630, .adv_w = 224, .box_w = 5, .box_h = 14, .ofs_x = 0, .ofs_y = -2},
    {.bitmap_index = 50665, .adv_w = 224, .box_w = 4, .box_h = 6, .ofs_x = 1, .ofs_y = -3},
    {.bitmap_index = 50677, .adv_w = 224, .box_w = 3, .box_h = 10, .ofs_x = 2, .ofs_y = -1},
    {.bitmap_index = 50692, .adv_w = 224, .box_w = 3, .box_h = 13, .ofs_x = 2, .ofs_y = -4},
    {.bitmap_index = 50712, .adv_w = 224, .box_w = 7, .box_h = 12, .ofs_x = 0, .ofs_y = -1},
};

static const uint16_t unicode_list_1[] = {
    0x0, 0x24fb, 0x2505, 0x2f49, 0x2f8b, 0x2f8d, 0x2f8f, 0x2f91, 0x2f93, 0x2f94, 0x2f95, 0x2f96,
    0x2f97, 0x2f98, 0x2f99, 0x2f9a, 0x2f9b, 0x2f9c, 0x2f9d, 0x2f9e, 0x2f9f, 0x2fa0, 0x2fa1, 0x2fa2,
    0x2fa3, 0x2fa4, 0x2fa5, 0x2fa6, 0x2fa7, 0x2fa8, 0x2fa9, 0x2faa, 0x2fab, 0x2fac, 0x2fad, 0x2fae,
    0x2faf, 0x2fb0, 0x2fb1, 0x2fb2, 0x2fb3, 0x2fb4, 0x2fb5, 0x2fb6, 0x2fb7, 0x2fb8, 0x2fb9, 0x2fba,
    0x2fbb, 0x2fbc, 0x2fbd, 0x2fbe, 0x2fbf, 0x2fc0, 0x2fc1, 0x2fc2, 0x2fc3, 0x2fc4, 0x2fc5, 0x2fc6,
    0x2fc7, 0x2fc8, 0x2fc9, 0x2fca, 0x2fcb, 0x2fcc, 0x2fcd, 0x2fce, 0x2fcf, 0x2fd0, 0x2fd1, 0x2fd2,
    0x2fd3, 0x2fd4, 0x2fd5, 0x2fd6, 0x2fd8, 0x2fdb, 0x2fdc, 0x2feb, 0x2fed, 0x2fef, 0x2ff1, 0x2ff3,
    0x2ff4, 0x2ff5, 0x2ff6, 0x2ff7, 0x2ff8, 0x2ff9, 0x2ffa, 0x2ffb, 0x2ffc, 0x2ffd, 0x2ffe, 0x2fff,
    0x3000, 0x3001, 0x3002, 0x3003, 0x3004, 0x3005, 0x3006, 0x3007, 0x3008, 0x3009, 0x300a, 0x300b,
    0x300d, 0x300e, 0x300f, 0x3010, 0x3011, 0x3012, 0x3013, 0x3014, 0x3015, 0x3016, 0x3017, 0x3018,
    0x3019, 0x301a, 0x301b, 0x301c, 0x301d, 0x301e, 0x301f, 0x3020, 0x3021, 0x3022, 0x3023, 0x3024,
    0x3025, 0x3026, 0x3027, 0x3028, 0x3029, 0x302a, 0x302b, 0x302c, 0x302d, 0x302e, 0x302f, 0x3030,
    0x3031, 0x3032, 0x3033, 0x3034, 0x3035, 0x3036, 0x3038, 0x303b, 0x303c, 0x3045, 0x4d49, 0x4d4c,
    0x4d50, 0x4d52, 0x4d53, 0x4d54, 0x4d56, 0x4d57, 0x4d73, 0x4d76, 0x4d91, 0x4d92, 0x4d99, 0x4da6,
    0x4da9, 0x4daf, 0x4db9, 0x4dbc, 0x4dcf, 0x4dd5, 0x4ddd, 0x4df7, 0x4dfb, 0x4e03, 0x4e09, 0x4e13,
    0x4e63, 0x4e67, 0x4e96, 0x4e97, 0x4e9c, 0x4e9e, 0x4ea9, 0x4ee4, 0x4f08, 0x4f26, 0x4f37, 0x4f62,
    0x4f90, 0x4fa3, 0x4fae, 0x4fe1, 0x508c, 0x508d, 0x5091, 0x50ae, 0x50b1, 0x50b4, 0x50b5, 0x50b6,
    0x50bc, 0x50d6, 0x50e2, 0x5100, 0x5109, 0x5143, 0x514f, 0x5150, 0x5196, 0x51e9, 0x51f1, 0x51fc,
    0x524e, 0x5284, 0x528a, 0x528c, 0x5291, 0x5293, 0x529e, 0x52be, 0x52de, 0x5304, 0x5314, 0x531a,
    0x532c, 0x532d, 0x5338, 0x533c, 0x5341, 0x534c, 0x5356, 0x5357, 0x5375, 0x53df, 0x540a, 0x542e,
    0x542f, 0x5433, 0x548f, 0x5498, 0x54aa, 0x54e5, 0x54e6, 0x557d, 0x5624, 0x5627, 0x5636, 0x5646,
    0x565b, 0x5671, 0x5683, 0x5717, 0x5863, 0x5865, 0x5870, 0x5872, 0x5873, 0x587a, 0x587d, 0x58bf,
    0x58c6, 0x5902, 0x5912, 0x5914, 0x5919, 0x5a99, 0x5aa0, 0x5aa1, 0x5aaf, 0x5ab2, 0x5ad2, 0x5ae5,
    0x5aff, 0x5b02, 0x5b1b, 0x5b26, 0x5b42, 0x5b58, 0x5b5a, 0x5b94, 0x5b98, 0x5bba, 0x5d26, 0x5d2f,
    0x5d3b, 0x5d51, 0x5d79, 0x5d9e, 0x5dbb, 0x5dbc, 0x5dbd, 0x5dd3, 0x5de0, 0x5def, 0x5e00, 0x5e49,
    0x5e68, 0x5eab, 0x5ece, 0x5ed5, 0x5f22, 0x5f34, 0x5f57, 0x5f66, 0x6058, 0x615a, 0x6180, 0x6188,
    0x6189, 0x6194, 0x61a1, 0x6220, 0x6225, 0x6231, 0x6232, 0x6252, 0x62ab, 0x62d5, 0x632a, 0x6482,
    0x64b9, 0x64f9, 0x6502, 0x6518, 0x6529, 0x652e, 0x6530, 0x6532, 0x653f, 0x6557, 0x6571, 0x6578,
    0x6585, 0x658b, 0x65a3, 0x65da, 0x6641, 0x6652, 0x6654, 0x6666, 0x6671, 0x6675, 0x667e, 0x6683,
    0x66ae, 0x66e5, 0x672e, 0x675a, 0x676a, 0x6791, 0x6795, 0x681b, 0x684e, 0x68c6, 0x6a6b, 0x6aac,
    0x6ab8, 0x6b16, 0x6b17, 0x6b18, 0x6b5d, 0x6b60, 0x6b7d, 0x6b90, 0x6bc6, 0x6bea, 0x6bfc, 0x6c02,
    0x6c1e, 0x6c93, 0x6c94, 0x6cc0, 0x6d4e, 0x6e4b, 0x7036, 0x707f, 0x70b0, 0x717f, 0x7190, 0x71a2,
    0x71a4, 0x71b2, 0x71f5, 0x7220, 0x7274, 0x72f9, 0x7468, 0x7471, 0x747e, 0x7483, 0x750e, 0x75c6,
    0x75c7, 0x75cd, 0x7637, 0x7654, 0x7668, 0x7685, 0x76a4, 0x76aa, 0x77b7, 0x7887, 0x78a7, 0x7904,
    0x790a, 0x79c3, 0x79dc, 0x79e0, 0x7a22, 0x7a75, 0x7a92, 0x7a9d, 0x7bbc, 0x7c07, 0x7deb, 0x7e08,
    0x7e1c, 0x7e30, 0x7e36, 0x7eb7, 0x7f4a, 0x7f7c, 0x7fa7, 0x7fd2, 0x8063, 0x8081, 0x8133, 0x81bb,
    0x81fa, 0x827f, 0x8325, 0x8426, 0x8475, 0x8614, 0x8795, 0x87b1, 0x87d4, 0x88d4, 0x890a, 0x8912,
    0x8951, 0x89ba, 0x89e7, 0x89f6, 0x89f9, 0x8aed, 0x8b07, 0x8b16, 0x8b26, 0x8b36, 0x8b3d, 0x8b44,
    0x8b4a, 0x8b6b, 0x8c00, 0x8c6e, 0x8c7e, 0x8cad, 0x8cc0, 0x8cfc, 0x8df4, 0x8e13, 0x8eaf, 0x8eb7,
    0x8ef1, 0x8f02, 0x8f1d, 0x8f22, 0x8f24, 0x8f52, 0x8f96, 0x8f9d, 0x9031, 0x909b, 0x9115, 0x9116,
    0x9117, 0x9118, 0x911a, 0x91c9, 0x93e8, 0x93fa, 0x943f, 0x9462, 0x9490, 0x94c8, 0x94dc, 0x9537,
    0x953d, 0x95ab, 0x9631, 0x9644, 0x969b, 0x96a2, 0x96ab, 0x96bd, 0x96d4, 0x973c, 0x9776, 0x979d,
    0x97e1, 0x97e5, 0x9828, 0x9838, 0x983b, 0x98b6, 0x98b7, 0x990e, 0x99c7, 0x99d5, 0x9a21, 0x9aa3,
    0x9bc5, 0x9c2e, 0x9d68, 0x9d6a, 0x9e0d, 0x9e1a, 0x9e1b, 0x9ec8, 0xfe4a, 0xfe51, 0xfe52, 0xfe55,
    0xfe63, 0xfe64, 0xfe68,
};

static const lv_font_fmt_txt_cmap_t cmaps[] = {
    {
        .range_start = 32, .range_length = 95, .glyph_id_start = 1,
        .unicode_list = NULL, .glyph_id_ofs_list = NULL, .list_length = 0, .type = LV_FONT_FMT_TXT_CMAP_FORMAT0_TINY
    },
    {
        .range_start = 183, .range_length = 65129, .glyph_id_start = 96,
        .unicode_list = unicode_list_1, .glyph_id_ofs_list = NULL, .list_length = 531, .type = LV_FONT_FMT_TXT_CMAP_SPARSE_TINY
    }
};

static const lv_font_fmt_txt_dsc_t font_dsc = {
    .glyph_bitmap = glyph_bitmap,
    .glyph_dsc = glyph_dsc,
    .cmaps = cmaps,
    .kern_dsc = NULL,
    .kern_scale = 0,
    .cmap_num = 2,
    .bpp = 4,
    .kern_classes = 0,
    .bitmap_format = LV_FONT_FMT_TXT_PLAIN,
    .stride = 0,
};

const lv_font_t jp_font_14 = {
    .get_glyph_dsc = lv_font_get_glyph_dsc_fmt_txt,
    .get_glyph_bitmap = lv_font_get_bitmap_fmt_txt,
    .line_height = 17,
    .base_line = 4,
    .subpx = LV_FONT_SUBPX_NONE,
    .underline_position = -1,
    .underline_thickness = 1,
    .dsc = &font_dsc,
    .fallback = NULL,
    .user_data = NULL,
};
