/*******************************************************************************
 * jp_font_20: 20 px, 4 bpp, 626 glyphs
 * Source: SourceHanSansSC-Regular.otf (Source Han Sans CN Regular)
 * Generated by tools/jp_learner/gen_fonts.py -- do not edit.
 * Font license: SIL Open Font License 1.1 (see assets/fonts/README.md).
 ******************************************************************************/

#include "lvgl.h"

static LV_ATTRIBUTE_LARGE_CONST const uint8_t glyph_bitmap[] = {
    /* U+0020 "\x20" */
    /* U+0021 "!" */
    0x02, 0x30, 0x0a, 0xf2, 0x0a, 0xf1, 0x0a, 0xf1, 0x09, 0xf1, 0x09, 0xf0, 0x08, 0xf0, 0x08, 0xe0,
    0x07, 0xe0, 0x07, 0xe0, 0x06, 0xd0, 0x02, 0x40, 0x00, 0x00, 0x06, 0x91, 0x0f, 0xf6, 0x09, 0xd3,
    /* U+0022 "\x22" */
    0x2b, 0x80, 0x3b, 0x73, 0xfa, 0x04, 0xf9, 0x2f, 0xa0, 0x3f, 0x91, 0xf8, 0x02, 0xf7, 0x0e, 0x70,
    0x0f, 0x60, 0xd6, 0x00, 0xe4,
    /* U+0023 "#" */
    0x00, 0x01, 0x50, 0x00, 0x51, 0x00, 0x00, 0x5d, 0x00, 0x2f, 0x10, 0x00, 0x07, 0xb0, 0x04, 0xe0,
    0x00, 0x00, 0x99, 0x00, 0x6c, 0x00, 0x03, 0x4b, 0x94, 0x4a, 0xb4, 0x20, 0xbf, 0xff, 0xff, 0xff,
    0xf7, 0x00, 0x0e, 0x40, 0x0c, 0x60, 0x00, 0x01, 0xf1, 0x00, 0xe4, 0x00, 0x00, 0x3e, 0x00, 0x1f,
    0x20, 0x03, 0xff, 0xff, 0xff, 0xff, 0xf0, 0x14, 0x9c, 0x44, 0x8e, 0x44, 0x00, 0x09, 0x90, 0x06,
    0xb0, 0x00, 0x00, 0xb7, 0x00, 0x8a, 0x00, 0x00, 0x0c, 0x50, 0x0a, 0x80, 0x00, 0x00, 0xe4, 0x00,
    0xc6, 0x00, 0x00,
    /* U+0024 "$" */
    0x00, 0x00, 0xf4, 0x00, 0x00, 0x00, 0x0f, 0x40, 0x00, 0x00, 0x39, 0xf8, 0x20, 0x00, 0x5f, 0xfc,
    0xdf, 0xa1, 0x0e, 0xe2, 0x00, 0x3b, 0x13, 0xf9, 0x00, 0x00, 0x00, 0x2f, 0xa0, 0x00, 0x00, 0x00,
    0xdf, 0x60, 0x00, 0x00, 0x03, 0xdf, 0xb3, 0x00, 0x00, 0x01, 0x9f, 0xf7, 0x00, 0x00, 0x00, 0x4d,
    0xfb, 0x00, 0x00, 0x00, 0x0b, 0xf6, 0x00, 0x00, 0x00, 0x3f, 0xa0, 0x00, 0x00, 0x02, 0xfa, 0x59,
    0x10, 0x00, 0x7f, 0x66, 0xfe, 0xa8, 0xbf, 0xc0, 0x03, 0x9d, 0xfe, 0x91, 0x00, 0x00, 0x0f, 0x40,
    0x00, 0x00, 0x00, 0xf4, 0x00, 0x00,
    /* U+0025 "%" */
    0x00, 0x7d, 0xe9, 0x00, 0x00, 0x00, 0xa9, 0x00, 0x00, 0x07, 0xe5, 0x4d, 0xa0, 0x00, 0x03, 0xe1,
    0x00, 0x00, 0x0e, 0x70, 0x05, 0xf2, 0x00, 0x0b, 0x80, 0x00, 0x00, 0x2f, 0x40, 0x01, 0xf5, 0x00,
    0x4e, 0x10, 0x00, 0x00, 0x3f, 0x30, 0x00, 0xf6, 0x00, 0xc6, 0x00, 0x00, 0x00, 0x2f, 0x40, 0x01,
    0xf5, 0x05, 0xd0, 0x00, 0x10, 0x00, 0x0e, 0x70, 0x04, 0xf2, 0x0d, 0x50, 0x6e, 0xfc, 0x30, 0x08,
    0xe3, 0x2c, 0xb0, 0x7c, 0x04, 0xf5, 0x19, 0xe0, 0x00, 0x9f, 0xfb, 0x11, 0xe4, 0x0b, 0xa0, 0x01,
    0xe5, 0x00, 0x00, 0x10, 0x08, 0xb0, 0x0d, 0x70, 0x00, 0xc8, 0x00, 0x00, 0x00, 0x1e, 0x30, 0x0f,
    0x60, 0x00, 0xb9, 0x00, 0x00, 0x00, 0x9a, 0x00, 0x0d, 0x70, 0x00, 0xc8, 0x00, 0x00, 0x02, 0xe2,
    0x00, 0x0a, 0xb0, 0x01, 0xf5, 0x00, 0x00, 0x0a, 0x80, 0x00, 0x03, 0xf7, 0x3b, 0xd0, 0x00, 0x00,
    0x3e, 0x10, 0x00, 0x00, 0x5c, 0xeb, 0x20,
    /* U+0026 "&" */
    0x00, 0x01, 0x9d, 0xe9, 0x10, 0x00, 0x00, 0x00, 0x0b, 0xe6, 0x8f, 0x80, 0x00, 0x00, 0x00, 0x3f,
    0x80, 0x0b, 0xc0, 0x00, 0x00, 0x00, 0x5f, 0x40, 0x0b, 0xb0, 0x00, 0x00, 0x00, 0x3f, 0x60, 0x5f,
    0x60, 0x00, 0x00, 0x00, 0x0d, 0xb8, 0xf8, 0x00, 0x00, 0x00, 0x00, 0x08, 0xff, 0x60, 0x00, 0x01,
    0x10, 0x00, 0x4e, 0xfd, 0x10, 0x00, 0x0d, 0xd0, 0x05, 0xfc, 0x6f, 0xa0, 0x00, 0x3f, 0x70, 0x0e,
    0xe1, 0x08, 0xf8, 0x00, 0xaf, 0x20, 0x3f, 0x90, 0x00, 0xbf, 0x84, 0xf8, 0x00, 0x3f, 0x90, 0x00,
    0x0a, 0xff, 0xd0, 0x00, 0x0e, 0xe2, 0x00, 0x03, 0xff, 0xd5, 0x00, 0x05, 0xfe, 0x98, 0xaf, 0xd7,
    0xef, 0xc1, 0x00, 0x3a, 0xde, 0xb8, 0x10, 0x18, 0xc0,
    /* U+0027 "'" */
    0x2b, 0x83, 0xfa, 0x2f, 0xa1, 0xf8, 0x0e, 0x70, 0xd6,
    /* U+0028 "(" */
    0x00, 0x01, 0x00, 0x00, 0xaa, 0x00, 0x3f, 0x40, 0x0a, 0xc0, 0x01, 0xf6, 0x00, 0x6f, 0x20, 0x09,
    0xd0, 0x00, 0xda, 0x00, 0x0f, 0x80, 0x01, 0xf7, 0x00, 0x2f, 0x60, 0x02, 0xf6, 0x00, 0x1f, 0x70,
    0x00, 0xf8, 0x00, 0x0c, 0xb0, 0x00, 0x9e, 0x00, 0x05, 0xf3, 0x00, 0x0e, 0x80, 0x00, 0x8d, 0x00,
    0x01, 0xe6, 0x00, 0x07, 0x80,
    /* U+0029 ")" */
    0x01, 0x00, 0x01, 0xe6, 0x00, 0x08, 0xd0, 0x00, 0x1f, 0x60, 0x00, 0xbb, 0x00, 0x05, 0xf2, 0x00,
    0x2f, 0x50, 0x00, 0xe9, 0x00, 0x0b, 0xb0, 0x00, 0xac, 0x00, 0x09, 0xd0, 0x00, 0xad, 0x00, 0x0b,
    0xc0, 0x00, 0xcb, 0x00, 0x0e, 0x80, 0x02, 0xf5, 0x00, 0x7f, 0x10, 0x0c, 0xa0, 0x03, 0xf4, 0x00,
    0xac, 0x00, 0x1c, 0x40, 0x00,
    /* U+002A "\x2A" */
    0x00, 0x0e, 0x30, 0x01, 0x00, 0xf5, 0x01, 0x8e, 0xbf, 0xcd, 0xd0, 0x6d, 0xff, 0x82, 0x01, 0xed,
    0xf4, 0x00, 0x9d, 0x19, 0xd0, 0x02, 0x20, 0x04, 0x00,
    /* U+002B "+" */
    0x00, 0x00, 0x16, 0x20, 0x00, 0x00, 0x00, 0x03, 0xf4, 0x00, 0x00, 0x00, 0x00, 0x3f, 0x40, 0x00,
    0x00, 0x00, 0x03, 0xf4, 0x00, 0x00, 0x00, 0x00, 0x3f, 0x40, 0x00, 0x04, 0xff, 0xff, 0xff, 0xff,
    0xf5, 0x16, 0x66, 0x7f, 0x86, 0x66, 0x20, 0x00, 0x03, 0xf4, 0x00, 0x00, 0x00, 0x00, 0x3f, 0x40,
    0x00, 0x00, 0x00, 0x03, 0xf4, 0x00, 0x00, 0x00, 0x00, 0x2b, 0x30, 0x00, 0x00,
    /* U+002C "," */
    0x06, 0x50, 0x6f, 0xf2, 0x2d, 0xf5, 0x01, 0xf4, 0x08, 0xe0, 0x9f, 0x40, 0x73, 0x00,
    /* U+002D "-" */
    0x16, 0x66, 0x66, 0x01, 0xff, 0xff, 0xf0,
    /* U+002E "." */
    0x1a, 0x60, 0x7f, 0xf0, 0x3d, 0x90,
    /* U+002F "\x2F" */
    0x00, 0x00, 0x00, 0xe6, 0x00, 0x00, 0x04, 0xf1, 0x00, 0x00, 0x08, 0xb0, 0x00, 0x00, 0x0d, 0x70,
    0x00, 0x00, 0x3f, 0x20, 0x00, 0x00, 0x7d, 0x00, 0x00, 0x00, 0xc8, 0x00, 0x00, 0x01, 0xf3, 0x00,
    0x00, 0x06, 0xe0, 0x00, 0x00, 0x0b, 0x90, 0x00, 0x00, 0x1f, 0x50, 0x00, 0x00, 0x5e, 0x10, 0x00,
    0x00, 0xaa, 0x00, 0x00, 0x00, 0xe6, 0x00, 0x00, 0x04, 0xf1, 0x00, 0x00, 0x08, 0xb0, 0x00, 0x00,
    0x0d, 0x70, 0x00, 0x00, 0x3f, 0x20, 0x00, 0x00, 0x7d, 0x00, 0x00, 0x00, 0x54, 0x00, 0x00, 0x00,
    /* U+0030 "0" */
    0x00, 0x5b, 0xeb, 0x60, 0x00, 0x06, 0xfc, 0x8c, 0xf7, 0x00, 0x1f, 0xc1, 0x00, 0xbf, 0x20, 0x6f,
    0x50, 0x00, 0x3f, 0x80, 0xbf, 0x10, 0x00, 0x0e, 0xc0, 0xcd, 0x00, 0x00, 0x0c, 0xe0, 0xec, 0x00,
    0x00, 0x0b, 0xf0, 0xfc, 0x00, 0x00, 0x0a, 0xf1, 0xec, 0x00, 0x00, 0x0b, 0xf0, 0xce, 0x00, 0x00,
    0x0c, 0xe0, 0xbf, 0x10, 0x00, 0x0e, 0xc0, 0x6f, 0x50, 0x00, 0x4f, 0x70, 0x1e, 0xc1, 0x00, 0xbf,
    0x20, 0x06, 0xfc, 0x8c, 0xf7, 0x00, 0x00, 0x5b, 0xeb, 0x60, 0x00,
    /* U+0031 "1" */
    0x00, 0x38, 0xed, 0x00, 0x00, 0x9f, 0xff, 0xd0, 0x00, 0x02, 0x33, 0xfd, 0x00, 0x00, 0x00, 0x0f,
    0xd0, 0x00, 0x00, 0x00, 0xfd, 0x00, 0x00, 0x00, 0x0f, 0xd0, 0x00, 0x00, 0x00, 0xfd, 0x00, 0x00,
    0x00, 0x0f, 0xd0, 0x00, 0x00, 0x00, 0xfd, 0x00, 0x00, 0x00, 0x0f, 0xd0, 0x00, 0x00, 0x00, 0xfd,
    0x00, 0x00, 0x00, 0x0f, 0xd0, 0x00, 0x00, 0x00, 0xfd, 0x00, 0x02, 0x88, 0x8f, 0xe8, 0x86, 0x4f,
    0xff, 0xff, 0xff, 0xc0,
    /* U+0032 "2" */
    0x00, 0x3b, 0xee, 0xb4, 0x00, 0x00, 0x5f, 0xd9, 0x9e, 0xf6, 0x00, 0x0c, 0x90, 0x00, 0x1e, 0xe1,
    0x00, 0x10, 0x00, 0x00, 0x8f, 0x40, 0x00, 0x00, 0x00, 0x07, 0xf5, 0x00, 0x00, 0x00, 0x00, 0x9f,
    0x20, 0x00, 0x00, 0x00, 0x0d, 0xe0, 0x00, 0x00, 0x00, 0x06, 0xf7, 0x00, 0x00, 0x00, 0x01, 0xed,
    0x10, 0x00, 0x00, 0x00, 0xbf, 0x40, 0x00, 0x00, 0x00, 0xaf, 0x60, 0x00, 0x00, 0x00, 0x9f, 0x80,
    0x00, 0x00, 0x00, 0xaf, 0x90, 0x00, 0x00, 0x00, 0xbf, 0xd7, 0x89, 0x99, 0x91, 0x2f, 0xff, 0xff,
    0xff, 0xff, 0x10,
    /* U+0033 "3" */
    0x00, 0x39, 0xde, 0xc6, 0x00, 0x07, 0xfd, 0xa8, 0xdf, 0xa0, 0x04, 0x91, 0x00, 0x0c, 0xf3, 0x00,
    0x00, 0x00, 0x07, 0xf6, 0x00, 0x00, 0x00, 0x08, 0xf5, 0x00, 0x00, 0x00, 0x2e, 0xe1, 0x00, 0x03,
    0x7a, 0xfd, 0x30, 0x00, 0x07, 0xff, 0xf7, 0x10, 0x00, 0x00, 0x13, 0x8e, 0xd2, 0x00, 0x00, 0x00,
    0x05, 0xfa, 0x00, 0x00, 0x00, 0x00, 0xed, 0x00, 0x00, 0x00, 0x01, 0xfd, 0x2d, 0x60, 0x00, 0x08,
    0xf9, 0x1a, 0xfd, 0xa9, 0xcf, 0xd1, 0x00, 0x6b, 0xee, 0xc7, 0x10,
    /* U+0034 "4" */
    0x00, 0x00, 0x00, 0xcf, 0x80, 0x00, 0x00, 0x00, 0x7f, 0xf8, 0x00, 0x00, 0x00, 0x2e, 0xaf, 0x80,
    0x00, 0x00, 0x0a, 0xe4, 0xf8, 0x00, 0x00, 0x05, 0xf7, 0x3f, 0x80, 0x00, 0x01, 0xdd, 0x03, 0xf8,
    0x00, 0x00, 0x8f, 0x40, 0x3f, 0x80, 0x00, 0x3f, 0x90, 0x03, 0xf8, 0x00, 0x0c, 0xe1, 0x00, 0x3f,
    0x80, 0x06, 0xfb, 0x77, 0x78, 0xfb, 0x73, 0x9f, 0xff, 0xff, 0xff, 0xff, 0x70, 0x00, 0x00, 0x03,
    0xf8, 0x00, 0x00, 0x00, 0x00, 0x3f, 0x80, 0x00, 0x00, 0x00, 0x03, 0xf8, 0x00, 0x00, 0x00, 0x00,
    0x3f, 0x80, 0x00,
    /* U+0035 "5" */
    0x00, 0xdf, 0xff, 0xff, 0xf5, 0x00, 0x0e, 0xe8, 0x88, 0x88, 0x30, 0x00, 0xfb, 0x00, 0x00, 0x00,
    0x00, 0x1f, 0x90, 0x00, 0x00, 0x00, 0x02, 0xf8, 0x00, 0x00, 0x00, 0x00, 0x3f, 0xbc, 0xed, 0x91,
    0x00, 0x03, 0xfc, 0x87, 0xbf, 0xd1, 0x00, 0x02, 0x00, 0x00, 0x9f, 0x80, 0x00, 0x00, 0x00, 0x01,
    0xfc, 0x00, 0x00, 0x00, 0x00, 0x0d, 0xf0, 0x00, 0x00, 0x00, 0x00, 0xee, 0x00, 0x10, 0x00, 0x00,
    0x3f, 0xb0, 0x2e, 0x60, 0x00, 0x1b, 0xf5, 0x02, 0xbf, 0xc9, 0x9d, 0xf9, 0x00, 0x00, 0x6c, 0xee,
    0xb5, 0x00, 0x00,
    /* U+0036 "6" */
    0x00, 0x08, 0xce, 0xc8, 0x00, 0x01, 0xcf, 0xb9, 0xbf, 0xa0, 0x0b, 0xf6, 0x00, 0x04, 0x20, 0x3f,
    0xa0, 0x00, 0x00, 0x00, 0x8f, 0x40, 0x00, 0x00, 0x00, 0xbf, 0x00, 0x34, 0x20, 0x00, 0xcd, 0x3d,
    0xff, 0xf9, 0x10, 0xde, 0xe6, 0x22, 0x9f, 0x80, 0xcf, 0x30, 0x00, 0x0d, 0xe0, 0xaf, 0x00, 0x00,
    0x09, 0xf2, 0x9f, 0x20, 0x00, 0x08, 0xf3, 0x4f, 0x70, 0x00, 0x0b, 0xf0, 0x0c, 0xd2, 0x00, 0x3f,
    0xb0, 0x03, 0xee, 0x88, 0xee, 0x20, 0x00, 0x2a, 0xde, 0xa2, 0x00,
    /* U+0037 "7" */
    0x0f, 0xff, 0xff, 0xff, 0xff, 0x20, 0x88, 0x88, 0x88, 0x9f, 0xd1, 0x00, 0x00, 0x00, 0x07, 0xf4,
    0x00, 0x00, 0x00, 0x02, 0xe9, 0x00, 0x00, 0x00, 0x00, 0xae, 0x10, 0x00, 0x00, 0x00, 0x2f, 0x90,
    0x00, 0x00, 0x00, 0x07, 0xf3, 0x00, 0x00, 0x00, 0x00, 0xdd, 0x00, 0x00, 0x00, 0x00, 0x2f, 0x90,
    0x00, 0x00, 0x00, 0x05, 0xf6, 0x00, 0x00, 0x00, 0x00, 0x9f, 0x40, 0x00, 0x00, 0x00, 0x0b, 0xf2,
    0x00, 0x00, 0x00, 0x00, 0xcf, 0x00, 0x00, 0x00, 0x00, 0x0e, 0xf0, 0x00, 0x00, 0x00, 0x00, 0xfd,
    0x00, 0x00, 0x00,
    /* U+0038 "8" */
    0x00, 0x06, 0xce, 0xd9, 0x10, 0x00, 0x09, 0xfa, 0x69, 0xfc, 0x00, 0x02, 0xf9, 0x00, 0x05, 0xf6,
    0x00, 0x5f, 0x50, 0x00, 0x0f, 0x90, 0x04, 0xf7, 0x00, 0x01, 0xf8, 0x00, 0x0d, 0xe4, 0x00, 0x6f,
    0x30, 0x00, 0x2d, 0xfa, 0x5e, 0x70, 0x00, 0x01, 0xcd, 0xff, 0xd1, 0x00, 0x02, 0xda, 0x02, 0x9f,
    0xd2, 0x00, 0xad, 0x00, 0x00, 0x5f, 0xb0, 0x0f, 0x90, 0x00, 0x00, 0xbf, 0x10, 0xfa, 0x00, 0x00,
    0x0a, 0xf2, 0x0b, 0xe3, 0x00, 0x01, 0xed, 0x00, 0x2e, 0xe9, 0x68, 0xef, 0x40, 0x00, 0x19, 0xde,
    0xda, 0x20, 0x00,
    /* U+0039 "9" */
    0x00, 0x19, 0xde, 0xa3, 0x00, 0x01, 0xde, 0x98, 0xdf, 0x50, 0x09, 0xf4, 0x00, 0x1c, 0xe1, 0x0e,
    0xc0, 0x00, 0x04, 0xf7, 0x1f, 0xa0, 0x00, 0x00, 0xeb, 0x0f, 0xa0, 0x00, 0x00, 0xcc, 0x0d, 0xe1,
    0x00, 0x02, 0xee, 0x06, 0xfa, 0x21, 0x6e, 0xef, 0x00, 0x9f, 0xff, 0xe4, 0xce, 0x00, 0x02, 0x53,
    0x00, 0xec, 0x00, 0x00, 0x00, 0x02, 0xf9, 0x00, 0x00, 0x00, 0x09, 0xf4, 0x01, 0x50, 0x00, 0x4e,
    0xc0, 0x08, 0xfc, 0x9b, 0xfe, 0x20, 0x00, 0x7b, 0xec, 0x91, 0x00,
    /* U+003A ":" */
    0x2a, 0x60, 0x7f, 0xf0, 0x3d, 0x90, 0x00, 0x00, 0x00, 0x00, 0x00, 0x00, 0x00, 0x00, 0x00, 0x00,
    0x1a, 0x60, 0x7f, 0xf0, 0x3d, 0x90,
    /* U+003B ";" */
    0x2a, 0x60, 0x7f, 0xf0, 0x3d, 0x90, 0x00, 0x00, 0x00, 0x00, 0x00, 0x00, 0x00, 0x00, 0x00, 0x00,
    0x06, 0x50, 0x6f, 0xf2, 0x2d, 0xf5, 0x01, 0xf4, 0x08, 0xe0, 0x9f, 0x40, 0x73, 0x00,
    /* U+003C "<" */
    0x00, 0x00, 0x00, 0x00, 0x4a, 0x50, 0x00, 0x00, 0x27, 0xdf, 0xd4, 0x00, 0x04, 0xaf, 0xea, 0x40,
    0x01, 0x8d, 0xfb, 0x61, 0x00, 0x00, 0x4f, 0xe4, 0x00, 0x00, 0x00, 0x01, 0x8e, 0xfb, 0x61, 0x00,
    0x00, 0x00, 0x05, 0xbf, 0xea, 0x40, 0x00, 0x00, 0x00, 0x27, 0xdf, 0xd4, 0x00, 0x00, 0x00, 0x00,
    0x4a, 0x50,
    /* U+003D "=" */
    0x15, 0x55, 0x55, 0x55, 0x55, 0x24, 0xff, 0xff, 0xff, 0xff, 0xf5, 0x00, 0x00, 0x00, 0x00, 0x00,
    0x00, 0x00, 0x00, 0x00, 0x00, 0x00, 0x00, 0x00, 0x00, 0x00, 0x00, 0x01, 0x55, 0x55, 0x55, 0x55,
    0x52, 0x4f, 0xff, 0xff, 0xff, 0xff, 0x50,
    /* U+003E ">" */
    0x4b, 0x50, 0x00, 0x00, 0x00, 0x02, 0xdf, 0xe8, 0x20, 0x00, 0x00, 0x00, 0x49, 0xef, 0xb5, 0x00,
    0x00, 0x00, 0x01, 0x5b, 0xfe, 0x82, 0x00, 0x00, 0x00, 0x03, 0xdf, 0x50, 0x00, 0x00, 0x5b, 0xfe,
    0x92, 0x00, 0x39, 0xef, 0xb5, 0x00, 0x02, 0xdf, 0xe8, 0x20, 0x00, 0x00, 0x4b, 0x50, 0x00, 0x00,
    0x00, 0x00,
    /* U+003F "?" */
    0x00, 0x15, 0x76, 0x20, 0x00, 0x3d, 0xff, 0xfe, 0x50, 0x0c, 0xc4, 0x14, 0xee, 0x10, 0x10, 0x00,
    0x07, 0xf5, 0x00, 0x00, 0x00, 0x6f, 0x50, 0x00, 0x00, 0x0b, 0xf1, 0x00, 0x00, 0x07, 0xf7, 0x00,
    0x00, 0x03, 0xfb, 0x00, 0x00, 0x00, 0xce, 0x20, 0x00, 0x00, 0x4f, 0x70, 0x00, 0x00, 0x07, 0xf3,
    0x00, 0x00, 0x00, 0x25, 0x10, 0x00, 0x00, 0x00, 0x00, 0x00, 0x00, 0x00, 0x4a, 0x30, 0x00, 0x00,
    0x0c, 0xfa, 0x00, 0x00, 0x00, 0x7d, 0x50, 0x00,
    /* U+0040 "@" */
    0x00, 0x00, 0x00, 0x00, 0x23, 0x20, 0x00, 0x00, 0x00, 0x00, 0x00, 0x4a, 0xef, 0xff, 0xe9, 0x10,
    0x00, 0x00, 0x01, 0xbf, 0x94, 0x11, 0x36, 0xce, 0x50, 0x00, 0x02, 0xdc, 0x20, 0x00, 0x00, 0x00,
    0x8f, 0x30, 0x01, 0xcc, 0x10, 0x00, 0x00, 0x00, 0x00, 0xac, 0x00, 0x8f, 0x30, 0x00, 0x02, 0x10,
    0x10, 0x02, 0xf5, 0x1e, 0x80, 0x00, 0x5e, 0xff, 0x8f, 0x10, 0x0c, 0x96, 0xe1, 0x00, 0x5f, 0x82,
    0x3e, 0xc0, 0x00, 0xab, 0xab, 0x00, 0x0d, 0xa0, 0x00, 0xc9, 0x00, 0x08, 0xbc, 0x80, 0x04, 0xf4,
    0x00, 0x0f, 0x60, 0x00, 0xa9, 0xd7, 0x00, 0x6f, 0x10, 0x02, 0xf3, 0x00, 0x0e, 0x6c, 0x80, 0x05,
    0xf2, 0x00, 0x7f, 0x20, 0x07, 0xd1, 0xab, 0x00, 0x2e, 0xb6, 0x9c, 0xe9, 0x49, 0xe4, 0x06, 0xe2,
    0x00, 0x4d, 0xe9, 0x15, 0xce, 0xb3, 0x00, 0x1d, 0xb0, 0x00, 0x00, 0x00, 0x00, 0x00, 0x00, 0x00,
    0x3f, 0x91, 0x00, 0x00, 0x00, 0x00, 0x00, 0x00, 0x00, 0x5d, 0xe7, 0x41, 0x13, 0x6b, 0x00, 0x00,
    0x00, 0x00, 0x18, 0xdf, 0xff, 0xfc, 0x60, 0x00, 0x00, 0x00, 0x00, 0x00, 0x02, 0x31, 0x00, 0x00,
    0x00, 0x00,
    /* U+0041 "A" */
    0x00, 0x00, 0x2f, 0xf4, 0x00, 0x00, 0x00, 0x00, 0x07, 0xfe, 0x90, 0x00, 0x00, 0x00, 0x00, 0xcb,
    0xae, 0x00, 0x00, 0x00, 0x00, 0x2f, 0x65, 0xf4, 0x00, 0x00, 0x00, 0x07, 0xf2, 0x1f, 0x90, 0x00,
    0x00, 0x00, 0xcd, 0x00, 0xce, 0x00, 0x00, 0x00, 0x2f, 0x90, 0x07, 0xf4, 0x00, 0x00, 0x07, 0xf4,
    0x00, 0x3f, 0x90, 0x00, 0x00, 0xce, 0x00, 0x00, 0xde, 0x00, 0x00, 0x2f, 0xff, 0xff, 0xff, 0xf4,
    0x00, 0x07, 0xf9, 0x77, 0x77, 0x9f, 0x90, 0x00, 0xcf, 0x10, 0x00, 0x00, 0xee, 0x00, 0x2f, 0xb0,
    0x00, 0x00, 0x0a, 0xf4, 0x06, 0xf6, 0x00, 0x00, 0x00, 0x5f, 0x90, 0xbf, 0x10, 0x00, 0x00, 0x01,
    0xfe, 0x00,
    /* U+0042 "B" */
    0xff, 0xff, 0xfd, 0xb5, 0x00, 0x0f, 0xe7, 0x78, 0x9e, 0xf8, 0x00, 0xfd, 0x00, 0x00, 0x1d, 0xf2,
    0x0f, 0xd0, 0x00, 0x00, 0x8f, 0x50, 0xfd, 0x00, 0x00, 0x08, 0xf4, 0x0f, 0xd0, 0x00, 0x01, 0xde,
    0x10, 0xfe, 0x77, 0x79, 0xee, 0x40, 0x0f, 0xff, 0xff, 0xff, 0xb5, 0x00, 0xfd, 0x00, 0x02, 0x5c,
    0xf7, 0x0f, 0xd0, 0x00, 0x00, 0x1d, 0xf1, 0xfd, 0x00, 0x00, 0x00, 0xaf, 0x3f, 0xd0, 0x00, 0x00,
    0x0b, 0xf1, 0xfd, 0x00, 0x00, 0x06, 0xfc, 0x0f, 0xe7, 0x77, 0x9c, 0xfe, 0x20, 0xff, 0xff, 0xfe,
    0xc7, 0x10, 0x00,
    /* U+0043 "C" */
    0x00, 0x02, 0x9d, 0xfe, 0xa2, 0x00, 0x05, 0xef, 0xda, 0xcf, 0xe4, 0x04, 0xfe, 0x40, 0x00, 0x2a,
    0x20, 0xdf, 0x30, 0x00, 0x00, 0x00, 0x5f, 0xa0, 0x00, 0x00, 0x00, 0x08, 0xf5, 0x00, 0x00, 0x00,
    0x00, 0xaf, 0x30, 0x00, 0x00, 0x00, 0x0c, 0xf1, 0x00, 0x00, 0x00, 0x00, 0xaf, 0x30, 0x00, 0x00,
    0x00, 0x08, 0xf5, 0x00, 0x00, 0x00, 0x00, 0x5f, 0xa0, 0x00, 0x00, 0x00, 0x00, 0xdf, 0x30, 0x00,
    0x00, 0x00, 0x05, 0xfe, 0x40, 0x00, 0x1b, 0x90, 0x06, 0xef, 0xda, 0xcf, 0xe5, 0x00, 0x02, 0xad,
    0xfe, 0xa2, 0x00,
    /* U+0044 "D" */
    0xff, 0xff, 0xda, 0x81, 0x00, 0x0f, 0xe8, 0x8a, 0xdf, 0xd4, 0x00, 0xfd, 0x00, 0x00, 0x6f, 0xf2,
    0x0f, 0xd0, 0x00, 0x00, 0x6f, 0xa0, 0xfd, 0x00, 0x00, 0x00, 0xdf, 0x2f, 0xd0, 0x00, 0x00, 0x09,
    0xf4, 0xfd, 0x00, 0x00, 0x00, 0x7f, 0x7f, 0xd0, 0x00, 0x00, 0x05, 0xf8, 0xfd, 0x00, 0x00, 0x00,
    0x7f, 0x6f, 0xd0, 0x00, 0x00, 0x09, 0xf4, 0xfd, 0x00, 0x00, 0x00, 0xdf, 0x2f, 0xd0, 0x00, 0x00,
    0x6f, 0xa0, 0xfd, 0x00, 0x00, 0x7f, 0xf2, 0x0f, 0xe8, 0x8a, 0xdf, 0xd4, 0x00, 0xff, 0xff, 0xec,
    0x81, 0x00, 0x00,
    /* U+0045 "E" */
    0xff, 0xff, 0xff, 0xff, 0x7f, 0xe8, 0x88, 0x88, 0x84, 0xfd, 0x00, 0x00, 0x00, 0x0f, 0xd0, 0x00,
    0x00, 0x00, 0xfd, 0x00, 0x00, 0x00, 0x0f, 0xd0, 0x00, 0x00, 0x00, 0xfe, 0x99, 0x99, 0x94, 0x0f,
    0xff, 0xff, 0xff, 0x60, 0xfd, 0x00, 0x00, 0x00, 0x0f, 0xd0, 0x00, 0x00, 0x00, 0xfd, 0x00, 0x00,
    0x00, 0x0f, 0xd0, 0x00, 0x00, 0x00, 0xfd, 0x00, 0x00, 0x00, 0x0f, 0xe9, 0x99, 0x99, 0x96, 0xff,
    0xff, 0xff, 0xff, 0xa0,
    /* U+0046 "F" */
    0xff, 0xff, 0xff, 0xff, 0x7f, 0xe8, 0x88, 0x88, 0x84, 0xfd, 0x00, 0x00, 0x00, 0x0f, 0xd0, 0x00,
    0x00, 0x00, 0xfd, 0x00, 0x00, 0x00, 0x0f, 0xd0, 0x00, 0x00, 0x00, 0xfe, 0x88, 0x88, 0x84, 0x0f,
    0xff, 0xff, 0xff, 0x70, 0xfd, 0x00, 0x00, 0x00, 0x0f, 0xd0, 0x00, 0x00, 0x00, 0xfd, 0x00, 0x00,
    0x00, 0x0f, 0xd0, 0x00, 0x00, 0x00, 0xfd, 0x00, 0x00, 0x00, 0x0f, 0xd0, 0x00, 0x00, 0x00, 0xfd,
    0x00, 0x00, 0x00, 0x00,
    /* U+0047 "G" */
    0x00, 0x01, 0x9d, 0xee, 0xb5, 0x00, 0x00, 0x5e, 0xfe, 0xbb, 0xef, 0xa0, 0x04, 0xfe, 0x50, 0x00,
    0x07, 0x60, 0x0d, 0xf3, 0x00, 0x00, 0x00, 0x00, 0x6f, 0x90, 0x00, 0x00, 0x00, 0x00, 0xaf, 0x40,
    0x00, 0x00, 0x00, 0x00, 0xcf, 0x20, 0x00, 0x00, 0x00, 0x00, 0xcf, 0x10, 0x00, 0x8f, 0xff, 0xf4,
    0xaf, 0x30, 0x00, 0x48, 0x8b, 0xf4, 0x8f, 0x50, 0x00, 0x00, 0x06, 0xf4, 0x5f, 0xb0, 0x00, 0x00,
    0x06, 0xf4, 0x0c, 0xf4, 0x00, 0x00, 0x06, 0xf4, 0x04, 0xfe, 0x50, 0x00, 0x09, 0xf4, 0x00, 0x5e,
    0xfe, 0xba, 0xdf, 0xc2, 0x00, 0x02, 0x9d, 0xfd, 0xa6, 0x00,
    /* U+0048 "H" */
    0xfd, 0x00, 0x00, 0x00, 0x5f, 0x8f, 0xd0, 0x00, 0x00, 0x05, 0xf8, 0xfd, 0x00, 0x00, 0x00, 0x5f,
    0x8f, 0xd0, 0x00, 0x00, 0x05, 0xf8, 0xfd, 0x00, 0x00, 0x00, 0x5f, 0x8f, 0xd0, 0x00, 0x00, 0x05,
    0xf8, 0xfe, 0x99, 0x99, 0x99, 0xbf, 0x8f, 0xff, 0xff, 0xff, 0xff, 0xf8, 0xfd, 0x00, 0x00, 0x00,
    0x5f, 0x8f, 0xd0, 0x00, 0x00, 0x05, 0xf8, 0xfd, 0x00, 0x00, 0x00, 0x5f, 0x8f, 0xd0, 0x00, 0x00,
    0x05, 0xf8, 0xfd, 0x00, 0x00, 0x00, 0x5f, 0x8f, 0xd0, 0x00, 0x00, 0x05, 0xf8, 0xfd, 0x00, 0x00,
    0x00, 0x5f, 0x80,
    /* U+0049 "I" */
    0xfd, 0xfd, 0xfd, 0xfd, 0xfd, 0xfd, 0xfd, 0xfd, 0xfd, 0xfd, 0xfd, 0xfd, 0xfd, 0xfd, 0xfd,
    /* U+004A "J" */
    0x00, 0x00, 0x00, 0x1f, 0xc0, 0x00, 0x00, 0x01, 0xfc, 0x00, 0x00, 0x00, 0x1f, 0xc0, 0x00, 0x00,
    0x01, 0xfc, 0x00, 0x00, 0x00, 0x1f, 0xc0, 0x00, 0x00, 0x01, 0xfc, 0x00, 0x00, 0x00, 0x1f, 0xc0,
    0x00, 0x00, 0x01, 0xfc, 0x00, 0x00, 0x00, 0x1f, 0xc0, 0x00, 0x00, 0x01, 0xfc, 0x00, 0x00, 0x00,
    0x2f, 0xb0, 0x00, 0x00, 0x04, 0xf9, 0x1d, 0x90, 0x00, 0xaf, 0x60, 0xaf, 0xda, 0xcf, 0xc0, 0x00,
    0x7d, 0xed, 0x91, 0x00,
    /* U+004B "K" */
    0xfd, 0x00, 0x00, 0x06, 0xfb, 0x0f, 0xd0, 0x00, 0x03, 0xfd, 0x10, 0xfd, 0x00, 0x02, 0xee, 0x30,
    0x0f, 0xd0, 0x00, 0xcf, 0x50, 0x00, 0xfd, 0x00, 0x9f, 0x80, 0x00, 0x0f, 0xd0, 0x7f, 0xb0, 0x00,
    0x00, 0xfd, 0x4f, 0xfe, 0x10, 0x00, 0x0f, 0xee, 0xe9, 0xf8, 0x00, 0x00, 0xff, 0xf5, 0x0d, 0xf2,
    0x00, 0x0f, 0xf7, 0x00, 0x5f, 0xa0, 0x00, 0xfd, 0x00, 0x00, 0xbf, 0x40, 0x0f, 0xd0, 0x00, 0x03,
    0xfc, 0x00, 0xfd, 0x00, 0x00, 0x09, 0xf6, 0x0f, 0xd0, 0x00, 0x00, 0x2e, 0xe1, 0xfd, 0x00, 0x00,
    0x00, 0x8f, 0x80,
    /* U+004C "L" */
    0xfd, 0x00, 0x00, 0x00, 0x0f, 0xd0, 0x00, 0x00, 0x00, 0xfd, 0x00, 0x00, 0x00, 0x0f, 0xd0, 0x00,
    0x00, 0x00, 0xfd, 0x00, 0x00, 0x00, 0x0f, 0xd0, 0x00, 0x00, 0x00, 0xfd, 0x00, 0x00, 0x00, 0x0f,
    0xd0, 0x00, 0x00, 0x00, 0xfd, 0x00, 0x00, 0x00, 0x0f, 0xd0, 0x00, 0x00, 0x00, 0xfd, 0x00, 0x00,
    0x00, 0x0f, 0xd0, 0x00, 0x00, 0x00, 0xfd, 0x00, 0x00, 0x00, 0x0f, 0xe9, 0x99, 0x99, 0x92, 0xff,
    0xff, 0xff, 0xff, 0x40,
    /* U+004D "M" */
    0xff, 0x60, 0x00, 0x00, 0x03, 0xff, 0x3f, 0xfb, 0x00, 0x00, 0x00, 0x8f, 0xf3, 0xfc, 0xf2, 0x00,
    0x00, 0x0d, 0xcf, 0x3f, 0x9e, 0x70, 0x00, 0x04, 0xf8, 0xf3, 0xf9, 0xac, 0x00, 0x00, 0x9d, 0x6f,
    0x3f, 0x95, 0xf3, 0x00, 0x0e, 0x87, 0xf3, 0xfa, 0x1e, 0x80, 0x05, 0xf2, 0x7f, 0x3f, 0xa0, 0x9d,
    0x00, 0xac, 0x07, 0xf3, 0xfa, 0x04, 0xf3, 0x1e, 0x60, 0x7f, 0x3f, 0xa0, 0x0d, 0x95, 0xf1, 0x07,
    0xf3, 0xfa, 0x00, 0x8e, 0xab, 0x00, 0x7f, 0x3f, 0xa0, 0x03, 0xff, 0x50, 0x07, 0xf3, 0xfa, 0x00,
    0x0c, 0xe1, 0x00, 0x7f, 0x3f, 0xa0, 0x00, 0x23, 0x00, 0x07, 0xf3, 0xfa, 0x00, 0x00, 0x00, 0x00,
    0x7f, 0x30,
    /* U+004E "N" */
    0xff, 0x30, 0x00, 0x00, 0x5f, 0x7f, 0xfb, 0x00, 0x00, 0x05, 0xf7, 0xfd, 0xf4, 0x00, 0x00, 0x5f,
    0x7f, 0x9c, 0xd0, 0x00, 0x05, 0xf7, 0xf9, 0x5f, 0x60, 0x00, 0x5f, 0x7f, 0xa0, 0xce, 0x10, 0x05,
    0xf7, 0xfb, 0x04, 0xf8, 0x00, 0x5f, 0x7f, 0xb0, 0x0a, 0xf2, 0x05, 0xf7, 0xfb, 0x00, 0x2f, 0xa0,
    0x4f, 0x7f, 0xb0, 0x00, 0x9f, 0x43, 0xf7, 0xfb, 0x00, 0x01, 0xeb, 0x3f, 0x7f, 0xb0, 0x00, 0x07,
    0xf6, 0xf7, 0xfb, 0x00, 0x00, 0x0d, 0xdf, 0x7f, 0xb0, 0x00, 0x00, 0x5f, 0xf7, 0xfb, 0x00, 0x00,
    0x00, 0xbf, 0x70,
    /* U+004F "O" */
    0x00, 0x03, 0xae, 0xfd, 0x92, 0x00, 0x00, 0x07, 0xff, 0xca, 0xdf, 0xe5, 0x00, 0x06, 0xfd, 0x30,
    0x00, 0x4e, 0xf3, 0x01, 0xdf, 0x20, 0x00, 0x00, 0x4f, 0xb0, 0x6f, 0x90, 0x00, 0x00, 0x00, 0xcf,
    0x38, 0xf4, 0x00, 0x00, 0x00, 0x07, 0xf6, 0xbf, 0x20, 0x00, 0x00, 0x00, 0x5f, 0x8c, 0xf1, 0x00,
    0x00, 0x00, 0x04, 0xfa, 0xaf, 0x30, 0x00, 0x00, 0x00, 0x5f, 0x88, 0xf5, 0x00, 0x00, 0x00, 0x07,
    0xf6, 0x6f, 0x90, 0x00, 0x00, 0x00, 0xcf, 0x30, 0xdf, 0x20, 0x00, 0x00, 0x5f, 0xb0, 0x05, 0xfd,
    0x30, 0x00, 0x4e, 0xf3, 0x00, 0x06, 0xff, 0xca, 0xdf, 0xe4, 0x00, 0x00, 0x03, 0xae, 0xfd, 0x92,
    0x00, 0x00,
    /* U+0050 "P" */
    0xff, 0xff, 0xfd, 0xb5, 0x00, 0xfe, 0x88, 0x8a, 0xef, 0x90, 0xfd, 0x00, 0x00, 0x1c, 0xf4, 0xfd,
    0x00, 0x00, 0x05, 0xf7, 0xfd, 0x00, 0x00, 0x03, 0xf9, 0xfd, 0x00, 0x00, 0x06, 0xf7, 0xfd, 0x00,
    0x00, 0x1d, 0xf3, 0xfe, 0x77, 0x8a, 0xef, 0x70, 0xff, 0xff, 0xfd, 0xa3, 0x00, 0xfd, 0x00, 0x00,
    0x00, 0x00, 0xfd, 0x00, 0x00, 0x00, 0x00, 0xfd, 0x00, 0x00, 0x00, 0x00, 0xfd, 0x00, 0x00, 0x00,
    0x00, 0xfd, 0x00, 0x00, 0x00, 0x00, 0xfd, 0x00, 0x00, 0x00, 0x00,
    /* U+0051 "Q" */
    0x00, 0x03, 0xae, 0xfd, 0x92, 0x00, 0x00, 0x07, 0xff, 0xda, 0xdf, 0xe5, 0x00, 0x06, 0xfd, 0x30,
    0x00, 0x4e, 0xf3, 0x00, 0xdf, 0x20, 0x00, 0x00, 0x4f, 0xb0, 0x6f, 0x90, 0x00, 0x00, 0x00, 0xcf,
    0x38, 0xf4, 0x00, 0x00, 0x00, 0x07, 0xf6, 0xaf, 0x30, 0x00, 0x00, 0x00, 0x5f, 0x8c, 0xf1, 0x00,
    0x00, 0x00, 0x04, 0xfa, 0xbf, 0x20, 0x00, 0x00, 0x00, 0x5f, 0x89, 0xf4, 0x00, 0x00, 0x00, 0x07,
    0xf6, 0x6f, 0x90, 0x00, 0x00, 0x00, 0xbf, 0x30, 0xee, 0x10, 0x00, 0x00, 0x3f, 0xc0, 0x07, 0xfc,
    0x10, 0x00, 0x3d, 0xf4, 0x00, 0x08, 0xfe, 0xa8, 0xbe, 0xf5, 0x00, 0x00, 0x05, 0xaf, 0xfe, 0x93,
    0x00, 0x00, 0x00, 0x00, 0x3f, 0xd2, 0x00, 0x00, 0x00, 0x00, 0x00, 0x9f, 0xd6, 0x21, 0x20, 0x00,
    0x00, 0x00, 0x7e, 0xff, 0xfc, 0x00, 0x00, 0x00, 0x00, 0x15, 0x78, 0x50,
    /* U+0052 "R" */
    0xff, 0xff, 0xfe, 0xc6, 0x10, 0x0f, 0xe8, 0x88, 0x9e, 0xfb, 0x00, 0xfd, 0x00, 0x00, 0x0a, 0xf6,
    0x0f, 0xd0, 0x00, 0x00, 0x4f, 0x90, 0xfd, 0x00, 0x00, 0x03, 0xfa, 0x0f, 0xd0, 0x00, 0x00, 0x7f,
    0x70, 0xfd, 0x00, 0x02, 0x7f, 0xe1, 0x0f, 0xff, 0xff, 0xff, 0xd3, 0x00, 0xfe, 0x77, 0xaf, 0xa0,
    0x00, 0x0f, 0xd0, 0x01, 0xef, 0x20, 0x00, 0xfd, 0x00, 0x06, 0xfa, 0x00, 0x0f, 0xd0, 0x00, 0x0d,
    0xf3, 0x00, 0xfd, 0x00, 0x00, 0x5f, 0xb0, 0x0f, 0xd0, 0x00, 0x00, 0xcf, 0x50, 0xfd, 0x00, 0x00,
    0x03, 0xfd, 0x00,
    /* U+0053 "S" */
    0x00, 0x3a, 0xde, 0xd8, 0x10, 0x00, 0x6f, 0xfb, 0xad, 0xfd, 0x30, 0x1f, 0xe2, 0x00, 0x04, 0xb1,
    0x04, 0xf9, 0x00, 0x00, 0x00, 0x00, 0x4f, 0xb0, 0x00, 0x00, 0x00, 0x01, 0xdf, 0xa2, 0x00, 0x00,
    0x00, 0x03, 0xdf, 0xf9, 0x30, 0x00, 0x00, 0x00, 0x7e, 0xff, 0xb3, 0x00, 0x00, 0x00, 0x06, 0xdf,
    0xe3, 0x00, 0x00, 0x00, 0x00, 0x8f, 0xc0, 0x00, 0x00, 0x00, 0x00, 0xef, 0x01, 0x10, 0x00, 0x00,
    0x0e, 0xe0, 0xbe, 0x50, 0x00, 0x07, 0xfa, 0x03, 0xdf, 0xeb, 0xad, 0xfd, 0x10, 0x01, 0x8c, 0xee,
    0xc7, 0x10, 0x00,
    /* U+0054 "T" */
    0x6f, 0xff, 0xff, 0xff, 0xff, 0xf5, 0x38, 0x88, 0x8f, 0xe8, 0x88, 0x83, 0x00, 0x00, 0x0e, 0xe0,
    0x00, 0x00, 0x00, 0x00, 0x0e, 0xe0, 0x00, 0x00, 0x00, 0x00, 0x0e, 0xe0, 0x00, 0x00, 0x00, 0x00,
    0x0e, 0xe0, 0x00, 0x00, 0x00, 0x00, 0x0e, 0xe0, 0x00, 0x00, 0x00, 0x00, 0x0e, 0xe0, 0x00, 0x00,
    0x00, 0x00, 0x0e, 0xe0, 0x00, 0x00, 0x00, 0x00, 0x0e, 0xe0, 0x00, 0x00, 0x00, 0x00, 0x0e, 0xe0,
    0x00, 0x00, 0x00, 0x00, 0x0e, 0xe0, 0x00, 0x00, 0x00, 0x00, 0x0e, 0xe0, 0x00, 0x00, 0x00, 0x00,
    0x0e, 0xe0, 0x00, 0x00, 0x00, 0x00, 0x0e, 0xe0, 0x00, 0x00,
    /* U+0055 "U" */
    0x1f, 0xc0, 0x00, 0x00, 0x05, 0xf7, 0x1f, 0xc0, 0x00, 0x00, 0x05, 0xf7, 0x1f, 0xc0, 0x00, 0x00,
    0x05, 0xf7, 0x1f, 0xc0, 0x00, 0x00, 0x05, 0xf7, 0x1f, 0xc0, 0x00, 0x00, 0x05, 0xf7, 0x1f, 0xc0,
    0x00, 0x00, 0x05, 0xf7, 0x1f, 0xc0, 0x00, 0x00, 0x05, 0xf7, 0x1f, 0xc0, 0x00, 0x00, 0x05, 0xf7,
    0x1f, 0xc0, 0x00, 0x00, 0x05, 0xf7, 0x0f, 0xd0, 0x00, 0x00, 0x06, 0xf6, 0x0e, 0xf0, 0x00, 0x00,
    0x08, 0xf5, 0x0a, 0xf5, 0x00, 0x00, 0x0d, 0xf1, 0x03, 0xfd, 0x20, 0x00, 0x8f, 0x90, 0x00, 0x8f,
    0xeb, 0xad, 0xfd, 0x10, 0x00, 0x04, 0xbd, 0xec, 0x81, 0x00,
    /* U+0056 "V" */
    0xdf, 0x10, 0x00, 0x00, 0x08, 0xf5, 0x8f, 0x60, 0x00, 0x00, 0x0d, 0xf1, 0x3f, 0xa0, 0x00, 0x00,
    0x2f, 0xb0, 0x0e, 0xe0, 0x00, 0x00, 0x7f, 0x60, 0x09, 0xf3, 0x00, 0x00, 0xbf, 0x10, 0x05, 0xf7,
    0x00, 0x01, 0xfb, 0x00, 0x01, 0xec, 0x00, 0x05, 0xf6, 0x00, 0x00, 0xaf, 0x10, 0x0a, 0xf2, 0x00,
    0x00, 0x6f, 0x50, 0x0e, 0xc0, 0x00, 0x00, 0x1f, 0x90, 0x3f, 0x70, 0x00, 0x00, 0x0c, 0xe0, 0x8f,
    0x20, 0x00, 0x00, 0x07, 0xf3, 0xcd, 0x00, 0x00, 0x00, 0x03, 0xf9, 0xf8, 0x00, 0x00, 0x00, 0x00,
    0xdf, 0xf3, 0x00, 0x00, 0x00, 0x00, 0x8f, 0xd0, 0x00, 0x00,
    /* U+0057 "W" */
    0x6f, 0x70, 0x00, 0x02, 0xfc, 0x00, 0x00, 0x0d, 0xe3, 0xfa, 0x00, 0x00, 0x6f, 0xf1, 0x00, 0x01,
    0xfb, 0x0e, 0xd0, 0x00, 0x0a, 0xdf, 0x40, 0x00, 0x4f, 0x80, 0xcf, 0x10, 0x00, 0xe8, 0xe8, 0x00,
    0x07, 0xf4, 0x08, 0xf3, 0x00, 0x3f, 0x4c, 0xc0, 0x00, 0xaf, 0x10, 0x5f, 0x60, 0x06, 0xf1, 0x9f,
    0x10, 0x0d, 0xd0, 0x02, 0xf9, 0x00, 0xac, 0x05, 0xf4, 0x01, 0xfa, 0x00, 0x0e, 0xc0, 0x0e, 0x90,
    0x2f, 0x80, 0x3f, 0x70, 0x00, 0xbe, 0x03, 0xf5, 0x00, 0xdb, 0x06, 0xf4, 0x00, 0x08, 0xf2, 0x6f,
    0x10, 0x09, 0xe0, 0x9f, 0x10, 0x00, 0x5f, 0x59, 0xd0, 0x00, 0x6f, 0x2b, 0xd0, 0x00, 0x02, 0xf7,
    0xc9, 0x00, 0x02, 0xf6, 0xea, 0x00, 0x00, 0x0e, 0xaf, 0x50, 0x00, 0x0d, 0xaf, 0x70, 0x00, 0x00,
    0xbf, 0xf2, 0x00, 0x00, 0xaf, 0xf4, 0x00, 0x00, 0x08, 0xfd, 0x00, 0x00, 0x06, 0xff, 0x10, 0x00,
    /* U+0058 "X" */
    0x2f, 0xd0, 0x00, 0x00, 0x5f, 0x80, 0x08, 0xf7, 0x00, 0x00, 0xde, 0x10, 0x01, 0xee, 0x10, 0x06,
    0xf7, 0x00, 0x00, 0x7f, 0x70, 0x0d, 0xd1, 0x00, 0x00, 0x0d, 0xe1, 0x6f, 0x60, 0x00, 0x00, 0x05,
    0xf8, 0xdc, 0x00, 0x00, 0x00, 0x00, 0xcf, 0xf4, 0x00, 0x00, 0x00, 0x00, 0x8f, 0xe0, 0x00, 0x00,
    0x00, 0x02, 0xfd, 0xf7, 0x00, 0x00, 0x00, 0x0a, 0xf2, 0xce, 0x10, 0x00, 0x00, 0x3f, 0x90, 0x5f,
    0x90, 0x00, 0x00, 0xbf, 0x20, 0x0c, 0xf3, 0x00, 0x04, 0xf9, 0x00, 0x04, 0xfb, 0x00, 0x0c, 0xf2,
    0x00, 0x00, 0xbf, 0x40, 0x6f, 0x80, 0x00, 0x00, 0x3f, 0xd0,
    /* U+0059 "Y" */
    0xcf, 0x20, 0x00, 0x00, 0x8f, 0x65, 0xf9, 0x00, 0x00, 0x0e, 0xd0, 0x0c, 0xf1, 0x00, 0x06, 0xf7,
    0x00, 0x5f, 0x70, 0x00, 0xde, 0x10, 0x00, 0xde, 0x00, 0x4f, 0x70, 0x00, 0x06, 0xf6, 0x0b, 0xe1,
    0x00, 0x00, 0x0d, 0xc3, 0xf8, 0x00, 0x00, 0x00, 0x7f, 0xce, 0x10, 0x00, 0x00, 0x01, 0xef, 0x80,
    0x00, 0x00, 0x00, 0x0a, 0xf3, 0x00, 0x00, 0x00, 0x00, 0x9f, 0x30, 0x00, 0x00, 0x00, 0x09, 0xf3,
    0x00, 0x00, 0x00, 0x00, 0x9f, 0x30, 0x00, 0x00, 0x00, 0x09, 0xf3, 0x00, 0x00, 0x00, 0x00, 0x9f,
    0x30, 0x00, 0x00,
    /* U+005A "Z" */
    0x5f, 0xff, 0xff, 0xff, 0xff, 0x03, 0x88, 0x88, 0x88, 0xbf, 0xb0, 0x00, 0x00, 0x00, 0x0d, 0xf2,
    0x00, 0x00, 0x00, 0x07, 0xf8, 0x00, 0x00, 0x00, 0x02, 0xfd, 0x00, 0x00, 0x00, 0x00, 0xbf, 0x40,
    0x00, 0x00, 0x00, 0x5f, 0x90, 0x00, 0x00, 0x00, 0x1e, 0xe1, 0x00, 0x00, 0x00, 0x09, 0xf5, 0x00,
    0x00, 0x00, 0x04, 0xfb, 0x00, 0x00, 0x00, 0x00, 0xdf, 0x20, 0x00, 0x00, 0x00, 0x8f, 0x70, 0x00,
    0x00, 0x00, 0x2f, 0xc0, 0x00, 0x00, 0x00, 0x0b, 0xfb, 0x99, 0x99, 0x99, 0x91, 0xff, 0xff, 0xff,
    0xff, 0xff, 0x20,
    /* U+005B "[" */
    0xdf, 0xff, 0x1d, 0x81, 0x10, 0xd7, 0x00, 0x0d, 0x70, 0x00, 0xd7, 0x00, 0x0d, 0x70, 0x00, 0xd7,
    0x00, 0x0d, 0x70, 0x00, 0xd7, 0x00, 0x0d, 0x70, 0x00, 0xd7, 0x00, 0x0d, 0x70, 0x00, 0xd7, 0x00,
    0x0d, 0x70, 0x00, 0xd7, 0x00, 0x0d, 0x70, 0x00, 0xd7, 0x00, 0x0d, 0x70, 0x00, 0xdf, 0xff, 0x11,
    0x11, 0x10,
    /* U+005C "\x5C" */
    0x8b, 0x00, 0x00, 0x00, 0x4f, 0x10, 0x00, 0x00, 0x0e, 0x60, 0x00, 0x00, 0x09, 0xa0, 0x00, 0x00,
    0x05, 0xe0, 0x00, 0x00, 0x01, 0xf4, 0x00, 0x00, 0x00, 0xb9, 0x00, 0x00, 0x00, 0x6e, 0x00, 0x00,
    0x00, 0x1f, 0x30, 0x00, 0x00, 0x0c, 0x80, 0x00, 0x00, 0x07, 0xd0, 0x00, 0x00, 0x03, 0xf2, 0x00,
    0x00, 0x00, 0xd7, 0x00, 0x00, 0x00, 0x8b, 0x00, 0x00, 0x00, 0x4f, 0x10, 0x00, 0x00, 0x0e, 0x60,
    0x00, 0x00, 0x09, 0xa0, 0x00, 0x00, 0x05, 0xe0, 0x00, 0x00, 0x01, 0xf4, 0x00, 0x00, 0x00, 0x64,
    /* U+005D "]" */
    0x5f, 0xff, 0xa0, 0x11, 0xba, 0x00, 0x0b, 0xa0, 0x00, 0xba, 0x00, 0x0b, 0xa0, 0x00, 0xba, 0x00,
    0x0b, 0xa0, 0x00, 0xba, 0x00, 0x0b, 0xa0, 0x00, 0xba, 0x00, 0x0b, 0xa0, 0x00, 0xba, 0x00, 0x0b,
    0xa0, 0x00, 0xba, 0x00, 0x0b, 0xa0, 0x00, 0xba, 0x00, 0x0b, 0xa0, 0x00, 0xba, 0x5f, 0xff, 0xa0,
    0x11, 0x10,
    /* U+005E "^" */
    0x00, 0x07, 0xf8, 0x00, 0x00, 0x00, 0xde, 0xe0, 0x00, 0x00, 0x4f, 0x5f, 0x50, 0x00, 0x09, 0xd0,
    0xbb, 0x00, 0x01, 0xe7, 0x06, 0xf2, 0x00, 0x6f, 0x20, 0x1e, 0x80, 0x0c, 0xb0, 0x00, 0xad, 0x03,
    0xf5, 0x00, 0x04, 0xf4, 0x5a, 0x10, 0x00, 0x09, 0x60,
    /* U+005F "_" */
    0x23, 0x33, 0x33, 0x33, 0x33, 0x2b, 0xff, 0xff, 0xff, 0xff, 0xfd,
    /* U+0060 "`" */
    0x03, 0x30, 0x00, 0x0a, 0xf6, 0x00, 0x00, 0xaf, 0x40, 0x00, 0x0a, 0xe2, 0x00, 0x00, 0x74,
    /* U+0061 "a" */
    0x01, 0x8b, 0xed, 0xa1, 0x02, 0xee, 0xb9, 0xbf, 0xd0, 0x06, 0x10, 0x00, 0x9f, 0x50, 0x00, 0x00,
    0x04, 0xf8, 0x00, 0x02, 0x68, 0xbf, 0xa0, 0x3b, 0xfb, 0x87, 0xfa, 0x3e, 0xa1, 0x00, 0x3f, 0xaa,
    0xf1, 0x00, 0x03, 0xfa, 0xcf, 0x10, 0x01, 0x9f, 0xa8, 0xfc, 0x69, 0xdb, 0xfa, 0x1b, 0xfe, 0xb6,
    0x0d, 0xa0, 0x02, 0x10, 0x00, 0x00,
    /* U+0062 "b" */
    0x2b, 0x80, 0x00, 0x00, 0x00, 0x03, 0xfa, 0x00, 0x00, 0x00, 0x00, 0x3f, 0xa0, 0x00, 0x00, 0x00,
    0x03, 0xfa, 0x00, 0x00, 0x00, 0x00, 0x3f, 0xa0, 0x00, 0x00, 0x00, 0x03, 0xf9, 0x29, 0xdd, 0xa2,
    0x00, 0x3f, 0xde, 0xc9, 0xbf, 0xe3, 0x03, 0xfe, 0x60, 0x00, 0x6f, 0xb0, 0x3f, 0xa0, 0x00, 0x00,
    0xdf, 0x13, 0xfa, 0x00, 0x00, 0x0a, 0xf3, 0x3f, 0xa0, 0x00, 0x00, 0x9f, 0x43, 0xfa, 0x00, 0x00,
    0x0b, 0xf2, 0x3f, 0xa0, 0x00, 0x01, 0xee, 0x03, 0xfd, 0x20, 0x00, 0xaf, 0x70, 0x3f, 0xfe, 0x88,
    0xdf, 0xc0, 0x03, 0xf6, 0x8f, 0xfc, 0x70, 0x00, 0x00, 0x00, 0x02, 0x00, 0x00, 0x00,
    /* U+0063 "c" */
    0x00, 0x2a, 0xde, 0xb5, 0x00, 0x5f, 0xfb, 0x9c, 0xf2, 0x2e, 0xe3, 0x00, 0x02, 0x09, 0xf6, 0x00,
    0x00, 0x00, 0xcf, 0x10, 0x00, 0x00, 0x0e, 0xe0, 0x00, 0x00, 0x00, 0xcf, 0x10, 0x00, 0x00, 0x09,
    0xf5, 0x00, 0x00, 0x00, 0x3f, 0xd2, 0x00, 0x04, 0x00, 0x7f, 0xea, 0x9b, 0xf6, 0x00, 0x3a, 0xde,
    0xb5, 0x00,
    /* U+0064 "d" */
    0x00, 0x00, 0x00, 0x03, 0xb6, 0x00, 0x00, 0x00, 0x04, 0xf8, 0x00, 0x00, 0x00, 0x04, 0xf8, 0x00,
    0x00, 0x00, 0x04, 0xf8, 0x00, 0x00, 0x00, 0x04, 0xf8, 0x00, 0x4b, 0xed, 0x84, 0xf8, 0x06, 0xfe,
    0xa9, 0xde, 0xf8, 0x2f, 0xe3, 0x00, 0x09, 0xf8, 0x9f, 0x60, 0x00, 0x04, 0xf8, 0xbf, 0x10, 0x00,
    0x04, 0xf8, 0xef, 0x00, 0x00, 0x04, 0xf8, 0xdf, 0x10, 0x00, 0x04, 0xf8, 0xbf, 0x40, 0x00, 0x04,
    0xf8, 0x6f, 0xc1, 0x00, 0x1b, 0xf8, 0x0d, 0xfc, 0x6a, 0xeb, 0xf8, 0x01, 0xbf, 0xfb, 0x60, 0xf8,
    0x00, 0x01, 0x20, 0x00, 0x00,
    /* U+0065 "e" */
    0x00, 0x3a, 0xed, 0xa2, 0x00, 0x06, 0xfd, 0x89, 0xee, 0x30, 0x2e, 0xb1, 0x00, 0x1e, 0xb0, 0x9f,
    0x20, 0x00, 0x08, 0xf0, 0xce, 0x44, 0x44, 0x49, 0xf2, 0xef, 0xff, 0xff, 0xff, 0xf3, 0xce, 0x00,
    0x00, 0x00, 0x00, 0x9f, 0x30, 0x00, 0x00, 0x00, 0x3f, 0xc1, 0x00, 0x00, 0x10, 0x06, 0xfe, 0x97,
    0x9d, 0x80, 0x00, 0x3a, 0xde, 0xc8, 0x10,
    /* U+0066 "f" */
    0x00, 0x01, 0x56, 0x30, 0x00, 0x2d, 0xff, 0xe0, 0x00, 0x9f, 0x71, 0x20, 0x00, 0xcf, 0x10, 0x00,
    0x00, 0xde, 0x00, 0x00, 0x00, 0xde, 0x00, 0x00, 0x6e, 0xff, 0xff, 0x40, 0x37, 0xef, 0x77, 0x20,
    0x00, 0xde, 0x00, 0x00, 0x00, 0xde, 0x00, 0x00, 0x00, 0xde, 0x00, 0x00, 0x00, 0xde, 0x00, 0x00,
    0x00, 0xde, 0x00, 0x00, 0x00, 0xde, 0x00, 0x00, 0x00, 0xde, 0x00, 0x00, 0x00, 0xde, 0x00, 0x00,
    0x00, 0xde, 0x00, 0x00,
    /* U+0067 "g" */
    0x00, 0x7c, 0xff, 0xff, 0xfc, 0x0b, 0xf9, 0x69, 0xfc, 0x65, 0x5f, 0x80, 0x00, 0x8f, 0x30, 0x8f,
    0x30, 0x00, 0x4f, 0x60, 0x5f, 0x50, 0x00, 0x6f, 0x40, 0x1d, 0xd4, 0x14, 0xec, 0x00, 0x06, 0xff,
    0xff, 0xb2, 0x00, 0x1e, 0x61, 0x31, 0x00, 0x00, 0x5f, 0x50, 0x00, 0x00, 0x00, 0x2f, 0xd8, 0x87,
    0x76, 0x20, 0x09, 0xff, 0xff, 0xff, 0xf6, 0x5f, 0x40, 0x00, 0x15, 0xfd, 0xcb, 0x00, 0x00, 0x00,
    0xde, 0xdc, 0x00, 0x00, 0x04, 0xf9, 0x7f, 0xc6, 0x45, 0x9f, 0xc1, 0x05, 0xbd, 0xfd, 0xb5, 0x00,
    /* U+0068 "h" */
    0x2b, 0x80, 0x00, 0x00, 0x00, 0x3f, 0xa0, 0x00, 0x00, 0x00, 0x3f, 0xa0, 0x00, 0x00, 0x00, 0x3f,
    0xa0, 0x00, 0x00, 0x00, 0x3f, 0xa0, 0x00, 0x00, 0x00, 0x3f, 0xa1, 0x9e, 0xeb, 0x20, 0x3f, 0xbd,
    0xea, 0xcf, 0xd0, 0x3f, 0xf8, 0x00, 0x0b, 0xf4, 0x3f, 0xb0, 0x00, 0x06, 0xf6, 0x3f, 0xa0, 0x00,
    0x05, 0xf8, 0x3f, 0xa0, 0x00, 0x05, 0xf8, 0x3f, 0xa0, 0x00, 0x05, 0xf8, 0x3f, 0xa0, 0x00, 0x05,
    0xf8, 0x3f, 0xa0, 0x00, 0x05, 0xf8, 0x3f, 0xa0, 0x00, 0x05, 0xf8, 0x3f, 0xa0, 0x00, 0x05, 0xf8,
    /* U+0069 "i" */
    0x04, 0x25, 0xfc, 0x3d, 0x80, 0x00, 0x00, 0x03, 0xfa, 0x3f, 0xa3, 0xfa, 0x3f, 0xa3, 0xfa, 0x3f,
    0xa3, 0xfa, 0x3f, 0xa3, 0xfa, 0x3f, 0xa3, 0xfa,
    /* U+006A "j" */
    0x00, 0x04, 0x20, 0x05, 0xfd, 0x00, 0x3d, 0x90, 0x00, 0x00, 0x00, 0x00, 0x00, 0x02, 0xfa, 0x00,
    0x2f, 0xa0, 0x02, 0xfa, 0x00, 0x2f, 0xa0, 0x02, 0xfa, 0x00, 0x2f, 0xa0, 0x02, 0xfa, 0x00, 0x2f,
    0xa0, 0x02, 0xfa, 0x00, 0x2f, 0xa0, 0x02, 0xfa, 0x00, 0x2f, 0xa0, 0x03, 0xfa, 0x00, 0x5f, 0x86,
    0x8d, 0xf3, 0xae, 0xd6, 0x00,
    /* U+006B "k" */
    0x01, 0x00, 0x00, 0x00, 0x00, 0x3f, 0xa0, 0x00, 0x00, 0x00, 0x3f, 0xa0, 0x00, 0x00, 0x00, 0x3f,
    0xa0, 0x00, 0x00, 0x00, 0x3f, 0xa0, 0x00, 0x00, 0x00, 0x3f, 0xa0, 0x00, 0x00, 0x00, 0x3f, 0xa0,
    0x00, 0x2e, 0xd1, 0x3f, 0xa0, 0x01, 0xce, 0x30, 0x3f, 0xa0, 0x0a, 0xf5, 0x00, 0x3f, 0xa0, 0x7f,
    0x70, 0x00, 0x3f, 0xa4, 0xfe, 0x00, 0x00, 0x3f, 0xbe, 0xef, 0x60, 0x00, 0x3f, 0xfd, 0x2c, 0xe1,
    0x00, 0x3f, 0xe3, 0x04, 0xfa, 0x00, 0x3f, 0xa0, 0x00, 0xaf, 0x40, 0x3f, 0xa0, 0x00, 0x1e, 0xd0,
    0x3f, 0xa0, 0x00, 0x07, 0xf8,
    /* U+006C "l" */
    0x02, 0x10, 0x3f, 0xa0, 0x3f, 0xa0, 0x3f, 0xa0, 0x3f, 0xa0, 0x3f, 0xa0, 0x3f, 0xa0, 0x3f, 0xa0,
    0x3f, 0xa0, 0x3f, 0xa0, 0x3f, 0xa0, 0x3f, 0xa0, 0x3f, 0xa0, 0x3f, 0xa0, 0x2f, 0xa0, 0x1f, 0xe5,
    0x07, 0xea,
    /* U+006D "m" */
    0x3f, 0x61, 0x9e, 0xe9, 0x00, 0x4c, 0xec, 0x50, 0x3f, 0x9d, 0xda, 0xdf, 0x86, 0xfb, 0xbf, 0xf3,
    0x3f, 0xf8, 0x00, 0x1e, 0xfe, 0x30, 0x07, 0xf9, 0x3f, 0xb0, 0x00, 0x0a, 0xf4, 0x00, 0x01, 0xfb,
    0x3f, 0xa0, 0x00, 0x09, 0xf3, 0x00, 0x00, 0xfc, 0x3f, 0xa0, 0x00, 0x09, 0xf3, 0x00, 0x00, 0xfc,
    0x3f, 0xa0, 0x00, 0x09, 0xf3, 0x00, 0x00, 0xfc, 0x3f, 0xa0, 0x00, 0x09, 0xf3, 0x00, 0x00, 0xfc,
    0x3f, 0xa0, 0x00, 0x09, 0xf3, 0x00, 0x00, 0xfc, 0x3f, 0xa0, 0x00, 0x09, 0xf3, 0x00, 0x00, 0xfc,
    0x3f, 0xa0, 0x00, 0x09, 0xf3, 0x00, 0x00, 0xfc,
    /* U+006E "n" */
    0x3f, 0x61, 0x9e, 0xeb, 0x20, 0x3f, 0x9d, 0xea, 0xcf, 0xd0, 0x3f, 0xf8, 0x00, 0x0b, 0xf4, 0x3f,
    0xb0, 0x00, 0x06, 0xf6, 0x3f, 0xa0, 0x00, 0x05, 0xf8, 0x3f, 0xa0, 0x00, 0x05, 0xf8, 0x3f, 0xa0,
    0x00, 0x05, 0xf8, 0x3f, 0xa0, 0x00, 0x05, 0xf8, 0x3f, 0xa0, 0x00, 0x05, 0xf8, 0x3f, 0xa0, 0x00,
    0x05, 0xf8, 0x3f, 0xa0, 0x00, 0x05, 0xf8,
    /* U+006F "o" */
    0x00, 0x3a, 0xde, 0xb4, 0x00, 0x00, 0x6f, 0xea, 0xae, 0xf7, 0x00, 0x2f, 0xd2, 0x00, 0x1c, 0xf3,
    0x09, 0xf5, 0x00, 0x00, 0x3f, 0xb0, 0xcf, 0x10, 0x00, 0x00, 0xed, 0x0e, 0xe0, 0x00, 0x00, 0x0c,
    0xf0, 0xcf, 0x10, 0x00, 0x00, 0xee, 0x09, 0xf5, 0x00, 0x00, 0x3f, 0xb0, 0x2f, 0xd2, 0x00, 0x1c,
    0xf4, 0x00, 0x6f, 0xe9, 0x9d, 0xf8, 0x00, 0x00, 0x3a, 0xde, 0xb4, 0x00, 0x00,
    /* U+0070 "p" */
    0x3f, 0x62, 0x9d, 0xda, 0x20, 0x03, 0xfc, 0xec, 0x9b, 0xfe, 0x30, 0x3f, 0xd4, 0x00, 0x06, 0xfb,
    0x03, 0xfa, 0x00, 0x00, 0x0d, 0xf1, 0x3f, 0xa0, 0x00, 0x00, 0xaf, 0x33, 0xfa, 0x00, 0x00, 0x09,
    0xf4, 0x3f, 0xa0, 0x00, 0x00, 0xbf, 0x23, 0xfa, 0x00, 0x00, 0x1e, 0xe0, 0x3f, 0xd2, 0x00, 0x0a,
    0xf7, 0x03, 0xfe, 0xfa, 0x9d, 0xfc, 0x00, 0x3f, 0x95, 0xbe, 0xc7, 0x00, 0x03, 0xfa, 0x00, 0x00,
    0x00, 0x00, 0x3f, 0xa0, 0x00, 0x00, 0x00, 0x03, 0xfa, 0x00, 0x00, 0x00, 0x00, 0x3f, 0xa0, 0x00,
    0x00, 0x00, 0x03, 0xfa, 0x00, 0x00, 0x00, 0x00,
    /* U+0071 "q" */
    0x00, 0x4b, 0xed, 0x93, 0xf8, 0x07, 0xfe, 0xa9, 0xdf, 0xf8, 0x2f, 0xe3, 0x00, 0x09, 0xf8, 0x9f,
    0x60, 0x00, 0x04, 0xf8, 0xcf, 0x10, 0x00, 0x04, 0xf8, 0xef, 0x00, 0x00, 0x04, 0xf8, 0xcf, 0x10,
    0x00, 0x04, 0xf8, 0xaf, 0x40, 0x00, 0x04, 0xf8, 0x4f, 0xc1, 0x00, 0x1b, 0xf8, 0x0a, 0xfd, 0x9a,
    0xec, 0xf8, 0x00, 0x7c, 0xeb, 0x64, 0xf8, 0x00, 0x00, 0x00, 0x04, 0xf8, 0x00, 0x00, 0x00, 0x04,
    0xf8, 0x00, 0x00, 0x00, 0x04, 0xf8, 0x00, 0x00, 0x00, 0x04, 0xf8, 0x00, 0x00, 0x00, 0x04, 0xf8,
    /* U+0072 "r" */
    0x3f, 0x51, 0xae, 0xa3, 0xf7, 0xcd, 0xa5, 0x3f, 0xea, 0x00, 0x03, 0xfe, 0x10, 0x00, 0x3f, 0xa0,
    0x00, 0x03, 0xfa, 0x00, 0x00, 0x3f, 0xa0, 0x00, 0x03, 0xfa, 0x00, 0x00, 0x3f, 0xa0, 0x00, 0x03,
    0xfa, 0x00, 0x00, 0x3f, 0xa0, 0x00, 0x00,
    /* U+0073 "s" */
    0x00, 0x4b, 0xed, 0xb4, 0x00, 0x4f, 0xd7, 0x8b, 0xe1, 0x0a, 0xf2, 0x00, 0x01, 0x00, 0xaf, 0x30,
    0x00, 0x00, 0x03, 0xef, 0x93, 0x00, 0x00, 0x02, 0x9f, 0xfb, 0x30, 0x00, 0x00, 0x17, 0xee, 0x30,
    0x00, 0x00, 0x04, 0xf8, 0x05, 0x10, 0x00, 0x4f, 0x72, 0xee, 0x97, 0x8e, 0xe2, 0x01, 0x9c, 0xed,
    0xa2, 0x00,
    /* U+0074 "t" */
    0x00, 0x47, 0x00, 0x00, 0x00, 0x9f, 0x00, 0x00, 0x00, 0xaf, 0x00, 0x00, 0x00, 0xbf, 0x00, 0x00,
    0x6e, 0xff, 0xff, 0xe0, 0x37, 0xef, 0x77, 0x70, 0x00, 0xdf, 0x00, 0x00, 0x00, 0xdf, 0x00, 0x00,
    0x00, 0xdf, 0x00, 0x00, 0x00, 0xdf, 0x00, 0x00, 0x00, 0xdf, 0x00, 0x00, 0x00, 0xcf, 0x00, 0x00,
    0x00, 0xbf, 0x30, 0x00, 0x00, 0x6f, 0xd8, 0xa0, 0x00, 0x08, 0xde, 0xb2,
    /* U+0075 "u" */
    0x5f, 0x80, 0x00, 0x07, 0xf5, 0x5f, 0x80, 0x00, 0x07, 0xf5, 0x5f, 0x80, 0x00, 0x07, 0xf5, 0x5f,
    0x80, 0x00, 0x07, 0xf5, 0x5f, 0x80, 0x00, 0x07, 0xf5, 0x5f, 0x80, 0x00, 0x07, 0xf5, 0x5f, 0x80,
    0x00, 0x07, 0xf5, 0x4f, 0x90, 0x00, 0x08, 0xf5, 0x2f, 0xd1, 0x00, 0x5f, 0xf5, 0x0b, 0xfd, 0x9d,
    0xd7, 0xf5, 0x01, 0xae, 0xea, 0x24, 0xf5,
    /* U+0076 "v" */
    0x9f, 0x50, 0x00, 0x00, 0xce, 0x03, 0xfa, 0x00, 0x00, 0x2f, 0x90, 0x0d, 0xe0, 0x00, 0x07, 0xf4,
    0x00, 0x8f, 0x40, 0x00, 0xce, 0x00, 0x02, 0xf9, 0x00, 0x2f, 0x90, 0x00, 0x0c, 0xe0, 0x07, 0xf3,
    0x00, 0x00, 0x7f, 0x40, 0xcd, 0x00, 0x00, 0x01, 0xf8, 0x1f, 0x80, 0x00, 0x00, 0x0b, 0xd6, 0xf3,
    0x00, 0x00, 0x00, 0x5f, 0xdd, 0x00, 0x00, 0x00, 0x01, 0xef, 0x70, 0x00, 0x00,
    /* U+0077 "w" */
    0x5f, 0x80, 0x00, 0x0e, 0xf1, 0x00, 0x06, 0xf6, 0x1f, 0xc0, 0x00, 0x3f, 0xf5, 0x00, 0x09, 0xf2,
    0x0c, 0xf1, 0x00, 0x7c, 0xc9, 0x00, 0x0d, 0xd0, 0x08, 0xf4, 0x00, 0xb9, 0x9d, 0x00, 0x2f, 0x90,
    0x04, 0xf8, 0x01, 0xf5, 0x5f, 0x20, 0x5f, 0x50, 0x00, 0xec, 0x04, 0xf2, 0x1f, 0x60, 0x9f, 0x10,
    0x00, 0xaf, 0x18, 0xd0, 0x0c, 0xa0, 0xdc, 0x00, 0x00, 0x6f, 0x4c, 0x90, 0x08, 0xe1, 0xf8, 0x00,
    0x00, 0x2f, 0x7f, 0x50, 0x04, 0xf7, 0xf4, 0x00, 0x00, 0x0d, 0xef, 0x10, 0x01, 0xfe, 0xe0, 0x00,
    0x00, 0x09, 0xfc, 0x00, 0x00, 0xcf, 0xb0, 0x00,
    /* U+0078 "x" */
    0x2f, 0xc0, 0x00, 0x0c, 0xe2, 0x07, 0xf7, 0x00, 0x5f, 0x70, 0x00, 0xde, 0x20, 0xdd, 0x00, 0x00,
    0x4f, 0xa6, 0xf4, 0x00, 0x00, 0x09, 0xfe, 0xa0, 0x00, 0x00, 0x05, 0xff, 0x40, 0x00, 0x00, 0x0d,
    0xcf, 0xb0, 0x00, 0x00, 0x8f, 0x38, 0xf6, 0x00, 0x02, 0xfa, 0x01, 0xde, 0x20, 0x0b, 0xe2, 0x00,
    0x4f, 0xa0, 0x6f, 0x80, 0x00, 0x0a, 0xf5,
    /* U+0079 "y" */
    0x8f, 0x50, 0x00, 0x00, 0xce, 0x13, 0xfa, 0x00, 0x00, 0x2f, 0xa0, 0x0c, 0xf1, 0x00, 0x06, 0xf5,
    0x00, 0x6f, 0x60, 0x00, 0xbe, 0x00, 0x01, 0xeb, 0x00, 0x1f, 0xa0, 0x00, 0x09, 0xf2, 0x06, 0xf5,
    0x00, 0x00, 0x3f, 0x70, 0xae, 0x00, 0x00, 0x00, 0xdc, 0x0e, 0xa0, 0x00, 0x00, 0x07, 0xf5, 0xf5,
    0x00, 0x00, 0x00, 0x1f, 0xee, 0x00, 0x00, 0x00, 0x00, 0xaf, 0xa0, 0x00, 0x00, 0x00, 0x07, 0xf4,
    0x00, 0x00, 0x00, 0x00, 0xde, 0x00, 0x00, 0x00, 0x00, 0x6f, 0x70, 0x00, 0x00, 0x08, 0xaf, 0xc0,
    0x00, 0x00, 0x02, 0xee, 0x91, 0x00, 0x00, 0x00,
    /* U+007A "z" */
    0x0a, 0xff, 0xff, 0xff, 0xb0, 0x57, 0x77, 0x7d, 0xf6, 0x00, 0x00, 0x04, 0xfb, 0x00, 0x00, 0x01,
    0xde, 0x20, 0x00, 0x00, 0x9f, 0x60, 0x00, 0x00, 0x4f, 0xb0, 0x00, 0x00, 0x1d, 0xe1, 0x00, 0x00,
    0x09, 0xf5, 0x00, 0x00, 0x04, 0xfa, 0x00, 0x00, 0x01, 0xdf, 0x87, 0x77, 0x76, 0x5f, 0xff, 0xff,
    0xff, 0xe0,
    /* U+007B "{" */
    0x00, 0x09, 0xef, 0x10, 0x05, 0xf7, 0x10, 0x00, 0x7f, 0x00, 0x00, 0x08, 0xf0, 0x00, 0x00, 0x7f,
    0x00, 0x00, 0x06, 0xf1, 0x00, 0x00, 0x5f, 0x10, 0x00, 0x06, 0xf1, 0x00, 0x02, 0xcc, 0x00, 0x04,
    0xfe, 0x20, 0x00, 0x15, 0xdb, 0x00, 0x00, 0x07, 0xf0, 0x00, 0x00, 0x5f, 0x10, 0x00, 0x06, 0xf1,
    0x00, 0x00, 0x7f, 0x00, 0x00, 0x08, 0xf0, 0x00, 0x00, 0x7f, 0x00, 0x00, 0x05, 0xf6, 0x00, 0x00,
    0x0a, 0xff, 0x10, 0x00, 0x00, 0x10,
    /* U+007C "|" */
    0xe5, 0xe5, 0xe5, 0xe5, 0xe5, 0xe5, 0xe5, 0xe5, 0xe5, 0xe5, 0xe5, 0xe5, 0xe5, 0xe5, 0xe5, 0xe5,
    0xe5, 0xe5, 0xe5, 0xe5, 0xe5, 0xe5, 0x52,
    /* U+007D "}" */
    0x5f, 0xd6, 0x00, 0x02, 0xaf, 0x10, 0x00, 0x4f, 0x40, 0x00, 0x4f, 0x40, 0x00, 0x4f, 0x30, 0x00,
    0x4f, 0x30, 0x00, 0x5f, 0x20, 0x00, 0x4f, 0x30, 0x00, 0x1f, 0xa1, 0x00, 0x04, 0xff, 0x00, 0x1e,
    0xb4, 0x00, 0x3f, 0x30, 0x00, 0x5f, 0x20, 0x00, 0x4f, 0x30, 0x00, 0x4f, 0x30, 0x00, 0x4f, 0x40,
    0x00, 0x4f, 0x40, 0x01, 0x9f, 0x20, 0x5f, 0xe7, 0x00, 0x01, 0x00, 0x00,
    /* U+007E "~" */
    0x01, 0xae, 0xb3, 0x00, 0x02, 0x00, 0xcd, 0x7b, 0xf7, 0x17, 0xf1, 0x07, 0x20, 0x07, 0xef, 0xf6,
    0x00, 0x00, 0x00, 0x01, 0x41, 0x00,
    /* U+00B7 "·" */
    0x05, 0xdd, 0x50, 0x0e, 0xff, 0xe0, 0x1f, 0xff, 0xf1, 0x08, 0xff, 0x80, 0x00, 0x22, 0x00,
    /* U+25B2 "▲" */
    0x00, 0x00, 0x00, 0x00, 0x04, 0x40, 0x00, 0x00, 0x00, 0x00, 0x00, 0x00, 0x00, 0x00, 0x0d, 0xd0,
    0x00, 0x00, 0x00, 0x00, 0x00, 0x00, 0x00, 0x00, 0x7f, 0xf7, 0x00, 0x00, 0x00, 0x00, 0x00, 0x00,
    0x00, 0x01, 0xef, 0xfe, 0x10, 0x00, 0x00, 0x00, 0x00, 0x00, 0x00, 0x09, 0xff, 0xff, 0x90, 0x00,
    0x00, 0x00, 0x00, 0x00, 0x00, 0x3f, 0xff, 0xff, 0xf3, 0x00, 0x00, 0x00, 0x00, 0x00, 0x00, 0xbf,
    0xff, 0xff, 0xfb, 0x00, 0x00, 0x00, 0x00, 0x00, 0x05, 0xff, 0xff, 0xff, 0xff, 0x50, 0x00, 0x00,
    0x00, 0x00, 0x0d, 0xff, 0xff, 0xff, 0xff, 0xd0, 0x00, 0x00, 0x00, 0x00, 0x7f, 0xff, 0xff, 0xff,
    0xff, 0xf7, 0x00, 0x00, 0x00, 0x02, 0xef, 0xff, 0xff, 0xff, 0xff, 0xfe, 0x10, 0x00, 0x00, 0x0a,
    0xff, 0xff, 0xff, 0xff, 0xff, 0xff, 0x90, 0x00, 0x00, 0x3f, 0xff, 0xff, 0xff, 0xff, 0xff, 0xff,
    0xf3, 0x00, 0x00, 0xcf, 0xff, 0xff, 0xff, 0xff, 0xff, 0xff, 0xfc, 0x00, 0x06, 0xff, 0xff, 0xff,
    0xff, 0xff, 0xff, 0xff, 0xff, 0x50, 0x1e, 0xff, 0xff, 0xff, 0xff, 0xff, 0xff, 0xff, 0xff, 0xd1,
    0x14, 0x44, 0x44, 0x44, 0x44, 0x44, 0x44, 0x44, 0x44, 0x41,
    /* U+25BC "▼" */
    0x14, 0x44, 0x44, 0x44, 0x44, 0x44, 0x44, 0x44, 0x44, 0x41, 0x1e, 0xff, 0xff, 0xff, 0xff, 0xff,
    0xff, 0xff, 0xff, 0xd1, 0x06, 0xff, 0xff, 0xff, 0xff, 0xff, 0xff, 0xff, 0xff, 0x50, 0x00, 0xcf,
    0xff, 0xff, 0xff, 0xff, 0xff, 0xff, 0xfc, 0x00, 0x00, 0x3f, 0xff, 0xff, 0xff, 0xff, 0xff, 0xff,
    0xf3, 0x00, 0x00, 0x0a, 0xff, 0xff, 0xff, 0xff, 0xff, 0xff, 0x90, 0x00, 0x00, 0x02, 0xef, 0xff,
    0xff, 0xff, 0xff, 0xfe, 0x20, 0x00, 0x00, 0x00, 0x7f, 0xff, 0xff, 0xff, 0xff, 0xf7, 0x00, 0x00,
    0x00, 0x00, 0x1d, 0xff, 0xff, 0xff, 0xff, 0xd0, 0x00, 0x00, 0x00, 0x00, 0x05, 0xff, 0xff, 0xff,
    0xff, 0x50, 0x00, 0x00, 0x00, 0x00, 0x00, 0xbf, 0xff, 0xff, 0xfb, 0x00, 0x00, 0x00, 0x00, 0x00,
    0x00, 0x3f, 0xff, 0xff, 0xf3, 0x00, 0x00, 0x00, 0x00, 0x00, 0x00, 0x09, 0xff, 0xff, 0x90, 0x00,
    0x00, 0x00, 0x00, 0x00, 0x00, 0x01, 0xef, 0xfe, 0x10, 0x00, 0x00, 0x00, 0x00, 0x00, 0x00, 0x00,
    0x7f, 0xf7, 0x00, 0x00, 0x00, 0x00, 0x00, 0x00, 0x00, 0x00, 0x0d, 0xd0, 0x00, 0x00, 0x00, 0x00,
    0x00, 0x00, 0x00, 0x00, 0x04, 0x40, 0x00, 0x00, 0x00, 0x00,
    /* U+3000 "　" */
    /* U+3042 "あ" */
    0x00, 0x00, 0x03, 0xb3, 0x00, 0x00, 0x00, 0x00, 0x00, 0x00, 0x00, 0x5f, 0x30, 0x00, 0x00, 0x00,
    0x00, 0x03, 0x10, 0x06, 0xf1, 0x23, 0x57, 0xac, 0x00, 0x01, 0xff, 0xff, 0xff, 0xff, 0xff, 0xec,
    0xa0, 0x00, 0x04, 0x56, 0x6c, 0xd5, 0x43, 0x10, 0x00, 0x00, 0x00, 0x00, 0x00, 0xaa, 0x00, 0x02,
    0xb4, 0x00, 0x00, 0x00, 0x00, 0x0b, 0x90, 0x13, 0x6f, 0x40, 0x00, 0x00, 0x00, 0x00, 0xde, 0xdf,
    0xff, 0xfc, 0x60, 0x00, 0x00, 0x03, 0xcf, 0xc6, 0x22, 0xea, 0x9f, 0x90, 0x00, 0x05, 0xfb, 0xe8,
    0x00, 0x7f, 0x20, 0x5f, 0x60, 0x04, 0xf9, 0x0c, 0x90, 0x1e, 0x90, 0x00, 0xbd, 0x00, 0xdb, 0x00,
    0xba, 0x0a, 0xe1, 0x00, 0x07, 0xf1, 0x6f, 0x20, 0x09, 0xc7, 0xf6, 0x00, 0x00, 0x9f, 0x0a, 0xc0,
    0x00, 0x7f, 0xf9, 0x00, 0x00, 0x0d, 0xc0, 0xcc, 0x00, 0x1a, 0xfa, 0x00, 0x00, 0x08, 0xf6, 0x09,
    0xfa, 0xae, 0xff, 0x60, 0x00, 0x19, 0xfb, 0x00, 0x2b, 0xec, 0x92, 0xd6, 0x17, 0xae, 0xf8, 0x00,
    0x00, 0x00, 0x00, 0x00, 0x00, 0xcd, 0x93, 0x00, 0x00, 0x00, 0x00, 0x00, 0x00, 0x00, 0x00, 0x00,
    0x00, 0x00,
    /* U+3044 "い" */
    0x5b, 0x40, 0x00, 0x00, 0x00, 0x00, 0x00, 0x00, 0x06, 0xf5, 0x00, 0x00, 0x00, 0x00, 0x5e, 0x30,
    0x00, 0x5f, 0x40, 0x00, 0x00, 0x00, 0x02, 0xec, 0x00, 0x05, 0xf4, 0x00, 0x00, 0x00, 0x00, 0x07,
    0xf5, 0x00, 0x5f, 0x50, 0x00, 0x00, 0x00, 0x00, 0x1f, 0xb0, 0x04, 0xf5, 0x00, 0x00, 0x00, 0x00,
    0x00, 0xaf, 0x20, 0x3f, 0x60, 0x00, 0x00, 0x00, 0x00, 0x04, 0xf6, 0x02, 0xf7, 0x00, 0x00, 0x00,
    0x00, 0x00, 0x1f, 0xa0, 0x0f, 0x90, 0x00, 0x00, 0x00, 0x00, 0x00, 0xce, 0x00, 0xdc, 0x00, 0x00,
    0x83, 0x00, 0x00, 0x09, 0xf2, 0x0a, 0xf1, 0x00, 0x0d, 0xb0, 0x00, 0x00, 0x6f, 0x40, 0x6f, 0x60,
    0x05, 0xf6, 0x00, 0x00, 0x04, 0xa2, 0x01, 0xee, 0x32, 0xde, 0x10, 0x00, 0x00, 0x00, 0x00, 0x05,
    0xff, 0xff, 0x60, 0x00, 0x00, 0x00, 0x00, 0x00, 0x06, 0xce, 0x70, 0x00, 0x00, 0x00, 0x00, 0x00,
    /* U+3046 "う" */
    0x00, 0x06, 0x31, 0x00, 0x00, 0x00, 0x00, 0x00, 0x3f, 0xff, 0xec, 0xb9, 0x94, 0x00, 0x00, 0x03,
    0x57, 0x9a, 0xcd, 0xe5, 0x00, 0x00, 0x00, 0x00, 0x00, 0x00, 0x00, 0x00, 0x00, 0x00, 0x00, 0x00,
    0x00, 0x00, 0x00, 0x00, 0x00, 0x13, 0x56, 0x74, 0x10, 0x00, 0x36, 0x9d, 0xff, 0xff, 0xff, 0xe6,
    0x00, 0x7f, 0xfb, 0x75, 0x31, 0x15, 0xdf, 0x40, 0x37, 0x10, 0x00, 0x00, 0x00, 0x2e, 0xc0, 0x00,
    0x00, 0x00, 0x00, 0x00, 0x0b, 0xe0, 0x00, 0x00, 0x00, 0x00, 0x00, 0x0a, 0xf1, 0x00, 0x00, 0x00,
    0x00, 0x00, 0x0d, 0xe0, 0x00, 0x00, 0x00, 0x00, 0x00, 0x4f, 0x90, 0x00, 0x00, 0x00, 0x00, 0x02,
    0xdf, 0x30, 0x00, 0x00, 0x00, 0x00, 0x5d, 0xf6, 0x00, 0x00, 0x00, 0x02, 0x6d, 0xfe, 0x60, 0x00,
    0x00, 0x08, 0xef, 0xff, 0x81, 0x00, 0x00, 0x00, 0x04, 0xd9, 0x51, 0x00, 0x00, 0x00,
    /* U+3048 "え" */
    0x00, 0x00, 0x65, 0x20, 0x00, 0x00, 0x00, 0x00, 0x00, 0x00, 0x0e, 0xff, 0xfd, 0xb9, 0x81, 0x00,
    0x00, 0x00, 0x00, 0x02, 0x57, 0x9b, 0xde, 0x00, 0x00, 0x00, 0x00, 0x00, 0x00, 0x00, 0x00, 0x00,
    0x00, 0x00, 0x00, 0x00, 0x00, 0x00, 0x00, 0x00, 0x00, 0x00, 0x00, 0x00, 0x01, 0x23, 0x45, 0x68,
    0xa0, 0x00, 0x00, 0x05, 0xff, 0xff, 0xff, 0xff, 0xff, 0x40, 0x00, 0x00, 0x3a, 0x87, 0x54, 0x33,
    0xde, 0x40, 0x00, 0x00, 0x00, 0x00, 0x00, 0x01, 0xce, 0x30, 0x00, 0x00, 0x00, 0x00, 0x00, 0x01,
    0xce, 0x30, 0x00, 0x00, 0x00, 0x00, 0x00, 0x01, 0xbe, 0x30, 0x00, 0x00, 0x00, 0x00, 0x00, 0x00,
    0xbf, 0xfe, 0x50, 0x00, 0x00, 0x00, 0x00, 0x00, 0xaf, 0x85, 0xde, 0x00, 0x00, 0x00, 0x00, 0x00,
    0x9f, 0x60, 0x06, 0xf4, 0x00, 0x00, 0x00, 0x00, 0x9f, 0x80, 0x00, 0x2f, 0x80, 0x00, 0x00, 0x00,
    0x8f, 0xa0, 0x00, 0x00, 0xce, 0x30, 0x12, 0x51, 0x6f, 0xc0, 0x00, 0x00, 0x06, 0xff, 0xff, 0xff,
    0x20, 0x61, 0x00, 0x00, 0x00, 0x03, 0x79, 0x87, 0x50,
    /* U+304A "お" */
    0x00, 0x00, 0x7d, 0x20, 0x00, 0x00, 0x00, 0x00, 0x00, 0x00, 0x07, 0xf1, 0x00, 0x00, 0x00, 0x00,
    0x00, 0x00, 0x00, 0x7f, 0x10, 0x00, 0x00, 0x51, 0x00, 0x01, 0x10, 0x08, 0xf5, 0x7a, 0xd2, 0x2f,
    0xd5, 0x00, 0x9f, 0xff, 0xff, 0xff, 0xda, 0x10, 0x2b, 0xfa, 0x13, 0x77, 0x7b, 0xe3, 0x10, 0x00,
    0x00, 0x06, 0xec, 0x00, 0x00, 0x8e, 0x00, 0x00, 0x00, 0x00, 0x03, 0x40, 0x00, 0x08, 0xe0, 0x00,
    0x00, 0x00, 0x00, 0x00, 0x00, 0x00, 0x8e, 0x6a, 0xce, 0xec, 0x92, 0x00, 0x00, 0x00, 0x3c, 0xff,
    0xc9, 0x76, 0x9e, 0xe3, 0x00, 0x00, 0x7f, 0xfe, 0x20, 0x00, 0x00, 0x2e, 0xd0, 0x00, 0x9f, 0x98,
    0xe0, 0x00, 0x00, 0x00, 0x7f, 0x20, 0x5f, 0x70, 0x7f, 0x00, 0x00, 0x00, 0x05, 0xf4, 0x0b, 0xc0,
    0x07, 0xf0, 0x00, 0x00, 0x00, 0x8f, 0x20, 0xcc, 0x00, 0x7f, 0x00, 0x00, 0x00, 0x3e, 0xd0, 0x07,
    0xf9, 0x1a, 0xf0, 0x00, 0x03, 0x8f, 0xf4, 0x00, 0x08, 0xff, 0xfc, 0x00, 0xbf, 0xff, 0xd4, 0x00,
    0x00, 0x03, 0x8a, 0x30, 0x05, 0x97, 0x40, 0x00, 0x00,
    /* U+304B "か" */
    0x00, 0x00, 0x01, 0x85, 0x00, 0x00, 0x00, 0x00, 0x00, 0x00, 0x00, 0x00, 0x3f, 0x90, 0x00, 0x00,
    0x00, 0x00, 0x00, 0x00, 0x00, 0x04, 0xf6, 0x00, 0x00, 0x00, 0x10, 0x00, 0x00, 0x00, 0x00, 0x6f,
    0x30, 0x00, 0x00, 0x8e, 0x20, 0x00, 0x00, 0x00, 0x19, 0xf5, 0x55, 0x30, 0x02, 0xfa, 0x00, 0x05,
    0xce, 0xff, 0xff, 0xff, 0xff, 0x90, 0x08, 0xf3, 0x00, 0x5e, 0xca, 0x8f, 0x91, 0x01, 0xaf, 0x30,
    0x1e, 0xb0, 0x00, 0x00, 0x03, 0xf5, 0x00, 0x02, 0xf6, 0x00, 0x8f, 0x20, 0x00, 0x00, 0x7f, 0x10,
    0x00, 0x1f, 0x70, 0x02, 0xf9, 0x00, 0x00, 0x0c, 0xc0, 0x00, 0x02, 0xf6, 0x00, 0x0c, 0xe1, 0x00,
    0x02, 0xf7, 0x00, 0x00, 0x3f, 0x50, 0x00, 0x7a, 0x10, 0x00, 0x7f, 0x20, 0x00, 0x04, 0xf4, 0x00,
    0x00, 0x00, 0x00, 0x0d, 0xc0, 0x00, 0x00, 0x6f, 0x30, 0x00, 0x00, 0x00, 0x05, 0xf6, 0x00, 0x00,
    0x09, 0xf0, 0x00, 0x00, 0x00, 0x00, 0xbe, 0x10, 0x00, 0x00, 0xdc, 0x00, 0x00, 0x00, 0x00, 0x5f,
    0x80, 0x14, 0x11, 0x7f, 0x70, 0x00, 0x00, 0x00, 0x0d, 0xe1, 0x01, 0xff, 0xff, 0xd1, 0x00, 0x00,
    0x00, 0x00, 0x35, 0x00, 0x05, 0x78, 0x51, 0x00, 0x00, 0x00, 0x00,
    /* U+304C "が" */
    0x00, 0x00, 0x00, 0x00, 0x00, 0x00, 0x00, 0x01, 0x91, 0x00, 0x00, 0x00, 0x25, 0x20, 0x00, 0x00,
    0x3a, 0x0c, 0x80, 0x00, 0x00, 0x06, 0xf5, 0x00, 0x00, 0x01, 0xe6, 0x4f, 0x20, 0x00, 0x00, 0x7f,
    0x30, 0x00, 0x00, 0x06, 0xd0, 0x72, 0x00, 0x00, 0x09, 0xf0, 0x00, 0x00, 0x04, 0x67, 0x10, 0x00,
    0x00, 0x00, 0xcd, 0x00, 0x00, 0x00, 0xbf, 0x20, 0x00, 0x8c, 0xcd, 0xbe, 0xfe, 0xfe, 0xb2, 0x02,
    0xfa, 0x00, 0x08, 0xca, 0x89, 0xfb, 0x77, 0x9f, 0xc0, 0x08, 0xf3, 0x00, 0x00, 0x00, 0x8f, 0x20,
    0x00, 0x8f, 0x10, 0x1e, 0xa0, 0x00, 0x00, 0x0c, 0xd0, 0x00, 0x05, 0xf3, 0x00, 0x9f, 0x20, 0x00,
    0x01, 0xf9, 0x00, 0x00, 0x6f, 0x20, 0x03, 0xf8, 0x00, 0x00, 0x6f, 0x40, 0x00, 0x07, 0xf1, 0x00,
    0x0d, 0xc0, 0x00, 0x0b, 0xe0, 0x00, 0x00, 0x8f, 0x00, 0x00, 0x30, 0x00, 0x02, 0xf9, 0x00, 0x00,
    0x0a, 0xe0, 0x00, 0x00, 0x00, 0x00, 0x9f, 0x30, 0x00, 0x00, 0xcb, 0x00, 0x00, 0x00, 0x00, 0x1e,
    0xc0, 0x00, 0x00, 0x2f, 0x80, 0x00, 0x00, 0x00, 0x09, 0xf4, 0x02, 0x31, 0x1b, 0xf3, 0x00, 0x00,
    0x00, 0x03, 0xfc, 0x00, 0x5f, 0xff, 0xfa, 0x00, 0x00, 0x00, 0x00, 0x05, 0x30, 0x01, 0x57, 0x74,
    0x00, 0x00, 0x00, 0x00, 0x00,
    /* U+304D "き" */
    0x00, 0x00, 0x00, 0x49, 0x30, 0x00, 0x00, 0x00, 0x00, 0x00, 0x04, 0xf6, 0x00, 0x01, 0x00, 0x23,
    0x21, 0x00, 0x1e, 0xa6, 0x9d, 0xd0, 0x06, 0xff, 0xff, 0xff, 0xff, 0xfe, 0xb7, 0x00, 0x13, 0x45,
    0x65, 0x58, 0xf4, 0x00, 0x00, 0x00, 0x00, 0x00, 0x00, 0x1f, 0x70, 0x00, 0x00, 0x32, 0x11, 0x00,
    0x11, 0xbd, 0x68, 0xbf, 0x1c, 0xff, 0xff, 0xff, 0xff, 0xff, 0xeb, 0x81, 0x35, 0x56, 0x66, 0x65,
    0x4c, 0xc0, 0x00, 0x00, 0x00, 0x00, 0x00, 0x00, 0x4f, 0x50, 0x00, 0x01, 0x00, 0x00, 0x01, 0x00,
    0xbd, 0x00, 0x00, 0xbc, 0x00, 0x00, 0x6f, 0xed, 0xf8, 0x00, 0x1f, 0x70, 0x00, 0x01, 0x46, 0x8b,
    0x20, 0x03, 0xf4, 0x00, 0x00, 0x00, 0x00, 0x00, 0x00, 0x2f, 0x70, 0x00, 0x00, 0x00, 0x00, 0x00,
    0x00, 0xde, 0x30, 0x00, 0x00, 0x00, 0x00, 0x00, 0x03, 0xef, 0xc9, 0x88, 0x9a, 0xc9, 0x00, 0x00,
    0x02, 0x7c, 0xdf, 0xed, 0xcb, 0x60, 0x00,
    /* U+304E "ぎ" */
    0x00, 0x00, 0x00, 0x00, 0x00, 0x00, 0x00, 0x45, 0x00, 0x00, 0x00, 0x02, 0x94, 0x00, 0x07, 0x55,
    0xe1, 0x00, 0x00, 0x00, 0x1f, 0x90, 0x00, 0x6e, 0x1b, 0x91, 0x43, 0x10, 0x11, 0xcc, 0x57, 0xb9,
    0xc7, 0x37, 0x2f, 0xff, 0xff, 0xff, 0xff, 0xec, 0x63, 0x40, 0x00, 0x34, 0x55, 0x55, 0x6f, 0x60,
    0x00, 0x00, 0x00, 0x00, 0x00, 0x00, 0x00, 0xca, 0x00, 0x00, 0x00, 0x02, 0x32, 0x10, 0x01, 0x18,
    0xf5, 0x8b, 0xe4, 0x00, 0x9f, 0xff, 0xff, 0xff, 0xff, 0xfe, 0xc8, 0x20, 0x02, 0x55, 0x66, 0x66,
    0x65, 0xae, 0x10, 0x00, 0x00, 0x00, 0x00, 0x00, 0x00, 0x02, 0xf7, 0x00, 0x00, 0x00, 0x00, 0x00,
    0x00, 0x00, 0x09, 0xe1, 0x00, 0x00, 0x07, 0xd1, 0x00, 0x03, 0xec, 0xcf, 0xb0, 0x00, 0x00, 0xcb,
    0x00, 0x00, 0x15, 0x79, 0xc5, 0x00, 0x00, 0x0f, 0x80, 0x00, 0x00, 0x00, 0x00, 0x00, 0x00, 0x00,
    0xea, 0x00, 0x00, 0x00, 0x00, 0x00, 0x00, 0x00, 0x0a, 0xf5, 0x00, 0x00, 0x00, 0x00, 0x00, 0x00,
    0x00, 0x2d, 0xfd, 0xa8, 0x89, 0xac, 0xc0, 0x00, 0x00, 0x00, 0x16, 0xbd, 0xef, 0xdc, 0xb8, 0x00,
    0x00, 0x00,
    /* U+304F "く" */
    0x00, 0x00, 0x00, 0x00, 0x20, 0x00, 0x00, 0x00, 0x00, 0x3e, 0x90, 0x00, 0x00, 0x00, 0x3e, 0xf6,
    0x00, 0x00, 0x00, 0x4e, 0xe4, 0x00, 0x00, 0x00, 0x6f, 0xd2, 0x00, 0x00, 0x00, 0x9f, 0xb1, 0x00,
    0x00, 0x01, 0xbf, 0x80, 0x00, 0x00, 0x02, 0xdf, 0x60, 0x00, 0x00, 0x00, 0xaf, 0x50, 0x00, 0x00,
    0x00, 0x0b, 0xf5, 0x00, 0x00, 0x00, 0x00, 0x2e, 0xf6, 0x00, 0x00, 0x00, 0x00, 0x2c, 0xf9, 0x00,
    0x00, 0x00, 0x00, 0x1b, 0xfb, 0x10, 0x00, 0x00, 0x00, 0x09, 0xfd, 0x20, 0x00, 0x00, 0x00, 0x07,
    0xfe, 0x30, 0x00, 0x00, 0x00, 0x06, 0xfe, 0x40, 0x00, 0x00, 0x00, 0x05, 0xff, 0x30, 0x00, 0x00,
    0x00, 0x06, 0x90,
    /* U+3050 "ぐ" */
    0x00, 0x00, 0x00, 0x00, 0x02, 0x00, 0x00, 0x00, 0x00, 0x00, 0x00, 0x6f, 0x50, 0x00, 0x00, 0x00,
    0x00, 0x06, 0xfe, 0x30, 0x00, 0x00, 0x00, 0x00, 0x8f, 0xc2, 0x00, 0x00, 0x00, 0x00, 0x0a, 0xfa,
    0x10, 0x04, 0x30, 0x00, 0x02, 0xcf, 0x80, 0x18, 0x09, 0xc0, 0x00, 0x3e, 0xe5, 0x00, 0x0d, 0x71,
    0xe6, 0x04, 0xed, 0x30, 0x00, 0x04, 0xe2, 0x56, 0x1e, 0xe2, 0x00, 0x00, 0x00, 0x83, 0x00, 0x1e,
    0xe2, 0x00, 0x00, 0x00, 0x00, 0x00, 0x05, 0xfe, 0x30, 0x00, 0x00, 0x00, 0x00, 0x00, 0x4e, 0xf6,
    0x00, 0x00, 0x00, 0x00, 0x00, 0x02, 0xdf, 0x80, 0x00, 0x00, 0x00, 0x00, 0x00, 0x1c, 0xfa, 0x10,
    0x00, 0x00, 0x00, 0x00, 0x01, 0xbf, 0xc1, 0x00, 0x00, 0x00, 0x00, 0x00, 0x09, 0xfd, 0x20, 0x00,
    0x00, 0x00, 0x00, 0x00, 0x9f, 0xd1, 0x00, 0x00, 0x00, 0x00, 0x00, 0x09, 0x60, 0x00,
    /* U+3051 "け" */
    0x03, 0x30, 0x00, 0x00, 0x00, 0x04, 0x61, 0x00, 0x00, 0xce, 0x00, 0x00, 0x00, 0x00, 0x8f, 0x30,
    0x00, 0x0e, 0xa0, 0x00, 0x00, 0x00, 0x06, 0xf2, 0x00, 0x01, 0xf8, 0x00, 0x00, 0x00, 0x00, 0x6f,
    0x20, 0x00, 0x3f, 0x50, 0x00, 0x21, 0x00, 0x05, 0xf3, 0x35, 0x35, 0xf3, 0x00, 0x1f, 0xff, 0xfe,
    0xef, 0xff, 0xf7, 0x6f, 0x10, 0x01, 0x67, 0x88, 0x79, 0xf9, 0x64, 0x18, 0xe0, 0x00, 0x00, 0x00,
    0x00, 0x5f, 0x30, 0x00, 0x8e, 0x00, 0x00, 0x00, 0x00, 0x05, 0xf3, 0x00, 0x09, 0xd0, 0x00, 0x00,
    0x00, 0x00, 0x5f, 0x20, 0x00, 0x9d, 0x0b, 0x10, 0x00, 0x00, 0x07, 0xf2, 0x00, 0x08, 0xf4, 0xd0,
    0x00, 0x00, 0x00, 0x8f, 0x00, 0x00, 0x6f, 0xa8, 0x00, 0x00, 0x00, 0x0b, 0xc0, 0x00, 0x05, 0xff,
    0x40, 0x00, 0x00, 0x02, 0xfa, 0x00, 0x00, 0x3f, 0xf0, 0x00, 0x00, 0x00, 0xaf, 0x40, 0x00, 0x00,
    0xfc, 0x00, 0x00, 0x00, 0x7f, 0xb0, 0x00, 0x00, 0x0b, 0xb0, 0x00, 0x01, 0xaf, 0xd2, 0x00, 0x00,
    0x00, 0x10, 0x00, 0x00, 0x1c, 0xc2, 0x00, 0x00, 0x00, 0x00, 0x00, 0x00, 0x00, 0x00, 0x00, 0x00,
    0x00, 0x00,
    /* U+3052 "げ" */
    0x00, 0x00, 0x00, 0x00, 0x00, 0x00, 0x00, 0x00, 0x10, 0x00, 0x00, 0x00, 0x00, 0x00, 0x00, 0x03,
    0x46, 0xb0, 0x0d, 0x90, 0x00, 0x00, 0x00, 0x0f, 0xc4, 0xd1, 0xe2, 0x2f, 0x80, 0x00, 0x00, 0x00,
    0x0d, 0xb0, 0xd4, 0x85, 0x4f, 0x50, 0x00, 0x00, 0x00, 0x0c, 0xb0, 0x53, 0x00, 0x5f, 0x30, 0x00,
    0x00, 0x00, 0x0c, 0xb0, 0x00, 0x00, 0x7f, 0x00, 0x03, 0x98, 0x88, 0x8d, 0xd9, 0xce, 0x30, 0x9e,
    0x00, 0x04, 0xef, 0xff, 0xff, 0xfe, 0xdb, 0x20, 0xac, 0x00, 0x00, 0x00, 0x00, 0x0b, 0xc0, 0x00,
    0x00, 0xbb, 0x00, 0x00, 0x00, 0x00, 0x0b, 0xb0, 0x00, 0x00, 0xca, 0x00, 0x00, 0x00, 0x00, 0x0b,
    0xb0, 0x00, 0x00, 0xca, 0x04, 0x00, 0x00, 0x00, 0x0c, 0xb0, 0x00, 0x00, 0xcb, 0x5b, 0x00, 0x00,
    0x00, 0x0e, 0x90, 0x00, 0x00, 0xac, 0xa7, 0x00, 0x00, 0x00, 0x1f, 0x70, 0x00, 0x00, 0x9e, 0xe2,
    0x00, 0x00, 0x00, 0x6f, 0x50, 0x00, 0x00, 0x7f, 0xd0, 0x00, 0x00, 0x00, 0xce, 0x10, 0x00, 0x00,
    0x4f, 0xa0, 0x00, 0x00, 0x09, 0xf8, 0x00, 0x00, 0x00, 0x1f, 0x80, 0x00, 0x00, 0x9f, 0xc1, 0x00,
    0x00, 0x00, 0x06, 0x30, 0x00, 0x08, 0xfc, 0x10, 0x00, 0x00, 0x00, 0x00, 0x00, 0x00, 0x00, 0x50,
    0x00, 0x00, 0x00, 0x00,
    /* U+3053 "こ" */
    0x04, 0xcb, 0xa9, 0x99, 0xaa, 0xbc, 0x50, 0x04, 0xdd, 0xef, 0xff, 0xee, 0xdc, 0x40, 0x00, 0x00,
    0x00, 0x00, 0x00, 0x00, 0x00, 0x00, 0x00, 0x00, 0x00, 0x00, 0x00, 0x00, 0x00, 0x00, 0x00, 0x00,
    0x00, 0x00, 0x00, 0x00, 0x00, 0x00, 0x00, 0x00, 0x00, 0x00, 0x00, 0x00, 0x00, 0x00, 0x00, 0x00,
    0x00, 0x00, 0x00, 0x00, 0x00, 0x00, 0x00, 0x00, 0x16, 0x20, 0x00, 0x00, 0x00, 0x00, 0x00, 0x4f,
    0x50, 0x00, 0x00, 0x00, 0x00, 0x00, 0x6f, 0x30, 0x00, 0x00, 0x00, 0x00, 0x00, 0x8f, 0x20, 0x00,
    0x00, 0x00, 0x00, 0x00, 0x5f, 0x90, 0x00, 0x00, 0x00, 0x00, 0x00, 0x1d, 0xfb, 0x52, 0x01, 0x12,
    0x35, 0x88, 0x02, 0xbf, 0xff, 0xff, 0xff, 0xff, 0xfa, 0x00, 0x02, 0x67, 0x99, 0x87, 0x75, 0x30,
    /* U+3054 "ご" */
    0x00, 0x00, 0x00, 0x00, 0x00, 0x00, 0x01, 0x70, 0x00, 0x00, 0x00, 0x00, 0x00, 0x00, 0x28, 0x0d,
    0x70, 0x00, 0x00, 0x00, 0x00, 0x00, 0x02, 0xe4, 0x5e, 0x10, 0x22, 0x11, 0x00, 0x01, 0x13, 0x48,
    0xc0, 0xb3, 0x0a, 0xff, 0xff, 0xff, 0xff, 0xff, 0x19, 0x10, 0x00, 0x47, 0x89, 0x99, 0x98, 0x87,
    0x60, 0x00, 0x00, 0x00, 0x00, 0x00, 0x00, 0x00, 0x00, 0x00, 0x00, 0x00, 0x00, 0x00, 0x00, 0x00,
    0x00, 0x00, 0x00, 0x00, 0x00, 0x00, 0x00, 0x00, 0x00, 0x00, 0x00, 0x00, 0x00, 0x00, 0x00, 0x00,
    0x00, 0x00, 0x00, 0x00, 0x00, 0x00, 0x00, 0x00, 0x00, 0x00, 0x00, 0x00, 0x00, 0x01, 0x10, 0x00,
    0x00, 0x00, 0x00, 0x00, 0x00, 0x00, 0x9f, 0x10, 0x00, 0x00, 0x00, 0x00, 0x00, 0x00, 0x0b, 0xd0,
    0x00, 0x00, 0x00, 0x00, 0x00, 0x00, 0x00, 0xdc, 0x00, 0x00, 0x00, 0x00, 0x00, 0x00, 0x00, 0x0b,
    0xf3, 0x00, 0x00, 0x00, 0x00, 0x00, 0x00, 0x00, 0x5f, 0xe8, 0x31, 0x01, 0x22, 0x46, 0x94, 0x00,
    0x00, 0x6e, 0xff, 0xff, 0xff, 0xff, 0xff, 0x50, 0x00, 0x00, 0x04, 0x78, 0x99, 0x87, 0x64, 0x20,
    0x00, 0x00,
    /* U+3055 "さ" */
    0x00, 0x00, 0x00, 0x09, 0x90, 0x00, 0x00, 0x00, 0x00, 0x00, 0x00, 0xbe, 0x00, 0x00, 0x00, 0x00,
    0x00, 0x00, 0x06, 0xf3, 0x00, 0x02, 0x04, 0x32, 0x10, 0x01, 0x2f, 0x97, 0xae, 0xf2, 0xcf, 0xff,
    0xff, 0xff, 0xff, 0xfd, 0xa7, 0x14, 0x56, 0x77, 0x76, 0x68, 0xf5, 0x00, 0x00, 0x00, 0x00, 0x00,
    0x00, 0x0d, 0xa0, 0x00, 0x00, 0x00, 0x00, 0x00, 0x00, 0x7f, 0x20, 0x00, 0x00, 0x00, 0x00, 0x00,
    0x01, 0xdb, 0x00, 0x00, 0x00, 0x00, 0x00, 0x00, 0x06, 0xf5, 0x00, 0x07, 0xc1, 0x00, 0x05, 0xfe,
    0xdf, 0xe1, 0x00, 0xdb, 0x00, 0x00, 0x25, 0x78, 0xa8, 0x00, 0x2f, 0x70, 0x00, 0x00, 0x00, 0x00,
    0x00, 0x04, 0xf5, 0x00, 0x00, 0x00, 0x00, 0x00, 0x00, 0x1f, 0x90, 0x00, 0x00, 0x00, 0x00, 0x00,
    0x00, 0xcf, 0x60, 0x00, 0x00, 0x00, 0x00, 0x00, 0x02, 0xdf, 0xea, 0x98, 0x9a, 0xce, 0x20, 0x00,
    0x01, 0x6b, 0xde, 0xfe, 0xdc, 0xa1, 0x00,
    /* U+3056 "ざ" */
    0x00, 0x00, 0x00, 0x00, 0x00, 0x00, 0x00, 0x00, 0x00, 0x00, 0x00, 0x00, 0x00, 0x00, 0x00, 0x02,
    0x3e, 0x20, 0x00, 0x00, 0x00, 0x01, 0x85, 0x00, 0x6e, 0x1b, 0xa0, 0x00, 0x00, 0x00, 0x00, 0xeb,
    0x00, 0x0c, 0x82, 0xe2, 0x00, 0x00, 0x00, 0x00, 0x9e, 0x00, 0x04, 0xc0, 0x00, 0x04, 0x32, 0x10,
    0x01, 0x5f, 0x77, 0xbe, 0xe0, 0x00, 0x1f, 0xff, 0xff, 0xff, 0xff, 0xff, 0xda, 0x70, 0x00, 0x05,
    0x56, 0x77, 0x76, 0x6a, 0xf2, 0x00, 0x00, 0x00, 0x00, 0x00, 0x00, 0x00, 0x02, 0xf7, 0x00, 0x00,
    0x00, 0x00, 0x00, 0x00, 0x00, 0x00, 0xad, 0x10, 0x00, 0x00, 0x00, 0x00, 0x00, 0x00, 0x00, 0x2f,
    0x80, 0x00, 0x00, 0x00, 0x00, 0x00, 0x00, 0x10, 0x09, 0xf2, 0x00, 0x00, 0x00, 0xba, 0x00, 0x00,
    0x9f, 0xed, 0xfc, 0x00, 0x00, 0x02, 0xf8, 0x00, 0x00, 0x35, 0x78, 0xb6, 0x00, 0x00, 0x05, 0xf3,
    0x00, 0x00, 0x00, 0x00, 0x00, 0x00, 0x00, 0x07, 0xf2, 0x00, 0x00, 0x00, 0x00, 0x00, 0x00, 0x00,
    0x05, 0xf5, 0x00, 0x00, 0x00, 0x00, 0x00, 0x00, 0x00, 0x01, 0xee, 0x40, 0x00, 0x00, 0x00, 0x00,
    0x00, 0x00, 0x00, 0x4f, 0xfd, 0xa8, 0x89, 0xac, 0xd0, 0x00, 0x00, 0x00, 0x01, 0x7c, 0xdf, 0xfe,
    0xdc, 0x90, 0x00, 0x00,
    /* U+3057 "し" */
    0x16, 0x40, 0x00, 0x00, 0x00, 0x00, 0x00, 0x2f, 0xb0, 0x00, 0x00, 0x00, 0x00, 0x00, 0x1f, 0x90,
    0x00, 0x00, 0x00, 0x00, 0x00, 0x1f, 0x90, 0x00, 0x00, 0x00, 0x00, 0x00, 0x1f, 0x80, 0x00, 0x00,
    0x00, 0x00, 0x00, 0x2f, 0x80, 0x00, 0x00, 0x00, 0x00, 0x00, 0x2f, 0x70, 0x00, 0x00, 0x00, 0x00,
    0x00, 0x2f, 0x70, 0x00, 0x00, 0x00, 0x00, 0x00, 0x3f, 0x70, 0x00, 0x00, 0x00, 0x00, 0x00, 0x3f,
    0x60, 0x00, 0x00, 0x00, 0x00, 0x00, 0x3f, 0x60, 0x00, 0x00, 0x00, 0x00, 0x00, 0x4f, 0x60, 0x00,
    0x00, 0x00, 0x00, 0x00, 0x4f, 0x60, 0x00, 0x00, 0x00, 0x00, 0x83, 0x4f, 0x60, 0x00, 0x00, 0x00,
    0x05, 0xfb, 0x1f, 0x90, 0x00, 0x00, 0x00, 0x6f, 0xe2, 0x0d, 0xf4, 0x00, 0x00, 0x3a, 0xfd, 0x30,
    0x04, 0xff, 0xca, 0xbe, 0xff, 0xa1, 0x00, 0x00, 0x3a, 0xdf, 0xdb, 0x82, 0x00, 0x00,
    /* U+3058 "じ" */
    0x24, 0x20, 0x00, 0x00, 0x00, 0x00, 0x00, 0x6f, 0x70, 0x00, 0x00, 0x01, 0x60, 0x00, 0x5f, 0x60,
    0x00, 0x04, 0x22, 0xf6, 0x00, 0x5f, 0x50, 0x00, 0x0c, 0xb0, 0x7e, 0x10, 0x5f, 0x50, 0x00, 0x03,
    0xf4, 0x1d, 0x60, 0x5f, 0x40, 0x00, 0x00, 0xac, 0x01, 0x00, 0x6f, 0x40, 0x00, 0x00, 0x11, 0x00,
    0x00, 0x6f, 0x30, 0x00, 0x00, 0x00, 0x00, 0x00, 0x7f, 0x30, 0x00, 0x00, 0x00, 0x00, 0x00, 0x7f,
    0x20, 0x00, 0x00, 0x00, 0x00, 0x00, 0x7f, 0x20, 0x00, 0x00, 0x00, 0x00, 0x00, 0x8f, 0x20, 0x00,
    0x00, 0x00, 0x00, 0x00, 0x8f, 0x20, 0x00, 0x00, 0x00, 0x00, 0x91, 0x8f, 0x20, 0x00, 0x00, 0x00,
    0x08, 0xf7, 0x5f, 0x50, 0x00, 0x00, 0x00, 0x9f, 0xc1, 0x2f, 0xd2, 0x00, 0x00, 0x5c, 0xfb, 0x10,
    0x08, 0xff, 0xba, 0xce, 0xfe, 0x80, 0x00, 0x00, 0x5b, 0xde, 0xda, 0x71, 0x00, 0x00,
    /* U+3059 "す" */
    0x00, 0x00, 0x00, 0x00, 0x02, 0xa5, 0x00, 0x00, 0x00, 0x00, 0x00, 0x00, 0x00, 0x03, 0xf7, 0x00,
    0x00, 0x00, 0x00, 0x00, 0x00, 0x00, 0x02, 0xf6, 0x00, 0x00, 0x00, 0x1c, 0xcc, 0xdd, 0xde, 0xee,
    0xff, 0xff, 0xff, 0xf8, 0x1a, 0x98, 0x76, 0x65, 0x56, 0xfa, 0x66, 0x67, 0x74, 0x00, 0x00, 0x00,
    0x00, 0x01, 0xf6, 0x00, 0x00, 0x00, 0x00, 0x00, 0x00, 0x02, 0x44, 0xf7, 0x00, 0x00, 0x00, 0x00,
    0x00, 0x00, 0x9f, 0xff, 0xf7, 0x00, 0x00, 0x00, 0x00, 0x00, 0x07, 0xf6, 0x15, 0xf9, 0x00, 0x00,
    0x00, 0x00, 0x00, 0x0c, 0xa0, 0x00, 0xae, 0x00, 0x00, 0x00, 0x00, 0x00, 0x0d, 0xa0, 0x00, 0xbf,
    0x10, 0x00, 0x00, 0x00, 0x00, 0x09, 0xf5, 0x15, 0xff, 0x00, 0x00, 0x00, 0x00, 0x00, 0x01, 0xcf,
    0xff, 0xfc, 0x00, 0x00, 0x00, 0x00, 0x00, 0x00, 0x04, 0x57, 0xf7, 0x00, 0x00, 0x00, 0x00, 0x00,
    0x00, 0x00, 0x3e, 0xe1, 0x00, 0x00, 0x00, 0x00, 0x00, 0x00, 0x06, 0xef, 0x40, 0x00, 0x00, 0x00,
    0x00, 0x00, 0x19, 0xef, 0xe4, 0x00, 0x00, 0x00, 0x00, 0x00, 0x00, 0x07, 0xe8, 0x10, 0x00, 0x00,
    0x00, 0x00, 0x00, 0x00, 0x00, 0x00, 0x00, 0x00, 0x00, 0x00, 0x00,
    /* U+305A "ず" */
    0x00, 0x00, 0x00, 0x00, 0x00, 0x00, 0x00, 0x01, 0x10, 0x00, 0x00, 0x00, 0x00, 0x04, 0x40, 0x28,
    0x0b, 0x90, 0x00, 0x00, 0x00, 0x00, 0x0c, 0xd0, 0x1e, 0x64, 0xf3, 0x00, 0x00, 0x00, 0x00, 0x0b,
    0xd0, 0x07, 0xe1, 0x95, 0x24, 0x44, 0x55, 0x56, 0x6c, 0xe6, 0x66, 0xa6, 0x60, 0xaf, 0xff, 0xff,
    0xff, 0xff, 0xff, 0xff, 0xff, 0xf0, 0x34, 0x32, 0x21, 0x11, 0x0a, 0xc0, 0x00, 0x01, 0x10, 0x00,
    0x00, 0x00, 0x03, 0x4a, 0xd0, 0x00, 0x00, 0x00, 0x00, 0x00, 0x04, 0xdf, 0xff, 0xd0, 0x00, 0x00,
    0x00, 0x00, 0x00, 0x1e, 0xb2, 0x2c, 0xe1, 0x00, 0x00, 0x00, 0x00, 0x00, 0x5f, 0x20, 0x04, 0xf5,
    0x00, 0x00, 0x00, 0x00, 0x00, 0x7f, 0x00, 0x04, 0xf7, 0x00, 0x00, 0x00, 0x00, 0x00, 0x5f, 0x40,
    0x07, 0xf7, 0x00, 0x00, 0x00, 0x00, 0x00, 0x1d, 0xe7, 0x8f, 0xf5, 0x00, 0x00, 0x00, 0x00, 0x00,
    0x02, 0xbe, 0xdd, 0xf2, 0x00, 0x00, 0x00, 0x00, 0x00, 0x00, 0x00, 0x3f, 0x90, 0x00, 0x00, 0x00,
    0x00, 0x00, 0x00, 0x04, 0xed, 0x20, 0x00, 0x00, 0x00, 0x00, 0x00, 0x15, 0xbf, 0xd2, 0x00, 0x00,
    0x00, 0x00, 0x00, 0x00, 0x5f, 0xf9, 0x10, 0x00, 0x00, 0x00, 0x00, 0x00, 0x00, 0x03, 0x10, 0x00,
    0x00, 0x00, 0x00, 0x00,
    /* U+305B "せ" */
    0x00, 0x00, 0x00, 0x00, 0x00, 0x00, 0x03, 0x20, 0x00, 0x00, 0x00, 0x00, 0x66, 0x00, 0x00, 0x00,
    0xdb, 0x00, 0x00, 0x00, 0x00, 0x0c, 0xc0, 0x00, 0x00, 0x0c, 0xb0, 0x00, 0x00, 0x00, 0x00, 0xbc,
    0x00, 0x00, 0x00, 0xca, 0x00, 0x00, 0x00, 0x00, 0x0b, 0xc0, 0x00, 0x00, 0x0c, 0xa0, 0x00, 0x00,
    0x00, 0x00, 0xbc, 0x00, 0x13, 0x45, 0xde, 0xcd, 0xe6, 0x04, 0x56, 0x7d, 0xed, 0xff, 0xff, 0xff,
    0xda, 0x98, 0x40, 0xff, 0xff, 0xfe, 0x86, 0x54, 0x21, 0xd9, 0x00, 0x00, 0x01, 0x31, 0x0b, 0xc0,
    0x00, 0x00, 0x0d, 0x80, 0x00, 0x00, 0x00, 0x00, 0xbb, 0x00, 0x00, 0x00, 0xe8, 0x00, 0x00, 0x00,
    0x00, 0x0b, 0xb0, 0x00, 0x21, 0x2f, 0x60, 0x00, 0x00, 0x00, 0x00, 0xbb, 0x00, 0x0c, 0xff, 0xf3,
    0x00, 0x00, 0x00, 0x00, 0x0b, 0xc0, 0x00, 0x25, 0x63, 0x00, 0x00, 0x00, 0x00, 0x00, 0xbc, 0x00,
    0x00, 0x00, 0x00, 0x00, 0x00, 0x00, 0x00, 0x09, 0xe0, 0x00, 0x00, 0x00, 0x00, 0x00, 0x00, 0x00,
    0x00, 0x6f, 0xa2, 0x00, 0x12, 0x24, 0x62, 0x00, 0x00, 0x00, 0x00, 0xcf, 0xff, 0xff, 0xff, 0xff,
    0x40, 0x00, 0x00, 0x00, 0x00, 0x47, 0x88, 0x87, 0x76, 0x51, 0x00,
    /* U+305C "ぜ" */
    0x00, 0x00, 0x00, 0x00, 0x00, 0x00, 0x00, 0x00, 0x05, 0x20, 0x00, 0x00, 0x14, 0x20, 0x00, 0x00,
    0x3d, 0x58, 0x48, 0x90, 0x00, 0x00, 0x3f, 0x70, 0x00, 0x00, 0x3f, 0x56, 0xb2, 0xe1, 0x00, 0x00,
    0x2f, 0x60, 0x00, 0x00, 0x3f, 0x51, 0xe2, 0x82, 0x00, 0x00, 0x2f, 0x60, 0x00, 0x00, 0x3f, 0x40,
    0x41, 0x00, 0x00, 0x00, 0x2f, 0x60, 0x12, 0x35, 0x8f, 0x86, 0x78, 0x10, 0x24, 0x56, 0x9f, 0xee,
    0xff, 0xff, 0xff, 0xff, 0xff, 0x10, 0x6f, 0xff, 0xef, 0xec, 0x86, 0x42, 0x4f, 0x41, 0x00, 0x00,
    0x25, 0x21, 0x2f, 0x60, 0x00, 0x00, 0x4f, 0x30, 0x00, 0x00, 0x00, 0x00, 0x2f, 0x60, 0x00, 0x00,
    0x5f, 0x20, 0x00, 0x00, 0x00, 0x00, 0x2f, 0x60, 0x01, 0x20, 0x8f, 0x00, 0x00, 0x00, 0x00, 0x00,
    0x2f, 0x60, 0x03, 0xff, 0xfc, 0x00, 0x00, 0x00, 0x00, 0x00, 0x2f, 0x60, 0x00, 0x45, 0x62, 0x00,
    0x00, 0x00, 0x00, 0x00, 0x1f, 0x70, 0x00, 0x00, 0x00, 0x00, 0x00, 0x00, 0x00, 0x00, 0x0f, 0x90,
    0x00, 0x00, 0x00, 0x00, 0x00, 0x00, 0x00, 0x00, 0x0c, 0xe6, 0x10, 0x01, 0x23, 0x56, 0x00, 0x00,
    0x00, 0x00, 0x04, 0xef, 0xff, 0xff, 0xff, 0xfd, 0x00, 0x00, 0x00, 0x00, 0x00, 0x15, 0x88, 0x88,
    0x76, 0x53, 0x00, 0x00,
    /* U+305D "そ" */
    0x00, 0x04, 0x44, 0x56, 0x78, 0x9b, 0x50, 0x00, 0x00, 0x0b, 0xff, 0xff, 0xee, 0xff, 0xb0, 0x00,
    0x00, 0x03, 0x32, 0x10, 0x09, 0xf8, 0x00, 0x00, 0x00, 0x00, 0x00, 0x01, 0xaf, 0x60, 0x00, 0x00,
    0x00, 0x00, 0x00, 0x1c, 0xe4, 0x00, 0x00, 0x00, 0x00, 0x00, 0x03, 0xdd, 0x20, 0x00, 0x00, 0x00,
    0x00, 0x00, 0x5e, 0xb1, 0x12, 0x34, 0x45, 0x53, 0x45, 0x7a, 0xff, 0xde, 0xff, 0xff, 0xff, 0xf8,
    0xef, 0xfd, 0xca, 0x9e, 0xe7, 0x31, 0x00, 0x11, 0x43, 0x10, 0x00, 0xbc, 0x20, 0x00, 0x00, 0x00,
    0x00, 0x00, 0x06, 0xf2, 0x00, 0x00, 0x00, 0x00, 0x00, 0x00, 0x0c, 0xc0, 0x00, 0x00, 0x00, 0x00,
    0x00, 0x00, 0x0e, 0xa0, 0x00, 0x00, 0x00, 0x00, 0x00, 0x00, 0x0b, 0xe1, 0x00, 0x00, 0x00, 0x00,
    0x00, 0x00, 0x06, 0xfb, 0x20, 0x00, 0x00, 0x00, 0x00, 0x00, 0x00, 0x8f, 0xfc, 0xa9, 0x80, 0x00,
    0x00, 0x00, 0x00, 0x03, 0x8c, 0xde, 0xa0, 0x00,
    /* U+305E "ぞ" */
    0x00, 0x02, 0x44, 0x45, 0x67, 0x89, 0x90, 0x00, 0x00, 0x00, 0x05, 0xff, 0xff, 0xfe, 0xff, 0xe3,
    0x00, 0x00, 0x00, 0x01, 0x43, 0x21, 0x04, 0xed, 0x21, 0x2c, 0x10, 0x00, 0x00, 0x00, 0x00, 0x5f,
    0xb1, 0x4e, 0x1b, 0xa0, 0x00, 0x00, 0x00, 0x07, 0xf9, 0x00, 0x0b, 0x92, 0xd1, 0x00, 0x00, 0x00,
    0xaf, 0x70, 0x00, 0x03, 0xa0, 0x00, 0x00, 0x00, 0x2c, 0xe4, 0x01, 0x34, 0x45, 0x55, 0x00, 0x25,
    0x68, 0xef, 0xee, 0xff, 0xff, 0xff, 0xfe, 0x00, 0x8f, 0xfe, 0xcb, 0x9c, 0xfa, 0x42, 0x10, 0x11,
    0x00, 0x24, 0x20, 0x00, 0x5f, 0x50, 0x00, 0x00, 0x00, 0x00, 0x00, 0x00, 0x01, 0xe8, 0x00, 0x00,
    0x00, 0x00, 0x00, 0x00, 0x00, 0x06, 0xf2, 0x00, 0x00, 0x00, 0x00, 0x00, 0x00, 0x00, 0x07, 0xf1,
    0x00, 0x00, 0x00, 0x00, 0x00, 0x00, 0x00, 0x05, 0xf5, 0x00, 0x00, 0x00, 0x00, 0x00, 0x00, 0x00,
    0x01, 0xee, 0x50, 0x00, 0x00, 0x00, 0x00, 0x00, 0x00, 0x00, 0x3e, 0xfd, 0xa9, 0x92, 0x00, 0x00,
    0x00, 0x00, 0x00, 0x01, 0x6b, 0xde, 0xf1, 0x00, 0x00,
    /* U+305F "た" */
    0x00, 0x00, 0x1a, 0x70, 0x00, 0x00, 0x00, 0x00, 0x00, 0x00, 0x02, 0xfa, 0x00, 0x00, 0x00, 0x00,
    0x00, 0x00, 0x00, 0x3f, 0x60, 0x00, 0x00, 0x00, 0x00, 0x02, 0x10, 0x16, 0xf8, 0x8b, 0xe0, 0x00,
    0x00, 0x00, 0xef, 0xff, 0xff, 0xff, 0xda, 0x00, 0x00, 0x00, 0x06, 0x78, 0x7e, 0xd3, 0x00, 0x00,
    0x00, 0x00, 0x00, 0x00, 0x01, 0xf9, 0x00, 0x15, 0x56, 0x76, 0x54, 0x00, 0x00, 0x4f, 0x50, 0x04,
    0xff, 0xff, 0xff, 0xd0, 0x00, 0x08, 0xf1, 0x00, 0x13, 0x21, 0x01, 0x33, 0x00, 0x00, 0xcd, 0x00,
    0x00, 0x00, 0x00, 0x00, 0x00, 0x00, 0x2f, 0x90, 0x00, 0x00, 0x00, 0x00, 0x00, 0x00, 0x06, 0xf4,
    0x00, 0x11, 0x00, 0x00, 0x00, 0x00, 0x00, 0xbe, 0x10, 0x06, 0xf1, 0x00, 0x00, 0x00, 0x00, 0x1f,
    0xa0, 0x00, 0x8e, 0x00, 0x00, 0x00, 0x00, 0x07, 0xf5, 0x00, 0x09, 0xe0, 0x00, 0x00, 0x00, 0x00,
    0xcf, 0x10, 0x00, 0x6f, 0xb3, 0x10, 0x24, 0x51, 0x4f, 0xa0, 0x00, 0x00, 0x9f, 0xff, 0xff, 0xff,
    0x23, 0xa3, 0x00, 0x00, 0x00, 0x25, 0x78, 0x76, 0x50,
    /* U+3060 "だ" */
    0x00, 0x00, 0x03, 0x30, 0x00, 0x00, 0x00, 0x01, 0x20, 0x00, 0x00, 0x0a, 0xf2, 0x00, 0x00, 0x03,
    0x28, 0xc0, 0x00, 0x00, 0x0b, 0xe0, 0x00, 0x00, 0x0a, 0xa1, 0xe6, 0x00, 0x00, 0x0d, 0xb0, 0x25,
    0x30, 0x02, 0xf3, 0x6b, 0x59, 0x88, 0x9f, 0xee, 0xff, 0x70, 0x00, 0x97, 0x00, 0x8e, 0xff, 0xff,
    0xc9, 0x64, 0x10, 0x00, 0x00, 0x00, 0x00, 0x00, 0x8f, 0x20, 0x00, 0x00, 0x00, 0x00, 0x00, 0x00,
    0x00, 0xbd, 0x00, 0x0b, 0xee, 0xfe, 0xed, 0x30, 0x00, 0x01, 0xf9, 0x00, 0x09, 0x98, 0x78, 0x9a,
    0x20, 0x00, 0x05, 0xf5, 0x00, 0x00, 0x00, 0x00, 0x00, 0x00, 0x00, 0x09, 0xf1, 0x00, 0x00, 0x00,
    0x00, 0x00, 0x00, 0x00, 0x0e, 0xc0, 0x00, 0x00, 0x00, 0x00, 0x00, 0x00, 0x00, 0x4f, 0x70, 0x00,
    0xd6, 0x00, 0x00, 0x00, 0x00, 0x00, 0x9f, 0x20, 0x02, 0xf5, 0x00, 0x00, 0x00, 0x00, 0x01, 0xec,
    0x00, 0x03, 0xf6, 0x00, 0x00, 0x00, 0x00, 0x06, 0xf7, 0x00, 0x01, 0xfd, 0x52, 0x01, 0x34, 0x30,
    0x0d, 0xf1, 0x00, 0x00, 0x5e, 0xff, 0xff, 0xff, 0x80, 0x18, 0x90, 0x00, 0x00, 0x00, 0x56, 0x87,
    0x75, 0x20,
    /* U+3061 "ち" */
    0x00, 0x00, 0x37, 0x30, 0x00, 0x00, 0x00, 0x00, 0x00, 0x06, 0xf4, 0x00, 0x00, 0x00, 0x00, 0x00,
    0x00, 0x7f, 0x10, 0x00, 0x01, 0x34, 0x08, 0x97, 0x6b, 0xe7, 0x8a, 0xbd, 0xff, 0xa0, 0x9d, 0xef,
    0xff, 0xed, 0xcb, 0x97, 0x52, 0x00, 0x00, 0x1f, 0x70, 0x00, 0x00, 0x00, 0x00, 0x00, 0x05, 0xf3,
    0x00, 0x00, 0x00, 0x00, 0x00, 0x00, 0x9e, 0x00, 0x00, 0x00, 0x00, 0x00, 0x00, 0x0c, 0xa1, 0x6a,
    0xce, 0xec, 0x71, 0x00, 0x02, 0xfb, 0xef, 0xa7, 0x67, 0xbf, 0xd1, 0x00, 0x8f, 0xf9, 0x10, 0x00,
    0x00, 0x6f, 0x90, 0x0d, 0xf7, 0x00, 0x00, 0x00, 0x00, 0xcd, 0x01, 0xca, 0x00, 0x00, 0x00, 0x00,
    0x0a, 0xe0, 0x00, 0x00, 0x00, 0x00, 0x00, 0x00, 0xdd, 0x00, 0x00, 0x00, 0x00, 0x00, 0x00, 0x6f,
    0x80, 0x00, 0x00, 0x00, 0x00, 0x01, 0x8f, 0xd1, 0x00, 0x00, 0x7a, 0x98, 0xad, 0xff, 0xc2, 0x00,
    0x00, 0x06, 0xdd, 0xee, 0xc9, 0x40, 0x00,
    /* U+3062 "ぢ" */
    0x00, 0x00, 0x00, 0x00, 0x00, 0x00, 0x00, 0x03, 0x80, 0x00, 0x00, 0x00, 0x21, 0x00, 0x00, 0x00,
    0x67, 0x2e, 0x40, 0x00, 0x00, 0x0f, 0xa0, 0x00, 0x00, 0x04, 0xf2, 0x7c, 0x00, 0x00, 0x01, 0xf7,
    0x00, 0x00, 0x00, 0x0a, 0x91, 0x81, 0x23, 0x11, 0x3f, 0x52, 0x34, 0x69, 0xbc, 0x35, 0x00, 0x06,
    0xff, 0xff, 0xff, 0xff, 0xff, 0xec, 0x90, 0x00, 0x00, 0x24, 0x56, 0xce, 0x65, 0x43, 0x10, 0x00,
    0x00, 0x00, 0x00, 0x00, 0x0c, 0xa0, 0x00, 0x00, 0x00, 0x00, 0x00, 0x00, 0x00, 0x01, 0xf7, 0x00,
    0x00, 0x00, 0x00, 0x00, 0x00, 0x00, 0x00, 0x5f, 0x30, 0x02, 0x45, 0x31, 0x00, 0x00, 0x00, 0x00,
    0x09, 0xe2, 0x9e, 0xff, 0xff, 0xe7, 0x00, 0x00, 0x00, 0x01, 0xee, 0xfc, 0x62, 0x11, 0x3a, 0xf8,
    0x00, 0x00, 0x00, 0x5f, 0xf5, 0x00, 0x00, 0x00, 0x0a, 0xf1, 0x00, 0x00, 0x0b, 0xf4, 0x00, 0x00,
    0x00, 0x00, 0x5f, 0x40, 0x00, 0x00, 0x14, 0x00, 0x00, 0x00, 0x00, 0x07, 0xf3, 0x00, 0x00, 0x00,
    0x00, 0x00, 0x00, 0x00, 0x01, 0xde, 0x10, 0x00, 0x00, 0x00, 0x00, 0x00, 0x00, 0x04, 0xcf, 0x70,
    0x00, 0x00, 0x00, 0x03, 0xa9, 0x89, 0xce, 0xff, 0x70, 0x00, 0x00, 0x00, 0x00, 0x1d, 0xee, 0xed,
    0xb7, 0x20, 0x00, 0x00, 0x00,
    /* U+3063 "っ" */
    0x00, 0x00, 0x00, 0x14, 0x66, 0x30, 0x00, 0x00, 0x04, 0x8c, 0xff, 0xff, 0xfd, 0x40, 0x49, 0xef,
    0xfb, 0x63, 0x11, 0x5d, 0xf2, 0x8f, 0xc6, 0x10, 0x00, 0x00, 0x02, 0xfa, 0x13, 0x00, 0x00, 0x00,
    0x00, 0x00, 0xbd, 0x00, 0x00, 0x00, 0x00, 0x00, 0x00, 0xaf, 0x00, 0x00, 0x00, 0x00, 0x00, 0x00,
    0xdc, 0x00, 0x00, 0x00, 0x00, 0x00, 0x07, 0xf7, 0x00, 0x00, 0x00, 0x00, 0x01, 0x8f, 0xc0, 0x00,
    0x00, 0x02, 0x46, 0xbf, 0xfa, 0x10, 0x00, 0x00, 0x8f, 0xff, 0xe9, 0x20, 0x00, 0x00, 0x00, 0x27,
    0x42, 0x00, 0x00, 0x00,
    /* U+3064 "つ" */
    0x00, 0x00, 0x00, 0x00, 0x35, 0x67, 0x42, 0x00, 0x00, 0x00, 0x00, 0x26, 0xbe, 0xff, 0xff, 0xff,
    0x91, 0x00, 0x03, 0x7b, 0xff, 0xea, 0x63, 0x11, 0x3a, 0xfc, 0x00, 0x6f, 0xfe, 0x94, 0x00, 0x00,
    0x00, 0x00, 0x7f, 0x80, 0x1c, 0x61, 0x00, 0x00, 0x00, 0x00, 0x00, 0x0d, 0xd0, 0x00, 0x00, 0x00,
    0x00, 0x00, 0x00, 0x00, 0x0a, 0xf1, 0x00, 0x00, 0x00, 0x00, 0x00, 0x00, 0x00, 0x0a, 0xf1, 0x00,
    0x00, 0x00, 0x00, 0x00, 0x00, 0x00, 0x0d, 0xe0, 0x00, 0x00, 0x00, 0x00, 0x00, 0x00, 0x00, 0x5f,
    0x90, 0x00, 0x00, 0x00, 0x00, 0x00, 0x00, 0x04, 0xee, 0x20, 0x00, 0x00, 0x00, 0x00, 0x00, 0x03,
    0x8f, 0xf5, 0x00, 0x00, 0x00, 0x00, 0x23, 0x57, 0xcf, 0xfc, 0x30, 0x00, 0x00, 0x00, 0x04, 0xff,
    0xff, 0xfa, 0x50, 0x00, 0x00, 0x00, 0x00, 0x00, 0x97, 0x53, 0x10, 0x00, 0x00, 0x00,
    /* U+3065 "づ" */
    0x00, 0x00, 0x00, 0x00, 0x00, 0x00, 0x00, 0x01, 0x20, 0x00, 0x00, 0x00, 0x00, 0x00, 0x00, 0x04,
    0x27, 0xd1, 0x00, 0x00, 0x00, 0x00, 0x00, 0x00, 0x09, 0xc0, 0xd8, 0x00, 0x00, 0x00, 0x00, 0x00,
    0x00, 0x01, 0xe5, 0x49, 0x00, 0x00, 0x00, 0x00, 0x35, 0x76, 0x41, 0x65, 0x00, 0x00, 0x00, 0x27,
    0xbf, 0xff, 0xff, 0xfe, 0x60, 0x00, 0x03, 0x7d, 0xff, 0xd9, 0x53, 0x12, 0x5c, 0xf8, 0x00, 0xaf,
    0xfe, 0x93, 0x00, 0x00, 0x00, 0x00, 0xcf, 0x40, 0x5c, 0x50, 0x00, 0x00, 0x00, 0x00, 0x00, 0x3f,
    0x80, 0x00, 0x00, 0x00, 0x00, 0x00, 0x00, 0x00, 0x0f, 0xb0, 0x00, 0x00, 0x00, 0x00, 0x00, 0x00,
    0x00, 0x0e, 0xc0, 0x00, 0x00, 0x00, 0x00, 0x00, 0x00, 0x00, 0x2f, 0xb0, 0x00, 0x00, 0x00, 0x00,
    0x00, 0x00, 0x00, 0x8f, 0x60, 0x00, 0x00, 0x00, 0x00, 0x00, 0x00, 0x04, 0xfe, 0x10, 0x00, 0x00,
    0x00, 0x00, 0x00, 0x00, 0x7f, 0xf4, 0x00, 0x00, 0x00, 0x00, 0x00, 0x04, 0x9e, 0xfe, 0x40, 0x00,
    0x00, 0x00, 0x07, 0xce, 0xff, 0xfe, 0x71, 0x00, 0x00, 0x00, 0x00, 0x04, 0xeb, 0x97, 0x40, 0x00,
    0x00, 0x00,
    /* U+3066 "て" */
    0x00, 0x00, 0x02, 0x34, 0x67, 0x8a, 0xbc, 0xde, 0x93, 0xbc, 0xef, 0xff, 0xff, 0xef, 0xff, 0xca,
    0xa6, 0x3f, 0xca, 0x86, 0x43, 0x17, 0xf9, 0x20, 0x00, 0x00, 0x00, 0x00, 0x00, 0x07, 0xf6, 0x00,
    0x00, 0x00, 0x00, 0x00, 0x00, 0x03, 0xf8, 0x00, 0x00, 0x00, 0x00, 0x00, 0x00, 0x00, 0xae, 0x10,
    0x00, 0x00, 0x00, 0x00, 0x00, 0x00, 0x1f, 0x80, 0x00, 0x00, 0x00, 0x00, 0x00, 0x00, 0x04, 0xf5,
    0x00, 0x00, 0x00, 0x00, 0x00, 0x00, 0x00, 0x6f, 0x30, 0x00, 0x00, 0x00, 0x00, 0x00, 0x00, 0x06,
    0xf4, 0x00, 0x00, 0x00, 0x00, 0x00, 0x00, 0x00, 0x4f, 0x80, 0x00, 0x00, 0x00, 0x00, 0x00, 0x00,
    0x00, 0xde, 0x30, 0x00, 0x00, 0x00, 0x00, 0x00, 0x00, 0x04, 0xfe, 0x40, 0x00, 0x00, 0x00, 0x00,
    0x00, 0x00, 0x05, 0xff, 0xc6, 0x31, 0x00, 0x00, 0x00, 0x00, 0x00, 0x03, 0xaf, 0xff, 0xd0, 0x00,
    0x00, 0x00, 0x00, 0x00, 0x00, 0x25, 0x85, 0x00,
    /* U+3067 "で" */
    0x00, 0x00, 0x02, 0x35, 0x67, 0x9a, 0xbc, 0xde, 0x80, 0x4b, 0xce, 0xff, 0xff, 0xfe, 0xff, 0xec,
    0xaa, 0x50, 0x5e, 0xca, 0x86, 0x42, 0x19, 0xf8, 0x10, 0x00, 0x00, 0x00, 0x00, 0x00, 0x00, 0x9f,
    0x40, 0x00, 0x08, 0x10, 0x00, 0x00, 0x00, 0x05, 0xf6, 0x00, 0x29, 0x0b, 0x90, 0x00, 0x00, 0x00,
    0x0c, 0xd0, 0x00, 0x0d, 0x73, 0xf3, 0x00, 0x00, 0x00, 0x3f, 0x60, 0x00, 0x05, 0xe1, 0x62, 0x00,
    0x00, 0x00, 0x6f, 0x30, 0x00, 0x00, 0x61, 0x00, 0x00, 0x00, 0x00, 0x8f, 0x10, 0x00, 0x00, 0x00,
    0x00, 0x00, 0x00, 0x00, 0x8f, 0x20, 0x00, 0x00, 0x00, 0x00, 0x00, 0x00, 0x00, 0x6f, 0x60, 0x00,
    0x00, 0x00, 0x00, 0x00, 0x00, 0x00, 0x1e, 0xd2, 0x00, 0x00, 0x00, 0x00, 0x00, 0x00, 0x00, 0x05,
    0xfd, 0x20, 0x00, 0x00, 0x00, 0x00, 0x00, 0x00, 0x00, 0x7f, 0xfb, 0x53, 0x10, 0x00, 0x00, 0x00,
    0x00, 0x00, 0x03, 0xbf, 0xff, 0xb0, 0x00, 0x00, 0x00, 0x00, 0x00, 0x00, 0x02, 0x68, 0x40, 0x00,
    /* U+3068 "と" */
    0x01, 0x10, 0x00, 0x00, 0x00, 0x00, 0x03, 0xe7, 0x00, 0x00, 0x00, 0x00, 0x00, 0x0e, 0xd0, 0x00,
    0x00, 0x00, 0x00, 0x00, 0x8f, 0x40, 0x00, 0x00, 0x06, 0xa0, 0x02, 0xfa, 0x00, 0x00, 0x3b, 0xfd,
    0x10, 0x0a, 0xf2, 0x01, 0xaf, 0xe8, 0x10, 0x00, 0x3f, 0xa7, 0xef, 0x91, 0x00, 0x00, 0x00, 0xbf,
    0xfb, 0x30, 0x00, 0x00, 0x00, 0x5e, 0xe6, 0x00, 0x00, 0x00, 0x00, 0x5f, 0xc2, 0x00, 0x00, 0x00,
    0x00, 0x2e, 0xc1, 0x00, 0x00, 0x00, 0x00, 0x09, 0xf2, 0x00, 0x00, 0x00, 0x00, 0x00, 0xdc, 0x00,
    0x00, 0x00, 0x00, 0x00, 0x0e, 0xb0, 0x00, 0x00, 0x00, 0x00, 0x00, 0xbf, 0x30, 0x00, 0x00, 0x00,
    0x00, 0x05, 0xfe, 0x83, 0x10, 0x12, 0x34, 0x67, 0x05, 0xdf, 0xff, 0xff, 0xff, 0xff, 0xc0, 0x00,
    0x47, 0x89, 0x98, 0x76, 0x52,
    /* U+3069 "ど" */
    0x00, 0x00, 0x00, 0x00, 0x00, 0x00, 0x00, 0x00, 0x00, 0x00, 0x00, 0x00, 0x00, 0x00, 0x01, 0x2e,
    0x20, 0x08, 0xb0, 0x00, 0x00, 0x00, 0x05, 0xe1, 0xab, 0x00, 0x9f, 0x30, 0x00, 0x00, 0x00, 0x0c,
    0x82, 0xf3, 0x03, 0xf9, 0x00, 0x00, 0x00, 0x03, 0x4e, 0x12, 0x00, 0x0c, 0xe1, 0x00, 0x00, 0x3c,
    0xd0, 0x10, 0x00, 0x00, 0x5f, 0x70, 0x01, 0x9f, 0xe8, 0x00, 0x00, 0x00, 0x00, 0xde, 0x17, 0xef,
    0x92, 0x00, 0x00, 0x00, 0x00, 0x06, 0xfe, 0xfb, 0x30, 0x00, 0x00, 0x00, 0x00, 0x00, 0x6f, 0xe6,
    0x00, 0x00, 0x00, 0x00, 0x00, 0x00, 0x8f, 0xb1, 0x00, 0x00, 0x00, 0x00, 0x00, 0x00, 0x6f, 0x90,
    0x00, 0x00, 0x00, 0x00, 0x00, 0x00, 0x1e, 0xc0, 0x00, 0x00, 0x00, 0x00, 0x00, 0x00, 0x05, 0xf5,
    0x00, 0x00, 0x00, 0x00, 0x00, 0x00, 0x00, 0x7f, 0x30, 0x00, 0x00, 0x00, 0x00, 0x00, 0x00, 0x05,
    0xf6, 0x00, 0x00, 0x00, 0x00, 0x00, 0x00, 0x00, 0x1f, 0xe5, 0x00, 0x00, 0x00, 0x00, 0x21, 0x00,
    0x00, 0x4f, 0xfe, 0xb9, 0x9a, 0xbc, 0xef, 0x40, 0x00, 0x00, 0x27, 0xcd, 0xef, 0xed, 0xdb, 0x92,
    0x00, 0x00,
    /* U+306A "な" */
    0x00, 0x00, 0x00, 0x9a, 0x00, 0x00, 0x00, 0x00, 0x00, 0x00, 0x00, 0x00, 0xeb, 0x00, 0x00, 0x00,
    0x00, 0x00, 0x00, 0x00, 0x01, 0xf8, 0x00, 0x00, 0x00, 0x00, 0x00, 0x02, 0x10, 0x15, 0xf9, 0x9d,
    0x60, 0x36, 0x00, 0x00, 0x0f, 0xff, 0xff, 0xff, 0xda, 0x30, 0x9f, 0xd5, 0x00, 0x06, 0x66, 0x6f,
    0xa1, 0x00, 0x00, 0x04, 0xdf, 0xb2, 0x00, 0x00, 0x5f, 0x40, 0x00, 0x02, 0x10, 0x08, 0xf5, 0x00,
    0x00, 0xcc, 0x00, 0x00, 0x0c, 0xb0, 0x00, 0x30, 0x00, 0x04, 0xf6, 0x00, 0x00, 0x0c, 0xb0, 0x00,
    0x00, 0x00, 0x0b, 0xe1, 0x00, 0x00, 0x0b, 0xb0, 0x00, 0x00, 0x00, 0x4f, 0x80, 0x00, 0x00, 0x0a,
    0xc0, 0x00, 0x00, 0x01, 0xde, 0x10, 0x00, 0x00, 0x0a, 0xc0, 0x00, 0x00, 0x09, 0xf6, 0x00, 0x29,
    0xdf, 0xde, 0xe1, 0x00, 0x00, 0x09, 0xb0, 0x01, 0xdd, 0x75, 0x7c, 0xff, 0x81, 0x00, 0x00, 0x00,
    0x06, 0xf1, 0x00, 0x09, 0xe8, 0xfe, 0x40, 0x00, 0x00, 0x07, 0xf1, 0x00, 0x0c, 0xd0, 0x3d, 0xc0,
    0x00, 0x00, 0x02, 0xed, 0x87, 0xbf, 0x80, 0x02, 0x30, 0x00, 0x00, 0x00, 0x3a, 0xef, 0xd8, 0x00,
    0x00, 0x00,
    /* U+306B "に" */
    0x08, 0xe2, 0x00, 0x00, 0x00, 0x00, 0x00, 0x00, 0x0a, 0xe0, 0x00, 0x03, 0x10, 0x00, 0x11, 0x31,
    0x0c, 0xb0, 0x00, 0x0d, 0xff, 0xff, 0xff, 0xf5, 0x0e, 0x90, 0x00, 0x05, 0x78, 0x88, 0x88, 0x72,
    0x1f, 0x60, 0x00, 0x00, 0x00, 0x00, 0x00, 0x00, 0x3f, 0x40, 0x00, 0x00, 0x00, 0x00, 0x00, 0x00,
    0x4f, 0x20, 0x00, 0x00, 0x00, 0x00, 0x00, 0x00, 0x5f, 0x10, 0x00, 0x00, 0x00, 0x00, 0x00, 0x00,
    0x6f, 0x00, 0x00, 0x00, 0x00, 0x00, 0x00, 0x00, 0x7e, 0x02, 0x00, 0x00, 0x00, 0x00, 0x00, 0x00,
    0x8f, 0x1e, 0x00, 0x67, 0x00, 0x00, 0x00, 0x00, 0x7f, 0x7b, 0x00, 0xbb, 0x00, 0x00, 0x00, 0x00,
    0x7f, 0xd6, 0x00, 0xda, 0x00, 0x00, 0x00, 0x00, 0x5f, 0xf2, 0x00, 0xbe, 0x20, 0x00, 0x00, 0x01,
    0x3f, 0xd0, 0x00, 0x5f, 0xfb, 0x99, 0xab, 0xde, 0x1f, 0xa0, 0x00, 0x04, 0xad, 0xef, 0xed, 0xca,
    0x0a, 0x70, 0x00, 0x00, 0x00, 0x00, 0x00, 0x00,
    /* U+306C "ぬ" */
    0x00, 0x00, 0x00, 0x00, 0x05, 0x30, 0x00, 0x00, 0x00, 0x00, 0x00, 0x00, 0x00, 0x00, 0xfa, 0x00,
    0x00, 0x00, 0x00, 0x00, 0x21, 0x00, 0x00, 0x0f, 0x90, 0x00, 0x00, 0x00, 0x00, 0x3f, 0x50, 0x00,
    0x01, 0xfa, 0x30, 0x00, 0x00, 0x00, 0x00, 0xea, 0x00, 0x6b, 0xff, 0xff, 0xf9, 0x10, 0x00, 0x00,
    0x09, 0xe3, 0xcf, 0xa9, 0xf2, 0x36, 0xee, 0x20, 0x00, 0x00, 0x4f, 0xfc, 0x20, 0x8e, 0x00, 0x02,
    0xec, 0x00, 0x00, 0x04, 0xfc, 0x00, 0x0c, 0xa0, 0x00, 0x06, 0xf4, 0x00, 0x01, 0xef, 0xe1, 0x00,
    0xf7, 0x00, 0x00, 0x1f, 0x70, 0x00, 0x7f, 0x4f, 0x70, 0x5f, 0x30, 0x00, 0x00, 0xda, 0x00, 0x0e,
    0x90, 0xbe, 0x1c, 0xc0, 0x00, 0x00, 0x0e, 0x90, 0x03, 0xf3, 0x03, 0xfb, 0xf6, 0x00, 0x22, 0x00,
    0xf7, 0x00, 0x5f, 0x10, 0x09, 0xfd, 0x04, 0xdf, 0xfe, 0xbf, 0x50, 0x07, 0xf0, 0x00, 0x9f, 0x40,
    0xea, 0x22, 0x6e, 0xf7, 0x00, 0x5f, 0x71, 0x9f, 0x80, 0x2f, 0x40, 0x01, 0xef, 0xf6, 0x01, 0xdf,
    0xff, 0x70, 0x01, 0xea, 0x22, 0xbf, 0x5c, 0xf2, 0x01, 0x78, 0x30, 0x00, 0x04, 0xdf, 0xff, 0x70,
    0x17, 0x00, 0x00, 0x00, 0x00, 0x00, 0x00, 0x25, 0x10, 0x00, 0x00,
    /* U+306D "ね" */
    0x00, 0x00, 0x28, 0x50, 0x00, 0x00, 0x00, 0x00, 0x00, 0x00, 0x00, 0x02, 0xf8, 0x00, 0x00, 0x00,
    0x00, 0x00, 0x00, 0x00, 0x00, 0x2f, 0x60, 0x00, 0x00, 0x00, 0x00, 0x00, 0x00, 0x00, 0x03, 0xf5,
    0x00, 0x01, 0x35, 0x20, 0x00, 0x00, 0x37, 0x8a, 0xdf, 0xc0, 0x18, 0xef, 0xff, 0x90, 0x00, 0x05,
    0xff, 0xdc, 0xf5, 0x3d, 0xe6, 0x22, 0x9f, 0x70, 0x00, 0x12, 0x00, 0x6f, 0x6e, 0xa1, 0x00, 0x00,
    0xbd, 0x00, 0x00, 0x00, 0x07, 0xff, 0x90, 0x00, 0x00, 0x05, 0xf3, 0x00, 0x00, 0x01, 0xef, 0x70,
    0x00, 0x00, 0x00, 0x2f, 0x50, 0x00, 0x00, 0x9f, 0xd0, 0x00, 0x00, 0x00, 0x01, 0xf7, 0x00, 0x00,
    0x4f, 0xfc, 0x00, 0x00, 0x00, 0x00, 0x2f, 0x70, 0x00, 0x1e, 0xca, 0xc0, 0x00, 0x01, 0x33, 0x12,
    0xf6, 0x00, 0x0b, 0xe2, 0xac, 0x00, 0x08, 0xef, 0xff, 0xcf, 0x40, 0x07, 0xf6, 0x0a, 0xc0, 0x05,
    0xf6, 0x11, 0x4d, 0xfa, 0x10, 0x8a, 0x00, 0xbc, 0x00, 0x8d, 0x00, 0x02, 0xed, 0xec, 0x20, 0x10,
    0x0b, 0xc0, 0x04, 0xfb, 0x77, 0xde, 0x32, 0xc1, 0x00, 0x00, 0xbd, 0x00, 0x05, 0xce, 0xeb, 0x30,
    0x00, 0x00, 0x00, 0x07, 0x90, 0x00, 0x00, 0x00, 0x00, 0x00, 0x00,
    /* U+306E "の" */
    0x00, 0x00, 0x01, 0x7b, 0xdf, 0xeb, 0x60, 0x00, 0x00, 0x00, 0x00, 0x6e, 0xfd, 0xcf, 0xad, 0xfc,
    0x30, 0x00, 0x00, 0x09, 0xfb, 0x30, 0xae, 0x00, 0x3d, 0xf4, 0x00, 0x00, 0x8f, 0x90, 0x00, 0xdc,
    0x00, 0x01, 0xdd, 0x00, 0x03, 0xfb, 0x00, 0x01, 0xf9, 0x00, 0x00, 0x5f, 0x70, 0x0a, 0xf2, 0x00,
    0x04, 0xf6, 0x00, 0x00, 0x0d, 0xd0, 0x0e, 0xa0, 0x00, 0x07, 0xf3, 0x00, 0x00, 0x0a, 0xf1, 0x2f,
    0x70, 0x00, 0x0b, 0xe0, 0x00, 0x00, 0x08, 0xf2, 0x3f, 0x50, 0x00, 0x1f, 0xa0, 0x00, 0x00, 0x0a,
    0xf1, 0x2f, 0x70, 0x00, 0x6f, 0x40, 0x00, 0x00, 0x0c, 0xe0, 0x0f, 0xa0, 0x00, 0xdd, 0x00, 0x00,
    0x00, 0x3f, 0xa0, 0x09, 0xf4, 0x08, 0xf6, 0x00, 0x00, 0x00, 0xcf, 0x20, 0x02, 0xef, 0xef, 0xb0,
    0x00, 0x00, 0x2c, 0xf8, 0x00, 0x00, 0x3c, 0xe9, 0x10, 0x01, 0x49, 0xef, 0x80, 0x00, 0x00, 0x00,
    0x00, 0x00, 0x1e, 0xff, 0xc4, 0x00, 0x00, 0x00, 0x00, 0x00, 0x00, 0x05, 0x61, 0x00, 0x00, 0x00,
    /* U+306F "は" */
    0x01, 0x00, 0x00, 0x00, 0x00, 0x02, 0x30, 0x00, 0x00, 0xbe, 0x00, 0x00, 0x00, 0x00, 0xce, 0x00,
    0x00, 0x0c, 0xb0, 0x00, 0x00, 0x00, 0x0b, 0xd0, 0x00, 0x00, 0xe9, 0x00, 0x00, 0x00, 0x00, 0xbc,
    0x00, 0x00, 0x1f, 0x60, 0x00, 0x21, 0x10, 0x0b, 0xd8, 0xac, 0x33, 0xf4, 0x00, 0x0f, 0xff, 0xff,
    0xff, 0xec, 0xb2, 0x5f, 0x20, 0x00, 0x66, 0x77, 0x7d, 0xc0, 0x00, 0x06, 0xf0, 0x00, 0x00, 0x00,
    0x00, 0xbd, 0x00, 0x00, 0x7e, 0x00, 0x00, 0x00, 0x00, 0x0a, 0xd0, 0x00, 0x08, 0xc0, 0x00, 0x00,
    0x00, 0x00, 0xad, 0x00, 0x00, 0xac, 0x00, 0x00, 0x00, 0x00, 0x09, 0xe0, 0x00, 0x0a, 0xc2, 0xa0,
    0x00, 0x01, 0x32, 0x9f, 0x00, 0x00, 0xad, 0x89, 0x00, 0x4c, 0xff, 0xff, 0xf5, 0x00, 0x09, 0xed,
    0x40, 0x3f, 0x93, 0x12, 0x9f, 0xfc, 0x40, 0x8f, 0xe0, 0x07, 0xf0, 0x00, 0x08, 0xf4, 0xcf, 0x86,
    0xf9, 0x00, 0x5f, 0x83, 0x14, 0xed, 0x00, 0x98, 0x3f, 0x70, 0x00, 0x9f, 0xff, 0xfe, 0x40, 0x00,
    0x00, 0x83, 0x00, 0x00, 0x25, 0x65, 0x10, 0x00, 0x00,
    /* U+3070 "ば" */
    0x00, 0x00, 0x00, 0x00, 0x00, 0x00, 0x00, 0x00, 0x11, 0x00, 0x00, 0x00, 0x00, 0x00, 0x00, 0x00,
    0x05, 0x38, 0x80, 0x03, 0xe6, 0x00, 0x00, 0x00, 0x04, 0xe6, 0x7b, 0x2e, 0x10, 0x4f, 0x40, 0x00,
    0x00, 0x00, 0x3f, 0x51, 0xe2, 0xb3, 0x06, 0xf2, 0x00, 0x00, 0x00, 0x03, 0xf5, 0x06, 0x20, 0x00,
    0x8e, 0x00, 0x01, 0x21, 0x00, 0x4f, 0x52, 0x55, 0x00, 0x0a, 0xc0, 0x00, 0x7f, 0xff, 0xff, 0xff,
    0xff, 0xc0, 0x00, 0xca, 0x00, 0x03, 0x66, 0x77, 0x8f, 0x95, 0x32, 0x00, 0x0d, 0x80, 0x00, 0x00,
    0x00, 0x03, 0xf5, 0x00, 0x00, 0x00, 0xf6, 0x00, 0x00, 0x00, 0x00, 0x2f, 0x60, 0x00, 0x00, 0x1f,
    0x50, 0x00, 0x00, 0x00, 0x02, 0xf6, 0x00, 0x00, 0x02, 0xf4, 0x00, 0x00, 0x00, 0x00, 0x1f, 0x70,
    0x00, 0x00, 0x3f, 0x48, 0x30, 0x00, 0x02, 0x32, 0xf8, 0x00, 0x00, 0x02, 0xf6, 0xe2, 0x00, 0x8e,
    0xff, 0xff, 0xb1, 0x00, 0x00, 0x1f, 0xcc, 0x00, 0x8e, 0x62, 0x14, 0xff, 0xe7, 0x00, 0x00, 0xff,
    0x80, 0x0d, 0x80, 0x00, 0x0f, 0xab, 0xfa, 0x00, 0x0e, 0xf3, 0x00, 0xda, 0x00, 0x03, 0xf7, 0x09,
    0xf4, 0x00, 0xcf, 0x00, 0x07, 0xfc, 0x89, 0xef, 0x20, 0x06, 0x00, 0x08, 0xe0, 0x00, 0x06, 0xce,
    0xec, 0x40, 0x00, 0x00, 0x00, 0x11, 0x00, 0x00, 0x00, 0x00, 0x00, 0x00, 0x00, 0x00,
    /* U+3071 "ぱ" */
    0x00, 0x00, 0x00, 0x00, 0x00, 0x00, 0x00, 0x09, 0xc7, 0x00, 0x00, 0x00, 0x00, 0x00, 0x00, 0x01,
    0x07, 0xa2, 0xc4, 0x03, 0xf7, 0x00, 0x00, 0x00, 0x04, 0xf7, 0x94, 0x07, 0x70, 0x4f, 0x50, 0x00,
    0x00, 0x00, 0x3f, 0x57, 0xa2, 0xc4, 0x06, 0xf2, 0x00, 0x00, 0x00, 0x03, 0xf5, 0x19, 0xd8, 0x00,
    0x8e, 0x00, 0x01, 0x11, 0x00, 0x4f, 0x52, 0x45, 0x00, 0x0a, 0xc0, 0x00, 0x7f, 0xff, 0xff, 0xff,
    0xff, 0xc0, 0x00, 0xca, 0x00, 0x03, 0x66, 0x77, 0x8f, 0x95, 0x32, 0x00, 0x0d, 0x80, 0x00, 0x00,
    0x00, 0x03, 0xf5, 0x00, 0x00, 0x00, 0xf6, 0x00, 0x00, 0x00, 0x00, 0x2f, 0x60, 0x00, 0x00, 0x1f,
    0x50, 0x00, 0x00, 0x00, 0x02, 0xf6, 0x00, 0x00, 0x02, 0xf4, 0x00, 0x00, 0x00, 0x00, 0x1f, 0x70,
    0x00, 0x00, 0x3f, 0x48, 0x30, 0x00, 0x02, 0x32, 0xf8, 0x00, 0x00, 0x02, 0xf6, 0xe2, 0x00, 0x8e,
    0xff, 0xff, 0xb1, 0x00, 0x00, 0x1f, 0xcc, 0x00, 0x8e, 0x62, 0x14, 0xff, 0xe7, 0x00, 0x00, 0xff,
    0x80, 0x0d, 0x80, 0x00, 0x0f, 0xab, 0xfa, 0x00, 0x0e, 0xf3, 0x00, 0xda, 0x00, 0x03, 0xf7, 0x09,
    0xf4, 0x00, 0xcf, 0x00, 0x07, 0xfc, 0x89, 0xef, 0x20, 0x06, 0x00, 0x08, 0xe0, 0x00, 0x06, 0xce,
    0xec, 0x40, 0x00, 0x00, 0x00, 0x11, 0x00, 0x00, 0x00, 0x00, 0x00, 0x00, 0x00, 0x00,
    /* U+3072 "ひ" */
    0x00, 0x00, 0x03, 0x66, 0x00, 0x05, 0x70, 0x00, 0x08, 0xac, 0xdf, 0xff, 0xd0, 0x00, 0xae, 0x00,
    0x00, 0xbd, 0xb9, 0xaf, 0x80, 0x00, 0x06, 0xf2, 0x00, 0x00, 0x00, 0x2e, 0x90, 0x00, 0x00, 0x4f,
    0x70, 0x00, 0x00, 0x0b, 0xd1, 0x00, 0x00, 0x02, 0xfc, 0x00, 0x00, 0x04, 0xf4, 0x00, 0x00, 0x00,
    0x1f, 0xf5, 0x00, 0x00, 0xcd, 0x00, 0x00, 0x00, 0x01, 0xfe, 0xc0, 0x00, 0x2f, 0x60, 0x00, 0x00,
    0x00, 0x1f, 0x6f, 0x80, 0x07, 0xf1, 0x00, 0x00, 0x00, 0x02, 0xf2, 0xbf, 0x50, 0xae, 0x00, 0x00,
    0x00, 0x00, 0x3f, 0x12, 0xea, 0x0c, 0xc0, 0x00, 0x00, 0x00, 0x06, 0xf1, 0x04, 0x20, 0xdb, 0x00,
    0x00, 0x00, 0x00, 0xad, 0x00, 0x00, 0x0c, 0xd0, 0x00, 0x00, 0x00, 0x2f, 0x90, 0x00, 0x00, 0x9f,
    0x30, 0x00, 0x00, 0x0a, 0xf3, 0x00, 0x00, 0x03, 0xfd, 0x20, 0x00, 0x1a, 0xf9, 0x00, 0x00, 0x00,
    0x07, 0xff, 0xba, 0xbe, 0xfa, 0x00, 0x00, 0x00, 0x00, 0x03, 0xad, 0xfd, 0xb5, 0x00, 0x00, 0x00,
    0x00,
    /* U+3073 "び" */
    0x00, 0x00, 0x00, 0x00, 0x00, 0x00, 0x00, 0x00, 0x00, 0x00, 0x00, 0x00, 0x00, 0x00, 0x00, 0x00,
    0x02, 0x1a, 0x60, 0x00, 0x00, 0x00, 0x00, 0x00, 0x00, 0x00, 0xb7, 0x4d, 0x00, 0x01, 0x24, 0x69,
    0xd5, 0x00, 0x2d, 0x64, 0xe0, 0xd5, 0x3f, 0xff, 0xff, 0xfd, 0x50, 0x00, 0xea, 0x0c, 0x31, 0x01,
    0x97, 0x54, 0xec, 0x10, 0x00, 0x0b, 0xe0, 0x00, 0x00, 0x00, 0x00, 0xae, 0x10, 0x00, 0x00, 0xaf,
    0x30, 0x00, 0x00, 0x00, 0x4f, 0x50, 0x00, 0x00, 0x08, 0xf9, 0x00, 0x00, 0x00, 0x0c, 0xb0, 0x00,
    0x00, 0x00, 0x7f, 0xf2, 0x00, 0x00, 0x04, 0xf5, 0x00, 0x00, 0x00, 0x07, 0xde, 0xa0, 0x00, 0x00,
    0x9d, 0x00, 0x00, 0x00, 0x00, 0x7b, 0x7f, 0x60, 0x00, 0x0e, 0xa0, 0x00, 0x00, 0x00, 0x08, 0xb1,
    0xdf, 0x30, 0x01, 0xf7, 0x00, 0x00, 0x00, 0x00, 0xab, 0x03, 0xe2, 0x00, 0x3f, 0x50, 0x00, 0x00,
    0x00, 0x0d, 0x90, 0x02, 0x00, 0x04, 0xf5, 0x00, 0x00, 0x00, 0x03, 0xf6, 0x00, 0x00, 0x00, 0x1f,
    0x80, 0x00, 0x00, 0x00, 0xaf, 0x10, 0x00, 0x00, 0x00, 0xde, 0x20, 0x00, 0x00, 0x6f, 0x90, 0x00,
    0x00, 0x00, 0x05, 0xfd, 0x51, 0x13, 0x9f, 0xd1, 0x00, 0x00, 0x00, 0x00, 0x06, 0xef, 0xff, 0xff,
    0xb1, 0x00, 0x00, 0x00, 0x00, 0x00, 0x01, 0x68, 0x97, 0x30, 0x00, 0x00, 0x00, 0x00,
    /* U+3074 "ぴ" */
    0x00, 0x00, 0x00, 0x00, 0x00, 0x00, 0x00, 0x2b, 0xea, 0x10, 0x00, 0x00, 0x00, 0x00, 0x00, 0x01,
    0x1a, 0x60, 0x97, 0x00, 0x12, 0x46, 0x9c, 0x50, 0x02, 0xf7, 0xa6, 0x09, 0x73, 0xff, 0xff, 0xff,
    0xd5, 0x00, 0x0d, 0xa2, 0xbe, 0xa1, 0x19, 0x75, 0x4e, 0xc1, 0x00, 0x00, 0xbe, 0x10, 0x00, 0x00,
    0x00, 0x0a, 0xe1, 0x00, 0x00, 0x09, 0xf5, 0x00, 0x00, 0x00, 0x04, 0xf5, 0x00, 0x00, 0x00, 0x7f,
    0xb0, 0x00, 0x00, 0x00, 0xcb, 0x00, 0x00, 0x00, 0x07, 0xff, 0x40, 0x00, 0x00, 0x4f, 0x50, 0x00,
    0x00, 0x00, 0x6d, 0xec, 0x00, 0x00, 0x09, 0xd0, 0x00, 0x00, 0x00, 0x07, 0xb7, 0xf9, 0x00, 0x00,
    0xea, 0x00, 0x00, 0x00, 0x00, 0x8b, 0x1d, 0xf5, 0x00, 0x1f, 0x70, 0x00, 0x00, 0x00, 0x0a, 0xb0,
    0x3d, 0x10, 0x03, 0xf5, 0x00, 0x00, 0x00, 0x00, 0xd9, 0x00, 0x10, 0x00, 0x4f, 0x50, 0x00, 0x00,
    0x00, 0x3f, 0x60, 0x00, 0x00, 0x01, 0xf8, 0x00, 0x00, 0x00, 0x0a, 0xf1, 0x00, 0x00, 0x00, 0x0d,
    0xe2, 0x00, 0x00, 0x06, 0xf9, 0x00, 0x00, 0x00, 0x00, 0x5f, 0xd5, 0x11, 0x39, 0xfd, 0x10, 0x00,
    0x00, 0x00, 0x00, 0x6e, 0xff, 0xff, 0xfb, 0x10, 0x00, 0x00, 0x00, 0x00, 0x00, 0x16, 0x89, 0x73,
    0x00, 0x00, 0x00, 0x00, 0x00,
    /* U+3075 "ふ" */
    0x00, 0x00, 0x00, 0x00, 0x10, 0x00, 0x00, 0x00, 0x00, 0x00, 0x00, 0x00, 0x00, 0x07, 0xe8, 0x10,
    0x00, 0x00, 0x00, 0x00, 0x00, 0x00, 0x00, 0x02, 0x9f, 0xe8, 0x10, 0x00, 0x00, 0x00, 0x00, 0x00,
    0x00, 0x00, 0x02, 0xbf, 0xd1, 0x00, 0x00, 0x00, 0x00, 0x00, 0x00, 0x00, 0x00, 0x0d, 0xf4, 0x00,
    0x00, 0x00, 0x00, 0x00, 0x00, 0x00, 0x00, 0x9e, 0x50, 0x00, 0x00, 0x00, 0x00, 0x00, 0x00, 0x00,
    0x00, 0x13, 0x00, 0x00, 0x00, 0x00, 0x00, 0x00, 0x00, 0x03, 0xb1, 0x00, 0x00, 0x00, 0x00, 0x00,
    0x00, 0x00, 0x00, 0x05, 0xfc, 0x10, 0x00, 0x00, 0x00, 0x00, 0x00, 0x00, 0x00, 0x00, 0x4f, 0xa0,
    0x00, 0x4d, 0x20, 0x00, 0x00, 0x00, 0x00, 0x00, 0x07, 0xf7, 0x00, 0x1e, 0xc0, 0x00, 0x00, 0x00,
    0x09, 0x50, 0x00, 0xbf, 0x30, 0x05, 0xf6, 0x00, 0x00, 0x00, 0x9f, 0x80, 0x00, 0x2f, 0xa0, 0x00,
    0xcd, 0x00, 0x00, 0x2b, 0xf9, 0x00, 0x00, 0x0b, 0xf0, 0x00, 0x6f, 0x60, 0x05, 0xef, 0x70, 0x00,
    0x00, 0x09, 0xf1, 0x00, 0x1e, 0xd0, 0x0d, 0xd3, 0x00, 0x43, 0x11, 0x4e, 0xe0, 0x00, 0x09, 0xd1,
    0x02, 0x10, 0x00, 0xaf, 0xff, 0xff, 0x50, 0x00, 0x01, 0x00, 0x00, 0x00, 0x00, 0x26, 0x78, 0x72,
    0x00, 0x00, 0x00, 0x00,
    /* U+3076 "ぶ" */
    0x00, 0x00, 0x00, 0x00, 0x00, 0x00, 0x00, 0x00, 0x00, 0x00, 0x00, 0x00, 0x00, 0x0c, 0xa3, 0x00,
    0x00, 0x00, 0x00, 0x00, 0x00, 0x00, 0x00, 0x17, 0xef, 0xa2, 0x00, 0x00, 0x39, 0x00, 0x00, 0x00,
    0x00, 0x00, 0x18, 0xfe, 0x50, 0x79, 0x1e, 0x50, 0x00, 0x00, 0x00, 0x00, 0x00, 0x5f, 0xc0, 0x3f,
    0x36, 0xd1, 0x00, 0x00, 0x00, 0x00, 0x02, 0xed, 0x20, 0x09, 0xb0, 0x50, 0x00, 0x00, 0x00, 0x00,
    0x00, 0x51, 0x00, 0x01, 0x20, 0x00, 0x00, 0x00, 0x00, 0x07, 0x60, 0x00, 0x00, 0x00, 0x00, 0x00,
    0x00, 0x00, 0x00, 0x0b, 0xf5, 0x00, 0x00, 0x00, 0x00, 0x00, 0x00, 0x00, 0x00, 0x01, 0xbf, 0x30,
    0x00, 0x8a, 0x00, 0x00, 0x00, 0x00, 0x00, 0x00, 0x1d, 0xe1, 0x00, 0x7f, 0x50, 0x00, 0x00, 0x00,
    0x2a, 0x10, 0x03, 0xfa, 0x00, 0x0c, 0xd1, 0x00, 0x00, 0x03, 0xde, 0x30, 0x00, 0x8f, 0x30, 0x04,
    0xf7, 0x00, 0x00, 0x5e, 0xe3, 0x00, 0x00, 0x2f, 0x80, 0x00, 0xce, 0x10, 0x19, 0xfd, 0x20, 0x00,
    0x00, 0x1f, 0xa0, 0x00, 0x5f, 0x60, 0x5f, 0x91, 0x01, 0x42, 0x02, 0x9f, 0x70, 0x00, 0x1e, 0x80,
    0x03, 0x00, 0x02, 0xff, 0xff, 0xfc, 0x10, 0x00, 0x02, 0x00, 0x00, 0x00, 0x00, 0x46, 0x77, 0x50,
    0x00, 0x00, 0x00, 0x00,
    /* U+3077 "ぷ" */
    0x00, 0x00, 0x00, 0x0b, 0x92, 0x00, 0x00, 0x00, 0x00, 0x00, 0x00, 0x00, 0x00, 0x19, 0xff, 0x91,
    0x00, 0x06, 0xed, 0x40, 0x00, 0x00, 0x00, 0x00, 0x2a, 0xfe, 0x40, 0x2e, 0x24, 0xe0, 0x00, 0x00,
    0x00, 0x00, 0x00, 0x6f, 0xc0, 0x5a, 0x00, 0xd2, 0x00, 0x00, 0x00, 0x00, 0x01, 0xbf, 0x50, 0x2e,
    0x35, 0xe0, 0x00, 0x00, 0x00, 0x00, 0x01, 0xa4, 0x00, 0x05, 0xdc, 0x30, 0x00, 0x00, 0x00, 0x03,
    0x30, 0x00, 0x00, 0x00, 0x00, 0x00, 0x00, 0x00, 0x00, 0x0d, 0xe3, 0x00, 0x00, 0x00, 0x00, 0x00,
    0x00, 0x00, 0x00, 0x02, 0xdd, 0x20, 0x00, 0x56, 0x00, 0x00, 0x00, 0x00, 0x00, 0x00, 0x2e, 0xc1,
    0x00, 0x9f, 0x30, 0x00, 0x00, 0x00, 0x18, 0x00, 0x05, 0xf9, 0x00, 0x1d, 0xc0, 0x00, 0x00, 0x02,
    0xcf, 0x30, 0x00, 0x9f, 0x20, 0x05, 0xf6, 0x00, 0x00, 0x4e, 0xe4, 0x00, 0x00, 0x3f, 0x80, 0x00,
    0xcd, 0x00, 0x19, 0xfd, 0x30, 0x00, 0x00, 0x1f, 0xa0, 0x00, 0x6f, 0x60, 0x5f, 0x91, 0x01, 0x42,
    0x02, 0x8f, 0x70, 0x00, 0x1e, 0x80, 0x03, 0x00, 0x02, 0xff, 0xff, 0xfd, 0x10, 0x00, 0x02, 0x00,
    0x00, 0x00, 0x00, 0x46, 0x77, 0x50, 0x00, 0x00, 0x00, 0x00,
    /* U+3078 "へ" */
    0x00, 0x00, 0x01, 0xbe, 0x70, 0x00, 0x00, 0x00, 0x00, 0x00, 0x00, 0x0c, 0xff, 0xf8, 0x00, 0x00,
    0x00, 0x00, 0x00, 0x00, 0x9f, 0x71, 0xbf, 0x60, 0x00, 0x00, 0x00, 0x00, 0x06, 0xfa, 0x00, 0x1d,
    0xf4, 0x00, 0x00, 0x00, 0x00, 0x3f, 0xd1, 0x00, 0x02, 0xee, 0x20, 0x00, 0x00, 0x02, 0xdf, 0x30,
    0x00, 0x00, 0x4f, 0xd1, 0x00, 0x00, 0x2d, 0xf6, 0x00, 0x00, 0x00, 0x07, 0xfc, 0x10, 0x00, 0xaf,
    0xa0, 0x00, 0x00, 0x00, 0x00, 0x9f, 0xb0, 0x00, 0x1a, 0x10, 0x00, 0x00, 0x00, 0x00, 0x0b, 0xfa,
    0x00, 0x00, 0x00, 0x00, 0x00, 0x00, 0x00, 0x01, 0xcf, 0xb0, 0x00, 0x00, 0x00, 0x00, 0x00, 0x00,
    0x00, 0x1d, 0xfa, 0x00, 0x00, 0x00, 0x00, 0x00, 0x00, 0x00, 0x02, 0xd6, 0x00, 0x00, 0x00, 0x00,
    0x00, 0x00, 0x00, 0x00, 0x10,
    /* U+3079 "べ" */
    0x00, 0x00, 0x00, 0x00, 0x00, 0x00, 0x00, 0x00, 0x10, 0x00, 0x00, 0x00, 0x00, 0x00, 0x00, 0x00,
    0x00, 0x7c, 0x00, 0x00, 0x00, 0x00, 0x00, 0x00, 0x00, 0x2d, 0x31, 0xe7, 0x00, 0x00, 0x00, 0x01,
    0x9b, 0x30, 0x00, 0xbc, 0x07, 0xe1, 0x00, 0x00, 0x01, 0xcf, 0xfe, 0x30, 0x03, 0xf5, 0x07, 0x10,
    0x00, 0x00, 0x9f, 0x73, 0xee, 0x20, 0x07, 0x40, 0x00, 0x00, 0x00, 0x6f, 0x90, 0x04, 0xfd, 0x10,
    0x00, 0x00, 0x00, 0x00, 0x3f, 0xc1, 0x00, 0x06, 0xfb, 0x00, 0x00, 0x00, 0x00, 0x1d, 0xe2, 0x00,
    0x00, 0x09, 0xf8, 0x00, 0x00, 0x00, 0x1c, 0xf5, 0x00, 0x00, 0x00, 0x0b, 0xf7, 0x00, 0x00, 0x0c,
    0xf9, 0x00, 0x00, 0x00, 0x00, 0x1d, 0xf5, 0x00, 0x00, 0x4d, 0x10, 0x00, 0x00, 0x00, 0x00, 0x3e,
    0xf4, 0x00, 0x00, 0x10, 0x00, 0x00, 0x00, 0x00, 0x00, 0x4f, 0xf4, 0x00, 0x00, 0x00, 0x00, 0x00,
    0x00, 0x00, 0x00, 0x6f, 0xf4, 0x00, 0x00, 0x00, 0x00, 0x00, 0x00, 0x00, 0x00, 0x7f, 0x80, 0x00,
    0x00, 0x00, 0x00, 0x00, 0x00, 0x00, 0x00, 0x50,
    /* U+307A "ぺ" */
    0x00, 0x00, 0x00, 0x00, 0x00, 0x00, 0x01, 0xae, 0xa1, 0x00, 0x00, 0x00, 0x00, 0x00, 0x00, 0x00,
    0xa8, 0x29, 0xa0, 0x00, 0x00, 0x00, 0x1a, 0xc4, 0x00, 0x0d, 0x20, 0x2d, 0x00, 0x00, 0x00, 0x1c,
    0xff, 0xf5, 0x00, 0xa8, 0x18, 0xa0, 0x00, 0x00, 0x09, 0xf7, 0x3e, 0xe3, 0x02, 0xbe, 0xb2, 0x00,
    0x00, 0x06, 0xf9, 0x00, 0x4f, 0xd1, 0x00, 0x00, 0x00, 0x00, 0x03, 0xfc, 0x10, 0x00, 0x6f, 0xc0,
    0x00, 0x00, 0x00, 0x01, 0xde, 0x20, 0x00, 0x00, 0x9f, 0xa0, 0x00, 0x00, 0x01, 0xcf, 0x50, 0x00,
    0x00, 0x00, 0xbf, 0x80, 0x00, 0x00, 0xcf, 0x90, 0x00, 0x00, 0x00, 0x01, 0xdf, 0x60, 0x00, 0x04,
    0xd1, 0x00, 0x00, 0x00, 0x00, 0x03, 0xef, 0x50, 0x00, 0x01, 0x00, 0x00, 0x00, 0x00, 0x00, 0x04,
    0xff, 0x50, 0x00, 0x00, 0x00, 0x00, 0x00, 0x00, 0x00, 0x06, 0xff, 0x50, 0x00, 0x00, 0x00, 0x00,
    0x00, 0x00, 0x00, 0x07, 0xf7, 0x00, 0x00, 0x00, 0x00, 0x00, 0x00, 0x00, 0x00, 0x05, 0x00,
    /* U+307B "ほ" */
    0x01, 0x00, 0x00, 0x00, 0x00, 0x00, 0x00, 0x00, 0x00, 0xbe, 0x00, 0x01, 0x11, 0x10, 0x01, 0x24,
    0x40, 0x0d, 0xb0, 0x00, 0x7f, 0xff, 0xff, 0xff, 0xfb, 0x00, 0xf8, 0x00, 0x02, 0x55, 0x55, 0xf9,
    0x32, 0x10, 0x2f, 0x60, 0x00, 0x00, 0x00, 0x0f, 0x70, 0x00, 0x04, 0xf3, 0x00, 0x00, 0x00, 0x00,
    0xf7, 0x00, 0x00, 0x6f, 0x20, 0x00, 0x00, 0x00, 0x0f, 0x71, 0x34, 0x17, 0xf0, 0x00, 0x0c, 0xff,
    0xff, 0xff, 0xff, 0xf3, 0x8d, 0x00, 0x00, 0x57, 0x77, 0x7f, 0xb6, 0x53, 0x09, 0xc0, 0x00, 0x00,
    0x00, 0x00, 0xe8, 0x00, 0x00, 0xac, 0x01, 0x00, 0x00, 0x00, 0x0d, 0x80, 0x00, 0x0a, 0xc3, 0xb0,
    0x00, 0x01, 0x21, 0xd9, 0x00, 0x00, 0x9d, 0x89, 0x00, 0x4c, 0xff, 0xff, 0xd4, 0x00, 0x09, 0xee,
    0x40, 0x2e, 0x93, 0x12, 0xcf, 0xfc, 0x30, 0x8f, 0xe0, 0x05, 0xf1, 0x00, 0x0c, 0xb5, 0xdf, 0x66,
    0xf9, 0x00, 0x2f, 0x93, 0x15, 0xf9, 0x01, 0xc8, 0x3f, 0x70, 0x00, 0x7e, 0xff, 0xfd, 0x20, 0x01,
    0x10, 0xa4, 0x00, 0x00, 0x14, 0x54, 0x00, 0x00, 0x00,
    /* U+307C "ぼ" */
    0x00, 0x00, 0x00, 0x00, 0x00, 0x00, 0x00, 0x00, 0x00, 0x00, 0x00, 0x00, 0x00, 0x00, 0x00, 0x00,
    0x01, 0x26, 0x90, 0x02, 0x73, 0x00, 0x00, 0x00, 0x00, 0x00, 0x6b, 0x2e, 0x10, 0x5f, 0x40, 0x00,
    0x65, 0x55, 0x56, 0x79, 0xf2, 0xb6, 0x07, 0xf1, 0x00, 0x1f, 0xff, 0xff, 0xfe, 0xde, 0x63, 0x20,
    0x9d, 0x00, 0x00, 0x00, 0x01, 0x8e, 0x00, 0x00, 0x00, 0x0c, 0xb0, 0x00, 0x00, 0x00, 0x08, 0xe0,
    0x00, 0x00, 0x00, 0xe9, 0x00, 0x00, 0x00, 0x00, 0x8e, 0x01, 0x22, 0x00, 0x0f, 0x70, 0x00, 0x5f,
    0xff, 0xff, 0xff, 0xff, 0xa0, 0x01, 0xf6, 0x00, 0x02, 0x77, 0x88, 0xce, 0x76, 0x42, 0x00, 0x2f,
    0x50, 0x00, 0x00, 0x00, 0x07, 0xe0, 0x00, 0x00, 0x03, 0xf3, 0x00, 0x00, 0x00, 0x00, 0x7f, 0x00,
    0x00, 0x00, 0x4f, 0x39, 0x20, 0x00, 0x00, 0x06, 0xf0, 0x00, 0x00, 0x03, 0xf5, 0xe1, 0x00, 0x6c,
    0xee, 0xef, 0x40, 0x00, 0x00, 0x2f, 0xbb, 0x00, 0x7f, 0x94, 0x59, 0xff, 0xb3, 0x00, 0x02, 0xff,
    0x70, 0x0d, 0x90, 0x00, 0x5f, 0x8e, 0xf5, 0x00, 0x1f, 0xf3, 0x00, 0xd9, 0x00, 0x08, 0xf2, 0x2d,
    0xf2, 0x00, 0xde, 0x00, 0x08, 0xfb, 0x78, 0xed, 0x00, 0x29, 0x00, 0x0b, 0xd0, 0x00, 0x07, 0xce,
    0xeb, 0x20, 0x00, 0x00, 0x00, 0x22, 0x00, 0x00, 0x00, 0x00, 0x00, 0x00, 0x00, 0x00,
    /* U+307D "ぽ" */
    0x00, 0x00, 0x00, 0x00, 0x00, 0x00, 0x00, 0x08, 0xec, 0x20, 0x00, 0x00, 0x00, 0x00, 0x00, 0x00,
    0x04, 0xb1, 0x5a, 0x04, 0xd5, 0x00, 0x00, 0x00, 0x00, 0x00, 0x5b, 0x05, 0xa0, 0x6f, 0x20, 0x00,
    0x66, 0x66, 0x68, 0xcf, 0xfe, 0xc2, 0x08, 0xf0, 0x00, 0x1f, 0xff, 0xff, 0xfe, 0xd9, 0x60, 0x00,
    0xac, 0x00, 0x00, 0x00, 0x01, 0x8e, 0x00, 0x00, 0x00, 0x0c, 0xa0, 0x00, 0x00, 0x00, 0x08, 0xe0,
    0x00, 0x00, 0x00, 0xe8, 0x00, 0x00, 0x00, 0x00, 0x8e, 0x01, 0x22, 0x00, 0x0f, 0x60, 0x00, 0x5f,
    0xff, 0xff, 0xff, 0xff, 0xa0, 0x01, 0xf5, 0x00, 0x02, 0x77, 0x88, 0xce, 0x76, 0x42, 0x00, 0x2f,
    0x40, 0x00, 0x00, 0x00, 0x07, 0xe0, 0x00, 0x00, 0x03, 0xf3, 0x00, 0x00, 0x00, 0x00, 0x7f, 0x00,
    0x00, 0x00, 0x4f, 0x39, 0x20, 0x00, 0x00, 0x06, 0xf0, 0x00, 0x00, 0x03, 0xf5, 0xe1, 0x00, 0x6c,
    0xee, 0xef, 0x40, 0x00, 0x00, 0x2f, 0xbc, 0x00, 0x7f, 0x94, 0x59, 0xff, 0xb3, 0x00, 0x02, 0xff,
    0x70, 0x0d, 0x90, 0x00, 0x5f, 0x8e, 0xf5, 0x00, 0x1f, 0xf3, 0x00, 0xd9, 0x00, 0x08, 0xf2, 0x2d,
    0xf2, 0x00, 0xde, 0x00, 0x08, 0xfb, 0x78, 0xed, 0x00, 0x29, 0x00, 0x0b, 0xd0, 0x00, 0x07, 0xce,
    0xeb, 0x20, 0x00, 0x00, 0x00, 0x22, 0x00, 0x00, 0x00, 0x00, 0x00, 0x00, 0x00, 0x00,
    /* U+307E "ま" */
    0x00, 0x00, 0x00, 0x3e, 0x60, 0x00, 0x00, 0x00, 0x00, 0x00, 0x03, 0xf5, 0x00, 0x00, 0x00, 0x15,
    0x32, 0x10, 0x3f, 0x52, 0x35, 0x66, 0x03, 0xff, 0xff, 0xff, 0xff, 0xff, 0xff, 0xa0, 0x02, 0x34,
    0x56, 0x8f, 0x85, 0x42, 0x10, 0x00, 0x00, 0x00, 0x03, 0xf5, 0x00, 0x00, 0x00, 0x00, 0x00, 0x00,
    0x3f, 0x50, 0x00, 0x00, 0x04, 0xb9, 0x77, 0x68, 0xf9, 0x8a, 0xcd, 0xd0, 0x3c, 0xde, 0xef, 0xff,
    0xfe, 0xcb, 0xa8, 0x00, 0x00, 0x00, 0x02, 0xf5, 0x00, 0x00, 0x00, 0x00, 0x00, 0x00, 0x1f, 0x60,
    0x00, 0x00, 0x00, 0x00, 0x13, 0x44, 0xf7, 0x00, 0x00, 0x00, 0x02, 0xbf, 0xff, 0xff, 0xd7, 0x20,
    0x00, 0x01, 0xdc, 0x41, 0x13, 0xfe, 0xff, 0x91, 0x00, 0x4f, 0x30, 0x00, 0x0f, 0x94, 0xcf, 0xd3,
    0x04, 0xf5, 0x00, 0x03, 0xf8, 0x00, 0x6f, 0xf2, 0x0c, 0xe9, 0x68, 0xdf, 0x30, 0x00, 0x49, 0x00,
    0x18, 0xde, 0xec, 0x40, 0x00, 0x00, 0x00,
    /* U+307F "み" */
    0x00, 0x03, 0x55, 0x56, 0x78, 0x91, 0x00, 0x00, 0x00, 0x00, 0x08, 0xff, 0xff, 0xff, 0xf3, 0x00,
    0x00, 0x00, 0x00, 0x02, 0x32, 0x10, 0x2f, 0x90, 0x00, 0x00, 0x00, 0x00, 0x00, 0x00, 0x00, 0x8f,
    0x20, 0x00, 0x00, 0x00, 0x00, 0x00, 0x00, 0x01, 0xea, 0x00, 0x00, 0x00, 0x00, 0x00, 0x00, 0x00,
    0x06, 0xf3, 0x00, 0x00, 0xac, 0x00, 0x00, 0x00, 0x01, 0x3d, 0xd1, 0x00, 0x00, 0xac, 0x00, 0x00,
    0x05, 0xcf, 0xff, 0xff, 0xd9, 0x30, 0xbb, 0x00, 0x00, 0xbf, 0xa6, 0xce, 0x47, 0xbe, 0xfc, 0xe9,
    0x00, 0x09, 0xe4, 0x02, 0xf8, 0x00, 0x01, 0x7e, 0xfd, 0x30, 0x3f, 0x50, 0x08, 0xf2, 0x00, 0x00,
    0x06, 0xff, 0xf8, 0x6f, 0x00, 0x1e, 0xa0, 0x00, 0x00, 0x0b, 0xd4, 0xea, 0x8f, 0x10, 0x9f, 0x30,
    0x00, 0x00, 0x5f, 0x70, 0x23, 0x4f, 0xdb, 0xf9, 0x00, 0x00, 0x02, 0xed, 0x10, 0x00, 0x07, 0xed,
    0x80, 0x00, 0x00, 0x3e, 0xf4, 0x00, 0x00, 0x00, 0x00, 0x00, 0x00, 0x19, 0xfe, 0x40, 0x00, 0x00,
    0x00, 0x00, 0x00, 0x00, 0x1c, 0xb2, 0x00, 0x00, 0x00, 0x00, 0x00, 0x00, 0x00, 0x00, 0x00, 0x00,
    0x00, 0x00,
    /* U+3080 "む" */
    0x00, 0x00, 0x28, 0x30, 0x00, 0x00, 0x00, 0x00, 0x00, 0x00, 0x00, 0x3f, 0x50, 0x00, 0x00, 0x00,
    0x00, 0x00, 0x00, 0x00, 0x3f, 0x50, 0x01, 0x00, 0x02, 0x00, 0x00, 0x2a, 0x87, 0x8f, 0xaa, 0xdf,
    0x20, 0x4f, 0x70, 0x00, 0x1d, 0xef, 0xff, 0xec, 0xa8, 0x10, 0x0a, 0xf9, 0x00, 0x00, 0x00, 0x3f,
    0x50, 0x00, 0x00, 0x00, 0x9f, 0x90, 0x00, 0x00, 0x3f, 0x50, 0x00, 0x00, 0x00, 0x0a, 0xf3, 0x00,
    0x4c, 0xff, 0x50, 0x00, 0x00, 0x00, 0x00, 0x40, 0x03, 0xf9, 0x7f, 0x70, 0x00, 0x00, 0x00, 0x00,
    0x00, 0x0a, 0xb0, 0x0b, 0xb0, 0x00, 0x00, 0x00, 0x00, 0x00, 0x0d, 0x70, 0x0b, 0xb0, 0x00, 0x00,
    0x00, 0x00, 0x00, 0x0e, 0x70, 0x0d, 0x90, 0x00, 0x00, 0x01, 0x61, 0x00, 0x0b, 0xd2, 0x6f, 0x40,
    0x00, 0x00, 0x01, 0xf8, 0x00, 0x04, 0xff, 0xfc, 0x00, 0x00, 0x00, 0x01, 0xf8, 0x00, 0x00, 0x37,
    0xdb, 0x00, 0x00, 0x00, 0x04, 0xf8, 0x00, 0x00, 0x00, 0xbd, 0x00, 0x00, 0x00, 0x1b, 0xf5, 0x00,
    0x00, 0x00, 0x8f, 0xc8, 0x78, 0x9b, 0xef, 0xc0, 0x00, 0x00, 0x00, 0x18, 0xce, 0xff, 0xed, 0xa6,
    0x00, 0x00,
    /* U+3081 "め" */
    0x00, 0x00, 0x00, 0x00, 0x00, 0x26, 0x20, 0x00, 0x00, 0x00, 0x02, 0x10, 0x00, 0x00, 0x6f, 0x30,
    0x00, 0x00, 0x00, 0x4f, 0x60, 0x00, 0x00, 0x8f, 0x00, 0x00, 0x00, 0x00, 0x1e, 0x90, 0x00, 0x24,
    0xcd, 0x00, 0x00, 0x00, 0x00, 0x0a, 0xe2, 0x8e, 0xff, 0xff, 0xe9, 0x10, 0x00, 0x00, 0x05, 0xff,
    0xe8, 0x46, 0xf6, 0x9e, 0xd2, 0x00, 0x00, 0x0a, 0xfb, 0x10, 0x0a, 0xd0, 0x03, 0xed, 0x00, 0x00,
    0x8f, 0xed, 0x00, 0x0e, 0x80, 0x00, 0x5f, 0x60, 0x02, 0xfb, 0x5f, 0x40, 0x5f, 0x40, 0x00, 0x0d,
    0xc0, 0x09, 0xe2, 0x0e, 0xa0, 0xcd, 0x00, 0x00, 0x09, 0xe0, 0x0e, 0x90, 0x08, 0xf6, 0xf7, 0x00,
    0x00, 0x08, 0xf1, 0x2f, 0x40, 0x01, 0xef, 0xe1, 0x00, 0x00, 0x0a, 0xf1, 0x4f, 0x30, 0x00, 0x9f,
    0x90, 0x00, 0x00, 0x0c, 0xd0, 0x3f, 0x50, 0x03, 0xef, 0xe3, 0x00, 0x00, 0x4f, 0x90, 0x1e, 0xb1,
    0x4e, 0xe5, 0xe4, 0x00, 0x01, 0xee, 0x10, 0x07, 0xff, 0xfd, 0x20, 0x10, 0x00, 0x6e, 0xf5, 0x00,
    0x00, 0x58, 0x61, 0x00, 0x06, 0xae, 0xfc, 0x30, 0x00, 0x00, 0x00, 0x00, 0x00, 0x06, 0xd9, 0x50,
    0x00, 0x00,
    /* U+3082 "も" */
    0x00, 0x00, 0x00, 0x97, 0x00, 0x00, 0x00, 0x00, 0x00, 0x00, 0x00, 0x0e, 0xa0, 0x00, 0x00, 0x00,
    0x00, 0x00, 0x00, 0x01, 0xf8, 0x00, 0x00, 0x00, 0x00, 0x00, 0x68, 0x42, 0x3f, 0x60, 0x13, 0x10,
    0x00, 0x00, 0x08, 0xef, 0xff, 0xff, 0xff, 0xf5, 0x00, 0x00, 0x00, 0x00, 0x24, 0x9f, 0x76, 0x65,
    0x10, 0x00, 0x00, 0x00, 0x00, 0x07, 0xf0, 0x00, 0x00, 0x00, 0x00, 0x00, 0x00, 0x00, 0x8e, 0x00,
    0x00, 0x00, 0x00, 0x00, 0x03, 0x00, 0x0a, 0xc0, 0x00, 0x00, 0x29, 0x80, 0x01, 0xfe, 0xa8, 0xdd,
    0x78, 0x9a, 0x20, 0x9f, 0x40, 0x16, 0xac, 0xef, 0xff, 0xed, 0xd2, 0x01, 0xdc, 0x00, 0x00, 0x00,
    0xf8, 0x00, 0x00, 0x00, 0x07, 0xf3, 0x00, 0x00, 0x1f, 0x70, 0x00, 0x00, 0x00, 0x4f, 0x50, 0x00,
    0x01, 0xf7, 0x00, 0x00, 0x00, 0x05, 0xf4, 0x00, 0x00, 0x0e, 0xa0, 0x00, 0x00, 0x00, 0xbf, 0x10,
    0x00, 0x00, 0xaf, 0x50, 0x00, 0x02, 0xaf, 0x90, 0x00, 0x00, 0x02, 0xef, 0xc9, 0x9b, 0xff, 0xa0,
    0x00, 0x00, 0x00, 0x02, 0x9d, 0xee, 0xc9, 0x30, 0x00,
    /* U+3083 "ゃ" */
    0x00, 0x00, 0x00, 0x01, 0x00, 0x00, 0x00, 0x00, 0x00, 0x00, 0x06, 0xe3, 0x00, 0x00, 0x00, 0x00,
    0x25, 0x00, 0x2d, 0xe3, 0x00, 0x00, 0x00, 0x0b, 0xf2, 0x00, 0x18, 0x35, 0x52, 0x00, 0x00, 0x2f,
    0x90, 0x39, 0xef, 0xff, 0xf9, 0x00, 0x00, 0x8f, 0xcf, 0xd8, 0x31, 0x17, 0xf6, 0x01, 0x7d, 0xfd,
    0x50, 0x00, 0x00, 0x0c, 0xb7, 0xff, 0xbb, 0xe1, 0x00, 0x00, 0x00, 0xca, 0x3a, 0x30, 0x3f, 0x60,
    0x43, 0x12, 0x8f, 0x60, 0x00, 0x00, 0xcc, 0x0a, 0xff, 0xff, 0x90, 0x00, 0x00, 0x07, 0xf3, 0x04,
    0x65, 0x20, 0x00, 0x00, 0x00, 0x1f, 0x80, 0x00, 0x00, 0x00, 0x00, 0x00, 0x00, 0xbd, 0x00, 0x00,
    0x00, 0x00, 0x00, 0x00, 0x07, 0xf3, 0x00, 0x00, 0x00, 0x00, 0x00, 0x00, 0x3f, 0x80, 0x00, 0x00,
    0x00, 0x00, 0x00, 0x00, 0x73, 0x00, 0x00, 0x00,
    /* U+3084 "や" */
    0x00, 0x00, 0x00, 0x04, 0xa1, 0x00, 0x00, 0x00, 0x00, 0x00, 0x00, 0x00, 0x05, 0xfc, 0x10, 0x00,
    0x00, 0x00, 0x00, 0x7d, 0x10, 0x00, 0x4e, 0xc1, 0x00, 0x00, 0x00, 0x00, 0x5f, 0x70, 0x00, 0x04,
    0x84, 0x64, 0x20, 0x00, 0x00, 0x0b, 0xe1, 0x01, 0x6c, 0xff, 0xff, 0xfa, 0x10, 0x00, 0x03, 0xf9,
    0x9e, 0xfb, 0x62, 0x12, 0x7f, 0xa0, 0x00, 0x04, 0xef, 0xe8, 0x20, 0x00, 0x00, 0x08, 0xf1, 0x27,
    0xdf, 0xef, 0x60, 0x00, 0x00, 0x00, 0x06, 0xf3, 0x9f, 0xd6, 0x0d, 0xd0, 0x00, 0x00, 0x00, 0x0a,
    0xf1, 0x26, 0x00, 0x06, 0xf4, 0x03, 0x62, 0x02, 0x8f, 0xa0, 0x00, 0x00, 0x01, 0xfa, 0x05, 0xff,
    0xff, 0xfa, 0x10, 0x00, 0x00, 0x00, 0xaf, 0x10, 0x25, 0x75, 0x30, 0x00, 0x00, 0x00, 0x00, 0x5f,
    0x60, 0x00, 0x00, 0x00, 0x00, 0x00, 0x00, 0x00, 0x1e, 0xb0, 0x00, 0x00, 0x00, 0x00, 0x00, 0x00,
    0x00, 0x0a, 0xf1, 0x00, 0x00, 0x00, 0x00, 0x00, 0x00, 0x00, 0x06, 0xf6, 0x00, 0x00, 0x00, 0x00,
    0x00, 0x00, 0x00, 0x02, 0xfa, 0x00, 0x00, 0x00, 0x00, 0x00, 0x00, 0x00, 0x00, 0xca, 0x00, 0x00,
    0x00, 0x00, 0x00, 0x00, 0x00, 0x00, 0x00, 0x00, 0x00, 0x00, 0x00,
    /* U+3085 "ゅ" */
    0x00, 0x00, 0x00, 0x00, 0x00, 0x00, 0x00, 0x00, 0x11, 0x00, 0x00, 0x8e, 0x00, 0x00, 0x00, 0x0a,
    0xd0, 0x00, 0x05, 0xf2, 0x00, 0x00, 0x00, 0xba, 0x00, 0x18, 0xdf, 0xfd, 0x81, 0x00, 0x0d, 0x80,
    0x5e, 0xd9, 0xf8, 0x8e, 0xd1, 0x00, 0xe6, 0x4f, 0x80, 0x1f, 0x50, 0x2e, 0x90, 0x0f, 0x6e, 0x60,
    0x00, 0xf5, 0x00, 0x8e, 0x01, 0xfd, 0xb0, 0x00, 0x0f, 0x60, 0x06, 0xf1, 0x1f, 0xf3, 0x01, 0x01,
    0xf5, 0x00, 0x7f, 0x00, 0xfd, 0x07, 0x90, 0x3f, 0x40, 0x0b, 0xd0, 0x0e, 0xa0, 0x5f, 0x76, 0xf1,
    0x06, 0xf6, 0x00, 0xca, 0x00, 0x9f, 0xef, 0x8c, 0xfa, 0x00, 0x07, 0x80, 0x00, 0x7f, 0xfe, 0xb6,
    0x00, 0x00, 0x00, 0x00, 0x0c, 0xe1, 0x00, 0x00, 0x00, 0x00, 0x00, 0x1c, 0xf5, 0x00, 0x00, 0x00,
    0x00, 0x00, 0x00, 0x74, 0x00, 0x00, 0x00, 0x00,
    /* U+3086 "ゆ" */
    0x00, 0x00, 0x00, 0x00, 0x89, 0x00, 0x00, 0x00, 0x00, 0x21, 0x00, 0x00, 0x09, 0xf0, 0x00, 0x00,
    0x00, 0x0d, 0xb0, 0x00, 0x00, 0x6f, 0x20, 0x00, 0x00, 0x00, 0xe8, 0x00, 0x01, 0x7c, 0xfe, 0xc9,
    0x20, 0x00, 0x1f, 0x60, 0x05, 0xef, 0xbf, 0xa9, 0xee, 0x50, 0x02, 0xf4, 0x08, 0xf8, 0x11, 0xf6,
    0x01, 0xbf, 0x20, 0x3f, 0x36, 0xf5, 0x00, 0x1f, 0x60, 0x01, 0xea, 0x04, 0xf3, 0xf6, 0x00, 0x00,
    0xf7, 0x00, 0x09, 0xe0, 0x5f, 0xab, 0x00, 0x00, 0x0f, 0x70, 0x00, 0x7f, 0x15, 0xff, 0x30, 0x00,
    0x01, 0xf6, 0x00, 0x08, 0xf0, 0x5f, 0xc0, 0x18, 0x00, 0x2f, 0x50, 0x00, 0xad, 0x04, 0xf8, 0x05,
    0xf4, 0x05, 0xf3, 0x00, 0x3f, 0x90, 0x3f, 0x70, 0x0b, 0xe5, 0x8f, 0x10, 0x3d, 0xe1, 0x01, 0xf8,
    0x00, 0x1b, 0xfe, 0xe9, 0xbf, 0xe4, 0x00, 0x0b, 0x70, 0x00, 0x08, 0xff, 0xeb, 0x81, 0x00, 0x00,
    0x00, 0x00, 0x01, 0xde, 0x10, 0x00, 0x00, 0x00, 0x00, 0x00, 0x01, 0xbf, 0x50, 0x00, 0x00, 0x00,
    0x00, 0x00, 0x00, 0xaf, 0x70, 0x00, 0x00, 0x00, 0x00, 0x00, 0x00, 0x00, 0x30, 0x00, 0x00, 0x00,
    0x00, 0x00,
    /* U+3087 "ょ" */
    0x00, 0x00, 0x00, 0xda, 0x00, 0x00, 0x00, 0x00, 0x00, 0x0d, 0x90, 0x00, 0x00, 0x00, 0x00, 0x00,
    0xd9, 0x00, 0x00, 0x00, 0x00, 0x00, 0x0d, 0xdb, 0xbc, 0xd9, 0x00, 0x00, 0x00, 0xdd, 0xa9, 0x97,
    0x40, 0x00, 0x00, 0x0d, 0x90, 0x00, 0x00, 0x00, 0x00, 0x00, 0xda, 0x00, 0x00, 0x00, 0x00, 0x00,
    0x0c, 0xa0, 0x00, 0x00, 0x00, 0x01, 0x33, 0xcb, 0x00, 0x00, 0x00, 0x2b, 0xff, 0xff, 0xe8, 0x20,
    0x00, 0x0d, 0xc3, 0x11, 0xbe, 0xef, 0x91, 0x02, 0xf5, 0x00, 0x0b, 0xd1, 0x9f, 0xd3, 0x0e, 0xb3,
    0x15, 0xfb, 0x00, 0x4e, 0x90, 0x4e, 0xff, 0xfe, 0x40, 0x00, 0x31, 0x00, 0x04, 0x54, 0x10, 0x00,
    0x00, 0x00,
    /* U+3088 "よ" */
    0x00, 0x00, 0x00, 0x07, 0x50, 0x00, 0x00, 0x00, 0x00, 0x00, 0x00, 0x0f, 0xb0, 0x00, 0x00, 0x00,
    0x00, 0x00, 0x00, 0x0e, 0xa0, 0x00, 0x00, 0x00, 0x00, 0x00, 0x00, 0x0e, 0xa0, 0x00, 0x00, 0x00,
    0x00, 0x00, 0x00, 0x0e, 0xb2, 0x34, 0x56, 0x40, 0x00, 0x00, 0x00, 0x0e, 0xff, 0xff, 0xff, 0xa0,
    0x00, 0x00, 0x00, 0x0e, 0xc5, 0x43, 0x21, 0x00, 0x00, 0x00, 0x00, 0x0d, 0xa0, 0x00, 0x00, 0x00,
    0x00, 0x00, 0x00, 0x0d, 0xb0, 0x00, 0x00, 0x00, 0x00, 0x00, 0x00, 0x0c, 0xc0, 0x00, 0x00, 0x00,
    0x00, 0x00, 0x00, 0x0c, 0xc0, 0x00, 0x00, 0x00, 0x00, 0x5b, 0xdf, 0xef, 0xe4, 0x00, 0x00, 0x00,
    0x0a, 0xfb, 0x87, 0x8d, 0xff, 0xe6, 0x00, 0x00, 0x4f, 0x80, 0x00, 0x0a, 0xe7, 0xef, 0xc3, 0x00,
    0x6f, 0x30, 0x00, 0x0b, 0xe0, 0x2a, 0xff, 0x50, 0x4f, 0x70, 0x00, 0x1e, 0xd0, 0x00, 0x7f, 0xd0,
    0x1c, 0xfc, 0x88, 0xdf, 0x70, 0x00, 0x06, 0x60, 0x01, 0x7c, 0xee, 0xc7, 0x00, 0x00, 0x00, 0x00,
    /* U+3089 "ら" */
    0x00, 0x03, 0x40, 0x00, 0x00, 0x00, 0x00, 0x00, 0x00, 0x8f, 0xfc, 0x85, 0x30, 0x00, 0x00, 0x00,
    0x02, 0x69, 0xdf, 0xff, 0xf5, 0x00, 0x00, 0x00, 0x00, 0x00, 0x14, 0x79, 0x20, 0x00, 0x06, 0xc2,
    0x00, 0x00, 0x00, 0x00, 0x00, 0x00, 0x8f, 0x10, 0x00, 0x00, 0x00, 0x00, 0x00, 0x09, 0xe0, 0x00,
    0x00, 0x00, 0x00, 0x00, 0x00, 0xbc, 0x00, 0x01, 0x45, 0x42, 0x00, 0x00, 0x0d, 0xa0, 0x4b, 0xff,
    0xff, 0xfc, 0x30, 0x00, 0xf8, 0xaf, 0xb5, 0x21, 0x26, 0xee, 0x20, 0x2f, 0xfe, 0x40, 0x00, 0x00,
    0x03, 0xfa, 0x04, 0xfe, 0x30, 0x00, 0x00, 0x00, 0x0b, 0xe0, 0x5e, 0x50, 0x00, 0x00, 0x00, 0x00,
    0xbf, 0x00, 0x00, 0x00, 0x00, 0x00, 0x00, 0x0e, 0xd0, 0x00, 0x00, 0x00, 0x00, 0x00, 0x09, 0xf8,
    0x00, 0x00, 0x00, 0x00, 0x00, 0x3b, 0xfd, 0x10, 0x00, 0x0a, 0x99, 0x9b, 0xdf, 0xfa, 0x10, 0x00,
    0x00, 0xae, 0xfe, 0xdb, 0x83, 0x00, 0x00,
    /* U+308A "り" */
    0x09, 0x60, 0x00, 0x00, 0x00, 0x00, 0x1f, 0x80, 0x00, 0x45, 0x20, 0x00, 0x3f, 0x50, 0x5e, 0xff,
    0xf8, 0x00, 0x5f, 0x36, 0xf7, 0x12, 0x9f, 0x70, 0x7f, 0x4f, 0x60, 0x00, 0x0b, 0xe1, 0x8e, 0xc8,
    0x00, 0x00, 0x05, 0xf6, 0xaf, 0xe1, 0x00, 0x00, 0x01, 0xf9, 0xbf, 0x70, 0x00, 0x00, 0x00, 0xea,
    0xbf, 0x30, 0x00, 0x00, 0x00, 0xdc, 0xbf, 0x00, 0x00, 0x00, 0x00, 0xdb, 0xbe, 0x00, 0x00, 0x00,
    0x00, 0xfa, 0x9e, 0x00, 0x00, 0x00, 0x04, 0xf7, 0x23, 0x00, 0x00, 0x00, 0x0a, 0xf3, 0x00, 0x00,
    0x00, 0x00, 0x4f, 0xa0, 0x00, 0x00, 0x00, 0x06, 0xee, 0x20, 0x00, 0x00, 0x04, 0xcf, 0xc3, 0x00,
    0x00, 0x3b, 0xef, 0xf8, 0x00, 0x00, 0x00, 0x1d, 0xa6, 0x10, 0x00, 0x00,
    /* U+308B "る" */
    0x00, 0x15, 0x55, 0x66, 0x77, 0x8a, 0x50, 0x00, 0x00, 0x3f, 0xff, 0xff, 0xee, 0xff, 0xb0, 0x00,
    0x00, 0x13, 0x21, 0x10, 0x06, 0xfa, 0x00, 0x00, 0x00, 0x00, 0x00, 0x00, 0x7f, 0x90, 0x00, 0x00,
    0x00, 0x00, 0x00, 0x07, 0xf8, 0x00, 0x00, 0x00, 0x00, 0x00, 0x00, 0x8f, 0x70, 0x00, 0x00, 0x00,
    0x00, 0x00, 0x09, 0xf6, 0x33, 0x10, 0x00, 0x00, 0x00, 0x01, 0xbf, 0xff, 0xff, 0xfe, 0x71, 0x00,
    0x00, 0x3d, 0xfb, 0x52, 0x11, 0x38, 0xed, 0x10, 0x06, 0xfd, 0x30, 0x00, 0x00, 0x00, 0x3e, 0xa0,
    0x7f, 0xa1, 0x00, 0x00, 0x00, 0x00, 0x0a, 0xe0, 0x17, 0x00, 0x1a, 0xed, 0xa2, 0x00, 0x08, 0xf1,
    0x00, 0x00, 0xbd, 0x65, 0xde, 0x20, 0x0b, 0xd0, 0x00, 0x01, 0xf7, 0x00, 0x1e, 0x90, 0x3f, 0x90,
    0x00, 0x00, 0xf9, 0x00, 0x09, 0xd4, 0xed, 0x10, 0x00, 0x00, 0x8f, 0xa7, 0x6b, 0xff, 0xd3, 0x00,
    0x00, 0x00, 0x06, 0xce, 0xec, 0xa6, 0x00, 0x00,
    /* U+308C "れ" */
    0x00, 0x00, 0x29, 0x50, 0x00, 0x00, 0x00, 0x00, 0x00, 0x00, 0x00, 0x03, 0xf7, 0x00, 0x00, 0x00,
    0x00, 0x00, 0x00, 0x00, 0x00, 0x3f, 0x60, 0x00, 0x00, 0x00, 0x00, 0x00, 0x00, 0x00, 0x03, 0xf6,
    0x00, 0x02, 0x56, 0x20, 0x00, 0x00, 0x4a, 0xbd, 0xff, 0xc0, 0x29, 0xff, 0xff, 0x50, 0x00, 0x05,
    0xec, 0xaa, 0xf4, 0x5e, 0xd5, 0x14, 0xec, 0x00, 0x00, 0x00, 0x00, 0x6f, 0x7f, 0x80, 0x00, 0x0b,
    0xd0, 0x00, 0x00, 0x00, 0x08, 0xff, 0x50, 0x00, 0x00, 0xbc, 0x00, 0x00, 0x00, 0x02, 0xff, 0x50,
    0x00, 0x00, 0x0c, 0xb0, 0x00, 0x00, 0x00, 0xcf, 0xc0, 0x00, 0x00, 0x00, 0xe9, 0x00, 0x00, 0x00,
    0x8f, 0xdc, 0x00, 0x00, 0x00, 0x1f, 0x70, 0x00, 0x00, 0x3f, 0x9a, 0xc0, 0x00, 0x00, 0x03, 0xf5,
    0x00, 0x00, 0x1d, 0xd1, 0xac, 0x00, 0x00, 0x00, 0x4f, 0x40, 0x00, 0x0a, 0xf4, 0x0b, 0xc0, 0x00,
    0x00, 0x05, 0xf3, 0x00, 0x11, 0x79, 0x00, 0xbc, 0x00, 0x00, 0x00, 0x6f, 0x40, 0x2c, 0x50, 0x10,
    0x0b, 0xc0, 0x00, 0x00, 0x04, 0xfe, 0xcf, 0xe3, 0x00, 0x00, 0xbd, 0x00, 0x00, 0x00, 0x08, 0xed,
    0x92, 0x00, 0x00, 0x08, 0xa0, 0x00, 0x00, 0x00, 0x00, 0x00, 0x00,
    /* U+308D "ろ" */
    0x00, 0x25, 0x45, 0x55, 0x66, 0x79, 0x30, 0x00, 0x00, 0x5f, 0xff, 0xff, 0xfe, 0xff, 0xb0, 0x00,
    0x00, 0x24, 0x32, 0x10, 0x07, 0xfa, 0x00, 0x00, 0x00, 0x00, 0x00, 0x00, 0x7f, 0x90, 0x00, 0x00,
    0x00, 0x00, 0x00, 0x07, 0xf8, 0x00, 0x00, 0x00, 0x00, 0x00, 0x00, 0x8f, 0x70, 0x00, 0x00, 0x00,
    0x00, 0x00, 0x09, 0xf7, 0x34, 0x20, 0x00, 0x00, 0x00, 0x01, 0xbf, 0xef, 0xff, 0xff, 0x81, 0x00,
    0x00, 0x1c, 0xfe, 0x73, 0x11, 0x38, 0xfc, 0x10, 0x02, 0xdf, 0x81, 0x00, 0x00, 0x00, 0x5f, 0x80,
    0x4e, 0xf5, 0x00, 0x00, 0x00, 0x00, 0x0c, 0xd0, 0x6e, 0x40, 0x00, 0x00, 0x00, 0x00, 0x0a, 0xf0,
    0x02, 0x00, 0x00, 0x00, 0x00, 0x00, 0x0d, 0xd0, 0x00, 0x00, 0x00, 0x00, 0x00, 0x00, 0x7f, 0x80,
    0x00, 0x00, 0x00, 0x00, 0x00, 0x39, 0xfd, 0x10, 0x00, 0x00, 0x7a, 0x99, 0xbe, 0xff, 0xb2, 0x00,
    0x00, 0x00, 0x7e, 0xff, 0xdb, 0x83, 0x00, 0x00,
    /* U+308F "わ" */
    0x00, 0x00, 0x29, 0x60, 0x00, 0x00, 0x00, 0x00, 0x00, 0x00, 0x00, 0x3f, 0x70, 0x00, 0x00, 0x00,
    0x00, 0x00, 0x00, 0x00, 0x3f, 0x60, 0x00, 0x00, 0x00, 0x00, 0x00, 0x00, 0x00, 0x3f, 0x60, 0x00,
    0x00, 0x00, 0x00, 0x00, 0x4a, 0xbd, 0xff, 0xc0, 0x00, 0x36, 0x64, 0x10, 0x00, 0x5e, 0xca, 0xbf,
    0x31, 0x8e, 0xff, 0xff, 0xe5, 0x00, 0x00, 0x00, 0x6f, 0x4e, 0xe8, 0x31, 0x15, 0xdf, 0x60, 0x00,
    0x00, 0x8f, 0xfa, 0x10, 0x00, 0x00, 0x1d, 0xe1, 0x00, 0x02, 0xff, 0x60, 0x00, 0x00, 0x00, 0x05,
    0xf5, 0x00, 0x0c, 0xfc, 0x00, 0x00, 0x00, 0x00, 0x01, 0xf8, 0x00, 0x7f, 0xdc, 0x00, 0x00, 0x00,
    0x00, 0x02, 0xf8, 0x03, 0xf9, 0xac, 0x00, 0x00, 0x00, 0x00, 0x05, 0xf5, 0x1d, 0xe1, 0xac, 0x00,
    0x00, 0x00, 0x00, 0x1d, 0xe1, 0x9f, 0x50, 0xbc, 0x00, 0x00, 0x00, 0x01, 0xbf, 0x60, 0x7a, 0x00,
    0xbc, 0x00, 0x00, 0x00, 0x6e, 0xfa, 0x00, 0x01, 0x00, 0xbc, 0x00, 0x03, 0xbf, 0xfe, 0x50, 0x00,
    0x00, 0x00, 0xbd, 0x00, 0x01, 0xda, 0x61, 0x00, 0x00, 0x00, 0x00, 0x9b, 0x00, 0x00, 0x00, 0x00,
    0x00, 0x00,
    /* U+3092 "を" */
    0x00, 0x00, 0x00, 0x59, 0x10, 0x00, 0x00, 0x00, 0x00, 0x00, 0x00, 0x0a, 0xf0, 0x00, 0x00, 0x00,
    0x00, 0x02, 0x21, 0x00, 0xdb, 0x13, 0x56, 0x87, 0x00, 0x00, 0xaf, 0xff, 0xff, 0xff, 0xff, 0xff,
    0xa0, 0x00, 0x03, 0x56, 0x6c, 0xe6, 0x54, 0x32, 0x00, 0x00, 0x00, 0x00, 0x02, 0xe6, 0x00, 0x00,
    0x00, 0x00, 0x00, 0x00, 0x00, 0xac, 0x13, 0x20, 0x00, 0x00, 0x2a, 0x20, 0x00, 0x6f, 0xce, 0xff,
    0xc2, 0x04, 0xbf, 0xf6, 0x00, 0x3e, 0xf9, 0x41, 0x5f, 0xbc, 0xfd, 0x71, 0x00, 0x2d, 0xe4, 0x00,
    0x03, 0xdf, 0xc5, 0x00, 0x00, 0x0c, 0xf5, 0x00, 0x07, 0xff, 0xc0, 0x00, 0x00, 0x00, 0x47, 0x00,
    0x0a, 0xf8, 0xac, 0x00, 0x00, 0x00, 0x00, 0x00, 0x08, 0xf4, 0x0a, 0xc0, 0x00, 0x00, 0x00, 0x00,
    0x01, 0xf8, 0x00, 0xad, 0x00, 0x00, 0x00, 0x00, 0x00, 0x5f, 0x40, 0x03, 0x40, 0x00, 0x00, 0x00,
    0x00, 0x03, 0xf8, 0x00, 0x00, 0x00, 0x00, 0x00, 0x00, 0x00, 0x0c, 0xfc, 0x87, 0x88, 0x9b, 0xd4,
    0x00, 0x00, 0x00, 0x17, 0xce, 0xff, 0xed, 0xcb, 0x30,
    /* U+3093 "ん" */
    0x00, 0x00, 0x00, 0x00, 0x30, 0x00, 0x00, 0x00, 0x00, 0x00, 0x00, 0x00, 0x03, 0xfa, 0x00, 0x00,
    0x00, 0x00, 0x00, 0x00, 0x00, 0x0b, 0xf4, 0x00, 0x00, 0x00, 0x00, 0x00, 0x00, 0x00, 0x3f, 0xa0,
    0x00, 0x00, 0x00, 0x00, 0x00, 0x00, 0x00, 0xbf, 0x20, 0x00, 0x00, 0x00, 0x00, 0x00, 0x00, 0x04,
    0xf8, 0x00, 0x00, 0x00, 0x00, 0x00, 0x00, 0x00, 0x0b, 0xe1, 0x00, 0x00, 0x00, 0x00, 0x00, 0x00,
    0x00, 0x4f, 0x70, 0x00, 0x00, 0x00, 0x00, 0x00, 0x00, 0x00, 0xbd, 0x6c, 0xeb, 0x20, 0x00, 0x00,
    0x00, 0x00, 0x03, 0xff, 0xd9, 0xbf, 0x90, 0x00, 0x00, 0x00, 0x00, 0x0a, 0xfa, 0x10, 0x0d, 0xd0,
    0x00, 0x00, 0x10, 0x00, 0x2f, 0xd1, 0x00, 0x0a, 0xd0, 0x00, 0x00, 0x97, 0x00, 0x9f, 0x40, 0x00,
    0x0a, 0xd0, 0x00, 0x00, 0xeb, 0x01, 0xfb, 0x00, 0x00, 0x0a, 0xe0, 0x00, 0x06, 0xf5, 0x07, 0xf5,
    0x00, 0x00, 0x09, 0xe0, 0x00, 0x2e, 0xd0, 0x0d, 0xe0, 0x00, 0x00, 0x08, 0xf7, 0x15, 0xdf, 0x30,
    0x4f, 0x90, 0x00, 0x00, 0x02, 0xff, 0xff, 0xe5, 0x00, 0x17, 0x30, 0x00, 0x00, 0x00, 0x28, 0x96,
    0x20, 0x00,
    /* U+30A2 "ア" */
    0x11, 0x00, 0x00, 0x00, 0x00, 0x00, 0x00, 0x01, 0x08, 0xff, 0xff, 0xff, 0xff, 0xff, 0xff, 0xff,
    0xf4, 0x59, 0x88, 0x88, 0x88, 0x88, 0x88, 0x88, 0xff, 0x20, 0x00, 0x00, 0x00, 0x00, 0x00, 0x00,
    0x7f, 0x70, 0x00, 0x00, 0x00, 0x17, 0x40, 0x00, 0x4f, 0xc0, 0x00, 0x00, 0x00, 0x02, 0xf9, 0x00,
    0x3e, 0xd2, 0x00, 0x00, 0x00, 0x00, 0x1f, 0x80, 0x5e, 0xd2, 0x00, 0x00, 0x00, 0x00, 0x02, 0xf8,
    0x1c, 0xd2, 0x00, 0x00, 0x00, 0x00, 0x00, 0x3f, 0x70, 0x11, 0x00, 0x00, 0x00, 0x00, 0x00, 0x06,
    0xf4, 0x00, 0x00, 0x00, 0x00, 0x00, 0x00, 0x00, 0x9f, 0x10, 0x00, 0x00, 0x00, 0x00, 0x00, 0x00,
    0x1e, 0xc0, 0x00, 0x00, 0x00, 0x00, 0x00, 0x00, 0x08, 0xf6, 0x00, 0x00, 0x00, 0x00, 0x00, 0x00,
    0x07, 0xfc, 0x00, 0x00, 0x00, 0x00, 0x00, 0x00, 0x19, 0xfe, 0x20, 0x00, 0x00, 0x00, 0x00, 0x00,
    0x2e, 0xfd, 0x20, 0x00, 0x00, 0x00, 0x00, 0x00, 0x00, 0x57, 0x00, 0x00, 0x00, 0x00, 0x00, 0x00,
    0x00,
    /* U+30A4 "イ" */
    0x00, 0x00, 0x00, 0x00, 0x00, 0x00, 0x00, 0x97, 0x00, 0x00, 0x00, 0x00, 0x00, 0x00, 0x00, 0x8f,
    0xd1, 0x00, 0x00, 0x00, 0x00, 0x00, 0x00, 0x9f, 0xc1, 0x00, 0x00, 0x00, 0x00, 0x00, 0x02, 0xcf,
    0xb1, 0x00, 0x00, 0x00, 0x00, 0x00, 0x05, 0xef, 0x70, 0x00, 0x00, 0x00, 0x00, 0x00, 0x3b, 0xfe,
    0x40, 0x00, 0x00, 0x00, 0x00, 0x04, 0xbf, 0xff, 0xd0, 0x00, 0x00, 0x00, 0x03, 0x8d, 0xfe, 0x81,
    0xdd, 0x00, 0x00, 0x00, 0x1c, 0xff, 0xe8, 0x10, 0x0d, 0xd0, 0x00, 0x00, 0x00, 0xba, 0x40, 0x00,
    0x00, 0xdd, 0x00, 0x00, 0x00, 0x00, 0x00, 0x00, 0x00, 0x0d, 0xd0, 0x00, 0x00, 0x00, 0x00, 0x00,
    0x00, 0x00, 0xdd, 0x00, 0x00, 0x00, 0x00, 0x00, 0x00, 0x00, 0x0d, 0xd0, 0x00, 0x00, 0x00, 0x00,
    0x00, 0x00, 0x00, 0xdd, 0x00, 0x00, 0x00, 0x00, 0x00, 0x00, 0x00, 0x0d, 0xd0, 0x00, 0x00, 0x00,
    0x00, 0x00, 0x00, 0x00, 0xee, 0x00, 0x00, 0x00, 0x00, 0x00, 0x00, 0x00, 0x04, 0x40, 0x00, 0x00,
    0x00,
    /* U+30A6 "ウ" */
    0x00, 0x00, 0x00, 0x1d, 0xa0, 0x00, 0x00, 0x00, 0x00, 0x00, 0x00, 0x0f, 0xb0, 0x00, 0x00, 0x00,
    0x00, 0x00, 0x00, 0x0f, 0xa0, 0x00, 0x00, 0x00, 0x28, 0x77, 0x77, 0x7f, 0xd7, 0x77, 0x77, 0x82,
    0x4f, 0xff, 0xff, 0xff, 0xff, 0xff, 0xff, 0xf8, 0x3f, 0x60, 0x00, 0x00, 0x00, 0x00, 0x08, 0xf4,
    0x3f, 0x60, 0x00, 0x00, 0x00, 0x00, 0x0b, 0xf2, 0x3f, 0x60, 0x00, 0x00, 0x00, 0x00, 0x0e, 0xd0,
    0x4f, 0x60, 0x00, 0x00, 0x00, 0x00, 0x3f, 0x90, 0x4f, 0x60, 0x00, 0x00, 0x00, 0x00, 0x9f, 0x30,
    0x02, 0x10, 0x00, 0x00, 0x00, 0x01, 0xfd, 0x00, 0x00, 0x00, 0x00, 0x00, 0x00, 0x08, 0xf6, 0x00,
    0x00, 0x00, 0x00, 0x00, 0x00, 0x5f, 0xc0, 0x00, 0x00, 0x00, 0x00, 0x00, 0x05, 0xfe, 0x20, 0x00,
    0x00, 0x00, 0x00, 0x01, 0x9f, 0xe3, 0x00, 0x00, 0x00, 0x00, 0x04, 0x9e, 0xfc, 0x20, 0x00, 0x00,
    0x00, 0x00, 0x8f, 0xfe, 0x70, 0x00, 0x00, 0x00, 0x00, 0x00, 0x08, 0x50, 0x00, 0x00, 0x00, 0x00,
    /* U+30A8 "エ" */
    0x00, 0x10, 0x00, 0x00, 0x00, 0x00, 0x00, 0x01, 0x00, 0x02, 0xff, 0xff, 0xff, 0xff, 0xff, 0xff,
    0xff, 0x40, 0x01, 0x99, 0x88, 0x88, 0xfe, 0x88, 0x88, 0x99, 0x30, 0x00, 0x00, 0x00, 0x00, 0xec,
    0x00, 0x00, 0x00, 0x00, 0x00, 0x00, 0x00, 0x00, 0xec, 0x00, 0x00, 0x00, 0x00, 0x00, 0x00, 0x00,
    0x00, 0xec, 0x00, 0x00, 0x00, 0x00, 0x00, 0x00, 0x00, 0x00, 0xec, 0x00, 0x00, 0x00, 0x00, 0x00,
    0x00, 0x00, 0x00, 0xec, 0x00, 0x00, 0x00, 0x00, 0x00, 0x00, 0x00, 0x00, 0xec, 0x00, 0x00, 0x00,
    0x00, 0x00, 0x00, 0x00, 0x00, 0xec, 0x00, 0x00, 0x00, 0x00, 0x00, 0x00, 0x00, 0x00, 0xec, 0x00,
    0x00, 0x00, 0x00, 0x00, 0x00, 0x00, 0x00, 0xec, 0x00, 0x00, 0x00, 0x00, 0x4a, 0x99, 0x99, 0x99,
    0xfe, 0x99, 0x99, 0x99, 0xa3, 0x5f, 0xff, 0xff, 0xff, 0xff, 0xff, 0xff, 0xff, 0xf5, 0x01, 0x00,
    0x00, 0x00, 0x00, 0x00, 0x00, 0x00, 0x10,
    /* U+30AA "オ" */
    0x00, 0x00, 0x00, 0x00, 0x00, 0x46, 0x10, 0x00, 0x00, 0x00, 0x00, 0x00, 0x00, 0x08, 0xf2, 0x00,
    0x00, 0x00, 0x00, 0x00, 0x00, 0x00, 0x7f, 0x10, 0x00, 0x00, 0x00, 0x00, 0x00, 0x00, 0x07, 0xf1,
    0x00, 0x00, 0x05, 0x98, 0x88, 0x88, 0x88, 0xbf, 0x98, 0x88, 0x80, 0x8f, 0xff, 0xff, 0xff, 0xff,
    0xff, 0xff, 0xfe, 0x01, 0x10, 0x00, 0x00, 0x07, 0xff, 0x20, 0x00, 0x00, 0x00, 0x00, 0x00, 0x04,
    0xfe, 0xf2, 0x00, 0x00, 0x00, 0x00, 0x00, 0x03, 0xed, 0x7f, 0x30, 0x00, 0x00, 0x00, 0x00, 0x02,
    0xee, 0x26, 0xf3, 0x00, 0x00, 0x00, 0x00, 0x04, 0xee, 0x30, 0x5f, 0x30, 0x00, 0x00, 0x00, 0x06,
    0xfe, 0x30, 0x05, 0xf3, 0x00, 0x00, 0x00, 0x1a, 0xfd, 0x20, 0x00, 0x5f, 0x30, 0x00, 0x00, 0x6e,
    0xfa, 0x10, 0x00, 0x05, 0xf4, 0x00, 0x00, 0x1d, 0xe5, 0x00, 0x00, 0x00, 0x5f, 0x40, 0x00, 0x00,
    0x21, 0x00, 0x00, 0x31, 0x07, 0xf4, 0x00, 0x00, 0x00, 0x00, 0x00, 0x0c, 0xff, 0xff, 0x10, 0x00,
    0x00, 0x00, 0x00, 0x00, 0x57, 0x77, 0x30, 0x00, 0x00,
    /* U+30AB "カ" */
    0x00, 0x00, 0x00, 0x57, 0x10, 0x00, 0x00, 0x00, 0x00, 0x00, 0x00, 0xaf, 0x10, 0x00, 0x00, 0x00,
    0x00, 0x00, 0x00, 0x9f, 0x00, 0x00, 0x00, 0x00, 0x00, 0x00, 0x00, 0xaf, 0x00, 0x00, 0x00, 0x00,
    0x49, 0x87, 0x77, 0xcf, 0x77, 0x77, 0x88, 0x50, 0x7f, 0xff, 0xff, 0xff, 0xff, 0xff, 0xff, 0xf1,
    0x11, 0x00, 0x00, 0xea, 0x00, 0x00, 0x0a, 0xf0, 0x00, 0x00, 0x02, 0xf7, 0x00, 0x00, 0x0a, 0xe0,
    0x00, 0x00, 0x05, 0xf4, 0x00, 0x00, 0x0b, 0xd0, 0x00, 0x00, 0x09, 0xf1, 0x00, 0x00, 0x0c, 0xc0,
    0x00, 0x00, 0x1e, 0xb0, 0x00, 0x00, 0x0d, 0xb0, 0x00, 0x00, 0x7f, 0x50, 0x00, 0x00, 0x0e, 0x90,
    0x00, 0x01, 0xed, 0x00, 0x00, 0x00, 0x1f, 0x70, 0x00, 0x0b, 0xf4, 0x00, 0x00, 0x00, 0x4f, 0x50,
    0x01, 0xaf, 0x80, 0x00, 0x00, 0x00, 0x9f, 0x20, 0x3d, 0xfb, 0x00, 0x00, 0x8b, 0x9a, 0xfd, 0x00,
    0x5f, 0x90, 0x00, 0x00, 0x8e, 0xef, 0xc3, 0x00, 0x02, 0x00, 0x00, 0x00, 0x00, 0x00, 0x00, 0x00,
    /* U+30AC "ガ" */
    0x00, 0x00, 0x00, 0x00, 0x00, 0x00, 0x00, 0x01, 0x20, 0x00, 0x00, 0x00, 0x15, 0x30, 0x00, 0x04,
    0x28, 0xc0, 0x00, 0x00, 0x00, 0x1f, 0xa0, 0x00, 0x0a, 0xa1, 0xe6, 0x00, 0x00, 0x00, 0x0f, 0xa0,
    0x00, 0x02, 0xf4, 0x69, 0x00, 0x00, 0x00, 0x0f, 0x90, 0x00, 0x00, 0x75, 0x00, 0x08, 0x88, 0x77,
    0x8f, 0xc7, 0x77, 0x78, 0x82, 0x00, 0x0d, 0xff, 0xff, 0xff, 0xff, 0xff, 0xff, 0xfa, 0x00, 0x01,
    0x10, 0x00, 0x4f, 0x40, 0x00, 0x01, 0xf9, 0x00, 0x00, 0x00, 0x00, 0x7f, 0x20, 0x00, 0x01, 0xf8,
    0x00, 0x00, 0x00, 0x00, 0xae, 0x00, 0x00, 0x02, 0xf7, 0x00, 0x00, 0x00, 0x00, 0xeb, 0x00, 0x00,
    0x02, 0xf6, 0x00, 0x00, 0x00, 0x04, 0xf7, 0x00, 0x00, 0x03, 0xf5, 0x00, 0x00, 0x00, 0x0a, 0xf1,
    0x00, 0x00, 0x05, 0xf4, 0x00, 0x00, 0x00, 0x3f, 0xa0, 0x00, 0x00, 0x07, 0xf2, 0x00, 0x00, 0x00,
    0xcf, 0x30, 0x00, 0x00, 0x09, 0xf0, 0x00, 0x00, 0x0a, 0xf7, 0x00, 0x00, 0x00, 0x0c, 0xd0, 0x00,
    0x00, 0x9f, 0xb0, 0x00, 0x13, 0x10, 0x4f, 0xa0, 0x00, 0x1c, 0xfb, 0x10, 0x00, 0x1f, 0xff, 0xff,
    0x40, 0x00, 0x04, 0x90, 0x00, 0x00, 0x07, 0x88, 0x84, 0x00, 0x00,
    /* U+30AD "キ" */
    0x00, 0x00, 0x05, 0xd5, 0x00, 0x00, 0x00, 0x00, 0x00, 0x00, 0x03, 0xf7, 0x00, 0x00, 0x00, 0x00,
    0x00, 0x00, 0x00, 0xfa, 0x00, 0x01, 0x47, 0x00, 0x00, 0x00, 0x01, 0xdd, 0x8b, 0xdf, 0xff, 0x20,
    0x58, 0xac, 0xef, 0xff, 0xfd, 0xa8, 0x53, 0x00, 0xaf, 0xfc, 0xa7, 0x9f, 0x40, 0x00, 0x00, 0x00,
    0x23, 0x00, 0x00, 0x3f, 0x60, 0x00, 0x00, 0x00, 0x00, 0x00, 0x00, 0x0f, 0x90, 0x00, 0x00, 0x01,
    0x00, 0x00, 0x00, 0x0c, 0xc1, 0x35, 0x8b, 0xeb, 0x00, 0x01, 0x36, 0x8d, 0xff, 0xff, 0xfd, 0xb8,
    0x8c, 0xef, 0xff, 0xfe, 0xf9, 0x53, 0x10, 0x00, 0x9d, 0xa8, 0x53, 0x03, 0xf6, 0x00, 0x00, 0x00,
    0x00, 0x00, 0x00, 0x01, 0xfa, 0x00, 0x00, 0x00, 0x00, 0x00, 0x00, 0x00, 0xdd, 0x00, 0x00, 0x00,
    0x00, 0x00, 0x00, 0x00, 0xaf, 0x10, 0x00, 0x00, 0x00, 0x00, 0x00, 0x00, 0x7f, 0x40, 0x00, 0x00,
    0x00, 0x00, 0x00, 0x00, 0x49, 0x30, 0x00, 0x00,
    /* U+30AE "ギ" */
    0x00, 0x00, 0x00, 0x00, 0x00, 0x00, 0x00, 0x01, 0x10, 0x00, 0x00, 0x00, 0x00, 0x00, 0x00, 0x04,
    0x19, 0xb0, 0x00, 0x00, 0x00, 0x69, 0x00, 0x00, 0x0b, 0xa1, 0xe5, 0x00, 0x00, 0x00, 0xaf, 0x10,
    0x00, 0x02, 0xf4, 0x68, 0x00, 0x00, 0x00, 0x6f, 0x30, 0x00, 0x01, 0x84, 0x00, 0x00, 0x00, 0x00,
    0x3f, 0x85, 0x8a, 0xdf, 0xa0, 0x00, 0x03, 0x46, 0x9b, 0xdf, 0xff, 0xfd, 0xb9, 0x50, 0x00, 0x1f,
    0xff, 0xfd, 0xae, 0xd3, 0x10, 0x00, 0x00, 0x00, 0x07, 0x52, 0x00, 0x09, 0xf0, 0x00, 0x00, 0x00,
    0x00, 0x00, 0x00, 0x00, 0x07, 0xf3, 0x00, 0x00, 0x00, 0x00, 0x00, 0x00, 0x00, 0x04, 0xf6, 0x00,
    0x35, 0x8b, 0x50, 0x00, 0x00, 0x00, 0x36, 0xfd, 0xcf, 0xff, 0xfe, 0x60, 0x17, 0x9b, 0xdf, 0xff,
    0xff, 0xb9, 0x64, 0x10, 0x00, 0x1f, 0xfd, 0xb8, 0x63, 0xaf, 0x00, 0x00, 0x00, 0x00, 0x04, 0x10,
    0x00, 0x00, 0x7f, 0x30, 0x00, 0x00, 0x00, 0x00, 0x00, 0x00, 0x00, 0x4f, 0x60, 0x00, 0x00, 0x00,
    0x00, 0x00, 0x00, 0x00, 0x1f, 0x90, 0x00, 0x00, 0x00, 0x00, 0x00, 0x00, 0x00, 0x0e, 0xd0, 0x00,
    0x00, 0x00, 0x00, 0x00, 0x00, 0x00, 0x0b, 0xc1, 0x00, 0x00, 0x00,
    /* U+30AF "ク" */
    0x00, 0x00, 0x00, 0x5c, 0x50, 0x00, 0x00, 0x00, 0x00, 0x00, 0x00, 0xbf, 0x30, 0x00, 0x00, 0x00,
    0x00, 0x00, 0x04, 0xfa, 0x00, 0x00, 0x01, 0x10, 0x00, 0x00, 0x1d, 0xff, 0xff, 0xff, 0xff, 0xd3,
    0x00, 0x00, 0x9f, 0x87, 0x77, 0x77, 0x7e, 0xf1, 0x00, 0x07, 0xf9, 0x00, 0x00, 0x00, 0x2f, 0xb0,
    0x00, 0x6f, 0xb0, 0x00, 0x00, 0x00, 0x7f, 0x60, 0x09, 0xfc, 0x10, 0x00, 0x00, 0x00, 0xde, 0x10,
    0xaf, 0xa1, 0x00, 0x00, 0x00, 0x06, 0xf8, 0x00, 0x27, 0x00, 0x00, 0x00, 0x00, 0x1e, 0xe1, 0x00,
    0x00, 0x00, 0x00, 0x00, 0x00, 0x9f, 0x50, 0x00, 0x00, 0x00, 0x00, 0x00, 0x05, 0xfb, 0x00, 0x00,
    0x00, 0x00, 0x00, 0x00, 0x4f, 0xe2, 0x00, 0x00, 0x00, 0x00, 0x00, 0x06, 0xfe, 0x30, 0x00, 0x00,
    0x00, 0x00, 0x02, 0xaf, 0xe3, 0x00, 0x00, 0x00, 0x00, 0x02, 0x8e, 0xfb, 0x20, 0x00, 0x00, 0x00,
    0x00, 0x8f, 0xfe, 0x60, 0x00, 0x00, 0x00, 0x00, 0x00, 0x1b, 0x60, 0x00, 0x00, 0x00, 0x00, 0x00,
    /* U+30B0 "グ" */
    0x00, 0x00, 0x00, 0x00, 0x00, 0x00, 0x00, 0x03, 0x60, 0x00, 0x00, 0x00, 0x00, 0x51, 0x00, 0x00,
    0x67, 0x2e, 0x40, 0x00, 0x00, 0x00, 0x4f, 0xa0, 0x00, 0x03, 0xf2, 0x8c, 0x00, 0x00, 0x00, 0x0b,
    0xf2, 0x00, 0x00, 0x09, 0xa1, 0x60, 0x00, 0x00, 0x05, 0xfd, 0x77, 0x77, 0x78, 0x83, 0x00, 0x00,
    0x00, 0x01, 0xef, 0xff, 0xff, 0xff, 0xff, 0x70, 0x00, 0x00, 0x00, 0xbf, 0x40, 0x00, 0x00, 0x0c,
    0xf1, 0x00, 0x00, 0x00, 0xaf, 0x70, 0x00, 0x00, 0x01, 0xfb, 0x00, 0x00, 0x01, 0xaf, 0xa0, 0x00,
    0x00, 0x00, 0x7f, 0x50, 0x00, 0x02, 0xcf, 0x80, 0x00, 0x00, 0x00, 0x0d, 0xe1, 0x00, 0x00, 0x6f,
    0x60, 0x00, 0x00, 0x00, 0x08, 0xf7, 0x00, 0x00, 0x00, 0x10, 0x00, 0x00, 0x00, 0x02, 0xfd, 0x00,
    0x00, 0x00, 0x00, 0x00, 0x00, 0x00, 0x00, 0xbf, 0x40, 0x00, 0x00, 0x00, 0x00, 0x00, 0x00, 0x00,
    0x9f, 0xa0, 0x00, 0x00, 0x00, 0x00, 0x00, 0x00, 0x00, 0x8f, 0xc1, 0x00, 0x00, 0x00, 0x00, 0x00,
    0x00, 0x01, 0xbf, 0xc1, 0x00, 0x00, 0x00, 0x00, 0x00, 0x00, 0x06, 0xef, 0xb1, 0x00, 0x00, 0x00,
    0x00, 0x00, 0x02, 0x7d, 0xfe, 0x60, 0x00, 0x00, 0x00, 0x00, 0x00, 0x00, 0x5f, 0xe8, 0x10, 0x00,
    0x00, 0x00, 0x00, 0x00, 0x00, 0x00, 0x31, 0x00, 0x00, 0x00, 0x00, 0x00, 0x00, 0x00,
    /* U+30B1 "ケ" */
    0x00, 0x00, 0x06, 0x51, 0x00, 0x00, 0x00, 0x00, 0x00, 0x00, 0x00, 0x0d, 0xe1, 0x00, 0x00, 0x00,
    0x00, 0x00, 0x00, 0x00, 0x2f, 0xa0, 0x00, 0x00, 0x00, 0x00, 0x00, 0x00, 0x00, 0x7f, 0x50, 0x00,
    0x00, 0x00, 0x00, 0x00, 0x00, 0x00, 0xdf, 0x98, 0x88, 0x88, 0x88, 0x88, 0x93, 0x00, 0x06, 0xff,
    0xff, 0xff, 0xff, 0xff, 0xff, 0xf4, 0x00, 0x2e, 0xd1, 0x00, 0x00, 0xbe, 0x00, 0x00, 0x00, 0x00,
    0xbf, 0x40, 0x00, 0x00, 0xdc, 0x00, 0x00, 0x00, 0x09, 0xfa, 0x00, 0x00, 0x00, 0xfa, 0x00, 0x00,
    0x00, 0x5f, 0xc1, 0x00, 0x00, 0x03, 0xf8, 0x00, 0x00, 0x00, 0x04, 0x10, 0x00, 0x00, 0x08, 0xf4,
    0x00, 0x00, 0x00, 0x00, 0x00, 0x00, 0x00, 0x0e, 0xd0, 0x00, 0x00, 0x00, 0x00, 0x00, 0x00, 0x00,
    0x6f, 0x80, 0x00, 0x00, 0x00, 0x00, 0x00, 0x00, 0x02, 0xee, 0x20, 0x00, 0x00, 0x00, 0x00, 0x00,
    0x00, 0x1c, 0xf5, 0x00, 0x00, 0x00, 0x00, 0x00, 0x00, 0x02, 0xcf, 0x90, 0x00, 0x00, 0x00, 0x00,
    0x00, 0x00, 0x4f, 0xf9, 0x00, 0x00, 0x00, 0x00, 0x00, 0x00, 0x00, 0x07, 0x60, 0x00, 0x00, 0x00,
    0x00, 0x00,
    /* U+30B2 "ゲ" */
    0x00, 0x00, 0x00, 0x00, 0x00, 0x00, 0x00, 0x01, 0x30, 0x00, 0x00, 0x00, 0x10, 0x00, 0x00, 0x00,
    0x33, 0x6d, 0x10, 0x00, 0x00, 0x1f, 0xa0, 0x00, 0x00, 0x08, 0xc0, 0xc8, 0x00, 0x00, 0x04, 0xf8,
    0x00, 0x00, 0x00, 0x1e, 0x55, 0xc0, 0x00, 0x00, 0x8f, 0x30, 0x00, 0x00, 0x00, 0x77, 0x00, 0x00,
    0x00, 0x0e, 0xd0, 0x00, 0x00, 0x00, 0x00, 0x01, 0x00, 0x00, 0x06, 0xff, 0xff, 0xff, 0xff, 0xff,
    0xff, 0xf0, 0x00, 0x01, 0xee, 0x88, 0x88, 0x8f, 0xd8, 0x88, 0x99, 0x00, 0x00, 0xaf, 0x50, 0x00,
    0x01, 0xf9, 0x00, 0x00, 0x00, 0x00, 0x7f, 0xb0, 0x00, 0x00, 0x3f, 0x70, 0x00, 0x00, 0x00, 0x6f,
    0xe1, 0x00, 0x00, 0x06, 0xf5, 0x00, 0x00, 0x00, 0x05, 0xc3, 0x00, 0x00, 0x00, 0xaf, 0x20, 0x00,
    0x00, 0x00, 0x00, 0x00, 0x00, 0x00, 0x1f, 0xc0, 0x00, 0x00, 0x00, 0x00, 0x00, 0x00, 0x00, 0x07,
    0xf6, 0x00, 0x00, 0x00, 0x00, 0x00, 0x00, 0x00, 0x02, 0xee, 0x10, 0x00, 0x00, 0x00, 0x00, 0x00,
    0x00, 0x00, 0xbf, 0x60, 0x00, 0x00, 0x00, 0x00, 0x00, 0x00, 0x00, 0xaf, 0xa0, 0x00, 0x00, 0x00,
    0x00, 0x00, 0x00, 0x03, 0xcf, 0xb1, 0x00, 0x00, 0x00, 0x00, 0x00, 0x00, 0x00, 0x6e, 0x90, 0x00,
    0x00, 0x00, 0x00, 0x00, 0x00, 0x00, 0x00, 0x10, 0x00, 0x00, 0x00, 0x00, 0x00, 0x00,
    /* U+30B3 "コ" */
    0x11, 0x00, 0x00, 0x00, 0x00, 0x00, 0x00, 0x8f, 0xff, 0xff, 0xff, 0xff, 0xff, 0xfe, 0x69, 0x99,
    0x99, 0x99, 0x99, 0x99, 0xed, 0x00, 0x00, 0x00, 0x00, 0x00, 0x00, 0xcd, 0x00, 0x00, 0x00, 0x00,
    0x00, 0x00, 0xcd, 0x00, 0x00, 0x00, 0x00, 0x00, 0x00, 0xcd, 0x00, 0x00, 0x00, 0x00, 0x00, 0x00,
    0xcd, 0x00, 0x00, 0x00, 0x00, 0x00, 0x00, 0xcd, 0x00, 0x00, 0x00, 0x00, 0x00, 0x00, 0xcd, 0x00,
    0x00, 0x00, 0x00, 0x00, 0x00, 0xcd, 0x00, 0x00, 0x00, 0x00, 0x00, 0x00, 0xcd, 0x00, 0x00, 0x00,
    0x00, 0x00, 0x00, 0xcd, 0x9a, 0x99, 0x99, 0x99, 0x99, 0x99, 0xed, 0xcf, 0xff, 0xff, 0xff, 0xff,
    0xff, 0xfe, 0x10, 0x00, 0x00, 0x00, 0x00, 0x00, 0xce, 0x00, 0x00, 0x00, 0x00, 0x00, 0x00, 0x23,
    /* U+30B4 "ゴ" */
    0x00, 0x00, 0x00, 0x00, 0x00, 0x00, 0x20, 0x87, 0x00, 0x00, 0x00, 0x00, 0x00, 0x00, 0x3f, 0x35,
    0xf2, 0x00, 0x00, 0x00, 0x00, 0x00, 0x00, 0x9b, 0x0b, 0x90, 0x00, 0x00, 0x00, 0x00, 0x00, 0x02,
    0xd1, 0x21, 0x0a, 0x99, 0x99, 0x99, 0x99, 0x99, 0x99, 0x50, 0x00, 0xff, 0xff, 0xff, 0xff, 0xff,
    0xff, 0xf8, 0x00, 0x01, 0x00, 0x00, 0x00, 0x00, 0x00, 0x3f, 0x80, 0x00, 0x00, 0x00, 0x00, 0x00,
    0x00, 0x03, 0xf8, 0x00, 0x00, 0x00, 0x00, 0x00, 0x00, 0x00, 0x3f, 0x80, 0x00, 0x00, 0x00, 0x00,
    0x00, 0x00, 0x03, 0xf8, 0x00, 0x00, 0x00, 0x00, 0x00, 0x00, 0x00, 0x3f, 0x80, 0x00, 0x00, 0x00,
    0x00, 0x00, 0x00, 0x03, 0xf8, 0x00, 0x00, 0x00, 0x00, 0x00, 0x00, 0x00, 0x3f, 0x80, 0x00, 0x00,
    0x00, 0x00, 0x00, 0x00, 0x03, 0xf8, 0x00, 0x00, 0x00, 0x00, 0x00, 0x00, 0x00, 0x3f, 0x80, 0x00,
    0x10, 0x00, 0x00, 0x00, 0x00, 0x03, 0xf8, 0x00, 0x3f, 0xff, 0xff, 0xff, 0xff, 0xff, 0xff, 0x80,
    0x02, 0xaa, 0x99, 0x99, 0x99, 0x99, 0x9a, 0xf8, 0x00, 0x00, 0x00, 0x00, 0x00, 0x00, 0x00, 0x2c,
    0x70, 0x00,
    /* U+30B5 "サ" */
    0x00, 0x00, 0x23, 0x10, 0x00, 0x01, 0x52, 0x00, 0x00, 0x00, 0x00, 0x8f, 0x20, 0x00, 0x04, 0xf6,
    0x00, 0x00, 0x00, 0x00, 0x8f, 0x10, 0x00, 0x03, 0xf6, 0x00, 0x00, 0x00, 0x00, 0x7f, 0x10, 0x00,
    0x03, 0xf6, 0x00, 0x00, 0x10, 0x00, 0x7f, 0x10, 0x00, 0x03, 0xf6, 0x00, 0x00, 0xaf, 0xff, 0xff,
    0xff, 0xff, 0xff, 0xff, 0xff, 0xf7, 0x68, 0x88, 0xcf, 0x98, 0x88, 0x8a, 0xfb, 0x88, 0x84, 0x00,
    0x00, 0x7f, 0x10, 0x00, 0x03, 0xf6, 0x00, 0x00, 0x00, 0x00, 0x7f, 0x10, 0x00, 0x04, 0xf5, 0x00,
    0x00, 0x00, 0x00, 0x8f, 0x10, 0x00, 0x05, 0xf4, 0x00, 0x00, 0x00, 0x00, 0x8f, 0x20, 0x00, 0x07,
    0xf3, 0x00, 0x00, 0x00, 0x00, 0x7d, 0x20, 0x00, 0x0a, 0xe1, 0x00, 0x00, 0x00, 0x00, 0x00, 0x00,
    0x00, 0x1e, 0xa0, 0x00, 0x00, 0x00, 0x00, 0x00, 0x00, 0x00, 0x8f, 0x60, 0x00, 0x00, 0x00, 0x00,
    0x00, 0x00, 0x06, 0xfc, 0x00, 0x00, 0x00, 0x00, 0x00, 0x00, 0x01, 0x8f, 0xe2, 0x00, 0x00, 0x00,
    0x00, 0x00, 0x00, 0x5e, 0xfd, 0x30, 0x00, 0x00, 0x00, 0x00, 0x00, 0x00, 0x1b, 0x81, 0x00, 0x00,
    0x00, 0x00,
    /* U+30B6 "ザ" */
    0x00, 0x00, 0x00, 0x00, 0x00, 0x00, 0x00, 0x00, 0x07, 0x10, 0x00, 0x00, 0x0b, 0x90, 0x00, 0x00,
    0x9e, 0x1c, 0x2a, 0x60, 0x00, 0x00, 0x0d, 0xb0, 0x00, 0x00, 0x9f, 0x18, 0x84, 0xc0, 0x00, 0x00,
    0x0d, 0xb0, 0x00, 0x00, 0x9f, 0x03, 0xe0, 0x70, 0x00, 0x00, 0x0d, 0xb0, 0x00, 0x00, 0x9f, 0x00,
    0x20, 0x00, 0x09, 0x88, 0x8e, 0xd8, 0x88, 0x88, 0xcf, 0x88, 0x89, 0x10, 0x0f, 0xff, 0xff, 0xff,
    0xff, 0xff, 0xff, 0xff, 0xff, 0x10, 0x01, 0x00, 0x0d, 0xb0, 0x00, 0x00, 0x9f, 0x00, 0x01, 0x00,
    0x00, 0x00, 0x0d, 0xb0, 0x00, 0x00, 0x9f, 0x00, 0x00, 0x00, 0x00, 0x00, 0x0d, 0xb0, 0x00, 0x00,
    0xae, 0x00, 0x00, 0x00, 0x00, 0x00, 0x0d, 0xb0, 0x00, 0x00, 0xbd, 0x00, 0x00, 0x00, 0x00, 0x00,
    0x0e, 0xc0, 0x00, 0x00, 0xeb, 0x00, 0x00, 0x00, 0x00, 0x00, 0x04, 0x30, 0x00, 0x03, 0xf7, 0x00,
    0x00, 0x00, 0x00, 0x00, 0x00, 0x00, 0x00, 0x09, 0xf2, 0x00, 0x00, 0x00, 0x00, 0x00, 0x00, 0x00,
    0x00, 0x5f, 0xb0, 0x00, 0x00, 0x00, 0x00, 0x00, 0x00, 0x00, 0x06, 0xfd, 0x10, 0x00, 0x00, 0x00,
    0x00, 0x00, 0x00, 0x04, 0xcf, 0xe3, 0x00, 0x00, 0x00, 0x00, 0x00, 0x00, 0x00, 0x08, 0xfa, 0x20,
    0x00, 0x00, 0x00, 0x00, 0x00, 0x00, 0x00, 0x00, 0x20, 0x00, 0x00, 0x00, 0x00, 0x00,
    /* U+30B7 "シ" */
    0x00, 0x04, 0x91, 0x00, 0x00, 0x00, 0x00, 0x00, 0x00, 0x00, 0x9f, 0xe5, 0x00, 0x00, 0x00, 0x00,
    0x00, 0x00, 0x00, 0x4d, 0xfa, 0x10, 0x00, 0x00, 0x00, 0x00, 0x00, 0x00, 0x19, 0xd1, 0x00, 0x00,
    0x00, 0x00, 0x12, 0x00, 0x00, 0x01, 0x00, 0x00, 0x00, 0x01, 0x09, 0xf8, 0x10, 0x00, 0x00, 0x00,
    0x00, 0x04, 0xb0, 0x3c, 0xfd, 0x50, 0x00, 0x00, 0x00, 0x01, 0xdf, 0x10, 0x06, 0xef, 0x20, 0x00,
    0x00, 0x00, 0xbf, 0x60, 0x00, 0x01, 0x60, 0x00, 0x00, 0x00, 0xaf, 0x90, 0x00, 0x00, 0x00, 0x00,
    0x00, 0x01, 0xbf, 0xa0, 0x00, 0x00, 0x00, 0x00, 0x00, 0x02, 0xcf, 0x90, 0x00, 0x00, 0x00, 0x00,
    0x00, 0x07, 0xfe, 0x50, 0x00, 0x00, 0x00, 0x00, 0x01, 0x6d, 0xfc, 0x20, 0x00, 0x00, 0x00, 0x00,
    0x48, 0xef, 0xe8, 0x00, 0x00, 0x00, 0x00, 0x09, 0xef, 0xfd, 0x71, 0x00, 0x00, 0x00, 0x00, 0x00,
    0x5d, 0x84, 0x00, 0x00, 0x00, 0x00, 0x00, 0x00,
    /* U+30B8 "ジ" */
    0x00, 0x00, 0x10, 0x00, 0x00, 0x00, 0x00, 0x1c, 0x40, 0x00, 0x00, 0xcd, 0x40, 0x00, 0x00, 0x7a,
    0x09, 0xd1, 0x00, 0x00, 0x6e, 0xf9, 0x10, 0x00, 0x3f, 0x41, 0xd8, 0x00, 0x00, 0x02, 0xaf, 0xd0,
    0x00, 0x09, 0xd0, 0x43, 0x00, 0x00, 0x00, 0x06, 0x60, 0x00, 0x01, 0x60, 0x00, 0x06, 0x60, 0x00,
    0x00, 0x00, 0x00, 0x00, 0x02, 0x30, 0x0d, 0xfc, 0x30, 0x00, 0x00, 0x00, 0x00, 0x0b, 0xb0, 0x00,
    0x7e, 0xf8, 0x00, 0x00, 0x00, 0x00, 0x7f, 0x90, 0x00, 0x02, 0xbb, 0x00, 0x00, 0x00, 0x05, 0xfc,
    0x10, 0x00, 0x00, 0x01, 0x00, 0x00, 0x00, 0x5f, 0xd2, 0x00, 0x00, 0x00, 0x00, 0x00, 0x00, 0x07,
    0xfd, 0x20, 0x00, 0x00, 0x00, 0x00, 0x00, 0x01, 0xaf, 0xb1, 0x00, 0x00, 0x00, 0x00, 0x00, 0x00,
    0x6e, 0xf7, 0x00, 0x00, 0x00, 0x00, 0x00, 0x01, 0x7d, 0xfd, 0x40, 0x00, 0x00, 0x00, 0x00, 0x37,
    0xbf, 0xfe, 0x71, 0x00, 0x00, 0x00, 0x00, 0x01, 0xdf, 0xfc, 0x60, 0x00, 0x00, 0x00, 0x00, 0x00,
    0x00, 0x45, 0x10, 0x00, 0x00, 0x00, 0x00, 0x00, 0x00,
    /* U+30B9 "ス" */
    0x03, 0xa9, 0x99, 0x99, 0x99, 0x99, 0xa5, 0x00, 0x04, 0xff, 0xff, 0xff, 0xff, 0xff, 0xfb, 0x00,
    0x00, 0x10, 0x00, 0x00, 0x00, 0x09, 0xf3, 0x00, 0x00, 0x00, 0x00, 0x00, 0x00, 0x1e, 0xb0, 0x00,
    0x00, 0x00, 0x00, 0x00, 0x00, 0x8f, 0x40, 0x00, 0x00, 0x00, 0x00, 0x00, 0x03, 0xfb, 0x00, 0x00,
    0x00, 0x00, 0x00, 0x00, 0x0c, 0xf2, 0x00, 0x00, 0x00, 0x00, 0x00, 0x00, 0x8f, 0x70, 0x00, 0x00,
    0x00, 0x00, 0x00, 0x06, 0xff, 0x90, 0x00, 0x00, 0x00, 0x00, 0x00, 0x6f, 0xcb, 0xf9, 0x00, 0x00,
    0x00, 0x00, 0x07, 0xfc, 0x11, 0xbf, 0x90, 0x00, 0x00, 0x01, 0xaf, 0xb1, 0x00, 0x1c, 0xf8, 0x00,
    0x00, 0x4d, 0xfb, 0x10, 0x00, 0x01, 0xdf, 0x70, 0x3b, 0xff, 0x70, 0x00, 0x00, 0x00, 0x2e, 0xf5,
    0x9f, 0xc3, 0x00, 0x00, 0x00, 0x00, 0x04, 0xfa, 0x04, 0x00, 0x00, 0x00, 0x00, 0x00, 0x00, 0x40,
    /* U+30BA "ズ" */
    0x00, 0x00, 0x00, 0x00, 0x00, 0x00, 0x00, 0x05, 0x80, 0x00, 0x00, 0x00, 0x00, 0x00, 0x00, 0x00,
    0xa9, 0x2e, 0x50, 0x00, 0x00, 0x00, 0x00, 0x00, 0x00, 0x03, 0xf3, 0x7d, 0x00, 0x07, 0x99, 0x99,
    0x99, 0x99, 0x99, 0x9b, 0x70, 0x10, 0x00, 0xaf, 0xff, 0xff, 0xff, 0xff, 0xff, 0x50, 0x00, 0x00,
    0x01, 0x10, 0x00, 0x00, 0x00, 0x1f, 0xc0, 0x00, 0x00, 0x00, 0x00, 0x00, 0x00, 0x00, 0x06, 0xf6,
    0x00, 0x00, 0x00, 0x00, 0x00, 0x00, 0x00, 0x00, 0xde, 0x00, 0x00, 0x00, 0x00, 0x00, 0x00, 0x00,
    0x00, 0x7f, 0x60, 0x00, 0x00, 0x00, 0x00, 0x00, 0x00, 0x00, 0x3f, 0xc0, 0x00, 0x00, 0x00, 0x00,
    0x00, 0x00, 0x00, 0x0c, 0xf3, 0x00, 0x00, 0x00, 0x00, 0x00, 0x00, 0x00, 0x0a, 0xfe, 0x20, 0x00,
    0x00, 0x00, 0x00, 0x00, 0x00, 0x09, 0xfc, 0xfd, 0x20, 0x00, 0x00, 0x00, 0x00, 0x00, 0x09, 0xfa,
    0x06, 0xfd, 0x20, 0x00, 0x00, 0x00, 0x00, 0x1b, 0xfa, 0x00, 0x07, 0xfd, 0x10, 0x00, 0x00, 0x00,
    0x4d, 0xf9, 0x00, 0x00, 0x08, 0xfc, 0x10, 0x00, 0x02, 0x9f, 0xf7, 0x00, 0x00, 0x00, 0x0b, 0xfa,
    0x00, 0x02, 0xef, 0xd3, 0x00, 0x00, 0x00, 0x00, 0x1d, 0xf5, 0x00, 0x06, 0x70, 0x00, 0x00, 0x00,
    0x00, 0x00, 0x39, 0x00, 0x00,
    /* U+30BB "セ" */
    0x00, 0x00, 0x03, 0x30, 0x00, 0x00, 0x00, 0x00, 0x00, 0x00, 0x00, 0xfc, 0x00, 0x00, 0x00, 0x00,
    0x00, 0x00, 0x00, 0x0e, 0xb0, 0x00, 0x00, 0x00, 0x00, 0x00, 0x00, 0x00, 0xdb, 0x00, 0x00, 0x00,
    0x00, 0x00, 0x00, 0x00, 0x0d, 0xb0, 0x00, 0x00, 0x26, 0x9c, 0x30, 0x00, 0x00, 0xdb, 0x14, 0x7b,
    0xef, 0xff, 0xf7, 0x00, 0x14, 0x7e, 0xff, 0xff, 0xea, 0x74, 0xed, 0x09, 0xef, 0xff, 0xfe, 0x85,
    0x20, 0x00, 0x7f, 0x40, 0x9d, 0xa6, 0x3e, 0xb0, 0x00, 0x00, 0x2e, 0xb0, 0x00, 0x00, 0x00, 0xdb,
    0x00, 0x00, 0x1d, 0xe2, 0x00, 0x00, 0x00, 0x0d, 0xb0, 0x00, 0x0b, 0xf5, 0x00, 0x00, 0x00, 0x00,
    0xdb, 0x00, 0x01, 0xa8, 0x00, 0x00, 0x00, 0x00, 0x0d, 0xb0, 0x00, 0x00, 0x00, 0x00, 0x00, 0x00,
    0x00, 0xdb, 0x00, 0x00, 0x00, 0x00, 0x00, 0x00, 0x00, 0x0d, 0xc0, 0x00, 0x00, 0x00, 0x00, 0x00,
    0x00, 0x00, 0xcf, 0x61, 0x01, 0x12, 0x46, 0x70, 0x00, 0x00, 0x04, 0xff, 0xff, 0xff, 0xff, 0xfc,
    0x00, 0x00, 0x00, 0x01, 0x68, 0x88, 0x77, 0x64, 0x20,
    /* U+30BC "ゼ" */
    0x00, 0x00, 0x00, 0x00, 0x00, 0x00, 0x00, 0x00, 0x25, 0x00, 0x00, 0x00, 0x00, 0x00, 0x00, 0x00,
    0x00, 0x55, 0x4e, 0x20, 0x00, 0x00, 0x03, 0xd8, 0x00, 0x00, 0x00, 0x6e, 0x1a, 0xa0, 0x00, 0x00,
    0x03, 0xf8, 0x00, 0x00, 0x00, 0x0c, 0x82, 0x80, 0x00, 0x00, 0x03, 0xf7, 0x00, 0x00, 0x00, 0x03,
    0x40, 0x00, 0x00, 0x00, 0x03, 0xf7, 0x00, 0x00, 0x00, 0x37, 0x80, 0x00, 0x00, 0x00, 0x03, 0xf7,
    0x02, 0x58, 0xbe, 0xff, 0xf4, 0x00, 0x00, 0x00, 0x27, 0xfd, 0xef, 0xff, 0xda, 0x8f, 0xa0, 0x00,
    0x09, 0xce, 0xff, 0xfe, 0xa7, 0x41, 0x00, 0xaf, 0x20, 0x00, 0x0d, 0xeb, 0x87, 0xf7, 0x00, 0x00,
    0x04, 0xf8, 0x00, 0x00, 0x02, 0x00, 0x03, 0xf7, 0x00, 0x00, 0x2e, 0xc1, 0x00, 0x00, 0x00, 0x00,
    0x03, 0xf7, 0x00, 0x01, 0xde, 0x20, 0x00, 0x00, 0x00, 0x00, 0x03, 0xf7, 0x00, 0x03, 0xd5, 0x00,
    0x00, 0x00, 0x00, 0x00, 0x03, 0xf7, 0x00, 0x00, 0x00, 0x00, 0x00, 0x00, 0x00, 0x00, 0x03, 0xf7,
    0x00, 0x00, 0x00, 0x00, 0x00, 0x00, 0x00, 0x00, 0x02, 0xf8, 0x00, 0x00, 0x00, 0x00, 0x00, 0x00,
    0x00, 0x00, 0x01, 0xfd, 0x41, 0x01, 0x12, 0x47, 0x50, 0x00, 0x00, 0x00, 0x00, 0x8f, 0xff, 0xff,
    0xff, 0xff, 0x80, 0x00, 0x00, 0x00, 0x00, 0x02, 0x78, 0x88, 0x77, 0x54, 0x10, 0x00,
    /* U+30BD "ソ" */
    0x17, 0x30, 0x00, 0x00, 0x00, 0x00, 0x0e, 0xb4, 0xfc, 0x00, 0x00, 0x00, 0x00, 0x02, 0xfa, 0x09,
    0xf7, 0x00, 0x00, 0x00, 0x00, 0x6f, 0x60, 0x1e, 0xe1, 0x00, 0x00, 0x00, 0x0a, 0xf2, 0x00, 0x7f,
    0x90, 0x00, 0x00, 0x00, 0xdd, 0x00, 0x00, 0xdf, 0x30, 0x00, 0x00, 0x4f, 0x80, 0x00, 0x05, 0x70,
    0x00, 0x00, 0x0b, 0xf2, 0x00, 0x00, 0x00, 0x00, 0x00, 0x04, 0xf9, 0x00, 0x00, 0x00, 0x00, 0x00,
    0x01, 0xdf, 0x20, 0x00, 0x00, 0x00, 0x00, 0x00, 0xaf, 0x70, 0x00, 0x00, 0x00, 0x00, 0x00, 0x9f,
    0xb0, 0x00, 0x00, 0x00, 0x00, 0x01, 0xaf, 0xc1, 0x00, 0x00, 0x00, 0x00, 0x04, 0xdf, 0xb1, 0x00,
    0x00, 0x00, 0x00, 0x3b, 0xff, 0x80, 0x00, 0x00, 0x00, 0x00, 0x02, 0xdc, 0x30, 0x00, 0x00, 0x00,
    0x00, 0x00, 0x01, 0x00, 0x00, 0x00, 0x00, 0x00,
    /* U+30BE "ゾ" */
    0x00, 0x00, 0x00, 0x00, 0x00, 0x00, 0x00, 0x00, 0x00, 0x00, 0x00, 0x00, 0x00, 0x00, 0x05, 0x07,
    0xa0, 0x00, 0x00, 0x00, 0x00, 0x00, 0x01, 0xe6, 0x2e, 0x50, 0x00, 0x00, 0x00, 0x00, 0x00, 0x06,
    0xe1, 0x79, 0x4b, 0x10, 0x00, 0x00, 0x00, 0x00, 0x28, 0x10, 0x07, 0xf9, 0x00, 0x00, 0x00, 0x00,
    0x08, 0xf5, 0x00, 0x0c, 0xf3, 0x00, 0x00, 0x00, 0x00, 0xbf, 0x10, 0x00, 0x3f, 0xc0, 0x00, 0x00,
    0x00, 0x1f, 0xc0, 0x00, 0x00, 0xaf, 0x60, 0x00, 0x00, 0x05, 0xf7, 0x00, 0x00, 0x02, 0xfd, 0x00,
    0x00, 0x00, 0xaf, 0x20, 0x00, 0x00, 0x06, 0x20, 0x00, 0x00, 0x2f, 0xb0, 0x00, 0x00, 0x00, 0x00,
    0x00, 0x00, 0x0a, 0xf3, 0x00, 0x00, 0x00, 0x00, 0x00, 0x00, 0x05, 0xfa, 0x00, 0x00, 0x00, 0x00,
    0x00, 0x00, 0x02, 0xee, 0x20, 0x00, 0x00, 0x00, 0x00, 0x00, 0x03, 0xef, 0x50, 0x00, 0x00, 0x00,
    0x00, 0x00, 0x05, 0xef, 0x60, 0x00, 0x00, 0x00, 0x00, 0x00, 0x19, 0xfe, 0x50, 0x00, 0x00, 0x00,
    0x00, 0x00, 0x8e, 0xfc, 0x20, 0x00, 0x00, 0x00, 0x00, 0x00, 0x03, 0xc6, 0x00, 0x00, 0x00, 0x00,
    0x00, 0x00,
    /* U+30BF "タ" */
    0x00, 0x00, 0x00, 0x00, 0x00, 0x00, 0x00, 0x00, 0x00, 0x00, 0x00, 0x00, 0x4d, 0x50, 0x00, 0x00,
    0x00, 0x00, 0x00, 0x00, 0x0b, 0xf3, 0x00, 0x00, 0x00, 0x00, 0x00, 0x00, 0x04, 0xfa, 0x00, 0x00,
    0x02, 0x10, 0x00, 0x00, 0x00, 0xcf, 0xff, 0xff, 0xff, 0xfe, 0x30, 0x00, 0x00, 0x8f, 0x86, 0x66,
    0x66, 0x6e, 0xf1, 0x00, 0x00, 0x6f, 0x90, 0x00, 0x00, 0x02, 0xfa, 0x00, 0x00, 0x5f, 0xc0, 0x00,
    0x00, 0x00, 0x8f, 0x40, 0x00, 0x6f, 0xd2, 0x16, 0x00, 0x00, 0x1d, 0xe0, 0x00, 0xaf, 0xb1, 0x07,
    0xfc, 0x20, 0x07, 0xf6, 0x00, 0x06, 0xa0, 0x00, 0x07, 0xfe, 0x72, 0xed, 0x00, 0x00, 0x00, 0x00,
    0x00, 0x03, 0xdf, 0xef, 0x40, 0x00, 0x00, 0x00, 0x00, 0x00, 0x01, 0xcf, 0xf4, 0x00, 0x00, 0x00,
    0x00, 0x00, 0x00, 0x7f, 0xdf, 0xf7, 0x00, 0x00, 0x00, 0x00, 0x00, 0x9f, 0xc1, 0x4e, 0xb0, 0x00,
    0x00, 0x00, 0x03, 0xcf, 0xb1, 0x00, 0x21, 0x00, 0x00, 0x00, 0x29, 0xff, 0x80, 0x00, 0x00, 0x00,
    0x00, 0x01, 0xaf, 0xfc, 0x30, 0x00, 0x00, 0x00, 0x00, 0x00, 0x05, 0xb4, 0x00, 0x00, 0x00, 0x00,
    0x00, 0x00,
    /* U+30C0 "ダ" */
    0x00, 0x00, 0x00, 0x00, 0x00, 0x00, 0x00, 0x03, 0x70, 0x00, 0x00, 0x00, 0x00, 0x52, 0x00, 0x00,
    0x67, 0x2f, 0x40, 0x00, 0x00, 0x00, 0x2f, 0xd0, 0x00, 0x04, 0xf2, 0x8c, 0x00, 0x00, 0x00, 0x09,
    0xf5, 0x00, 0x00, 0x0b, 0x91, 0x80, 0x00, 0x00, 0x02, 0xfe, 0x77, 0x77, 0x77, 0xb6, 0x00, 0x00,
    0x00, 0x00, 0xcf, 0xff, 0xff, 0xff, 0xff, 0xa0, 0x00, 0x00, 0x00, 0x8f, 0x60, 0x00, 0x00, 0x09,
    0xf4, 0x00, 0x00, 0x00, 0x6f, 0x90, 0x00, 0x00, 0x00, 0xed, 0x00, 0x00, 0x00, 0x6f, 0xc0, 0x00,
    0x00, 0x00, 0x5f, 0x80, 0x00, 0x00, 0x8f, 0xb1, 0x1c, 0x70, 0x00, 0x0c, 0xf2, 0x00, 0x00, 0x7f,
    0xa0, 0x02, 0xbf, 0xc2, 0x06, 0xf8, 0x00, 0x00, 0x00, 0x50, 0x00, 0x00, 0x7f, 0xf7, 0xee, 0x10,
    0x00, 0x00, 0x00, 0x00, 0x00, 0x00, 0x3d, 0xff, 0x60, 0x00, 0x00, 0x00, 0x00, 0x00, 0x00, 0x00,
    0x9f, 0xfe, 0x40, 0x00, 0x00, 0x00, 0x00, 0x00, 0x00, 0x9f, 0xb7, 0xff, 0x40, 0x00, 0x00, 0x00,
    0x00, 0x01, 0xbf, 0xb1, 0x05, 0xa0, 0x00, 0x00, 0x00, 0x00, 0x06, 0xef, 0x90, 0x00, 0x00, 0x00,
    0x00, 0x00, 0x01, 0x7d, 0xfd, 0x50, 0x00, 0x00, 0x00, 0x00, 0x00, 0x00, 0x7f, 0xe8, 0x10, 0x00,
    0x00, 0x00, 0x00, 0x00, 0x00, 0x00, 0x41, 0x00, 0x00, 0x00, 0x00, 0x00, 0x00, 0x00,
    /* U+30C1 "チ" */
    0x00, 0x00, 0x00, 0x00, 0x00, 0x00, 0x00, 0x10, 0x00, 0x00, 0x00, 0x00, 0x00, 0x01, 0x47, 0xae,
    0xb0, 0x00, 0x00, 0x6a, 0xab, 0xcd, 0xef, 0xff, 0xda, 0x71, 0x00, 0x00, 0x5c, 0xcb, 0xa9, 0xbf,
    0x51, 0x00, 0x00, 0x00, 0x00, 0x00, 0x00, 0x00, 0x7f, 0x20, 0x00, 0x00, 0x00, 0x00, 0x00, 0x00,
    0x00, 0x7f, 0x20, 0x00, 0x00, 0x00, 0x00, 0x00, 0x00, 0x00, 0x7f, 0x20, 0x00, 0x00, 0x00, 0x28,
    0x87, 0x77, 0x77, 0xbf, 0x97, 0x77, 0x78, 0x82, 0x4f, 0xff, 0xff, 0xff, 0xff, 0xff, 0xff, 0xff,
    0xf4, 0x01, 0x00, 0x00, 0x00, 0x9f, 0x10, 0x00, 0x00, 0x10, 0x00, 0x00, 0x00, 0x00, 0xbe, 0x00,
    0x00, 0x00, 0x00, 0x00, 0x00, 0x00, 0x00, 0xeb, 0x00, 0x00, 0x00, 0x00, 0x00, 0x00, 0x00, 0x06,
    0xf6, 0x00, 0x00, 0x00, 0x00, 0x00, 0x00, 0x00, 0x0d, 0xe1, 0x00, 0x00, 0x00, 0x00, 0x00, 0x00,
    0x00, 0xaf, 0x70, 0x00, 0x00, 0x00, 0x00, 0x00, 0x00, 0x1a, 0xfb, 0x00, 0x00, 0x00, 0x00, 0x00,
    0x00, 0x03, 0xef, 0xa1, 0x00, 0x00, 0x00, 0x00, 0x00, 0x00, 0x00, 0x77, 0x00, 0x00, 0x00, 0x00,
    0x00, 0x00,
    /* U+30C2 "ヂ" */
    0x00, 0x00, 0x00, 0x00, 0x00, 0x01, 0x69, 0x00, 0x00, 0x00, 0x33, 0x34, 0x56, 0x8b, 0xdf, 0xff,
    0x60, 0x00, 0x01, 0xff, 0xff, 0xff, 0xfe, 0xa7, 0x41, 0x06, 0x80, 0x00, 0x44, 0x43, 0x21, 0xf9,
    0x00, 0x09, 0x92, 0xf3, 0x00, 0x00, 0x00, 0x00, 0xf9, 0x00, 0x03, 0xf2, 0x9a, 0x00, 0x00, 0x00,
    0x00, 0xf9, 0x00, 0x00, 0xa7, 0x11, 0x10, 0x00, 0x00, 0x00, 0xf9, 0x00, 0x00, 0x00, 0x10, 0xbf,
    0xff, 0xff, 0xff, 0xff, 0xff, 0xff, 0xff, 0xb0, 0x78, 0x88, 0x88, 0x88, 0xfc, 0x88, 0x88, 0x88,
    0x60, 0x00, 0x00, 0x00, 0x03, 0xf7, 0x00, 0x00, 0x00, 0x00, 0x00, 0x00, 0x00, 0x06, 0xf4, 0x00,
    0x00, 0x00, 0x00, 0x00, 0x00, 0x00, 0x0b, 0xf1, 0x00, 0x00, 0x00, 0x00, 0x00, 0x00, 0x00, 0x3f,
    0xa0, 0x00, 0x00, 0x00, 0x00, 0x00, 0x00, 0x01, 0xcf, 0x30, 0x00, 0x00, 0x00, 0x00, 0x00, 0x00,
    0x1c, 0xf7, 0x00, 0x00, 0x00, 0x00, 0x00, 0x00, 0x05, 0xef, 0x90, 0x00, 0x00, 0x00, 0x00, 0x00,
    0x00, 0x07, 0xe5, 0x00, 0x00, 0x00, 0x00, 0x00, 0x00, 0x00, 0x00, 0x00, 0x00, 0x00, 0x00, 0x00,
    0x00, 0x00,
    /* U+30C4 "ツ" */
    0x00, 0x00, 0x01, 0x73, 0x00, 0x00, 0x00, 0x00, 0x24, 0x00, 0x02, 0xf9, 0x00, 0x00, 0x00, 0xc8,
    0xde, 0x10, 0x00, 0xbe, 0x10, 0x00, 0x02, 0xfb, 0x6f, 0x60, 0x00, 0x5f, 0x50, 0x00, 0x05, 0xf6,
    0x1e, 0xc0, 0x00, 0x1e, 0xb0, 0x00, 0x0a, 0xf1, 0x09, 0xf3, 0x00, 0x0a, 0xb0, 0x00, 0x1e, 0xb0,
    0x03, 0xf9, 0x00, 0x00, 0x00, 0x00, 0x7f, 0x60, 0x00, 0x61, 0x00, 0x00, 0x00, 0x00, 0xdd, 0x00,
    0x00, 0x00, 0x00, 0x00, 0x00, 0x08, 0xf4, 0x00, 0x00, 0x00, 0x00, 0x00, 0x00, 0x4f, 0xb0, 0x00,
    0x00, 0x00, 0x00, 0x00, 0x03, 0xee, 0x20, 0x00, 0x00, 0x00, 0x00, 0x00, 0x5e, 0xe3, 0x00, 0x00,
    0x00, 0x00, 0x00, 0x18, 0xfe, 0x40, 0x00, 0x00, 0x00, 0x00, 0x05, 0xdf, 0xd2, 0x00, 0x00, 0x00,
    0x00, 0x07, 0xef, 0xf7, 0x00, 0x00, 0x00, 0x00, 0x00, 0x02, 0xc8, 0x20, 0x00, 0x00, 0x00, 0x00,
    /* U+30C5 "ヅ" */
    0x00, 0x00, 0x00, 0x00, 0x00, 0x00, 0x00, 0x00, 0x10, 0x00, 0x00, 0x00, 0x00, 0x00, 0x00, 0x00,
    0x72, 0x5d, 0x10, 0x00, 0x00, 0x00, 0x00, 0x00, 0x00, 0x0a, 0xa0, 0xc9, 0x00, 0x00, 0x00, 0x03,
    0x80, 0x00, 0x00, 0x2f, 0x43, 0xa0, 0x03, 0x20, 0x00, 0x8f, 0x40, 0x00, 0x00, 0x41, 0x00, 0x03,
    0xf9, 0x00, 0x02, 0xf9, 0x00, 0x00, 0x07, 0xa3, 0x00, 0x0b, 0xe1, 0x00, 0x0b, 0xe1, 0x00, 0x00,
    0xcf, 0x20, 0x00, 0x5f, 0x70, 0x00, 0x5f, 0x60, 0x00, 0x1f, 0xc0, 0x00, 0x00, 0xed, 0x00, 0x01,
    0xe7, 0x00, 0x05, 0xf6, 0x00, 0x00, 0x08, 0xf3, 0x00, 0x00, 0x00, 0x00, 0xcf, 0x10, 0x00, 0x00,
    0x25, 0x00, 0x00, 0x00, 0x00, 0x6f, 0x90, 0x00, 0x00, 0x00, 0x00, 0x00, 0x00, 0x00, 0x1e, 0xe2,
    0x00, 0x00, 0x00, 0x00, 0x00, 0x00, 0x00, 0x09, 0xf7, 0x00, 0x00, 0x00, 0x00, 0x00, 0x00, 0x00,
    0x08, 0xfb, 0x00, 0x00, 0x00, 0x00, 0x00, 0x00, 0x00, 0x09, 0xfc, 0x10, 0x00, 0x00, 0x00, 0x00,
    0x00, 0x00, 0x2c, 0xfb, 0x10, 0x00, 0x00, 0x00, 0x00, 0x00, 0x01, 0x8f, 0xf9, 0x00, 0x00, 0x00,
    0x00, 0x00, 0x00, 0x1a, 0xff, 0xd4, 0x00, 0x00, 0x00, 0x00, 0x00, 0x00, 0x00, 0x6c, 0x60, 0x00,
    0x00, 0x00, 0x00, 0x00, 0x00,
    /* U+30C6 "テ" */
    0x00, 0x06, 0x87, 0x77, 0x77, 0x77, 0x77, 0x81, 0x00, 0x00, 0x0b, 0xff, 0xff, 0xff, 0xff, 0xff,
    0xf1, 0x00, 0x00, 0x01, 0x00, 0x00, 0x00, 0x00, 0x00, 0x10, 0x00, 0x00, 0x00, 0x00, 0x00, 0x00,
    0x00, 0x00, 0x00, 0x00, 0x00, 0x00, 0x00, 0x00, 0x00, 0x00, 0x00, 0x00, 0x00, 0x01, 0x00, 0x00,
    0x00, 0x00, 0x00, 0x00, 0x00, 0x10, 0x2f, 0xff, 0xff, 0xff, 0xff, 0xff, 0xff, 0xff, 0xf4, 0x18,
    0x88, 0x88, 0x88, 0xbf, 0xa8, 0x88, 0x88, 0x82, 0x00, 0x00, 0x00, 0x00, 0x7f, 0x30, 0x00, 0x00,
    0x00, 0x00, 0x00, 0x00, 0x00, 0x8f, 0x10, 0x00, 0x00, 0x00, 0x00, 0x00, 0x00, 0x00, 0xbf, 0x00,
    0x00, 0x00, 0x00, 0x00, 0x00, 0x00, 0x01, 0xfa, 0x00, 0x00, 0x00, 0x00, 0x00, 0x00, 0x00, 0x07,
    0xf5, 0x00, 0x00, 0x00, 0x00, 0x00, 0x00, 0x00, 0x4f, 0xd1, 0x00, 0x00, 0x00, 0x00, 0x00, 0x00,
    0x04, 0xef, 0x40, 0x00, 0x00, 0x00, 0x00, 0x00, 0x01, 0xaf, 0xe4, 0x00, 0x00, 0x00, 0x00, 0x00,
    0x00, 0x00, 0x7b, 0x20, 0x00, 0x00, 0x00, 0x00, 0x00,
    /* U+30C7 "デ" */
    0x00, 0x00, 0x00, 0x00, 0x00, 0x00, 0x00, 0x00, 0xa2, 0x00, 0x00, 0x00, 0x00, 0x00, 0x00, 0x00,
    0x2b, 0x1b, 0xa0, 0x00, 0x01, 0x00, 0x00, 0x00, 0x00, 0x11, 0xc8, 0x2f, 0x30, 0x00, 0xef, 0xff,
    0xff, 0xff, 0xff, 0xa4, 0xe1, 0x63, 0x00, 0x08, 0x77, 0x77, 0x77, 0x77, 0x85, 0x05, 0x00, 0x00,
    0x00, 0x00, 0x00, 0x00, 0x00, 0x00, 0x00, 0x00, 0x00, 0x00, 0x00, 0x00, 0x00, 0x00, 0x00, 0x00,
    0x00, 0x00, 0x00, 0x10, 0x00, 0x00, 0x00, 0x00, 0x00, 0x00, 0x01, 0x00, 0x5f, 0xff, 0xff, 0xff,
    0xff, 0xff, 0xff, 0xff, 0xf1, 0x03, 0x88, 0x88, 0x88, 0x8c, 0xf8, 0x88, 0x88, 0x88, 0x10, 0x00,
    0x00, 0x00, 0x00, 0xaf, 0x00, 0x00, 0x00, 0x00, 0x00, 0x00, 0x00, 0x00, 0x0c, 0xd0, 0x00, 0x00,
    0x00, 0x00, 0x00, 0x00, 0x00, 0x00, 0xeb, 0x00, 0x00, 0x00, 0x00, 0x00, 0x00, 0x00, 0x00, 0x4f,
    0x70, 0x00, 0x00, 0x00, 0x00, 0x00, 0x00, 0x00, 0x0a, 0xf2, 0x00, 0x00, 0x00, 0x00, 0x00, 0x00,
    0x00, 0x06, 0xfb, 0x00, 0x00, 0x00, 0x00, 0x00, 0x00, 0x00, 0x04, 0xfe, 0x20, 0x00, 0x00, 0x00,
    0x00, 0x00, 0x00, 0x19, 0xfe, 0x40, 0x00, 0x00, 0x00, 0x00, 0x00, 0x00, 0x02, 0xcb, 0x10, 0x00,
    0x00, 0x00, 0x00, 0x00, 0x00, 0x00, 0x00, 0x00, 0x00, 0x00, 0x00, 0x00, 0x00, 0x00,
    /* U+30C8 "ト" */
    0x6f, 0x70, 0x00, 0x00, 0x00, 0x05, 0xf6, 0x00, 0x00, 0x00, 0x00, 0x4f, 0x60, 0x00, 0x00, 0x00,
    0x04, 0xf6, 0x00, 0x00, 0x00, 0x00, 0x4f, 0x60, 0x00, 0x00, 0x00, 0x04, 0xfb, 0x40, 0x00, 0x00,
    0x00, 0x4f, 0xff, 0xe9, 0x30, 0x00, 0x04, 0xf8, 0x8d, 0xff, 0xd6, 0x10, 0x4f, 0x60, 0x04, 0x9f,
    0xfe, 0x74, 0xf6, 0x00, 0x00, 0x17, 0xe9, 0x4f, 0x60, 0x00, 0x00, 0x01, 0x14, 0xf6, 0x00, 0x00,
    0x00, 0x00, 0x4f, 0x60, 0x00, 0x00, 0x00, 0x04, 0xf6, 0x00, 0x00, 0x00, 0x00, 0x5f, 0x60, 0x00,
    0x00, 0x00, 0x06, 0xf7, 0x00, 0x00, 0x00, 0x00, 0x11, 0x10, 0x00, 0x00, 0x00, 0x00,
    /* U+30C9 "ド" */
    0x0c, 0xb0, 0x00, 0x00, 0x04, 0xc0, 0x00, 0xfc, 0x00, 0x00, 0x96, 0x1e, 0x80, 0x0e, 0xc0, 0x00,
    0x06, 0xe2, 0x5f, 0x20, 0xec, 0x00, 0x00, 0x0c, 0x90, 0x50, 0x0e, 0xc0, 0x00, 0x00, 0x33, 0x00,
    0x00, 0xed, 0x30, 0x00, 0x00, 0x00, 0x00, 0x0e, 0xff, 0xd8, 0x20, 0x00, 0x00, 0x00, 0xed, 0x9e,
    0xff, 0xc6, 0x10, 0x00, 0x0e, 0xc0, 0x04, 0xaf, 0xfe, 0x81, 0x00, 0xec, 0x00, 0x00, 0x18, 0xee,
    0x10, 0x0e, 0xc0, 0x00, 0x00, 0x01, 0x40, 0x00, 0xec, 0x00, 0x00, 0x00, 0x00, 0x00, 0x0e, 0xc0,
    0x00, 0x00, 0x00, 0x00, 0x00, 0xec, 0x00, 0x00, 0x00, 0x00, 0x00, 0x0e, 0xc0, 0x00, 0x00, 0x00,
    0x00, 0x00, 0xfd, 0x00, 0x00, 0x00, 0x00, 0x00, 0x04, 0x40, 0x00, 0x00, 0x00, 0x00, 0x00,
    /* U+30CA "ナ" */
    0x00, 0x00, 0x00, 0x00, 0x25, 0x20, 0x00, 0x00, 0x00, 0x00, 0x00, 0x00, 0x00, 0x6f, 0x60, 0x00,
    0x00, 0x00, 0x00, 0x00, 0x00, 0x00, 0x5f, 0x60, 0x00, 0x00, 0x00, 0x00, 0x00, 0x00, 0x00, 0x5f,
    0x60, 0x00, 0x00, 0x00, 0x00, 0x00, 0x00, 0x00, 0x5f, 0x60, 0x00, 0x00, 0x00, 0x19, 0x88, 0x88,
    0x88, 0xaf, 0xb8, 0x88, 0x88, 0x94, 0x1f, 0xff, 0xff, 0xff, 0xff, 0xff, 0xff, 0xff, 0xf7, 0x01,
    0x00, 0x00, 0x00, 0x5f, 0x50, 0x00, 0x00, 0x00, 0x00, 0x00, 0x00, 0x00, 0x7f, 0x40, 0x00, 0x00,
    0x00, 0x00, 0x00, 0x00, 0x00, 0x9f, 0x20, 0x00, 0x00, 0x00, 0x00, 0x00, 0x00, 0x00, 0xcf, 0x10,
    0x00, 0x00, 0x00, 0x00, 0x00, 0x00, 0x02, 0xfa, 0x00, 0x00, 0x00, 0x00, 0x00, 0x00, 0x00, 0x08,
    0xf5, 0x00, 0x00, 0x00, 0x00, 0x00, 0x00, 0x00, 0x4f, 0xd1, 0x00, 0x00, 0x00, 0x00, 0x00, 0x00,
    0x02, 0xef, 0x30, 0x00, 0x00, 0x00, 0x00, 0x00, 0x00, 0x5e, 0xf7, 0x00, 0x00, 0x00, 0x00, 0x00,
    0x00, 0x06, 0xff, 0x60, 0x00, 0x00, 0x00, 0x00, 0x00, 0x00, 0x00, 0x73, 0x00, 0x00, 0x00, 0x00,
    0x00, 0x00,
    /* U+30CB "ニ" */
    0x00, 0x5a, 0xaa, 0xaa, 0xaa, 0xaa, 0xaa, 0xb1, 0x00, 0x07, 0xff, 0xff, 0xff, 0xff, 0xff, 0xff,
    0x10, 0x00, 0x01, 0x00, 0x00, 0x00, 0x00, 0x00, 0x10, 0x00, 0x00, 0x00, 0x00, 0x00, 0x00, 0x00,
    0x00, 0x00, 0x00, 0x00, 0x00, 0x00, 0x00, 0x00, 0x00, 0x00, 0x00, 0x00, 0x00, 0x00, 0x00, 0x00,
    0x00, 0x00, 0x00, 0x00, 0x00, 0x00, 0x00, 0x00, 0x00, 0x00, 0x00, 0x00, 0x00, 0x00, 0x00, 0x00,
    0x00, 0x00, 0x00, 0x00, 0x00, 0x00, 0x00, 0x00, 0x00, 0x00, 0x00, 0x00, 0x00, 0x00, 0x00, 0x00,
    0x00, 0x00, 0x00, 0x00, 0x00, 0x01, 0x00, 0x00, 0x00, 0x00, 0x00, 0x00, 0x00, 0x13, 0xff, 0xff,
    0xff, 0xff, 0xff, 0xff, 0xff, 0xfb, 0x2c, 0xbb, 0xbb, 0xbb, 0xbb, 0xbb, 0xbb, 0xbc, 0x90,
    /* U+30CC "ヌ" */
    0x03, 0x98, 0x88, 0x88, 0x88, 0x88, 0x97, 0x00, 0x5f, 0xff, 0xff, 0xff, 0xff, 0xff, 0xf3, 0x00,
    0x10, 0x00, 0x00, 0x00, 0x02, 0xfc, 0x00, 0x00, 0x00, 0x00, 0x00, 0x00, 0x7f, 0x60, 0x00, 0x01,
    0x00, 0x00, 0x00, 0x0c, 0xe1, 0x00, 0x00, 0xcb, 0x20, 0x00, 0x03, 0xf9, 0x00, 0x00, 0x18, 0xff,
    0x80, 0x00, 0xbf, 0x30, 0x00, 0x00, 0x03, 0xcf, 0xc2, 0x5f, 0x90, 0x00, 0x00, 0x00, 0x00, 0x8f,
    0xee, 0xe1, 0x00, 0x00, 0x00, 0x00, 0x00, 0x4f, 0xfc, 0x10, 0x00, 0x00, 0x00, 0x00, 0x1b, 0xfe,
    0xfc, 0x20, 0x00, 0x00, 0x00, 0x2c, 0xf9, 0x09, 0xfe, 0x40, 0x00, 0x00, 0x5e, 0xf7, 0x00, 0x06,
    0xff, 0x30, 0x04, 0xcf, 0xf6, 0x00, 0x00, 0x05, 0xb0, 0x2d, 0xff, 0xb2, 0x00, 0x00, 0x00, 0x00,
    0x00, 0x6b, 0x40, 0x00, 0x00, 0x00, 0x00, 0x00,
    /* U+30CD "ネ" */
    0x00, 0x00, 0x00, 0x00, 0x9c, 0x00, 0x00, 0x00, 0x00, 0x00, 0x00, 0x00, 0x00, 0xbf, 0x00, 0x00,
    0x00, 0x00, 0x00, 0x00, 0x00, 0x00, 0xae, 0x00, 0x00, 0x00, 0x00, 0x00, 0x98, 0x87, 0x77, 0xdf,
    0x77, 0x78, 0x70, 0x00, 0x00, 0xff, 0xff, 0xff, 0xff, 0xff, 0xff, 0xf4, 0x00, 0x00, 0x10, 0x00,
    0x00, 0x00, 0x00, 0xaf, 0x80, 0x00, 0x00, 0x00, 0x00, 0x00, 0x00, 0x08, 0xf9, 0x00, 0x00, 0x00,
    0x00, 0x00, 0x00, 0x01, 0xaf, 0xa0, 0x00, 0x00, 0x00, 0x00, 0x00, 0x00, 0x2c, 0xf9, 0x00, 0x00,
    0x00, 0x00, 0x00, 0x00, 0x07, 0xef, 0x70, 0x10, 0x00, 0x00, 0x00, 0x00, 0x05, 0xdf, 0xfd, 0x01,
    0xdc, 0x30, 0x00, 0x00, 0x38, 0xef, 0xe7, 0xbd, 0x00, 0x8f, 0xf9, 0x10, 0x3d, 0xff, 0xd7, 0x10,
    0xbd, 0x00, 0x02, 0xbf, 0xd3, 0x0a, 0x93, 0x00, 0x00, 0xbd, 0x00, 0x00, 0x07, 0xd1, 0x00, 0x00,
    0x00, 0x00, 0xbd, 0x00, 0x00, 0x00, 0x10, 0x00, 0x00, 0x00, 0x00, 0xbd, 0x00, 0x00, 0x00, 0x00,
    0x00, 0x00, 0x00, 0x00, 0xce, 0x00, 0x00, 0x00, 0x00, 0x00, 0x00, 0x00, 0x00, 0xbc, 0x00, 0x00,
    0x00, 0x00,
    /* U+30CE "ノ" */
    0x00, 0x00, 0x00, 0x00, 0x00, 0x00, 0x20, 0x00, 0x00, 0x00, 0x00, 0x00, 0x01, 0xfc, 0x00, 0x00,
    0x00, 0x00, 0x00, 0x05, 0xf9, 0x00, 0x00, 0x00, 0x00, 0x00, 0x09, 0xf3, 0x00, 0x00, 0x00, 0x00,
    0x00, 0x1e, 0xc0, 0x00, 0x00, 0x00, 0x00, 0x00, 0x6f, 0x60, 0x00, 0x00, 0x00, 0x00, 0x00, 0xde,
    0x10, 0x00, 0x00, 0x00, 0x00, 0x07, 0xf6, 0x00, 0x00, 0x00, 0x00, 0x00, 0x2f, 0xc0, 0x00, 0x00,
    0x00, 0x00, 0x01, 0xcf, 0x30, 0x00, 0x00, 0x00, 0x00, 0x1c, 0xf8, 0x00, 0x00, 0x00, 0x00, 0x02,
    0xcf, 0xa0, 0x00, 0x00, 0x00, 0x00, 0x5e, 0xf9, 0x00, 0x00, 0x00, 0x00, 0x3b, 0xff, 0x70, 0x00,
    0x00, 0x00, 0x0b, 0xff, 0xc3, 0x00, 0x00, 0x00, 0x00, 0x05, 0xc5, 0x00, 0x00, 0x00, 0x00, 0x00,
    /* U+30CF "ハ" */
    0x00, 0x00, 0x06, 0x92, 0x00, 0x3c, 0x60, 0x00, 0x00, 0x00, 0x00, 0x0b, 0xf1, 0x00, 0x1e, 0xd0,
    0x00, 0x00, 0x00, 0x00, 0x0e, 0xd0, 0x00, 0x07, 0xf6, 0x00, 0x00, 0x00, 0x00, 0x2f, 0x90, 0x00,
    0x01, 0xec, 0x00, 0x00, 0x00, 0x00, 0x6f, 0x50, 0x00, 0x00, 0x9f, 0x40, 0x00, 0x00, 0x00, 0xbf,
    0x10, 0x00, 0x00, 0x2f, 0xb0, 0x00, 0x00, 0x01, 0xfb, 0x00, 0x00, 0x00, 0x0b, 0xf2, 0x00, 0x00,
    0x06, 0xf6, 0x00, 0x00, 0x00, 0x05, 0xf8, 0x00, 0x00, 0x0c, 0xf1, 0x00, 0x00, 0x00, 0x01, 0xed,
    0x00, 0x00, 0x5f, 0x90, 0x00, 0x00, 0x00, 0x00, 0x9f, 0x40, 0x00, 0xcf, 0x20, 0x00, 0x00, 0x00,
    0x00, 0x4f, 0x90, 0x07, 0xf9, 0x00, 0x00, 0x00, 0x00, 0x00, 0x0e, 0xe0, 0x2f, 0xe1, 0x00, 0x00,
    0x00, 0x00, 0x00, 0x0a, 0xf4, 0x18, 0x50, 0x00, 0x00, 0x00, 0x00, 0x00, 0x05, 0x82,
    /* U+30D0 "バ" */
    0x00, 0x00, 0x00, 0x00, 0x00, 0x00, 0x00, 0x14, 0xb0, 0x00, 0x00, 0x00, 0x00, 0x00, 0x00, 0x00,
    0x8b, 0x1d, 0x70, 0x00, 0x00, 0x00, 0x00, 0x00, 0x02, 0x01, 0xe5, 0x5e, 0x00, 0x00, 0x00, 0xcc,
    0x00, 0x07, 0xf5, 0x07, 0x90, 0x10, 0x00, 0x00, 0x0f, 0xc0, 0x00, 0x1e, 0xc0, 0x00, 0x00, 0x00,
    0x00, 0x03, 0xf8, 0x00, 0x00, 0x9f, 0x40, 0x00, 0x00, 0x00, 0x00, 0x6f, 0x50, 0x00, 0x02, 0xfb,
    0x00, 0x00, 0x00, 0x00, 0x0a, 0xf1, 0x00, 0x00, 0x0a, 0xf2, 0x00, 0x00, 0x00, 0x00, 0xeb, 0x00,
    0x00, 0x00, 0x4f, 0x90, 0x00, 0x00, 0x00, 0x5f, 0x60, 0x00, 0x00, 0x00, 0xde, 0x10, 0x00, 0x00,
    0x0b, 0xf1, 0x00, 0x00, 0x00, 0x07, 0xf6, 0x00, 0x00, 0x03, 0xfa, 0x00, 0x00, 0x00, 0x00, 0x2f,
    0xb0, 0x00, 0x00, 0xaf, 0x30, 0x00, 0x00, 0x00, 0x00, 0xcf, 0x20, 0x00, 0x4f, 0xb0, 0x00, 0x00,
    0x00, 0x00, 0x06, 0xf7, 0x00, 0x0d, 0xf3, 0x00, 0x00, 0x00, 0x00, 0x00, 0x2f, 0xc0, 0x07, 0xf9,
    0x00, 0x00, 0x00, 0x00, 0x00, 0x00, 0xdf, 0x10, 0x05, 0x10, 0x00, 0x00, 0x00, 0x00, 0x00, 0x04,
    0x20, 0x00,
    /* U+30D1 "パ" */
    0x00, 0x00, 0x00, 0x00, 0x00, 0x00, 0x00, 0x5d, 0xd5, 0x00, 0x00, 0x00, 0x00, 0x00, 0x00, 0x00,
    0x1e, 0x23, 0xe1, 0x00, 0x00, 0x00, 0x00, 0x00, 0x01, 0x03, 0xb0, 0x0c, 0x30, 0x00, 0x00, 0xaa,
    0x00, 0x06, 0xe4, 0x1e, 0x34, 0xe1, 0x00, 0x00, 0x0e, 0xd0, 0x00, 0x3f, 0xb0, 0x5c, 0xc4, 0x00,
    0x00, 0x02, 0xf9, 0x00, 0x00, 0xaf, 0x30, 0x00, 0x00, 0x00, 0x00, 0x5f, 0x60, 0x00, 0x04, 0xf9,
    0x00, 0x00, 0x00, 0x00, 0x09, 0xf2, 0x00, 0x00, 0x0d, 0xe1, 0x00, 0x00, 0x00, 0x00, 0xdd, 0x00,
    0x00, 0x00, 0x6f, 0x60, 0x00, 0x00, 0x00, 0x3f, 0x80, 0x00, 0x00, 0x01, 0xed, 0x00, 0x00, 0x00,
    0x08, 0xf3, 0x00, 0x00, 0x00, 0x0a, 0xf3, 0x00, 0x00, 0x01, 0xed, 0x00, 0x00, 0x00, 0x00, 0x4f,
    0x90, 0x00, 0x00, 0x7f, 0x70, 0x00, 0x00, 0x00, 0x00, 0xee, 0x00, 0x00, 0x0d, 0xe1, 0x00, 0x00,
    0x00, 0x00, 0x09, 0xf4, 0x00, 0x08, 0xf8, 0x00, 0x00, 0x00, 0x00, 0x00, 0x4f, 0x90, 0x03, 0xfd,
    0x10, 0x00, 0x00, 0x00, 0x00, 0x01, 0xfe, 0x00, 0x6e, 0x50, 0x00, 0x00, 0x00, 0x00, 0x00, 0x0b,
    0xc1, 0x00, 0x10, 0x00, 0x00, 0x00, 0x00, 0x00, 0x00, 0x00, 0x00,
    /* U+30D2 "ヒ" */
    0x12, 0x10, 0x00, 0x00, 0x00, 0x00, 0x00, 0x7f, 0x50, 0x00, 0x00, 0x00, 0x00, 0x00, 0x6f, 0x40,
    0x00, 0x00, 0x00, 0x00, 0x00, 0x5f, 0x40, 0x00, 0x00, 0x00, 0x02, 0x00, 0x5f, 0x40, 0x00, 0x00,
    0x02, 0x9f, 0x30, 0x5f, 0x40, 0x00, 0x05, 0xaf, 0xfd, 0x40, 0x5f, 0x41, 0x5a, 0xef, 0xfa, 0x40,
    0x00, 0x5f, 0xdf, 0xff, 0xb6, 0x10, 0x00, 0x00, 0x5f, 0xea, 0x61, 0x00, 0x00, 0x00, 0x00, 0x5f,
    0x40, 0x00, 0x00, 0x00, 0x00, 0x00, 0x5f, 0x40, 0x00, 0x00, 0x00, 0x00, 0x00, 0x5f, 0x40, 0x00,
    0x00, 0x00, 0x00, 0x00, 0x5f, 0x40, 0x00, 0x00, 0x00, 0x00, 0x00, 0x5f, 0x40, 0x00, 0x00, 0x00,
    0x00, 0x00, 0x5f, 0x70, 0x00, 0x00, 0x00, 0x00, 0x21, 0x1e, 0xfd, 0xa9, 0x9a, 0xab, 0xce, 0xf2,
    0x03, 0xad, 0xef, 0xfe, 0xee, 0xdc, 0xa1,
    /* U+30D3 "ビ" */
    0x00, 0x00, 0x00, 0x00, 0x00, 0x00, 0x02, 0x00, 0x00, 0x00, 0x00, 0x00, 0x00, 0x14, 0x1f, 0x40,
    0x3b, 0x60, 0x00, 0x00, 0x00, 0x3f, 0x28, 0xc0, 0x3f, 0x70, 0x00, 0x00, 0x00, 0x0a, 0xa1, 0xd3,
    0x3f, 0x70, 0x00, 0x00, 0x00, 0x02, 0xc1, 0x00, 0x3f, 0x70, 0x00, 0x00, 0x00, 0x18, 0x00, 0x00,
    0x3f, 0x70, 0x00, 0x00, 0x28, 0xef, 0x50, 0x00, 0x3f, 0x70, 0x01, 0x6b, 0xff, 0xd6, 0x10, 0x00,
    0x3f, 0x97, 0xcf, 0xfe, 0xa4, 0x00, 0x00, 0x00, 0x3f, 0xff, 0xea, 0x51, 0x00, 0x00, 0x00, 0x00,
    0x3f, 0xb4, 0x00, 0x00, 0x00, 0x00, 0x00, 0x00, 0x3f, 0x70, 0x00, 0x00, 0x00, 0x00, 0x00, 0x00,
    0x3f, 0x70, 0x00, 0x00, 0x00, 0x00, 0x00, 0x00, 0x3f, 0x70, 0x00, 0x00, 0x00, 0x00, 0x00, 0x00,
    0x3f, 0x70, 0x00, 0x00, 0x00, 0x00, 0x00, 0x00, 0x2f, 0x80, 0x00, 0x00, 0x00, 0x00, 0x00, 0x00,
    0x1f, 0xd5, 0x10, 0x01, 0x12, 0x35, 0x73, 0x00, 0x08, 0xff, 0xff, 0xff, 0xff, 0xff, 0xf5, 0x00,
    0x00, 0x36, 0x89, 0x99, 0x88, 0x76, 0x41, 0x00,
    /* U+30D4 "ピ" */
    0x00, 0x00, 0x00, 0x00, 0x00, 0x01, 0xae, 0xa1, 0x3b, 0x60, 0x00, 0x00, 0x00, 0x08, 0x91, 0x98,
    0x3f, 0x80, 0x00, 0x00, 0x00, 0x0b, 0x40, 0x4a, 0x3f, 0x70, 0x00, 0x00, 0x00, 0x08, 0xa2, 0xa7,
    0x3f, 0x70, 0x00, 0x00, 0x00, 0x06, 0x9d, 0x91, 0x3f, 0x70, 0x00, 0x00, 0x16, 0xdf, 0x40, 0x00,
    0x3f, 0x70, 0x00, 0x49, 0xef, 0xe8, 0x20, 0x00, 0x3f, 0x85, 0xae, 0xff, 0xb6, 0x10, 0x00, 0x00,
    0x3f, 0xff, 0xfb, 0x72, 0x00, 0x00, 0x00, 0x00, 0x3f, 0xc5, 0x10, 0x00, 0x00, 0x00, 0x00, 0x00,
    0x3f, 0x70, 0x00, 0x00, 0x00, 0x00, 0x00, 0x00, 0x3f, 0x70, 0x00, 0x00, 0x00, 0x00, 0x00, 0x00,
    0x3f, 0x70, 0x00, 0x00, 0x00, 0x00, 0x00, 0x00, 0x3f, 0x70, 0x00, 0x00, 0x00, 0x00, 0x00, 0x00,
    0x2f, 0x70, 0x00, 0x00, 0x00, 0x00, 0x00, 0x00, 0x1f, 0xd5, 0x10, 0x01, 0x12, 0x35, 0x73, 0x00,
    0x08, 0xff, 0xff, 0xff, 0xff, 0xff, 0xf5, 0x00, 0x00, 0x36, 0x89, 0x99, 0x88, 0x76, 0x41, 0x00,
    /* U+30D5 "フ" */
    0x1a, 0x99, 0x99, 0x99, 0x99, 0x99, 0x99, 0x50, 0x2f, 0xff, 0xff, 0xff, 0xff, 0xff, 0xff, 0xf1,
    0x01, 0x00, 0x00, 0x00, 0x00, 0x00, 0x1f, 0xc0, 0x00, 0x00, 0x00, 0x00, 0x00, 0x00, 0x4f, 0x90,
    0x00, 0x00, 0x00, 0x00, 0x00, 0x00, 0x8f, 0x50, 0x00, 0x00, 0x00, 0x00, 0x00, 0x00, 0xce, 0x10,
    0x00, 0x00, 0x00, 0x00, 0x00, 0x03, 0xfa, 0x00, 0x00, 0x00, 0x00, 0x00, 0x00, 0x0a, 0xf3, 0x00,
    0x00, 0x00, 0x00, 0x00, 0x00, 0x5f, 0xb0, 0x00, 0x00, 0x00, 0x00, 0x00, 0x02, 0xef, 0x20, 0x00,
    0x00, 0x00, 0x00, 0x00, 0x2d, 0xf6, 0x00, 0x00, 0x00, 0x00, 0x00, 0x04, 0xef, 0x70, 0x00, 0x00,
    0x00, 0x00, 0x02, 0xaf, 0xf6, 0x00, 0x00, 0x00, 0x00, 0x16, 0xbf, 0xfc, 0x30, 0x00, 0x00, 0x00,
    0x00, 0x0b, 0xfd, 0x60, 0x00, 0x00, 0x00, 0x00, 0x00, 0x01, 0x40, 0x00, 0x00, 0x00, 0x00, 0x00,
    /* U+30D6 "ブ" */
    0x00, 0x00, 0x00, 0x00, 0x00, 0x00, 0x42, 0x3d, 0x10, 0x00, 0x00, 0x00, 0x00, 0x00, 0x00, 0xab,
    0x0b, 0xa0, 0x00, 0x00, 0x00, 0x00, 0x00, 0x00, 0x2e, 0x52, 0xe2, 0x4a, 0x99, 0x99, 0x99, 0x99,
    0x99, 0x9d, 0x60, 0x00, 0x6f, 0xff, 0xff, 0xff, 0xff, 0xff, 0xff, 0xc0, 0x00, 0x01, 0x00, 0x00,
    0x00, 0x00, 0x00, 0x5f, 0x80, 0x00, 0x00, 0x00, 0x00, 0x00, 0x00, 0x00, 0x8f, 0x40, 0x00, 0x00,
    0x00, 0x00, 0x00, 0x00, 0x00, 0xcf, 0x10, 0x00, 0x00, 0x00, 0x00, 0x00, 0x00, 0x01, 0xfb, 0x00,
    0x00, 0x00, 0x00, 0x00, 0x00, 0x00, 0x07, 0xf6, 0x00, 0x00, 0x00, 0x00, 0x00, 0x00, 0x00, 0x1d,
    0xe1, 0x00, 0x00, 0x00, 0x00, 0x00, 0x00, 0x00, 0x8f, 0x80, 0x00, 0x00, 0x00, 0x00, 0x00, 0x00,
    0x04, 0xfd, 0x10, 0x00, 0x00, 0x00, 0x00, 0x00, 0x00, 0x3e, 0xf4, 0x00, 0x00, 0x00, 0x00, 0x00,
    0x00, 0x05, 0xef, 0x60, 0x00, 0x00, 0x00, 0x00, 0x00, 0x02, 0xaf, 0xf5, 0x00, 0x00, 0x00, 0x00,
    0x00, 0x04, 0xaf, 0xfd, 0x30, 0x00, 0x00, 0x00, 0x00, 0x00, 0x4f, 0xfe, 0x70, 0x00, 0x00, 0x00,
    0x00, 0x00, 0x00, 0x05, 0x60, 0x00, 0x00, 0x00, 0x00, 0x00, 0x00,
    /* U+30D7 "プ" */
    0x00, 0x00, 0x00, 0x00, 0x00, 0x00, 0x02, 0xbe, 0xa1, 0x00, 0x00, 0x00, 0x00, 0x00, 0x00, 0x0b,
    0x60, 0x88, 0x49, 0x99, 0x99, 0x99, 0x99, 0x99, 0x9e, 0x60, 0x88, 0x6f, 0xff, 0xff, 0xff, 0xff,
    0xff, 0xff, 0xfe, 0xa1, 0x01, 0x00, 0x00, 0x00, 0x00, 0x00, 0x5f, 0x80, 0x00, 0x00, 0x00, 0x00,
    0x00, 0x00, 0x00, 0x8f, 0x50, 0x00, 0x00, 0x00, 0x00, 0x00, 0x00, 0x00, 0xcf, 0x10, 0x00, 0x00,
    0x00, 0x00, 0x00, 0x00, 0x01, 0xfb, 0x00, 0x00, 0x00, 0x00, 0x00, 0x00, 0x00, 0x07, 0xf6, 0x00,
    0x00, 0x00, 0x00, 0x00, 0x00, 0x00, 0x1d, 0xe1, 0x00, 0x00, 0x00, 0x00, 0x00, 0x00, 0x00, 0x8f,
    0x80, 0x00, 0x00, 0x00, 0x00, 0x00, 0x00, 0x04, 0xfd, 0x10, 0x00, 0x00, 0x00, 0x00, 0x00, 0x00,
    0x3e, 0xf4, 0x00, 0x00, 0x00, 0x00, 0x00, 0x00, 0x05, 0xef, 0x60, 0x00, 0x00, 0x00, 0x00, 0x00,
    0x02, 0xaf, 0xf5, 0x00, 0x00, 0x00, 0x00, 0x00, 0x04, 0xaf, 0xfd, 0x30, 0x00, 0x00, 0x00, 0x00,
    0x00, 0x4f, 0xfe, 0x70, 0x00, 0x00, 0x00, 0x00, 0x00, 0x00, 0x05, 0x60, 0x00, 0x00, 0x00, 0x00,
    0x00, 0x00,
    /* U+30D8 "ヘ" */
    0x00, 0x00, 0x01, 0xbe, 0x70, 0x00, 0x00, 0x00, 0x00, 0x00, 0x00, 0x0b, 0xff, 0xf8, 0x00, 0x00,
    0x00, 0x00, 0x00, 0x00, 0x8f, 0x81, 0xbf, 0x80, 0x00, 0x00, 0x00, 0x00, 0x05, 0xfb, 0x00, 0x0b,
    0xf8, 0x00, 0x00, 0x00, 0x00, 0x3f, 0xd1, 0x00, 0x01, 0xcf, 0x70, 0x00, 0x00, 0x02, 0xef, 0x30,
    0x00, 0x00, 0x1d, 0xf6, 0x00, 0x00, 0x2d, 0xf6, 0x00, 0x00, 0x00, 0x02, 0xef, 0x40, 0x00, 0x7f,
    0xa0, 0x00, 0x00, 0x00, 0x00, 0x4f, 0xe3, 0x00, 0x07, 0x10, 0x00, 0x00, 0x00, 0x00, 0x06, 0xfe,
    0x20, 0x00, 0x00, 0x00, 0x00, 0x00, 0x00, 0x00, 0x8f, 0xd2, 0x00, 0x00, 0x00, 0x00, 0x00, 0x00,
    0x00, 0x0b, 0xfb, 0x00, 0x00, 0x00, 0x00, 0x00, 0x00, 0x00, 0x01, 0xc3, 0x00, 0x00, 0x00, 0x00,
    0x00, 0x00, 0x00, 0x00, 0x00,
    /* U+30D9 "ベ" */
    0x00, 0x00, 0x00, 0x00, 0x00, 0x00, 0x00, 0x02, 0x00, 0x00, 0x00, 0x00, 0x00, 0x00, 0x00, 0x10,
    0x8d, 0x00, 0x00, 0x00, 0x00, 0x00, 0x00, 0x02, 0xf4, 0x1e, 0x80, 0x00, 0x00, 0x01, 0xac, 0x40,
    0x00, 0xad, 0x07, 0xe2, 0x00, 0x00, 0x1c, 0xff, 0xf5, 0x00, 0x2f, 0x60, 0x50, 0x00, 0x00, 0xaf,
    0x73, 0xdf, 0x40, 0x05, 0x20, 0x00, 0x00, 0x07, 0xfa, 0x00, 0x2e, 0xf4, 0x00, 0x00, 0x00, 0x00,
    0x4f, 0xd1, 0x00, 0x03, 0xee, 0x30, 0x00, 0x00, 0x02, 0xef, 0x30, 0x00, 0x00, 0x4f, 0xe2, 0x00,
    0x00, 0x2d, 0xf6, 0x00, 0x00, 0x00, 0x06, 0xfd, 0x10, 0x00, 0xbf, 0xa0, 0x00, 0x00, 0x00, 0x00,
    0x8f, 0xc0, 0x00, 0x1b, 0x10, 0x00, 0x00, 0x00, 0x00, 0x0b, 0xfa, 0x00, 0x00, 0x00, 0x00, 0x00,
    0x00, 0x00, 0x01, 0xdf, 0x90, 0x00, 0x00, 0x00, 0x00, 0x00, 0x00, 0x00, 0x3e, 0xf7, 0x00, 0x00,
    0x00, 0x00, 0x00, 0x00, 0x00, 0x05, 0xe4, 0x00, 0x00, 0x00, 0x00, 0x00, 0x00, 0x00, 0x00, 0x20,
    /* U+30DA "ペ" */
    0x00, 0x00, 0x00, 0x00, 0x00, 0x00, 0x1a, 0xeb, 0x20, 0x00, 0x00, 0x00, 0x00, 0x00, 0x00, 0x99,
    0x18, 0xb0, 0x00, 0x00, 0x01, 0xac, 0x40, 0x00, 0xd3, 0x01, 0xe0, 0x00, 0x00, 0x1c, 0xff, 0xf5,
    0x00, 0x99, 0x28, 0xb0, 0x00, 0x00, 0xaf, 0x73, 0xdf, 0x40, 0x1a, 0xda, 0x20, 0x00, 0x07, 0xfa,
    0x00, 0x2e, 0xf4, 0x00, 0x00, 0x00, 0x00, 0x4f, 0xd1, 0x00, 0x03, 0xee, 0x30, 0x00, 0x00, 0x02,
    0xef, 0x30, 0x00, 0x00, 0x4f, 0xe2, 0x00, 0x00, 0x2d, 0xf6, 0x00, 0x00, 0x00, 0x06, 0xfd, 0x10,
    0x00, 0xbf, 0xa0, 0x00, 0x00, 0x00, 0x00, 0x8f, 0xc0, 0x00, 0x1b, 0x10, 0x00, 0x00, 0x00, 0x00,
    0x0b, 0xfa, 0x00, 0x00, 0x00, 0x00, 0x00, 0x00, 0x00, 0x01, 0xdf, 0x90, 0x00, 0x00, 0x00, 0x00,
    0x00, 0x00, 0x00, 0x3e, 0xf7, 0x00, 0x00, 0x00, 0x00, 0x00, 0x00, 0x00, 0x05, 0xe4, 0x00, 0x00,
    0x00, 0x00, 0x00, 0x00, 0x00, 0x00, 0x20,
    /* U+30DB "ホ" */
    0x00, 0x00, 0x00, 0x00, 0x58, 0x20, 0x00, 0x00, 0x00, 0x00, 0x00, 0x00, 0x00, 0x8f, 0x20, 0x00,
    0x00, 0x00, 0x00, 0x00, 0x00, 0x00, 0x7f, 0x20, 0x00, 0x00, 0x00, 0x01, 0x00, 0x00, 0x00, 0x7f,
    0x20, 0x00, 0x00, 0x10, 0x0b, 0xff, 0xff, 0xff, 0xff, 0xff, 0xff, 0xff, 0xf0, 0x07, 0x88, 0x88,
    0x88, 0xbf, 0x98, 0x88, 0x88, 0x80, 0x00, 0x00, 0x00, 0x00, 0x7f, 0x20, 0x00, 0x00, 0x00, 0x00,
    0x00, 0x00, 0x00, 0x7f, 0x20, 0x00, 0x00, 0x00, 0x00, 0x00, 0x95, 0x00, 0x7f, 0x20, 0x07, 0x70,
    0x00, 0x00, 0x04, 0xf7, 0x00, 0x7f, 0x20, 0x0b, 0xf3, 0x00, 0x00, 0x1d, 0xd1, 0x00, 0x7f, 0x20,
    0x02, 0xec, 0x00, 0x00, 0x9f, 0x50, 0x00, 0x7f, 0x20, 0x00, 0x7f, 0x60, 0x05, 0xfa, 0x00, 0x00,
    0x7f, 0x20, 0x00, 0x1e, 0xe1, 0x2f, 0xd1, 0x00, 0x00, 0x7f, 0x20, 0x00, 0x06, 0xf7, 0x05, 0x30,
    0x00, 0x00, 0x7f, 0x20, 0x00, 0x00, 0x60, 0x00, 0x00, 0x02, 0x10, 0xaf, 0x20, 0x00, 0x00, 0x00,
    0x00, 0x00, 0x08, 0xff, 0xfe, 0x00, 0x00, 0x00, 0x00, 0x00, 0x00, 0x03, 0x67, 0x73, 0x00, 0x00,
    0x00, 0x00,
    /* U+30DC "ボ" */
    0x00, 0x00, 0x00, 0x00, 0x00, 0x00, 0x00, 0x00, 0x10, 0x00, 0x00, 0x00, 0x00, 0x32, 0x00, 0x05,
    0x27, 0xc0, 0x00, 0x00, 0x00, 0x00, 0xeb, 0x00, 0x0a, 0xa1, 0xe6, 0x00, 0x00, 0x00, 0x00, 0xeb,
    0x00, 0x02, 0xf4, 0x6b, 0x00, 0x00, 0x00, 0x00, 0xeb, 0x00, 0x00, 0x73, 0x00, 0x29, 0x88, 0x88,
    0x88, 0xed, 0x88, 0x88, 0x88, 0x60, 0x3f, 0xff, 0xff, 0xff, 0xff, 0xff, 0xff, 0xff, 0xa0, 0x01,
    0x00, 0x00, 0x00, 0xeb, 0x00, 0x00, 0x00, 0x00, 0x00, 0x00, 0x00, 0x00, 0xeb, 0x00, 0x00, 0x00,
    0x00, 0x00, 0x00, 0x30, 0x00, 0xeb, 0x00, 0x03, 0x00, 0x00, 0x00, 0x07, 0xf3, 0x00, 0xeb, 0x00,
    0x5f, 0x60, 0x00, 0x00, 0x1e, 0xc0, 0x00, 0xeb, 0x00, 0x0c, 0xe2, 0x00, 0x00, 0xaf, 0x30, 0x00,
    0xeb, 0x00, 0x03, 0xfb, 0x00, 0x06, 0xf9, 0x00, 0x00, 0xeb, 0x00, 0x00, 0x9f, 0x40, 0x3e, 0xd1,
    0x00, 0x00, 0xeb, 0x00, 0x00, 0x1e, 0xd0, 0x5e, 0x30, 0x00, 0x00, 0xeb, 0x00, 0x00, 0x08, 0xa1,
    0x01, 0x00, 0x00, 0x00, 0xeb, 0x00, 0x00, 0x00, 0x00, 0x00, 0x00, 0x0a, 0x89, 0xfa, 0x00, 0x00,
    0x00, 0x00, 0x00, 0x00, 0x0c, 0xef, 0xd4, 0x00, 0x00, 0x00, 0x00,
    /* U+30DD "ポ" */
    0x00, 0x00, 0x00, 0x00, 0x00, 0x00, 0x01, 0xad, 0x80, 0x00, 0x00, 0x00, 0x00, 0x43, 0x00, 0x09,
    0x92, 0xc5, 0x00, 0x00, 0x00, 0x00, 0xeb, 0x00, 0x0c, 0x30, 0x68, 0x00, 0x00, 0x00, 0x00, 0xeb,
    0x00, 0x09, 0x92, 0xc5, 0x00, 0x00, 0x00, 0x00, 0xeb, 0x00, 0x01, 0xad, 0x80, 0x18, 0x88, 0x88,
    0x88, 0xed, 0x88, 0x88, 0x88, 0x60, 0x3f, 0xff, 0xff, 0xff, 0xff, 0xff, 0xff, 0xff, 0xa0, 0x01,
    0x00, 0x00, 0x00, 0xeb, 0x00, 0x00, 0x00, 0x00, 0x00, 0x00, 0x00, 0x00, 0xeb, 0x00, 0x00, 0x00,
    0x00, 0x00, 0x00, 0x30, 0x00, 0xeb, 0x00, 0x03, 0x00, 0x00, 0x00, 0x07, 0xf3, 0x00, 0xeb, 0x00,
    0x5f, 0x60, 0x00, 0x00, 0x1e, 0xc0, 0x00, 0xeb, 0x00, 0x0c, 0xe2, 0x00, 0x00, 0xaf, 0x30, 0x00,
    0xeb, 0x00, 0x03, 0xfb, 0x00, 0x06, 0xf9, 0x00, 0x00, 0xeb, 0x00, 0x00, 0x9f, 0x40, 0x3e, 0xd1,
    0x00, 0x00, 0xeb, 0x00, 0x00, 0x1e, 0xd0, 0x5e, 0x30, 0x00, 0x00, 0xeb, 0x00, 0x00, 0x08, 0xa1,
    0x01, 0x00, 0x00, 0x00, 0xeb, 0x00, 0x00, 0x00, 0x00, 0x00, 0x00, 0x0a, 0x89, 0xfa, 0x00, 0x00,
    0x00, 0x00, 0x00, 0x00, 0x0c, 0xef, 0xd4, 0x00, 0x00, 0x00, 0x00,
    /* U+30DE "マ" */
    0x21, 0x00, 0x00, 0x00, 0x00, 0x00, 0x00, 0x11, 0x0e, 0xff, 0xff, 0xff, 0xff, 0xff, 0xff, 0xff,
    0xe3, 0x98, 0x88, 0x88, 0x88, 0x88, 0x88, 0x8a, 0xfe, 0x20, 0x00, 0x00, 0x00, 0x00, 0x00, 0x00,
    0xbf, 0x60, 0x00, 0x00, 0x00, 0x00, 0x00, 0x00, 0x6f, 0xb0, 0x00, 0x00, 0x00, 0x00, 0x00, 0x00,
    0x3f, 0xe1, 0x00, 0x00, 0x03, 0x10, 0x00, 0x00, 0x2d, 0xf4, 0x00, 0x00, 0x02, 0xed, 0x30, 0x00,
    0x1d, 0xf5, 0x00, 0x00, 0x00, 0x05, 0xfe, 0x40, 0x2d, 0xf6, 0x00, 0x00, 0x00, 0x00, 0x04, 0xef,
    0x7e, 0xf6, 0x00, 0x00, 0x00, 0x00, 0x00, 0x03, 0xef, 0xf5, 0x00, 0x00, 0x00, 0x00, 0x00, 0x00,
    0x02, 0xef, 0x50, 0x00, 0x00, 0x00, 0x00, 0x00, 0x00, 0x03, 0xef, 0x40, 0x00, 0x00, 0x00, 0x00,
    0x00, 0x00, 0x04, 0xfe, 0x30, 0x00, 0x00, 0x00, 0x00, 0x00, 0x00, 0x06, 0xfd, 0x10, 0x00, 0x00,
    0x00, 0x00, 0x00, 0x00, 0x09, 0x50, 0x00, 0x00,
    /* U+30DF "ミ" */
    0x00, 0x48, 0x53, 0x00, 0x00, 0x00, 0x00, 0x00, 0x9f, 0xff, 0xec, 0x85, 0x10, 0x00, 0x00, 0x01,
    0x36, 0xad, 0xff, 0xfc, 0x81, 0x00, 0x00, 0x00, 0x00, 0x15, 0x9d, 0xd0, 0x00, 0x00, 0x00, 0x00,
    0x00, 0x00, 0x10, 0x01, 0x31, 0x00, 0x00, 0x00, 0x00, 0x00, 0x08, 0xff, 0xda, 0x63, 0x00, 0x00,
    0x00, 0x02, 0x58, 0xbe, 0xff, 0xea, 0x61, 0x00, 0x00, 0x00, 0x00, 0x37, 0xbe, 0xfb, 0x00, 0x00,
    0x00, 0x00, 0x00, 0x01, 0x53, 0x00, 0x00, 0x00, 0x00, 0x00, 0x00, 0x00, 0x00, 0x36, 0x30, 0x00,
    0x00, 0x00, 0x00, 0x00, 0xaf, 0xff, 0xc8, 0x51, 0x00, 0x00, 0x00, 0x14, 0x6a, 0xdf, 0xff, 0xc8,
    0x40, 0x00, 0x00, 0x00, 0x01, 0x59, 0xdf, 0xfe, 0x50, 0x00, 0x00, 0x00, 0x00, 0x02, 0x7c, 0x30,
    /* U+30E0 "ム" */
    0x00, 0x00, 0x00, 0x00, 0x00, 0x00, 0x00, 0x00, 0x00, 0x00, 0x00, 0x00, 0x09, 0xc3, 0x00, 0x00,
    0x00, 0x00, 0x00, 0x00, 0x00, 0x0d, 0xf1, 0x00, 0x00, 0x00, 0x00, 0x00, 0x00, 0x00, 0x1f, 0xb0,
    0x00, 0x00, 0x00, 0x00, 0x00, 0x00, 0x00, 0x6f, 0x60, 0x00, 0x00, 0x00, 0x00, 0x00, 0x00, 0x00,
    0xaf, 0x20, 0x00, 0x00, 0x00, 0x00, 0x00, 0x00, 0x00, 0xec, 0x00, 0x00, 0x00, 0x00, 0x00, 0x00,
    0x00, 0x04, 0xf8, 0x00, 0x00, 0x00, 0x00, 0x00, 0x00, 0x00, 0x08, 0xf3, 0x00, 0x00, 0x22, 0x00,
    0x00, 0x00, 0x00, 0x0d, 0xd0, 0x00, 0x01, 0xec, 0x00, 0x00, 0x00, 0x00, 0x3f, 0x90, 0x00, 0x00,
    0x8f, 0x60, 0x00, 0x00, 0x00, 0x8f, 0x40, 0x00, 0x00, 0x1e, 0xd0, 0x00, 0x00, 0x00, 0xce, 0x00,
    0x00, 0x00, 0x06, 0xf7, 0x00, 0x00, 0x02, 0xf9, 0x00, 0x00, 0x00, 0x14, 0xfe, 0x10, 0x00, 0x08,
    0xf8, 0x68, 0x9b, 0xde, 0xff, 0xff, 0x70, 0x7f, 0xff, 0xff, 0xff, 0xfe, 0xca, 0x87, 0x5e, 0xe0,
    0x4c, 0xa8, 0x75, 0x42, 0x00, 0x00, 0x00, 0x08, 0xf6, 0x00, 0x00, 0x00, 0x00, 0x00, 0x00, 0x00,
    0x02, 0x93,
    /* U+30E1 "メ" */
    0x00, 0x00, 0x00, 0x00, 0x00, 0x00, 0x86, 0x00, 0x00, 0x00, 0x00, 0x00, 0x00, 0x01, 0xed, 0x00,
    0x00, 0x00, 0x00, 0x00, 0x00, 0x06, 0xf7, 0x00, 0x00, 0x08, 0x30, 0x00, 0x00, 0x0c, 0xe1, 0x00,
    0x00, 0x3e, 0xf8, 0x00, 0x00, 0x4f, 0x90, 0x00, 0x00, 0x02, 0xbf, 0xc2, 0x00, 0xcf, 0x20, 0x00,
    0x00, 0x00, 0x06, 0xfe, 0x66, 0xf8, 0x00, 0x00, 0x00, 0x00, 0x00, 0x3d, 0xff, 0xd1, 0x00, 0x00,
    0x00, 0x00, 0x00, 0x01, 0xef, 0xc1, 0x00, 0x00, 0x00, 0x00, 0x00, 0x0a, 0xfc, 0xfd, 0x20, 0x00,
    0x00, 0x00, 0x00, 0x9f, 0xa0, 0x8f, 0xe3, 0x00, 0x00, 0x00, 0x1a, 0xfa, 0x00, 0x08, 0xfe, 0x30,
    0x00, 0x03, 0xcf, 0xa0, 0x00, 0x00, 0x7f, 0xe3, 0x00, 0x7f, 0xf7, 0x00, 0x00, 0x00, 0x07, 0xc1,
    0x4d, 0xfd, 0x40, 0x00, 0x00, 0x00, 0x00, 0x00, 0x1c, 0x70, 0x00, 0x00, 0x00, 0x00, 0x00, 0x00,
    /* U+30E2 "モ" */
    0x00, 0x10, 0x00, 0x00, 0x00, 0x00, 0x00, 0x10, 0x00, 0x6f, 0xff, 0xff, 0xff, 0xff, 0xff, 0xf9,
    0x00, 0x03, 0x87, 0x77, 0xed, 0x77, 0x77, 0x78, 0x50, 0x00, 0x00, 0x00, 0x0e, 0xb0, 0x00, 0x00,
    0x00, 0x00, 0x00, 0x00, 0x00, 0xeb, 0x00, 0x00, 0x00, 0x00, 0x00, 0x00, 0x00, 0x0e, 0xb0, 0x00,
    0x00, 0x00, 0x00, 0x10, 0x00, 0x00, 0xeb, 0x00, 0x00, 0x00, 0x01, 0x0b, 0xff, 0xff, 0xff, 0xff,
    0xff, 0xff, 0xff, 0xf2, 0x68, 0x88, 0x88, 0xed, 0x88, 0x88, 0x88, 0x88, 0x10, 0x00, 0x00, 0x0e,
    0xb0, 0x00, 0x00, 0x00, 0x00, 0x00, 0x00, 0x00, 0xeb, 0x00, 0x00, 0x00, 0x00, 0x00, 0x00, 0x00,
    0x0e, 0xb0, 0x00, 0x00, 0x00, 0x00, 0x00, 0x00, 0x00, 0xeb, 0x00, 0x00, 0x00, 0x00, 0x00, 0x00,
    0x00, 0x0d, 0xe1, 0x00, 0x00, 0x00, 0x00, 0x00, 0x00, 0x00, 0x9f, 0xea, 0x9a, 0xbc, 0xc7, 0x00,
    0x00, 0x00, 0x01, 0x8d, 0xef, 0xfe, 0xed, 0x60,
    /* U+30E3 "ャ" */
    0x00, 0x0a, 0xb0, 0x00, 0x00, 0x00, 0x00, 0x00, 0x00, 0x9f, 0x10, 0x00, 0x00, 0x00, 0x00, 0x00,
    0x04, 0xf5, 0x00, 0x02, 0x58, 0xbc, 0x10, 0x00, 0x1f, 0xb8, 0xbe, 0xff, 0xdf, 0xc0, 0x7a, 0xcf,
    0xff, 0xc9, 0x63, 0x17, 0xf3, 0x0b, 0xda, 0x79, 0xf2, 0x00, 0x03, 0xf8, 0x00, 0x00, 0x00, 0x3f,
    0x70, 0x03, 0xeb, 0x00, 0x00, 0x00, 0x00, 0xeb, 0x02, 0xed, 0x10, 0x00, 0x00, 0x00, 0x0a, 0xe0,
    0x04, 0x20, 0x00, 0x00, 0x00, 0x00, 0x5f, 0x40, 0x00, 0x00, 0x00, 0x00, 0x00, 0x01, 0xf8, 0x00,
    0x00, 0x00, 0x00, 0x00, 0x00, 0x0c, 0xc0, 0x00, 0x00, 0x00, 0x00, 0x00, 0x00, 0x8f, 0x20, 0x00,
    0x00, 0x00, 0x00, 0x00, 0x05, 0xc4, 0x00, 0x00, 0x00,
    /* U+30E4 "ヤ" */
    0x00, 0x00, 0xac, 0x00, 0x00, 0x00, 0x00, 0x00, 0x00, 0x00, 0x00, 0xaf, 0x10, 0x00, 0x00, 0x00,
    0x00, 0x00, 0x00, 0x00, 0x6f, 0x50, 0x00, 0x00, 0x00, 0x15, 0x40, 0x00, 0x00, 0x1f, 0x90, 0x02,
    0x57, 0xad, 0xff, 0xf2, 0x00, 0x00, 0x3e, 0xeb, 0xef, 0xff, 0xc9, 0x9f, 0x90, 0x6a, 0xcf, 0xff,
    0xfd, 0x96, 0x30, 0x00, 0xce, 0x10, 0x7f, 0xc9, 0x66, 0xf7, 0x00, 0x00, 0x09, 0xf4, 0x00, 0x11,
    0x00, 0x00, 0xfb, 0x00, 0x00, 0x7f, 0x80, 0x00, 0x00, 0x00, 0x00, 0xbf, 0x10, 0x06, 0xfb, 0x00,
    0x00, 0x00, 0x00, 0x00, 0x7f, 0x40, 0x1c, 0xc1, 0x00, 0x00, 0x00, 0x00, 0x00, 0x3f, 0x90, 0x00,
    0x00, 0x00, 0x00, 0x00, 0x00, 0x00, 0x0e, 0xd0, 0x00, 0x00, 0x00, 0x00, 0x00, 0x00, 0x00, 0x0a,
    0xf2, 0x00, 0x00, 0x00, 0x00, 0x00, 0x00, 0x00, 0x05, 0xf6, 0x00, 0x00, 0x00, 0x00, 0x00, 0x00,
    0x00, 0x01, 0xfb, 0x00, 0x00, 0x00, 0x00, 0x00, 0x00, 0x00, 0x00, 0xdf, 0x10, 0x00, 0x00, 0x00,
    0x00, 0x00, 0x00, 0x00, 0x78, 0x10, 0x00, 0x00, 0x00,
    /* U+30E5 "ュ" */
    0x00, 0x19, 0x87, 0x77, 0x77, 0x88, 0x20, 0x00, 0x00, 0x2f, 0xff, 0xff, 0xff, 0xff, 0x90, 0x00,
    0x00, 0x01, 0x00, 0x00, 0x00, 0x4f, 0x70, 0x00, 0x00, 0x00, 0x00, 0x00, 0x00, 0x5f, 0x50, 0x00,
    0x00, 0x00, 0x00, 0x00, 0x00, 0x7f, 0x30, 0x00, 0x00, 0x00, 0x00, 0x00, 0x00, 0x9f, 0x10, 0x00,
    0x00, 0x00, 0x00, 0x00, 0x00, 0xbe, 0x00, 0x00, 0x00, 0x00, 0x00, 0x00, 0x00, 0xdc, 0x00, 0x00,
    0x01, 0x00, 0x00, 0x00, 0x01, 0xfa, 0x00, 0x00, 0x0f, 0xff, 0xff, 0xff, 0xff, 0xff, 0xff, 0xf2,
    0x09, 0x88, 0x88, 0x88, 0x88, 0x88, 0x88, 0x81,
    /* U+30E6 "ユ" */
    0x00, 0x01, 0x00, 0x00, 0x00, 0x00, 0x01, 0x00, 0x00, 0x00, 0x3f, 0xff, 0xff, 0xff, 0xff, 0xff,
    0x60, 0x00, 0x00, 0x2a, 0x99, 0x99, 0x99, 0x99, 0xbf, 0x70, 0x00, 0x00, 0x00, 0x00, 0x00, 0x00,
    0x00, 0x7f, 0x50, 0x00, 0x00, 0x00, 0x00, 0x00, 0x00, 0x00, 0x9f, 0x30, 0x00, 0x00, 0x00, 0x00,
    0x00, 0x00, 0x00, 0xbf, 0x10, 0x00, 0x00, 0x00, 0x00, 0x00, 0x00, 0x00, 0xde, 0x00, 0x00, 0x00,
    0x00, 0x00, 0x00, 0x00, 0x00, 0xec, 0x00, 0x00, 0x00, 0x00, 0x00, 0x00, 0x00, 0x02, 0xf9, 0x00,
    0x00, 0x00, 0x00, 0x00, 0x00, 0x00, 0x04, 0xf7, 0x00, 0x00, 0x00, 0x00, 0x00, 0x00, 0x00, 0x06,
    0xf5, 0x00, 0x00, 0x11, 0x00, 0x00, 0x00, 0x00, 0x08, 0xf3, 0x00, 0x11, 0x6f, 0xff, 0xff, 0xff,
    0xff, 0xff, 0xff, 0xff, 0xf7, 0x4a, 0x99, 0x99, 0x99, 0x99, 0x99, 0x99, 0x99, 0xa5,
    /* U+30E7 "ョ" */
    0x47, 0x66, 0x66, 0x66, 0x66, 0x63, 0x8f, 0xff, 0xff, 0xff, 0xff, 0xf7, 0x10, 0x00, 0x00, 0x00,
    0x01, 0xf7, 0x00, 0x00, 0x00, 0x00, 0x01, 0xf7, 0x00, 0x00, 0x00, 0x00, 0x01, 0xf7, 0x17, 0x77,
    0x77, 0x77, 0x77, 0xf7, 0x2f, 0xff, 0xff, 0xff, 0xff, 0xf7, 0x00, 0x00, 0x00, 0x00, 0x01, 0xf7,
    0x00, 0x00, 0x00, 0x00, 0x01, 0xf7, 0x00, 0x00, 0x00, 0x00, 0x01, 0xf7, 0x00, 0x00, 0x00, 0x00,
    0x01, 0xf7, 0xcf, 0xff, 0xff, 0xff, 0xff, 0xf7, 0x67, 0x77, 0x77, 0x77, 0x78, 0xf7, 0x00, 0x00,
    0x00, 0x00, 0x00, 0x42,
    /* U+30E8 "ヨ" */
    0x68, 0x88, 0x88, 0x88, 0x88, 0x88, 0x85, 0xaf, 0xff, 0xff, 0xff, 0xff, 0xff, 0xf9, 0x10, 0x00,
    0x00, 0x00, 0x00, 0x01, 0xf9, 0x00, 0x00, 0x00, 0x00, 0x00, 0x01, 0xf9, 0x00, 0x00, 0x00, 0x00,
    0x00, 0x01, 0xf9, 0x00, 0x00, 0x00, 0x00, 0x00, 0x01, 0xf9, 0x19, 0x88, 0x88, 0x88, 0x88, 0x88,
    0xf9, 0x1f, 0xff, 0xff, 0xff, 0xff, 0xff, 0xf9, 0x00, 0x00, 0x00, 0x00, 0x00, 0x01, 0xf9, 0x00,
    0x00, 0x00, 0x00, 0x00, 0x01, 0xf9, 0x00, 0x00, 0x00, 0x00, 0x00, 0x01, 0xf9, 0x00, 0x00, 0x00,
    0x00, 0x00, 0x01, 0xf9, 0x10, 0x00, 0x00, 0x00, 0x00, 0x01, 0xf9, 0xef, 0xff, 0xff, 0xff, 0xff,
    0xff, 0xf9, 0x98, 0x88, 0x88, 0x88, 0x88, 0x89, 0xf9, 0x00, 0x00, 0x00, 0x00, 0x00, 0x01, 0x95,
    /* U+30E9 "ラ" */
    0x00, 0x38, 0x87, 0x77, 0x77, 0x77, 0x88, 0x10, 0x00, 0x6f, 0xff, 0xff, 0xff, 0xff, 0xff, 0x10,
    0x00, 0x01, 0x00, 0x00, 0x00, 0x00, 0x01, 0x00, 0x00, 0x00, 0x00, 0x00, 0x00, 0x00, 0x00, 0x00,
    0x00, 0x00, 0x00, 0x00, 0x00, 0x00, 0x00, 0x00, 0x29, 0x87, 0x77, 0x77, 0x77, 0x77, 0x78, 0x81,
    0x3f, 0xff, 0xff, 0xff, 0xff, 0xff, 0xff, 0xf5, 0x01, 0x00, 0x00, 0x00, 0x00, 0x00, 0x0c, 0xe1,
    0x00, 0x00, 0x00, 0x00, 0x00, 0x00, 0x2f, 0x90, 0x00, 0x00, 0x00, 0x00, 0x00, 0x00, 0x9f, 0x40,
    0x00, 0x00, 0x00, 0x00, 0x00, 0x04, 0xfa, 0x00, 0x00, 0x00, 0x00, 0x00, 0x00, 0x1d, 0xe2, 0x00,
    0x00, 0x00, 0x00, 0x00, 0x02, 0xdf, 0x50, 0x00, 0x00, 0x00, 0x00, 0x00, 0x6e, 0xf6, 0x00, 0x00,
    0x00, 0x00, 0x01, 0x6d, 0xfd, 0x40, 0x00, 0x00, 0x00, 0x00, 0x9f, 0xfe, 0x81, 0x00, 0x00, 0x00,
    0x00, 0x00, 0x2b, 0x61, 0x00, 0x00, 0x00, 0x00,
    /* U+30EA "リ" */
    0x7c, 0x30, 0x00, 0x00, 0x05, 0xf7, 0x8f, 0x20, 0x00, 0x00, 0x04, 0xf7, 0x7f, 0x20, 0x00, 0x00,
    0x04, 0xf7, 0x7f, 0x20, 0x00, 0x00, 0x04, 0xf7, 0x7f, 0x20, 0x00, 0x00, 0x04, 0xf7, 0x7f, 0x20,
    0x00, 0x00, 0x04, 0xf7, 0x7f, 0x20, 0x00, 0x00, 0x05, 0xf6, 0x7f, 0x20, 0x00, 0x00, 0x05, 0xf5,
    0x8f, 0x30, 0x00, 0x00, 0x07, 0xf4, 0x7c, 0x30, 0x00, 0x00, 0x0a, 0xf1, 0x00, 0x00, 0x00, 0x00,
    0x1e, 0xc0, 0x00, 0x00, 0x00, 0x00, 0x9f, 0x60, 0x00, 0x00, 0x00, 0x09, 0xfc, 0x00, 0x00, 0x00,
    0x03, 0xcf, 0xb1, 0x00, 0x00, 0x04, 0xcf, 0xf9, 0x00, 0x00, 0x00, 0x01, 0xc9, 0x30, 0x00, 0x00,
    /* U+30EB "ル" */
    0x00, 0x00, 0x56, 0x00, 0x03, 0x72, 0x00, 0x00, 0x00, 0x00, 0x00, 0xaf, 0x00, 0x06, 0xf4, 0x00,
    0x00, 0x00, 0x00, 0x00, 0x9f, 0x00, 0x06, 0xf4, 0x00, 0x00, 0x00, 0x00, 0x00, 0x9f, 0x00, 0x06,
    0xf4, 0x00, 0x00, 0x00, 0x00, 0x00, 0xae, 0x00, 0x06, 0xf4, 0x00, 0x00, 0x00, 0x00, 0x00, 0xae,
    0x00, 0x06, 0xf4, 0x00, 0x00, 0x00, 0x00, 0x00, 0xbd, 0x00, 0x06, 0xf4, 0x00, 0x00, 0x00, 0x00,
    0x00, 0xcc, 0x00, 0x06, 0xf4, 0x00, 0x00, 0x00, 0x00, 0x00, 0xeb, 0x00, 0x06, 0xf4, 0x00, 0x00,
    0x01, 0x00, 0x01, 0xf8, 0x00, 0x06, 0xf4, 0x00, 0x00, 0x9a, 0x00, 0x06, 0xf5, 0x00, 0x06, 0xf4,
    0x00, 0x08, 0xf9, 0x00, 0x0d, 0xe0, 0x00, 0x06, 0xf4, 0x00, 0x9f, 0xa0, 0x00, 0x6f, 0x70, 0x00,
    0x06, 0xf4, 0x2c, 0xf9, 0x00, 0x04, 0xee, 0x10, 0x00, 0x06, 0xfb, 0xff, 0x70, 0x00, 0x4e, 0xe3,
    0x00, 0x00, 0x07, 0xff, 0xc3, 0x00, 0x00, 0x2b, 0x40, 0x00, 0x00, 0x03, 0xc6, 0x00, 0x00, 0x00,
    /* U+30EC "レ" */
    0x23, 0x10, 0x00, 0x00, 0x00, 0x00, 0x00, 0x07, 0xf6, 0x00, 0x00, 0x00, 0x00, 0x00, 0x00, 0x6f,
    0x50, 0x00, 0x00, 0x00, 0x00, 0x00, 0x05, 0xf4, 0x00, 0x00, 0x00, 0x00, 0x00, 0x00, 0x5f, 0x40,
    0x00, 0x00, 0x00, 0x00, 0x00, 0x05, 0xf4, 0x00, 0x00, 0x00, 0x00, 0x00, 0x00, 0x5f, 0x40, 0x00,
    0x00, 0x00, 0x00, 0x00, 0x05, 0xf4, 0x00, 0x00, 0x00, 0x00, 0x03, 0x70, 0x5f, 0x40, 0x00, 0x00,
    0x00, 0x03, 0xee, 0x05, 0xf4, 0x00, 0x00, 0x00, 0x04, 0xee, 0x30, 0x5f, 0x40, 0x00, 0x00, 0x08,
    0xfe, 0x30, 0x05, 0xf4, 0x00, 0x00, 0x4c, 0xfc, 0x20, 0x00, 0x5f, 0x40, 0x03, 0xbf, 0xf8, 0x00,
    0x00, 0x05, 0xf7, 0x7c, 0xff, 0x92, 0x00, 0x00, 0x00, 0x7f, 0xff, 0xd8, 0x20, 0x00, 0x00, 0x00,
    0x02, 0xc9, 0x40, 0x00, 0x00, 0x00, 0x00, 0x00,
    /* U+30ED "ロ" */
    0x19, 0x99, 0x99, 0x99, 0x99, 0x99, 0x99, 0x92, 0x1f, 0xff, 0xff, 0xff, 0xff, 0xff, 0xff, 0xf3,
    0x1f, 0x90, 0x00, 0x00, 0x00, 0x00, 0x07, 0xf2, 0x1f, 0x90, 0x00, 0x00, 0x00, 0x00, 0x07, 0xf2,
    0x1f, 0x90, 0x00, 0x00, 0x00, 0x00, 0x07, 0xf2, 0x1f, 0x90, 0x00, 0x00, 0x00, 0x00, 0x07, 0xf2,
    0x1f, 0x90, 0x00, 0x00, 0x00, 0x00, 0x07, 0xf2, 0x1f, 0x90, 0x00, 0x00, 0x00, 0x00, 0x07, 0xf2,
    0x1f, 0x90, 0x00, 0x00, 0x00, 0x00, 0x07, 0xf2, 0x1f, 0x90, 0x00, 0x00, 0x00, 0x00, 0x07, 0xf2,
    0x1f, 0x90, 0x00, 0x00, 0x00, 0x00, 0x07, 0xf2, 0x1f, 0x90, 0x00, 0x00, 0x00, 0x00, 0x07, 0xf2,
    0x1f, 0xc8, 0x88, 0x88, 0x88, 0x88, 0x8c, 0xf2, 0x1f, 0xff, 0xff, 0xff, 0xff, 0xff, 0xff, 0xf2,
    0x1f, 0x90, 0x00, 0x00, 0x00, 0x00, 0x08, 0xf3, 0x03, 0x20, 0x00, 0x00, 0x00, 0x00, 0x02, 0x31,
    /* U+30EF "ワ" */
    0x38, 0x88, 0x88, 0x88, 0x88, 0x88, 0x89, 0x80, 0x5f, 0xff, 0xff, 0xff, 0xff, 0xff, 0xff, 0xf6,
    0x4f, 0x60, 0x00, 0x00, 0x00, 0x00, 0x0a, 0xf3, 0x4f, 0x60, 0x00, 0x00, 0x00, 0x00, 0x0c, 0xf0,
    0x4f, 0x60, 0x00, 0x00, 0x00, 0x00, 0x0e, 0xc0, 0x4f, 0x60, 0x00, 0x00, 0x00, 0x00, 0x2f, 0x90,
    0x5f, 0x60, 0x00, 0x00, 0x00, 0x00, 0x7f, 0x60, 0x38, 0x30, 0x00, 0x00, 0x00, 0x00, 0xdf, 0x10,
    0x00, 0x00, 0x00, 0x00, 0x00, 0x04, 0xfa, 0x00, 0x00, 0x00, 0x00, 0x00, 0x00, 0x1c, 0xf3, 0x00,
    0x00, 0x00, 0x00, 0x00, 0x00, 0xaf, 0x80, 0x00, 0x00, 0x00, 0x00, 0x00, 0x0a, 0xfc, 0x00, 0x00,
    0x00, 0x00, 0x00, 0x03, 0xcf, 0xb1, 0x00, 0x00, 0x00, 0x00, 0x03, 0xaf, 0xf9, 0x00, 0x00, 0x00,
    0x00, 0x00, 0x8f, 0xfd, 0x40, 0x00, 0x00, 0x00, 0x00, 0x00, 0x08, 0x40, 0x00, 0x00, 0x00, 0x00,
    /* U+30F2 "ヲ" */
    0x10, 0x00, 0x00, 0x00, 0x00, 0x00, 0x11, 0x0b, 0xff, 0xff, 0xff, 0xff, 0xff, 0xff, 0xe4, 0x78,
    0x88, 0x88, 0x88, 0x88, 0x88, 0xcf, 0x50, 0x00, 0x00, 0x00, 0x00, 0x00, 0x0a, 0xf1, 0x00, 0x00,
    0x00, 0x00, 0x00, 0x00, 0xcd, 0x00, 0x00, 0x00, 0x00, 0x00, 0x00, 0x0f, 0xa0, 0x28, 0x77, 0x77,
    0x77, 0x77, 0x78, 0xf7, 0x04, 0xff, 0xff, 0xff, 0xff, 0xff, 0xff, 0x30, 0x01, 0x00, 0x00, 0x00,
    0x00, 0x0e, 0xd0, 0x00, 0x00, 0x00, 0x00, 0x00, 0x06, 0xf6, 0x00, 0x00, 0x00, 0x00, 0x00, 0x02,
    0xed, 0x10, 0x00, 0x00, 0x00, 0x00, 0x01, 0xdf, 0x30, 0x00, 0x00, 0x00, 0x00, 0x02, 0xdf, 0x60,
    0x00, 0x00, 0x00, 0x00, 0x06, 0xef, 0x60, 0x00, 0x00, 0x00, 0x01, 0x5c, 0xfd, 0x40, 0x00, 0x00,
    0x00, 0x04, 0xef, 0xf9, 0x10, 0x00, 0x00, 0x00, 0x00, 0x09, 0x71, 0x00, 0x00, 0x00, 0x00, 0x00,
    /* U+30F3 "ン" */
    0x01, 0xc5, 0x00, 0x00, 0x00, 0x00, 0x00, 0x00, 0x00, 0x4e, 0xf9, 0x00, 0x00, 0x00, 0x00, 0x00,
    0x00, 0x00, 0x1c, 0xfb, 0x10, 0x00, 0x00, 0x00, 0x00, 0x00, 0x00, 0x0a, 0xfd, 0x20, 0x00, 0x00,
    0x00, 0x70, 0x00, 0x00, 0x08, 0xf4, 0x00, 0x00, 0x00, 0x5f, 0x40, 0x00, 0x00, 0x02, 0x00, 0x00,
    0x00, 0x1e, 0xe1, 0x00, 0x00, 0x00, 0x00, 0x00, 0x00, 0x0b, 0xf5, 0x00, 0x00, 0x00, 0x00, 0x00,
    0x00, 0x0a, 0xf9, 0x00, 0x00, 0x00, 0x00, 0x00, 0x00, 0x0a, 0xfb, 0x00, 0x00, 0x00, 0x00, 0x00,
    0x00, 0x2c, 0xfb, 0x00, 0x00, 0x00, 0x00, 0x00, 0x00, 0x6e, 0xf9, 0x00, 0x00, 0x00, 0x00, 0x00,
    0x05, 0xcf, 0xe5, 0x00, 0x00, 0x00, 0x00, 0x03, 0x8d, 0xff, 0x81, 0x00, 0x00, 0x00, 0x00, 0xbe,
    0xff, 0xe9, 0x20, 0x00, 0x00, 0x00, 0x00, 0x07, 0xd9, 0x51, 0x00, 0x00, 0x00, 0x00, 0x00, 0x00,
    /* U+30FC "ー" */
    0x10, 0x00, 0x00, 0x00, 0x00, 0x00, 0x00, 0x01, 0xff, 0xff, 0xff, 0xff, 0xff, 0xff, 0xff, 0xfe,
    0xcc, 0xcb, 0xbb, 0xbb, 0xbb, 0xbb, 0xbc, 0xcc,
    /* U+4E00 "一" */
    0x2f, 0xff, 0xff, 0xff, 0xff, 0xff, 0xff, 0xff, 0xff, 0xf3, 0x1a, 0xaa, 0xaa, 0xaa, 0xaa, 0xaa,
    0xaa, 0xaa, 0xaa, 0xa2,
    /* U+4E03 "七" */
    0x00, 0x00, 0x01, 0x42, 0x00, 0x00, 0x00, 0x00, 0x00, 0x00, 0x00, 0x00, 0x3f, 0x60, 0x00, 0x00,
    0x00, 0x00, 0x00, 0x00, 0x00, 0x03, 0xf6, 0x00, 0x00, 0x00, 0x00, 0x00, 0x00, 0x00, 0x00, 0x3f,
    0x60, 0x00, 0x00, 0x00, 0x00, 0x00, 0x00, 0x00, 0x03, 0xf6, 0x00, 0x00, 0x00, 0x00, 0x00, 0x00,
    0x00, 0x00, 0x3f, 0x60, 0x00, 0x00, 0x00, 0x00, 0x20, 0x00, 0x00, 0x03, 0xf6, 0x00, 0x02, 0x58,
    0xad, 0xfe, 0x00, 0x00, 0x00, 0x5f, 0xba, 0xcf, 0xff, 0xfe, 0xc9, 0x70, 0x57, 0xac, 0xef, 0xff,
    0xec, 0xa7, 0x42, 0x00, 0x00, 0x0e, 0xff, 0xca, 0x9f, 0x70, 0x00, 0x00, 0x00, 0x00, 0x00, 0x42,
    0x00, 0x03, 0xf6, 0x00, 0x00, 0x00, 0x00, 0x00, 0x00, 0x00, 0x00, 0x3f, 0x60, 0x00, 0x00, 0x00,
    0x00, 0x00, 0x00, 0x00, 0x03, 0xf6, 0x00, 0x00, 0x00, 0x00, 0x00, 0x00, 0x00, 0x00, 0x3f, 0x60,
    0x00, 0x00, 0x00, 0x02, 0x00, 0x00, 0x00, 0x03, 0xf6, 0x00, 0x00, 0x00, 0x02, 0xf5, 0x00, 0x00,
    0x00, 0x3f, 0x60, 0x00, 0x00, 0x00, 0x3f, 0x50, 0x00, 0x00, 0x02, 0xf7, 0x00, 0x00, 0x00, 0x07,
    0xf3, 0x00, 0x00, 0x00, 0x1e, 0xe8, 0x87, 0x77, 0x78, 0xed, 0x00, 0x00, 0x00, 0x00, 0x5c, 0xef,
    0xff, 0xff, 0xec, 0x30, 0x00,
    /* U+4E07 "万" */
    0x0b, 0xff, 0xff, 0xff, 0xff, 0xff, 0xff, 0xff, 0xff, 0xc0, 0x67, 0x77, 0x7a, 0xf9, 0x77, 0x77,
    0x77, 0x77, 0x76, 0x00, 0x00, 0x00, 0x6f, 0x20, 0x00, 0x00, 0x00, 0x00, 0x00, 0x00, 0x00, 0x07,
    0xf2, 0x00, 0x00, 0x00, 0x00, 0x00, 0x00, 0x00, 0x00, 0x7f, 0x10, 0x00, 0x00, 0x00, 0x00, 0x00,
    0x00, 0x00, 0x08, 0xf0, 0x00, 0x00, 0x00, 0x00, 0x00, 0x00, 0x00, 0x00, 0xaf, 0xff, 0xff, 0xff,
    0xff, 0xe0, 0x00, 0x00, 0x00, 0x0d, 0xd7, 0x77, 0x77, 0x77, 0xdd, 0x00, 0x00, 0x00, 0x01, 0xf9,
    0x00, 0x00, 0x00, 0x0b, 0xc0, 0x00, 0x00, 0x00, 0x3f, 0x50, 0x00, 0x00, 0x00, 0xcb, 0x00, 0x00,
    0x00, 0x08, 0xf2, 0x00, 0x00, 0x00, 0x0d, 0xa0, 0x00, 0x00, 0x00, 0xdb, 0x00, 0x00, 0x00, 0x00,
    0xe9, 0x00, 0x00, 0x00, 0x6f, 0x50, 0x00, 0x00, 0x00, 0x1f, 0x80, 0x00, 0x00, 0x1e, 0xc0, 0x00,
    0x00, 0x00, 0x03, 0xf6, 0x00, 0x00, 0x1c, 0xe2, 0x00, 0x00, 0x00, 0x00, 0x6f, 0x30, 0x00, 0x3c,
    0xf6, 0x00, 0x00, 0x11, 0x00, 0x1c, 0xe0, 0x00, 0x1e, 0xe4, 0x00, 0x00, 0x02, 0xff, 0xff, 0xf7,
    0x00, 0x00, 0x52, 0x00, 0x00, 0x00, 0x05, 0x66, 0x63, 0x00, 0x00,
    /* U+4E09 "三" */
    0x04, 0x88, 0x88, 0x88, 0x88, 0x88, 0x88, 0x88, 0x40, 0x08, 0xff, 0xff, 0xff, 0xff, 0xff, 0xff,
    0xff, 0x90, 0x00, 0x00, 0x00, 0x00, 0x00, 0x00, 0x00, 0x00, 0x00, 0x00, 0x00, 0x00, 0x00, 0x00,
    0x00, 0x00, 0x00, 0x00, 0x00, 0x00, 0x00, 0x00, 0x00, 0x00, 0x00, 0x00, 0x00, 0x00, 0x00, 0x00,
    0x00, 0x00, 0x00, 0x00, 0x00, 0x00, 0x00, 0x00, 0x00, 0x00, 0x00, 0x00, 0x00, 0x00, 0x00, 0x00,
    0x27, 0x77, 0x77, 0x77, 0x77, 0x77, 0x70, 0x00, 0x00, 0x4f, 0xff, 0xff, 0xff, 0xff, 0xff, 0xf0,
    0x00, 0x00, 0x00, 0x00, 0x00, 0x00, 0x00, 0x00, 0x00, 0x00, 0x00, 0x00, 0x00, 0x00, 0x00, 0x00,
    0x00, 0x00, 0x00, 0x00, 0x00, 0x00, 0x00, 0x00, 0x00, 0x00, 0x00, 0x00, 0x00, 0x00, 0x00, 0x00,
    0x00, 0x00, 0x00, 0x00, 0x00, 0x00, 0x00, 0x00, 0x00, 0x00, 0x00, 0x00, 0x00, 0x00, 0x58, 0x88,
    0x88, 0x88, 0x88, 0x88, 0x88, 0x88, 0x85, 0xbf, 0xff, 0xff, 0xff, 0xff, 0xff, 0xff, 0xff, 0xfa,
    /* U+4E0A "上" */
    0x00, 0x00, 0x00, 0x03, 0x51, 0x00, 0x00, 0x00, 0x00, 0x00, 0x00, 0x00, 0x07, 0xf2, 0x00, 0x00,
    0x00, 0x00, 0x00, 0x00, 0x00, 0x07, 0xf2, 0x00, 0x00, 0x00, 0x00, 0x00, 0x00, 0x00, 0x07, 0xf2,
    0x00, 0x00, 0x00, 0x00, 0x00, 0x00, 0x00, 0x07, 0xf2, 0x00, 0x00, 0x00, 0x00, 0x00, 0x00, 0x00,
    0x07, 0xf2, 0x00, 0x00, 0x00, 0x00, 0x00, 0x00, 0x00, 0x07, 0xf2, 0x00, 0x00, 0x00, 0x00, 0x00,
    0x00, 0x00, 0x07, 0xff, 0xff, 0xff, 0xff, 0x90, 0x00, 0x00, 0x00, 0x07, 0xf9, 0x88, 0x88, 0x88,
    0x50, 0x00, 0x00, 0x00, 0x07, 0xf2, 0x00, 0x00, 0x00, 0x00, 0x00, 0x00, 0x00, 0x07, 0xf2, 0x00,
    0x00, 0x00, 0x00, 0x00, 0x00, 0x00, 0x07, 0xf2, 0x00, 0x00, 0x00, 0x00, 0x00, 0x00, 0x00, 0x07,
    0xf2, 0x00, 0x00, 0x00, 0x00, 0x00, 0x00, 0x00, 0x07, 0xf2, 0x00, 0x00, 0x00, 0x00, 0x00, 0x00,
    0x00, 0x07, 0xf2, 0x00, 0x00, 0x00, 0x00, 0x00, 0x00, 0x00, 0x07, 0xf2, 0x00, 0x00, 0x00, 0x00,
    0x00, 0x00, 0x00, 0x07, 0xf2, 0x00, 0x00, 0x00, 0x00, 0xff, 0xff, 0xff, 0xff, 0xff, 0xff, 0xff,
    0xff, 0xff, 0x88, 0x88, 0x88, 0x88, 0x88, 0x88, 0x88, 0x88, 0x88,
    /* U+4E0B "下" */
    0xef, 0xff, 0xff, 0xff, 0xff, 0xff, 0xff, 0xff, 0xfe, 0x78, 0x88, 0x88, 0x89, 0xfb, 0x88, 0x88,
    0x88, 0x87, 0x00, 0x00, 0x00, 0x03, 0xf6, 0x00, 0x00, 0x00, 0x00, 0x00, 0x00, 0x00, 0x03, 0xf6,
    0x00, 0x00, 0x00, 0x00, 0x00, 0x00, 0x00, 0x03, 0xf6, 0x00, 0x00, 0x00, 0x00, 0x00, 0x00, 0x00,
    0x03, 0xfe, 0x91, 0x00, 0x00, 0x00, 0x00, 0x00, 0x00, 0x03, 0xfc, 0xfe, 0x71, 0x00, 0x00, 0x00,
    0x00, 0x00, 0x03, 0xf6, 0x3c, 0xfd, 0x40, 0x00, 0x00, 0x00, 0x00, 0x03, 0xf6, 0x00, 0x7e, 0xfa,
    0x10, 0x00, 0x00, 0x00, 0x03, 0xf6, 0x00, 0x02, 0xcf, 0x90, 0x00, 0x00, 0x00, 0x03, 0xf6, 0x00,
    0x00, 0x07, 0x10, 0x00, 0x00, 0x00, 0x03, 0xf6, 0x00, 0x00, 0x00, 0x00, 0x00, 0x00, 0x00, 0x03,
    0xf6, 0x00, 0x00, 0x00, 0x00, 0x00, 0x00, 0x00, 0x03, 0xf6, 0x00, 0x00, 0x00, 0x00, 0x00, 0x00,
    0x00, 0x03, 0xf6, 0x00, 0x00, 0x00, 0x00, 0x00, 0x00, 0x00, 0x03, 0xf6, 0x00, 0x00, 0x00, 0x00,
    0x00, 0x00, 0x00, 0x03, 0xf6, 0x00, 0x00, 0x00, 0x00, 0x00, 0x00, 0x00, 0x02, 0xa4, 0x00, 0x00,
    0x00, 0x00,
    /* U+4E0D "不" */
    0x09, 0xff, 0xff, 0xff, 0xff, 0xff, 0xff, 0xff, 0xff, 0x90, 0x05, 0x88, 0x88, 0x88, 0x88, 0xef,
    0x98, 0x88, 0x88, 0x50, 0x00, 0x00, 0x00, 0x00, 0x05, 0xf9, 0x00, 0x00, 0x00, 0x00, 0x00, 0x00,
    0x00, 0x00, 0x1e, 0xe1, 0x00, 0x00, 0x00, 0x00, 0x00, 0x00, 0x00, 0x00, 0xbf, 0xc0, 0x00, 0x00,
    0x00, 0x00, 0x00, 0x00, 0x00, 0x09, 0xff, 0xc4, 0xb2, 0x00, 0x00, 0x00, 0x00, 0x00, 0x00, 0x8f,
    0x9d, 0xc4, 0xee, 0x50, 0x00, 0x00, 0x00, 0x00, 0x09, 0xf9, 0x0c, 0xc0, 0x2c, 0xf9, 0x10, 0x00,
    0x00, 0x01, 0xbf, 0xa0, 0x0c, 0xc0, 0x00, 0x9f, 0xc2, 0x00, 0x00, 0x5d, 0xf8, 0x00, 0x0c, 0xc0,
    0x00, 0x06, 0xfe, 0x30, 0x0a, 0xfd, 0x40, 0x00, 0x0c, 0xc0, 0x00, 0x00, 0x5f, 0xd1, 0x08, 0xa1,
    0x00, 0x00, 0x0c, 0xc0, 0x00, 0x00, 0x05, 0x40, 0x00, 0x00, 0x00, 0x00, 0x0c, 0xc0, 0x00, 0x00,
    0x00, 0x00, 0x00, 0x00, 0x00, 0x00, 0x0c, 0xc0, 0x00, 0x00, 0x00, 0x00, 0x00, 0x00, 0x00, 0x00,
    0x0c, 0xc0, 0x00, 0x00, 0x00, 0x00, 0x00, 0x00, 0x00, 0x00, 0x0c, 0xc0, 0x00, 0x00, 0x00, 0x00,
    0x00, 0x00, 0x00, 0x00, 0x0c, 0xc0, 0x00, 0x00, 0x00, 0x00, 0x00, 0x00, 0x00, 0x00, 0x08, 0x70,
    0x00, 0x00, 0x00, 0x00,
    /* U+4E0E "与" */
    0x00, 0x00, 0x32, 0x00, 0x00, 0x00, 0x00, 0x00, 0x00, 0x00, 0x0e, 0x90, 0x00, 0x00, 0x00, 0x00,
    0x00, 0x00, 0x02, 0xf6, 0x00, 0x00, 0x00, 0x00, 0x00, 0x00, 0x00, 0x5f, 0xff, 0xff, 0xff, 0xff,
    0xff, 0xf8, 0x00, 0x08, 0xf7, 0x77, 0x77, 0x77, 0x77, 0x77, 0x30, 0x00, 0xbc, 0x00, 0x00, 0x00,
    0x00, 0x00, 0x00, 0x00, 0x0e, 0x90, 0x00, 0x00, 0x00, 0x00, 0x00, 0x00, 0x02, 0xf6, 0x00, 0x00,
    0x00, 0x00, 0x00, 0x00, 0x00, 0x6f, 0x96, 0x66, 0x66, 0x66, 0x66, 0x66, 0x50, 0x09, 0xff, 0xff,
    0xff, 0xff, 0xff, 0xff, 0xfb, 0x00, 0x00, 0x00, 0x00, 0x00, 0x00, 0x00, 0x0e, 0x90, 0x00, 0x00,
    0x00, 0x00, 0x00, 0x00, 0x01, 0xf8, 0x00, 0x00, 0x00, 0x00, 0x00, 0x00, 0x00, 0x2f, 0x6d, 0xff,
    0xff, 0xff, 0xff, 0xff, 0xf9, 0x04, 0xf4, 0x67, 0x77, 0x77, 0x77, 0x77, 0x77, 0x40, 0x7f, 0x20,
    0x00, 0x00, 0x00, 0x00, 0x00, 0x00, 0x0a, 0xe0, 0x00, 0x00, 0x00, 0x00, 0x00, 0x00, 0x00, 0xea,
    0x00, 0x00, 0x00, 0x00, 0x01, 0x21, 0x01, 0x7f, 0x60, 0x00, 0x00, 0x00, 0x00, 0x1f, 0xff, 0xff,
    0xc0, 0x00, 0x00, 0x00, 0x00, 0x00, 0x46, 0x77, 0x50, 0x00,
    /* U+4E2A "个" */
    0x00, 0x00, 0x00, 0x00, 0x00, 0x30, 0x00, 0x00, 0x00, 0x00, 0x00, 0x00, 0x00, 0x00, 0x08, 0xf3,
    0x00, 0x00, 0x00, 0x00, 0x00, 0x00, 0x00, 0x00, 0x4f, 0xf4, 0x00, 0x00, 0x00, 0x00, 0x00, 0x00,
    0x00, 0x04, 0xec, 0xbe, 0x40, 0x00, 0x00, 0x00, 0x00, 0x00, 0x00, 0x4e, 0xd1, 0x1c, 0xe4, 0x00,
    0x00, 0x00, 0x00, 0x00, 0x06, 0xfd, 0x20, 0x01, 0xcf, 0x70, 0x00, 0x00, 0x00, 0x01, 0xaf, 0xc1,
    0x06, 0x60, 0x1b, 0xfb, 0x30, 0x00, 0x00, 0x7e, 0xf9, 0x10, 0x0c, 0xb0, 0x00, 0x7f, 0xf8, 0x10,
    0x1d, 0xfe, 0x50, 0x00, 0x0c, 0xb0, 0x00, 0x02, 0xbf, 0xe2, 0x07, 0x81, 0x00, 0x00, 0x0c, 0xb0,
    0x00, 0x00, 0x06, 0x80, 0x00, 0x00, 0x00, 0x00, 0x0c, 0xb0, 0x00, 0x00, 0x00, 0x00, 0x00, 0x00,
    0x00, 0x00, 0x0c, 0xb0, 0x00, 0x00, 0x00, 0x00, 0x00, 0x00, 0x00, 0x00, 0x0c, 0xb0, 0x00, 0x00,
    0x00, 0x00, 0x00, 0x00, 0x00, 0x00, 0x0c, 0xb0, 0x00, 0x00, 0x00, 0x00, 0x00, 0x00, 0x00, 0x00,
    0x0c, 0xb0, 0x00, 0x00, 0x00, 0x00, 0x00, 0x00, 0x00, 0x00, 0x0c, 0xb0, 0x00, 0x00, 0x00, 0x00,
    0x00, 0x00, 0x00, 0x00, 0x0c, 0xb0, 0x00, 0x00, 0x00, 0x00, 0x00, 0x00, 0x00, 0x00, 0x0c, 0xb0,
    0x00, 0x00, 0x00, 0x00, 0x00, 0x00, 0x00, 0x00, 0x0c, 0xb0, 0x00, 0x00, 0x00, 0x00,
    /* U+4E2D "中" */
    0x00, 0x00, 0x00, 0x00, 0x97, 0x00, 0x00, 0x00, 0x00, 0x00, 0x00, 0x00, 0x00, 0xdb, 0x00, 0x00,
    0x00, 0x00, 0x00, 0x00, 0x00, 0x00, 0xdb, 0x00, 0x00, 0x00, 0x00, 0x00, 0x00, 0x00, 0x00, 0xdb,
    0x00, 0x00, 0x00, 0x00, 0x1f, 0xff, 0xff, 0xff, 0xff, 0xff, 0xff, 0xff, 0xf0, 0x1f, 0xa7, 0x77,
    0x77, 0xed, 0x77, 0x77, 0x7b, 0xf0, 0x1f, 0x60, 0x00, 0x00, 0xdb, 0x00, 0x00, 0x07, 0xf0, 0x1f,
    0x60, 0x00, 0x00, 0xdb, 0x00, 0x00, 0x07, 0xf0, 0x1f, 0x60, 0x00, 0x00, 0xdb, 0x00, 0x00, 0x07,
    0xf0, 0x1f, 0x60, 0x00, 0x00, 0xdb, 0x00, 0x00, 0x07, 0xf0, 0x1f, 0x60, 0x00, 0x00, 0xdb, 0x00,
    0x00, 0x07, 0xf0, 0x1f, 0xff, 0xff, 0xff, 0xff, 0xff, 0xff, 0xff, 0xf0, 0x1f, 0xa7, 0x77, 0x77,
    0xed, 0x77, 0x77, 0x7b, 0xf0, 0x1d, 0x50, 0x00, 0x00, 0xdb, 0x00, 0x00, 0x05, 0xb0, 0x00, 0x00,
    0x00, 0x00, 0xdb, 0x00, 0x00, 0x00, 0x00, 0x00, 0x00, 0x00, 0x00, 0xdb, 0x00, 0x00, 0x00, 0x00,
    0x00, 0x00, 0x00, 0x00, 0xdb, 0x00, 0x00, 0x00, 0x00, 0x00, 0x00, 0x00, 0x00, 0xdb, 0x00, 0x00,
    0x00, 0x00, 0x00, 0x00, 0x00, 0x00, 0xdb, 0x00, 0x00, 0x00, 0x00, 0x00, 0x00, 0x00, 0x00, 0x87,
    0x00, 0x00, 0x00, 0x00,
    /* U+4E48 "么" */
    0x00, 0x00, 0x00, 0x07, 0xb2, 0x00, 0x00, 0x00, 0x00, 0x00, 0x00, 0x00, 0x3f, 0xb0, 0x00, 0x00,
    0x00, 0x00, 0x00, 0x00, 0x01, 0xce, 0x20, 0x00, 0x00, 0x00, 0x00, 0x00, 0x00, 0x0a, 0xf4, 0x00,
    0x00, 0x00, 0x00, 0x00, 0x00, 0x00, 0x8f, 0x60, 0x00, 0x03, 0xd5, 0x00, 0x00, 0x00, 0x08, 0xf8,
    0x00, 0x00, 0x1d, 0xe3, 0x00, 0x00, 0x00, 0x9f, 0x90, 0x00, 0x00, 0xaf, 0x50, 0x00, 0x00, 0x1b,
    0xf8, 0x00, 0x00, 0x07, 0xf8, 0x00, 0x00, 0x00, 0x7f, 0x60, 0x00, 0x00, 0x5f, 0xa0, 0x00, 0x00,
    0x00, 0x03, 0x00, 0x00, 0x03, 0xfc, 0x10, 0x00, 0x00, 0x00, 0x00, 0x00, 0x00, 0x3e, 0xe2, 0x01,
    0xb6, 0x00, 0x00, 0x00, 0x00, 0x02, 0xee, 0x20, 0x00, 0xbf, 0x30, 0x00, 0x00, 0x00, 0x2d, 0xe3,
    0x00, 0x00, 0x1d, 0xd1, 0x00, 0x00, 0x03, 0xed, 0x30, 0x00, 0x00, 0x04, 0xfa, 0x00, 0x00, 0x5e,
    0xd2, 0x00, 0x13, 0x45, 0x67, 0xdf, 0x50, 0x09, 0xff, 0xdd, 0xef, 0xff, 0xff, 0xff, 0xee, 0xe1,
    0x09, 0xed, 0xba, 0x97, 0x65, 0x42, 0x10, 0x04, 0xf8, 0x00, 0x00, 0x00, 0x00, 0x00, 0x00, 0x00,
    0x00, 0xa6,
    /* U+4E49 "义" */
    0x00, 0x00, 0x00, 0x00, 0x14, 0x00, 0x00, 0x00, 0x00, 0x00, 0x00, 0x00, 0x00, 0x00, 0x8e, 0x10,
    0x00, 0x00, 0x00, 0x00, 0x00, 0x00, 0x00, 0x00, 0x2f, 0x70, 0x00, 0x05, 0xb2, 0x00, 0x00, 0x0c,
    0x80, 0x00, 0x0a, 0xd0, 0x00, 0x0b, 0xe0, 0x00, 0x00, 0x08, 0xe1, 0x00, 0x04, 0xf4, 0x00, 0x1f,
    0x80, 0x00, 0x00, 0x01, 0xe8, 0x00, 0x00, 0xb4, 0x00, 0x8f, 0x10, 0x00, 0x00, 0x00, 0x8e, 0x10,
    0x00, 0x00, 0x01, 0xe9, 0x00, 0x00, 0x00, 0x00, 0x2f, 0x80, 0x00, 0x00, 0x08, 0xf2, 0x00, 0x00,
    0x00, 0x00, 0x08, 0xf4, 0x00, 0x00, 0x3f, 0xa0, 0x00, 0x00, 0x00, 0x00, 0x01, 0xce, 0x20, 0x00,
    0xce, 0x10, 0x00, 0x00, 0x00, 0x00, 0x00, 0x2e, 0xc0, 0x09, 0xf5, 0x00, 0x00, 0x00, 0x00, 0x00,
    0x00, 0x05, 0xf9, 0x7f, 0x80, 0x00, 0x00, 0x00, 0x00, 0x00, 0x00, 0x00, 0x8f, 0xfa, 0x00, 0x00,
    0x00, 0x00, 0x00, 0x00, 0x00, 0x00, 0x8f, 0xfa, 0x10, 0x00, 0x00, 0x00, 0x00, 0x00, 0x00, 0x3c,
    0xf8, 0x8f, 0xd3, 0x00, 0x00, 0x00, 0x00, 0x00, 0x07, 0xfd, 0x40, 0x05, 0xef, 0x70, 0x00, 0x00,
    0x00, 0x17, 0xef, 0xa1, 0x00, 0x00, 0x2c, 0xfe, 0x81, 0x00, 0x19, 0xff, 0xa3, 0x00, 0x00, 0x00,
    0x00, 0x5c, 0xff, 0xa1, 0x0b, 0x82, 0x00, 0x00, 0x00, 0x00, 0x00, 0x00, 0x3a, 0x90,
    /* U+4E50 "乐" */
    0x00, 0x00, 0x00, 0x00, 0x00, 0x00, 0x00, 0x02, 0x40, 0x00, 0x00, 0x00, 0x12, 0x33, 0x45, 0x68,
    0xac, 0xef, 0xf3, 0x00, 0x00, 0x0a, 0xff, 0xff, 0xff, 0xfe, 0xdb, 0x96, 0x31, 0x00, 0x00, 0x0b,
    0xd4, 0x43, 0x21, 0x00, 0x00, 0x00, 0x00, 0x00, 0x00, 0x0c, 0xb0, 0x00, 0x02, 0x61, 0x00, 0x00,
    0x00, 0x00, 0x00, 0x0d, 0x90, 0x00, 0x05, 0xf2, 0x00, 0x00, 0x00, 0x00, 0x00, 0x1f, 0x70, 0x00,
    0x05, 0xf2, 0x00, 0x00, 0x00, 0x00, 0x00, 0x3f, 0x40, 0x00, 0x05, 0xf2, 0x00, 0x00, 0x00, 0x00,
    0x00, 0x7f, 0x20, 0x00, 0x05, 0xf2, 0x00, 0x00, 0x00, 0x00, 0x00, 0xcf, 0xff, 0xff, 0xff, 0xff,
    0xff, 0xff, 0xff, 0x70, 0x00, 0x69, 0x88, 0x88, 0x8b, 0xf9, 0x88, 0x88, 0x88, 0x40, 0x00, 0x00,
    0x00, 0x00, 0x05, 0xf2, 0x00, 0x00, 0x00, 0x00, 0x00, 0x00, 0x57, 0x00, 0x05, 0xf2, 0x00, 0x65,
    0x00, 0x00, 0x00, 0x02, 0xea, 0x00, 0x05, 0xf2, 0x00, 0xae, 0x30, 0x00, 0x00, 0x0b, 0xe1, 0x00,
    0x05, 0xf2, 0x00, 0x1c, 0xd2, 0x00, 0x00, 0x9f, 0x50, 0x00, 0x05, 0xf2, 0x00, 0x02, 0xec, 0x00,
    0x08, 0xf8, 0x00, 0x00, 0x05, 0xf2, 0x00, 0x00, 0x5f, 0x80, 0x1d, 0xa0, 0x00, 0x00, 0x06, 0xf2,
    0x00, 0x00, 0x0a, 0xd1, 0x01, 0x00, 0x00, 0x7f, 0xef, 0xe0, 0x00, 0x00, 0x01, 0x00, 0x00, 0x00,
    0x00, 0x28, 0x76, 0x20, 0x00, 0x00, 0x00, 0x00,
    /* U+4E5D "九" */
    0x00, 0x00, 0x00, 0x05, 0x40, 0x00, 0x00, 0x00, 0x00, 0x00, 0x00, 0x00, 0x00, 0x0e, 0xa0, 0x00,
    0x00, 0x00, 0x00, 0x00, 0x00, 0x00, 0x00, 0x0f, 0xa0, 0x00, 0x00, 0x00, 0x00, 0x00, 0x00, 0x00,
    0x00, 0x0f, 0x90, 0x00, 0x00, 0x00, 0x00, 0x00, 0x00, 0x00, 0x00, 0x0f, 0x90, 0x00, 0x00, 0x00,
    0x00, 0x00, 0x00, 0x00, 0x00, 0x0f, 0x90, 0x00, 0x00, 0x00, 0x00, 0x00, 0x06, 0xff, 0xff, 0xff,
    0xff, 0xff, 0xff, 0x90, 0x00, 0x00, 0x03, 0x88, 0x88, 0x9f, 0xb8, 0x88, 0x8f, 0x90, 0x00, 0x00,
    0x00, 0x00, 0x00, 0x4f, 0x50, 0x00, 0x0e, 0x90, 0x00, 0x00, 0x00, 0x00, 0x00, 0x6f, 0x30, 0x00,
    0x0e, 0x90, 0x00, 0x00, 0x00, 0x00, 0x00, 0x8f, 0x10, 0x00, 0x0e, 0x90, 0x00, 0x00, 0x00, 0x00,
    0x00, 0xcd, 0x00, 0x00, 0x0e, 0x90, 0x00, 0x00, 0x00, 0x00, 0x02, 0xf8, 0x00, 0x00, 0x0e, 0x90,
    0x00, 0x00, 0x00, 0x00, 0x07, 0xf3, 0x00, 0x00, 0x0e, 0x90, 0x00, 0x00, 0x00, 0x00, 0x1e, 0xd0,
    0x00, 0x00, 0x0e, 0x90, 0x00, 0x00, 0x00, 0x00, 0xbf, 0x40, 0x00, 0x00, 0x0e, 0x90, 0x00, 0xb4,
    0x00, 0x07, 0xf8, 0x00, 0x00, 0x00, 0x0e, 0x90, 0x00, 0xf7, 0x01, 0x9f, 0xc0, 0x00, 0x00, 0x00,
    0x0e, 0xb0, 0x02, 0xf5, 0x1d, 0xfa, 0x10, 0x00, 0x00, 0x00, 0x0b, 0xff, 0xff, 0xe1, 0x06, 0x50,
    0x00, 0x00, 0x00, 0x00, 0x01, 0x67, 0x77, 0x30,
    /* U+4E60 "习" */
    0x9f, 0xff, 0xff, 0xff, 0xff, 0xff, 0xff, 0xfb, 0x46, 0x66, 0x66, 0x66, 0x66, 0x66, 0x66, 0xdb,
    0x00, 0x00, 0x00, 0x00, 0x00, 0x00, 0x00, 0xcb, 0x00, 0x09, 0x30, 0x00, 0x00, 0x00, 0x00, 0xcb,
    0x00, 0x2d, 0xf6, 0x00, 0x00, 0x00, 0x00, 0xcb, 0x00, 0x01, 0xaf, 0xa1, 0x00, 0x00, 0x00, 0xda,
    0x00, 0x00, 0x07, 0xfd, 0x20, 0x00, 0x00, 0xda, 0x00, 0x00, 0x00, 0x4e, 0xb0, 0x00, 0x00, 0xda,
    0x00, 0x00, 0x00, 0x03, 0x20, 0x00, 0x00, 0xe9, 0x00, 0x00, 0x00, 0x00, 0x01, 0x6c, 0x20, 0xe9,
    0x00, 0x00, 0x00, 0x15, 0xbf, 0xfc, 0x20, 0xf8, 0x00, 0x00, 0x5a, 0xef, 0xd8, 0x20, 0x00, 0xf8,
    0x04, 0x9e, 0xfe, 0x94, 0x00, 0x00, 0x01, 0xf7, 0xcf, 0xfb, 0x51, 0x00, 0x00, 0x00, 0x03, 0xf6,
    0x66, 0x10, 0x00, 0x00, 0x00, 0x00, 0x05, 0xf4, 0x00, 0x00, 0x00, 0x00, 0x00, 0x00, 0x0a, 0xf2,
    0x00, 0x00, 0x00, 0x00, 0x08, 0xee, 0xff, 0xa0, 0x00, 0x00, 0x00, 0x00, 0x02, 0x78, 0x75, 0x00,
    /* U+4E66 "书" */
    0x00, 0x00, 0x00, 0x06, 0x80, 0x00, 0x00, 0x00, 0x00, 0x00, 0x00, 0x00, 0x0a, 0xd0, 0x00, 0x04,
    0xc2, 0x00, 0x00, 0x00, 0x00, 0x0a, 0xd0, 0x00, 0x03, 0xde, 0x60, 0x00, 0x00, 0x00, 0x0a, 0xd0,
    0x00, 0x00, 0x1a, 0xf9, 0x07, 0xff, 0xff, 0xff, 0xff, 0xff, 0xff, 0xf0, 0x77, 0x03, 0x77, 0x77,
    0x7c, 0xe7, 0x77, 0x7b, 0xf0, 0x00, 0x00, 0x00, 0x00, 0x0a, 0xd0, 0x00, 0x07, 0xf0, 0x00, 0x00,
    0x00, 0x00, 0x0a, 0xd0, 0x00, 0x07, 0xf0, 0x00, 0x00, 0x00, 0x00, 0x0a, 0xd0, 0x00, 0x07, 0xf0,
    0x00, 0x57, 0x77, 0x77, 0x7c, 0xe7, 0x77, 0x7b, 0xf7, 0x76, 0xcf, 0xff, 0xff, 0xff, 0xff, 0xff,
    0xff, 0xff, 0xfd, 0x00, 0x00, 0x00, 0x0a, 0xd0, 0x00, 0x00, 0x00, 0xcb, 0x00, 0x00, 0x00, 0x0a,
    0xd0, 0x00, 0x00, 0x00, 0xda, 0x00, 0x00, 0x00, 0x0a, 0xd0, 0x00, 0x00, 0x00, 0xf8, 0x00, 0x00,
    0x00, 0x0a, 0xd0, 0x00, 0x00, 0x02, 0xf6, 0x00, 0x00, 0x00, 0x0a, 0xd0, 0x01, 0x10, 0x08, 0xf3,
    0x00, 0x00, 0x00, 0x0a, 0xd0, 0x04, 0xff, 0xff, 0xb0, 0x00, 0x00, 0x00, 0x0a, 0xd0, 0x00, 0x56,
    0x64, 0x00, 0x00, 0x00, 0x00, 0x0a, 0xd0, 0x00, 0x00, 0x00, 0x00, 0x00, 0x00, 0x00, 0x06, 0x80,
    0x00, 0x00, 0x00, 0x00,
    /* U+4E70 "买" */
    0x05, 0x66, 0x66, 0x66, 0x66, 0x66, 0x66, 0x66, 0x72, 0x0c, 0xff, 0xff, 0xff, 0xff, 0xff, 0xff,
    0xff, 0xf5, 0x00, 0x00, 0x00, 0x00, 0x00, 0x00, 0x00, 0x0b, 0xd0, 0x00, 0x01, 0x92, 0x00, 0x07,
    0x90, 0x00, 0x3f, 0x60, 0x00, 0x04, 0xdf, 0x91, 0x0a, 0xc0, 0x00, 0xbd, 0x00, 0x00, 0x00, 0x07,
    0xfd, 0x0b, 0xc0, 0x00, 0x64, 0x00, 0x02, 0x60, 0x00, 0x36, 0x0b, 0xb0, 0x00, 0x00, 0x00, 0x07,
    0xfd, 0x60, 0x00, 0x0c, 0xa0, 0x00, 0x00, 0x00, 0x00, 0x2a, 0xf9, 0x00, 0x0e, 0x80, 0x00, 0x00,
    0x00, 0x00, 0x00, 0x54, 0x00, 0x2f, 0x60, 0x00, 0x00, 0x00, 0x46, 0x66, 0x66, 0x66, 0x8f, 0x96,
    0x66, 0x66, 0x64, 0xaf, 0xff, 0xff, 0xff, 0xff, 0xff, 0xff, 0xff, 0xfb, 0x00, 0x00, 0x00, 0x01,
    0xe9, 0x00, 0x00, 0x00, 0x00, 0x00, 0x00, 0x00, 0x09, 0xf2, 0x83, 0x00, 0x00, 0x00, 0x00, 0x00,
    0x00, 0x8f, 0x82, 0xdf, 0xa3, 0x00, 0x00, 0x00, 0x00, 0x2a, 0xf9, 0x00, 0x06, 0xdf, 0x91, 0x00,
    0x01, 0x5a, 0xfe, 0x60, 0x00, 0x00, 0x17, 0xee, 0x60, 0x9f, 0xfe, 0x81, 0x00, 0x00, 0x00, 0x00,
    0x2b, 0xf5, 0x48, 0x40, 0x00, 0x00, 0x00, 0x00, 0x00, 0x00, 0x50,
    /* U+4E73 "乳" */
    0x00, 0x00, 0x00, 0x00, 0x26, 0x60, 0x00, 0x00, 0x00, 0x00, 0x02, 0x57, 0x8a, 0xce, 0xff, 0xe2,
    0x7f, 0x00, 0x00, 0x00, 0x06, 0xed, 0xca, 0x97, 0x54, 0x20, 0x7f, 0x00, 0x00, 0x00, 0x00, 0x42,
    0x09, 0x40, 0x08, 0xf1, 0x7f, 0x00, 0x00, 0x00, 0x00, 0xc9, 0x0b, 0xa0, 0x0e, 0xa0, 0x7f, 0x00,
    0x00, 0x00, 0x00, 0x6f, 0x26, 0xe0, 0x6f, 0x20, 0x7f, 0x00, 0x00, 0x00, 0x00, 0x1e, 0x72, 0xf3,
    0xd9, 0x00, 0x7f, 0x00, 0x00, 0x00, 0x00, 0x49, 0x64, 0x54, 0x86, 0x10, 0x7f, 0x00, 0x00, 0x00,
    0x00, 0xff, 0xff, 0xff, 0xff, 0x90, 0x7f, 0x00, 0x00, 0x00, 0x00, 0x00, 0x00, 0x03, 0xec, 0x10,
    0x7f, 0x00, 0x00, 0x00, 0x00, 0x00, 0x00, 0x3e, 0xb1, 0x00, 0x7f, 0x00, 0x00, 0x00, 0x00, 0x00,
    0x03, 0xf9, 0x00, 0x00, 0x7f, 0x00, 0x00, 0x00, 0x00, 0x00, 0x07, 0xf7, 0x89, 0xb3, 0x7f, 0x00,
    0x00, 0x00, 0x1b, 0xce, 0xff, 0xff, 0xdc, 0xa2, 0x7f, 0x00, 0x01, 0x10, 0x0b, 0x97, 0x58, 0xf1,
    0x00, 0x00, 0x7f, 0x00, 0x03, 0xe2, 0x00, 0x00, 0x06, 0xf1, 0x00, 0x00, 0x7f, 0x00, 0x03, 0xf2,
    0x00, 0x00, 0x06, 0xf1, 0x00, 0x00, 0x7f, 0x00, 0x05, 0xf1, 0x00, 0x00, 0x07, 0xf1, 0x00, 0x00,
    0x6f, 0x75, 0x5b, 0xc0, 0x00, 0x0c, 0xff, 0xd0, 0x00, 0x00, 0x1c, 0xff, 0xfe, 0x50, 0x00, 0x03,
    0x54, 0x10, 0x00, 0x00, 0x00, 0x00, 0x00, 0x00,
    /* U+4E86 "了" */
    0x00, 0x00, 0x00, 0x00, 0x00, 0x00, 0x00, 0x00, 0x01, 0xff, 0xff, 0xff, 0xff, 0xff, 0xff, 0xff,
    0xf6, 0x07, 0x77, 0x77, 0x77, 0x77, 0x77, 0x7a, 0xfe, 0x30, 0x00, 0x00, 0x00, 0x00, 0x00, 0x05,
    0xfe, 0x30, 0x00, 0x00, 0x00, 0x00, 0x00, 0x07, 0xfd, 0x20, 0x00, 0x00, 0x00, 0x00, 0x00, 0x3c,
    0xf9, 0x10, 0x00, 0x00, 0x00, 0x00, 0x00, 0x7f, 0xd4, 0x00, 0x00, 0x00, 0x00, 0x00, 0x00, 0x0b,
    0xe1, 0x00, 0x00, 0x00, 0x00, 0x00, 0x00, 0x00, 0xbd, 0x00, 0x00, 0x00, 0x00, 0x00, 0x00, 0x00,
    0x0b, 0xd0, 0x00, 0x00, 0x00, 0x00, 0x00, 0x00, 0x00, 0xbd, 0x00, 0x00, 0x00, 0x00, 0x00, 0x00,
    0x00, 0x0b, 0xd0, 0x00, 0x00, 0x00, 0x00, 0x00, 0x00, 0x00, 0xbd, 0x00, 0x00, 0x00, 0x00, 0x00,
    0x00, 0x00, 0x0b, 0xd0, 0x00, 0x00, 0x00, 0x00, 0x00, 0x00, 0x00, 0xbd, 0x00, 0x00, 0x00, 0x00,
    0x00, 0x00, 0x00, 0x0b, 0xd0, 0x00, 0x00, 0x00, 0x00, 0x00, 0x00, 0x00, 0xcd, 0x00, 0x00, 0x00,
    0x00, 0x00, 0x0b, 0xff, 0xff, 0x90, 0x00, 0x00, 0x00, 0x00, 0x00, 0x38, 0x76, 0x40, 0x00, 0x00,
    0x00, 0x00,
    /* U+4E8C "二" */
    0x02, 0x99, 0x99, 0x99, 0x99, 0x99, 0x99, 0x99, 0x20, 0x03, 0xff, 0xff, 0xff, 0xff, 0xff, 0xff,
    0xff, 0x30, 0x00, 0x00, 0x00, 0x00, 0x00, 0x00, 0x00, 0x00, 0x00, 0x00, 0x00, 0x00, 0x00, 0x00,
    0x00, 0x00, 0x00, 0x00, 0x00, 0x00, 0x00, 0x00, 0x00, 0x00, 0x00, 0x00, 0x00, 0x00, 0x00, 0x00,
    0x00, 0x00, 0x00, 0x00, 0x00, 0x00, 0x00, 0x00, 0x00, 0x00, 0x00, 0x00, 0x00, 0x00, 0x00, 0x00,
    0x00, 0x00, 0x00, 0x00, 0x00, 0x00, 0x00, 0x00, 0x00, 0x00, 0x00, 0x00, 0x00, 0x00, 0x00, 0x00,
    0x00, 0x00, 0x00, 0x00, 0x00, 0x00, 0x00, 0x00, 0x00, 0x00, 0x00, 0x00, 0x00, 0x00, 0x00, 0x00,
    0x00, 0x00, 0x00, 0x00, 0x00, 0x00, 0x00, 0x00, 0x00, 0x00, 0x00, 0x00, 0x00, 0x00, 0x00, 0x00,
    0x00, 0x00, 0x00, 0x00, 0x00, 0xdf, 0xff, 0xff, 0xff, 0xff, 0xff, 0xff, 0xff, 0xfd, 0x9a, 0xaa,
    0xaa, 0xaa, 0xaa, 0xaa, 0xaa, 0xaa, 0xa9,
    /* U+4E94 "五" */
    0x04, 0x77, 0x77, 0x77, 0x77, 0x77, 0x77, 0x77, 0x30, 0x09, 0xff, 0xff, 0xff, 0xff, 0xff, 0xff,
    0xff, 0x70, 0x00, 0x00, 0x00, 0x0e, 0xa0, 0x00, 0x00, 0x00, 0x00, 0x00, 0x00, 0x00, 0x1f, 0x80,
    0x00, 0x00, 0x00, 0x00, 0x00, 0x00, 0x00, 0x3f, 0x60, 0x00, 0x00, 0x00, 0x00, 0x00, 0x00, 0x00,
    0x5f, 0x40, 0x00, 0x00, 0x00, 0x00, 0x00, 0x37, 0x77, 0xbf, 0x87, 0x77, 0x77, 0x40, 0x00, 0x00,
    0x7f, 0xff, 0xff, 0xff, 0xff, 0xff, 0x80, 0x00, 0x00, 0x00, 0x00, 0xcc, 0x00, 0x00, 0x2f, 0x70,
    0x00, 0x00, 0x00, 0x00, 0xe9, 0x00, 0x00, 0x3f, 0x50, 0x00, 0x00, 0x00, 0x02, 0xf7, 0x00, 0x00,
    0x5f, 0x40, 0x00, 0x00, 0x00, 0x05, 0xf4, 0x00, 0x00, 0x6f, 0x30, 0x00, 0x00, 0x00, 0x07, 0xf2,
    0x00, 0x00, 0x7f, 0x10, 0x00, 0x00, 0x00, 0x0a, 0xe0, 0x00, 0x00, 0x9f, 0x00, 0x00, 0x00, 0x00,
    0x0d, 0xb0, 0x00, 0x00, 0xad, 0x00, 0x00, 0xdf, 0xff, 0xff, 0xff, 0xff, 0xff, 0xff, 0xff, 0xfe,
    0x67, 0x77, 0x77, 0x77, 0x77, 0x77, 0x77, 0x77, 0x77,
    /* U+4EAE "亮" */
    0x00, 0x00, 0x00, 0x01, 0xb5, 0x00, 0x00, 0x00, 0x00, 0x00, 0x00, 0x00, 0x00, 0xbe, 0x10, 0x00,
    0x00, 0x00, 0xcf, 0xff, 0xff, 0xff, 0xff, 0xff, 0xff, 0xff, 0xfb, 0x34, 0x44, 0x44, 0x44, 0x44,
    0x44, 0x44, 0x44, 0x43, 0x00, 0x01, 0x11, 0x11, 0x11, 0x11, 0x11, 0x10, 0x00, 0x00, 0x0f, 0xff,
    0xff, 0xff, 0xff, 0xff, 0xf1, 0x00, 0x00, 0x0f, 0x80, 0x00, 0x00, 0x00, 0x07, 0xf1, 0x00, 0x00,
    0x0f, 0x81, 0x11, 0x11, 0x11, 0x18, 0xf1, 0x00, 0x00, 0x0f, 0xff, 0xff, 0xff, 0xff, 0xff, 0xf1,
    0x00, 0x00, 0x00, 0x00, 0x00, 0x00, 0x00, 0x00, 0x00, 0x00, 0x7f, 0xff, 0xff, 0xff, 0xff, 0xff,
    0xff, 0xff, 0xf6, 0x7f, 0x33, 0x33, 0x33, 0x33, 0x33, 0x33, 0x34, 0xf6, 0x7f, 0x00, 0x00, 0x00,
    0x00, 0x00, 0x00, 0x01, 0xf6, 0x25, 0x00, 0x0f, 0xff, 0xff, 0xff, 0xd0, 0x00, 0x52, 0x00, 0x00,
    0x2f, 0x94, 0x44, 0x4c, 0xd0, 0x00, 0x00, 0x00, 0x00, 0x5f, 0x40, 0x00, 0x0b, 0xd0, 0x00, 0x20,
    0x00, 0x01, 0xce, 0x10, 0x00, 0x0b, 0xd0, 0x00, 0xa9, 0x00, 0x4d, 0xf5, 0x00, 0x00, 0x0a, 0xe0,
    0x00, 0xc9, 0x7e, 0xfd, 0x40, 0x00, 0x00, 0x07, 0xff, 0xff, 0xf4, 0x28, 0x30, 0x00, 0x00, 0x00,
    0x00, 0x35, 0x55, 0x30,
    /* U+4EB2 "亲" */
    0x00, 0x00, 0x00, 0x03, 0x80, 0x00, 0x00, 0x00, 0x00, 0x00, 0x00, 0x00, 0x04, 0xf6, 0x00, 0x00,
    0x00, 0x00, 0x00, 0x00, 0x00, 0x00, 0xcd, 0x00, 0x00, 0x00, 0x00, 0x06, 0xff, 0xff, 0xff, 0xff,
    0xff, 0xff, 0xff, 0xa0, 0x02, 0x55, 0x88, 0x55, 0x55, 0x55, 0x88, 0x55, 0x30, 0x00, 0x00, 0xbd,
    0x00, 0x00, 0x01, 0xea, 0x00, 0x00, 0x00, 0x00, 0x4f, 0x50, 0x00, 0x06, 0xf3, 0x00, 0x00, 0x00,
    0x00, 0x0d, 0xa0, 0x00, 0x0d, 0xa0, 0x00, 0x00, 0x9f, 0xff, 0xff, 0xff, 0xff, 0xff, 0xff, 0xff,
    0xf9, 0x35, 0x55, 0x55, 0x55, 0xcd, 0x55, 0x55, 0x55, 0x53, 0x00, 0x00, 0x00, 0x00, 0xbc, 0x00,
    0x00, 0x00, 0x00, 0x15, 0x55, 0x55, 0x55, 0xcd, 0x55, 0x55, 0x55, 0x51, 0x3f, 0xff, 0xff, 0xff,
    0xff, 0xff, 0xff, 0xff, 0xf4, 0x00, 0x00, 0x20, 0x00, 0xbc, 0x00, 0x11, 0x00, 0x00, 0x00, 0x03,
    0xf8, 0x00, 0xbc, 0x00, 0xdc, 0x10, 0x00, 0x00, 0x1d, 0xd1, 0x00, 0xbc, 0x00, 0x3e, 0xd1, 0x00,
    0x01, 0xbe, 0x30, 0x00, 0xbc, 0x00, 0x03, 0xec, 0x10, 0x0c, 0xe4, 0x00, 0x00, 0xcc, 0x00, 0x00,
    0x4f, 0x90, 0x04, 0x30, 0x05, 0xff, 0xf9, 0x00, 0x00, 0x05, 0x10, 0x00, 0x00, 0x00, 0x65, 0x30,
    0x00, 0x00, 0x00, 0x00,
    /* U+4EBA "人" */
    0x00, 0x00, 0x00, 0x00, 0x03, 0x30, 0x00, 0x00, 0x00, 0x00, 0x00, 0x00, 0x00, 0x00, 0x0d, 0xc0,
    0x00, 0x00, 0x00, 0x00, 0x00, 0x00, 0x00, 0x00, 0x0e, 0xb0, 0x00, 0x00, 0x00, 0x00, 0x00, 0x00,
    0x00, 0x00, 0x0f, 0xa0, 0x00, 0x00, 0x00, 0x00, 0x00, 0x00, 0x00, 0x00, 0x1f, 0xc0, 0x00, 0x00,
    0x00, 0x00, 0x00, 0x00, 0x00, 0x00, 0x3f, 0xe0, 0x00, 0x00, 0x00, 0x00, 0x00, 0x00, 0x00, 0x00,
    0x5f, 0xf2, 0x00, 0x00, 0x00, 0x00, 0x00, 0x00, 0x00, 0x00, 0x9f, 0xf6, 0x00, 0x00, 0x00, 0x00,
    0x00, 0x00, 0x00, 0x00, 0xcd, 0xcb, 0x00, 0x00, 0x00, 0x00, 0x00, 0x00, 0x00, 0x02, 0xf8, 0x7f,
    0x20, 0x00, 0x00, 0x00, 0x00, 0x00, 0x00, 0x08, 0xf3, 0x2f, 0x80, 0x00, 0x00, 0x00, 0x00, 0x00,
    0x00, 0x1e, 0xc0, 0x0a, 0xe1, 0x00, 0x00, 0x00, 0x00, 0x00, 0x00, 0x8f, 0x40, 0x02, 0xf9, 0x00,
    0x00, 0x00, 0x00, 0x00, 0x03, 0xfc, 0x00, 0x00, 0x9f, 0x40, 0x00, 0x00, 0x00, 0x00, 0x2d, 0xe2,
    0x00, 0x00, 0x1d, 0xe2, 0x00, 0x00, 0x00, 0x01, 0xdf, 0x40, 0x00, 0x00, 0x02, 0xee, 0x30, 0x00,
    0x00, 0x4d, 0xf6, 0x00, 0x00, 0x00, 0x00, 0x4f, 0xe6, 0x00, 0x09, 0xfe, 0x40, 0x00, 0x00, 0x00,
    0x00, 0x03, 0xdf, 0xc1, 0x07, 0xa1, 0x00, 0x00, 0x00, 0x00, 0x00, 0x00, 0x18, 0x80,
    /* U+4EC0 "什" */
    0x00, 0x00, 0x03, 0x50, 0x00, 0x00, 0x65, 0x00, 0x00, 0x00, 0x00, 0x00, 0x0b, 0xd0, 0x00, 0x00,
    0xda, 0x00, 0x00, 0x00, 0x00, 0x00, 0x3f, 0x70, 0x00, 0x00, 0xda, 0x00, 0x00, 0x00, 0x00, 0x00,
    0xae, 0x10, 0x00, 0x00, 0xda, 0x00, 0x00, 0x00, 0x00, 0x02, 0xf8, 0x00, 0x00, 0x00, 0xda, 0x00,
    0x00, 0x00, 0x00, 0x0b, 0xf4, 0x00, 0x00, 0x00, 0xda, 0x00, 0x00, 0x00, 0x00, 0x6f, 0xf3, 0x00,
    0x00, 0x00, 0xda, 0x00, 0x00, 0x00, 0x03, 0xee, 0xf3, 0x37, 0x77, 0x77, 0xed, 0x77, 0x77, 0x71,
    0x1e, 0xe5, 0xf3, 0x7f, 0xff, 0xff, 0xff, 0xff, 0xff, 0xf1, 0x0d, 0x43, 0xf3, 0x00, 0x00, 0x00,
    0xda, 0x00, 0x00, 0x00, 0x01, 0x03, 0xf3, 0x00, 0x00, 0x00, 0xda, 0x00, 0x00, 0x00, 0x00, 0x03,
    0xf3, 0x00, 0x00, 0x00, 0xda, 0x00, 0x00, 0x00, 0x00, 0x03, 0xf3, 0x00, 0x00, 0x00, 0xda, 0x00,
    0x00, 0x00, 0x00, 0x03, 0xf3, 0x00, 0x00, 0x00, 0xda, 0x00, 0x00, 0x00, 0x00, 0x03, 0xf3, 0x00,
    0x00, 0x00, 0xda, 0x00, 0x00, 0x00, 0x00, 0x03, 0xf3, 0x00, 0x00, 0x00, 0xda, 0x00, 0x00, 0x00,
    0x00, 0x03, 0xf3, 0x00, 0x00, 0x00, 0xda, 0x00, 0x00, 0x00, 0x00, 0x03, 0xf3, 0x00, 0x00, 0x00,
    0xda, 0x00, 0x00, 0x00, 0x00, 0x03, 0xf3, 0x00, 0x00, 0x00, 0xda, 0x00, 0x00, 0x00, 0x00, 0x02,
    0x92, 0x00, 0x00, 0x00, 0x87, 0x00, 0x00, 0x00,
    /* U+4ECA "今" */
    0x00, 0x00, 0x00, 0x00, 0x05, 0x81, 0x00, 0x00, 0x00, 0x00, 0x00, 0x00, 0x00, 0x00, 0x3e, 0xf3,
    0x00, 0x00, 0x00, 0x00, 0x00, 0x00, 0x00, 0x01, 0xde, 0xed, 0x20, 0x00, 0x00, 0x00, 0x00, 0x00,
    0x00, 0x2d, 0xf4, 0x3e, 0xd2, 0x00, 0x00, 0x00, 0x00, 0x00, 0x03, 0xdf, 0x50, 0x03, 0xee, 0x40,
    0x00, 0x00, 0x00, 0x00, 0x6f, 0xe4, 0x10, 0x00, 0x2d, 0xf8, 0x00, 0x00, 0x00, 0x2b, 0xfd, 0x31,
    0xdb, 0x10, 0x01, 0xbf, 0xc4, 0x00, 0x19, 0xff, 0x91, 0x00, 0x4e, 0xd2, 0x00, 0x07, 0xff, 0xb1,
    0x0b, 0xd4, 0x00, 0x00, 0x02, 0xde, 0x30, 0x00, 0x2b, 0x90, 0x01, 0x00, 0x00, 0x00, 0x00, 0x2c,
    0x30, 0x00, 0x00, 0x00, 0x00, 0x06, 0x88, 0x88, 0x88, 0x88, 0x88, 0x88, 0x50, 0x00, 0x00, 0x0c,
    0xff, 0xff, 0xff, 0xff, 0xff, 0xff, 0xc0, 0x00, 0x00, 0x00, 0x00, 0x00, 0x00, 0x00, 0x01, 0xde,
    0x20, 0x00, 0x00, 0x00, 0x00, 0x00, 0x00, 0x00, 0x0a, 0xf5, 0x00, 0x00, 0x00, 0x00, 0x00, 0x00,
    0x00, 0x00, 0x6f, 0x90, 0x00, 0x00, 0x00, 0x00, 0x00, 0x00, 0x00, 0x02, 0xed, 0x10, 0x00, 0x00,
    0x00, 0x00, 0x00, 0x00, 0x00, 0x1d, 0xe3, 0x00, 0x00, 0x00, 0x00, 0x00, 0x00, 0x00, 0x00, 0xaf,
    0x60, 0x00, 0x00, 0x00, 0x00, 0x00, 0x00, 0x00, 0x06, 0xfa, 0x00, 0x00, 0x00, 0x00, 0x00, 0x00,
    0x00, 0x00, 0x02, 0x81, 0x00, 0x00, 0x00, 0x00,
    /* U+4F1A "会" */
    0x00, 0x00, 0x00, 0x00, 0x02, 0x71, 0x00, 0x00, 0x00, 0x00, 0x00, 0x00, 0x00, 0x00, 0x0c, 0xf3,
    0x00, 0x00, 0x00, 0x00, 0x00, 0x00, 0x00, 0x00, 0x9f, 0xf8, 0x00, 0x00, 0x00, 0x00, 0x00, 0x00,
    0x00, 0x0a, 0xf8, 0x6f, 0x90, 0x00, 0x00, 0x00, 0x00, 0x00, 0x02, 0xbf, 0x80, 0x06, 0xfc, 0x20,
    0x00, 0x00, 0x00, 0x00, 0x5e, 0xf7, 0x00, 0x00, 0x4e, 0xe7, 0x00, 0x00, 0x00, 0x3b, 0xfe, 0x40,
    0x00, 0x00, 0x02, 0xbf, 0xc5, 0x00, 0x0a, 0xff, 0x9c, 0xff, 0xff, 0xff, 0xff, 0xc5, 0xdf, 0xd1,
    0x07, 0xb3, 0x04, 0x66, 0x66, 0x66, 0x66, 0x50, 0x06, 0x60, 0x00, 0x00, 0x00, 0x00, 0x00, 0x00,
    0x00, 0x00, 0x00, 0x00, 0x00, 0x00, 0x00, 0x00, 0x00, 0x00, 0x00, 0x00, 0x00, 0x00, 0x03, 0xff,
    0xff, 0xff, 0xff, 0xff, 0xff, 0xff, 0xff, 0x50, 0x02, 0x77, 0x77, 0x7d, 0xfa, 0x77, 0x77, 0x77,
    0x77, 0x30, 0x00, 0x00, 0x00, 0x5f, 0xb0, 0x00, 0x28, 0x00, 0x00, 0x00, 0x00, 0x00, 0x02, 0xed,
    0x10, 0x00, 0x5f, 0xa0, 0x00, 0x00, 0x00, 0x00, 0x1d, 0xe2, 0x00, 0x00, 0x06, 0xf9, 0x00, 0x00,
    0x00, 0x01, 0xce, 0x30, 0x01, 0x23, 0x56, 0xcf, 0x70, 0x00, 0x00, 0x3d, 0xfe, 0xde, 0xff, 0xff,
    0xff, 0xfe, 0xf4, 0x00, 0x00, 0x1f, 0xec, 0xb9, 0x87, 0x54, 0x31, 0x01, 0xed, 0x00, 0x00, 0x01,
    0x00, 0x00, 0x00, 0x00, 0x00, 0x00, 0x43, 0x00,
    /* U+4F1E "伞" */
    0x00, 0x00, 0x00, 0x00, 0x02, 0x91, 0x00, 0x00, 0x00, 0x00, 0x00, 0x00, 0x00, 0x00, 0x2d, 0xf2,
    0x00, 0x00, 0x00, 0x00, 0x00, 0x00, 0x00, 0x03, 0xde, 0xec, 0x20, 0x00, 0x00, 0x00, 0x00, 0x00,
    0x00, 0x6f, 0xc2, 0x3d, 0xe5, 0x00, 0x00, 0x00, 0x00, 0x00, 0x3b, 0xf9, 0x00, 0x01, 0xbf, 0xb3,
    0x00, 0x00, 0x00, 0x29, 0xfe, 0x60, 0x04, 0x40, 0x06, 0xef, 0xc5, 0x00, 0x2b, 0xff, 0x91, 0x00,
    0x0c, 0xb0, 0x00, 0x17, 0xef, 0xd3, 0x0c, 0x92, 0x33, 0x00, 0x0c, 0xb0, 0x00, 0x33, 0x17, 0xb0,
    0x00, 0x00, 0xcc, 0x00, 0x0c, 0xb0, 0x00, 0xbe, 0x10, 0x00, 0x00, 0x00, 0x4f, 0x60, 0x0c, 0xb0,
    0x03, 0xf7, 0x00, 0x00, 0x00, 0x00, 0x0b, 0xc0, 0x0c, 0xb0, 0x0a, 0xd0, 0x00, 0x00, 0x00, 0x00,
    0x05, 0xf3, 0x0c, 0xb0, 0x4f, 0x40, 0x00, 0x00, 0x00, 0x00, 0x00, 0x50, 0x0c, 0xb0, 0x15, 0x00,
    0x00, 0x00, 0x07, 0x77, 0x77, 0x77, 0x7d, 0xd7, 0x77, 0x77, 0x77, 0x60, 0x0f, 0xff, 0xff, 0xff,
    0xff, 0xff, 0xff, 0xff, 0xff, 0xe0, 0x00, 0x00, 0x00, 0x00, 0x0c, 0xb0, 0x00, 0x00, 0x00, 0x00,
    0x00, 0x00, 0x00, 0x00, 0x0c, 0xb0, 0x00, 0x00, 0x00, 0x00, 0x00, 0x00, 0x00, 0x00, 0x0c, 0xb0,
    0x00, 0x00, 0x00, 0x00, 0x00, 0x00, 0x00, 0x00, 0x0c, 0xb0, 0x00, 0x00, 0x00, 0x00, 0x00, 0x00,
    0x00, 0x00, 0x08, 0x80, 0x00, 0x00, 0x00, 0x00,
    /* U+4F4D "位" */
    0x00, 0x00, 0x04, 0x50, 0x00, 0x04, 0xa0, 0x00, 0x00, 0x00, 0x00, 0x00, 0x0c, 0xc0, 0x00, 0x05,
    0xf4, 0x00, 0x00, 0x00, 0x00, 0x00, 0x5f, 0x50, 0x00, 0x00, 0xf9, 0x00, 0x00, 0x00, 0x00, 0x00,
    0xcd, 0x00, 0x00, 0x00, 0x86, 0x00, 0x00, 0x00, 0x00, 0x04, 0xf6, 0x09, 0xff, 0xff, 0xff, 0xff,
    0xff, 0x40, 0x00, 0x1d, 0xf1, 0x04, 0x77, 0x77, 0x77, 0x77, 0x77, 0x20, 0x00, 0x9f, 0xf1, 0x00,
    0x01, 0x00, 0x00, 0x03, 0x30, 0x00, 0x05, 0xfe, 0xf1, 0x00, 0x3f, 0x30, 0x00, 0x0a, 0xe0, 0x00,
    0x1f, 0xc7, 0xf1, 0x00, 0x1f, 0x50, 0x00, 0x0b, 0xb0, 0x00, 0x0a, 0x26, 0xf1, 0x00, 0x0e, 0x80,
    0x00, 0x0d, 0x90, 0x00, 0x00, 0x06, 0xf1, 0x00, 0x0b, 0xb0, 0x00, 0x1f, 0x60, 0x00, 0x00, 0x06,
    0xf1, 0x00, 0x09, 0xe0, 0x00, 0x3f, 0x40, 0x00, 0x00, 0x06, 0xf1, 0x00, 0x06, 0xf1, 0x00, 0x6f,
    0x10, 0x00, 0x00, 0x06, 0xf1, 0x00, 0x04, 0xf3, 0x00, 0x9d, 0x00, 0x00, 0x00, 0x06, 0xf1, 0x00,
    0x02, 0xf5, 0x00, 0xba, 0x00, 0x00, 0x00, 0x06, 0xf1, 0x00, 0x01, 0xf7, 0x00, 0xe7, 0x00, 0x00,
    0x00, 0x06, 0xf1, 0x00, 0x00, 0x61, 0x03, 0xf3, 0x00, 0x00, 0x00, 0x06, 0xf1, 0x37, 0x77, 0x77,
    0x7a, 0xf7, 0x77, 0x71, 0x00, 0x06, 0xf1, 0x7f, 0xff, 0xff, 0xff, 0xff, 0xff, 0xf1, 0x00, 0x01,
    0x40, 0x00, 0x00, 0x00, 0x00, 0x00, 0x00, 0x00,
    /* U+4F4E "低" */
    0x00, 0x00, 0x06, 0x20, 0x00, 0x00, 0x00, 0x01, 0x62, 0x00, 0x00, 0x00, 0x2f, 0x70, 0x00, 0x01,
    0x48, 0xcf, 0xfc, 0x00, 0x00, 0x00, 0x9e, 0x13, 0x8b, 0xef, 0xff, 0xd8, 0x30, 0x00, 0x00, 0x01,
    0xe9, 0x07, 0xfc, 0x96, 0x3e, 0x80, 0x00, 0x00, 0x00, 0x07, 0xf3, 0x07, 0xe0, 0x00, 0x0d, 0x90,
    0x00, 0x00, 0x00, 0x1e, 0xc0, 0x07, 0xe0, 0x00, 0x0c, 0x90, 0x00, 0x00, 0x00, 0x9f, 0xb0, 0x07,
    0xe0, 0x00, 0x0b, 0xa0, 0x00, 0x00, 0x04, 0xff, 0xb0, 0x07, 0xe0, 0x00, 0x0a, 0xb0, 0x00, 0x00,
    0x2e, 0xdb, 0xb0, 0x07, 0xe6, 0x66, 0x6c, 0xd6, 0x66, 0x60, 0x5f, 0x3a, 0xb0, 0x07, 0xff, 0xff,
    0xff, 0xff, 0xff, 0xf0, 0x05, 0x0a, 0xb0, 0x07, 0xe0, 0x00, 0x06, 0xf1, 0x00, 0x00, 0x00, 0x0a,
    0xb0, 0x07, 0xe0, 0x00, 0x04, 0xf3, 0x00, 0x00, 0x00, 0x0a, 0xb0, 0x07, 0xe0, 0x00, 0x02, 0xf5,
    0x00, 0x00, 0x00, 0x0a, 0xb0, 0x07, 0xe0, 0x00, 0x00, 0xf7, 0x00, 0x00, 0x00, 0x0a, 0xb0, 0x07,
    0xe0, 0x00, 0x00, 0xcb, 0x00, 0x00, 0x00, 0x0a, 0xb0, 0x07, 0xe0, 0x03, 0x90, 0x9e, 0x00, 0xa2,
    0x00, 0x0a, 0xb0, 0x07, 0xe0, 0x01, 0xe4, 0x4f, 0x40, 0xe3, 0x00, 0x0a, 0xb0, 0x08, 0xe3, 0x78,
    0x8c, 0x0d, 0xc4, 0xf1, 0x00, 0x0a, 0xb0, 0x1d, 0xff, 0xe8, 0x2f, 0x36, 0xff, 0xb0, 0x00, 0x09,
    0xa0, 0x1c, 0x83, 0x00, 0x07, 0x20, 0x6b, 0x20,
    /* U+4F53 "体" */
    0x00, 0x00, 0x16, 0x10, 0x00, 0x03, 0x91, 0x00, 0x00, 0x00, 0x00, 0x00, 0x7f, 0x20, 0x00, 0x06,
    0xf1, 0x00, 0x00, 0x00, 0x00, 0x00, 0xdb, 0x00, 0x00, 0x06, 0xf1, 0x00, 0x00, 0x00, 0x00, 0x04,
    0xf5, 0x00, 0x00, 0x06, 0xf1, 0x00, 0x00, 0x00, 0x00, 0x0a, 0xe1, 0x77, 0x77, 0x7a, 0xf7, 0x77,
    0x77, 0x70, 0x00, 0x3f, 0xa1, 0xff, 0xff, 0xff, 0xff, 0xff, 0xff, 0xf1, 0x00, 0xcf, 0xa0, 0x00,
    0x00, 0x7f, 0xff, 0x30, 0x00, 0x00, 0x06, 0xff, 0xa0, 0x00, 0x00, 0xdc, 0xfc, 0x90, 0x00, 0x00,
    0x2f, 0xcc, 0xa0, 0x00, 0x04, 0xf7, 0xf7, 0xe1, 0x00, 0x00, 0x1e, 0x3c, 0xa0, 0x00, 0x0b, 0xa6,
    0xf2, 0xe7, 0x00, 0x00, 0x02, 0x0c, 0xa0, 0x00, 0x4f, 0x36, 0xf1, 0x8e, 0x10, 0x00, 0x00, 0x0c,
    0xa0, 0x00, 0xcb, 0x06, 0xf1, 0x2f, 0x70, 0x00, 0x00, 0x0c, 0xa0, 0x07, 0xf3, 0x06, 0xf1, 0x09,
    0xf3, 0x00, 0x00, 0x0c, 0xa0, 0x2e, 0x90, 0x06, 0xf1, 0x01, 0xec, 0x10, 0x00, 0x0c, 0xa2, 0xdd,
    0x56, 0x69, 0xf6, 0x66, 0x7f, 0xb0, 0x00, 0x0c, 0xa8, 0xe3, 0xaf, 0xff, 0xff, 0xff, 0x48, 0xf3,
    0x00, 0x0c, 0xa0, 0x30, 0x00, 0x06, 0xf1, 0x00, 0x00, 0x30, 0x00, 0x0c, 0xa0, 0x00, 0x00, 0x06,
    0xf1, 0x00, 0x00, 0x00, 0x00, 0x0c, 0xa0, 0x00, 0x00, 0x06, 0xf1, 0x00, 0x00, 0x00, 0x00, 0x08,
    0x60, 0x00, 0x00, 0x03, 0x91, 0x00, 0x00, 0x00,
    /* U+4F55 "何" */
    0x00, 0x00, 0x06, 0x20, 0x00, 0x00, 0x00, 0x00, 0x00, 0x00, 0x00, 0x00, 0x2f, 0x70, 0x00, 0x00,
    0x00, 0x00, 0x00, 0x00, 0x00, 0x00, 0x9f, 0x37, 0x77, 0x77, 0x77, 0x77, 0x77, 0x72, 0x00, 0x01,
    0xea, 0x3f, 0xff, 0xff, 0xff, 0xff, 0xff, 0xf4, 0x00, 0x06, 0xf3, 0x00, 0x00, 0x00, 0x00, 0x00,
    0xbc, 0x00, 0x00, 0x1d, 0xe0, 0x00, 0x00, 0x00, 0x00, 0x00, 0xbc, 0x00, 0x00, 0x9f, 0xe0, 0x00,
    0x00, 0x00, 0x00, 0x00, 0xbc, 0x00, 0x04, 0xff, 0xe0, 0x09, 0xff, 0xff, 0xfa, 0x00, 0xbc, 0x00,
    0x1e, 0xd9, 0xe0, 0x09, 0xd5, 0x55, 0xda, 0x00, 0xbc, 0x00, 0x0c, 0x38, 0xe0, 0x09, 0xc0, 0x00,
    0xba, 0x00, 0xbc, 0x00, 0x01, 0x08, 0xe0, 0x09, 0xc0, 0x00, 0xba, 0x00, 0xbc, 0x00, 0x00, 0x08,
    0xe0, 0x09, 0xc0, 0x00, 0xba, 0x00, 0xbc, 0x00, 0x00, 0x08, 0xe0, 0x09, 0xd5, 0x55, 0xca, 0x00,
    0xbc, 0x00, 0x00, 0x08, 0xe0, 0x09, 0xff, 0xff, 0xfa, 0x00, 0xbc, 0x00, 0x00, 0x08, 0xe0, 0x09,
    0xc0, 0x00, 0x00, 0x00, 0xbc, 0x00, 0x00, 0x08, 0xe0, 0x05, 0x60, 0x00, 0x00, 0x00, 0xbc, 0x00,
    0x00, 0x08, 0xe0, 0x00, 0x00, 0x00, 0x00, 0x00, 0xbc, 0x00, 0x00, 0x08, 0xe0, 0x00, 0x00, 0x00,
    0x00, 0x00, 0xcb, 0x00, 0x00, 0x08, 0xe0, 0x00, 0x00, 0x00, 0x9f, 0xff, 0xf8, 0x00, 0x00, 0x04,
    0x80, 0x00, 0x00, 0x00, 0x38, 0x87, 0x50, 0x00,
    /* U+4F60 "你" */
    0x00, 0x00, 0x05, 0x20, 0x05, 0x30, 0x00, 0x00, 0x00, 0x00, 0x00, 0x00, 0x3f, 0x70, 0x0e, 0x90,
    0x00, 0x00, 0x00, 0x00, 0x00, 0x00, 0xae, 0x10, 0x4f, 0x50, 0x00, 0x00, 0x00, 0x00, 0x00, 0x02,
    0xf8, 0x00, 0x9f, 0x10, 0x00, 0x00, 0x00, 0x00, 0x00, 0x09, 0xf2, 0x00, 0xdd, 0x66, 0x66, 0x66,
    0x66, 0x61, 0x00, 0x2e, 0xb0, 0x04, 0xff, 0xff, 0xff, 0xff, 0xff, 0xf1, 0x00, 0xbf, 0xa0, 0x0b,
    0xe0, 0x00, 0xbb, 0x00, 0x09, 0xd0, 0x08, 0xff, 0xa0, 0x4f, 0x70, 0x00, 0xbb, 0x00, 0x0b, 0xa0,
    0x5f, 0xac, 0xa0, 0xcd, 0x00, 0x00, 0xbb, 0x00, 0x0d, 0x70, 0x5d, 0x1c, 0xa0, 0x13, 0x17, 0x20,
    0xbb, 0x05, 0x70, 0x10, 0x02, 0x0c, 0xa0, 0x00, 0x6f, 0x30, 0xbb, 0x08, 0xf1, 0x00, 0x00, 0x0c,
    0xa0, 0x00, 0xad, 0x00, 0xbb, 0x02, 0xf7, 0x00, 0x00, 0x0c, 0xa0, 0x01, 0xe8, 0x00, 0xbb, 0x00,
    0xad, 0x00, 0x00, 0x0c, 0xa0, 0x06, 0xf3, 0x00, 0xbb, 0x00, 0x4f, 0x40, 0x00, 0x0c, 0xa0, 0x0d,
    0xc0, 0x00, 0xbb, 0x00, 0x0e, 0x90, 0x00, 0x0c, 0xa0, 0x7f, 0x40, 0x00, 0xbb, 0x00, 0x0b, 0xd0,
    0x00, 0x0c, 0xa0, 0x27, 0x00, 0x00, 0xbb, 0x00, 0x05, 0x50, 0x00, 0x0c, 0xa0, 0x00, 0x00, 0x00,
    0xcb, 0x00, 0x00, 0x00, 0x00, 0x0c, 0xa0, 0x00, 0x01, 0xef, 0xf8, 0x00, 0x00, 0x00, 0x00, 0x06,
    0x40, 0x00, 0x00, 0x67, 0x50, 0x00, 0x00, 0x00,
    /* U+4F9B "供" */
    0x00, 0x00, 0x06, 0x30, 0x04, 0x40, 0x00, 0x26, 0x10, 0x00, 0x00, 0x00, 0x2f, 0x80, 0x0b, 0xb0,
    0x00, 0x5f, 0x20, 0x00, 0x00, 0x00, 0x9f, 0x10, 0x0b, 0xb0, 0x00, 0x5f, 0x20, 0x00, 0x00, 0x01,
    0xf9, 0x00, 0x0b, 0xb0, 0x00, 0x5f, 0x20, 0x00, 0x00, 0x08, 0xf3, 0x00, 0x0b, 0xb0, 0x00, 0x5f,
    0x20, 0x00, 0x00, 0x2e, 0xc0, 0x5f, 0xff, 0xff, 0xff, 0xff, 0xff, 0xf0, 0x00, 0xbf, 0xb0, 0x27,
    0x7d, 0xd7, 0x77, 0xaf, 0x87, 0x70, 0x07, 0xff, 0xb0, 0x00, 0x0b, 0xb0, 0x00, 0x5f, 0x20, 0x00,
    0x4f, 0xbc, 0xb0, 0x00, 0x0b, 0xb0, 0x00, 0x5f, 0x20, 0x00, 0x3d, 0x1b, 0xb0, 0x00, 0x0b, 0xb0,
    0x00, 0x5f, 0x20, 0x00, 0x01, 0x0b, 0xb0, 0x00, 0x0b, 0xb0, 0x00, 0x5f, 0x20, 0x00, 0x00, 0x0b,
    0xb0, 0x67, 0x7d, 0xd7, 0x77, 0xaf, 0x87, 0x71, 0x00, 0x0b, 0xb0, 0xcf, 0xff, 0xff, 0xff, 0xff,
    0xff, 0xf3, 0x00, 0x0b, 0xb0, 0x00, 0x00, 0x00, 0x00, 0x00, 0x00, 0x00, 0x00, 0x0b, 0xb0, 0x00,
    0x07, 0x80, 0x00, 0x37, 0x00, 0x00, 0x00, 0x0b, 0xb0, 0x00, 0x3f, 0x80, 0x00, 0x5f, 0x70, 0x00,
    0x00, 0x0b, 0xb0, 0x01, 0xdd, 0x10, 0x00, 0x08, 0xf5, 0x00, 0x00, 0x0b, 0xb0, 0x1c, 0xe3, 0x00,
    0x00, 0x00, 0xbe, 0x20, 0x00, 0x0b, 0xb0, 0xaf, 0x40, 0x00, 0x00, 0x00, 0x2e, 0xb0, 0x00, 0x07,
    0x70, 0x14, 0x00, 0x00, 0x00, 0x00, 0x04, 0x20,
    /* U+4FBF "便" */
    0x00, 0x00, 0x06, 0x10, 0x00, 0x00, 0x00, 0x00, 0x00, 0x00, 0x00, 0x00, 0x4f, 0x75, 0x55, 0x55,
    0x55, 0x55, 0x55, 0x50, 0x00, 0x00, 0xbd, 0x7f, 0xff, 0xff, 0xff, 0xff, 0xff, 0xe0, 0x00, 0x02,
    0xf7, 0x00, 0x00, 0x00, 0xf7, 0x00, 0x00, 0x00, 0x00, 0x08, 0xf2, 0x02, 0x33, 0x33, 0xf9, 0x33,
    0x33, 0x10, 0x00, 0x2e, 0xb0, 0x0e, 0xff, 0xff, 0xff, 0xff, 0xff, 0x30, 0x00, 0xaf, 0xa0, 0x0e,
    0x70, 0x00, 0xf7, 0x00, 0x3f, 0x30, 0x06, 0xff, 0xa0, 0x0e, 0x70, 0x00, 0xf7, 0x00, 0x3f, 0x30,
    0x2f, 0xcd, 0xa0, 0x0e, 0xff, 0xff, 0xff, 0xff, 0xff, 0x30, 0x0c, 0x3c, 0xa0, 0x0e, 0x92, 0x22,
    0xf9, 0x22, 0x5f, 0x30, 0x02, 0x0c, 0xa0, 0x0e, 0x70, 0x00, 0xf7, 0x00, 0x3f, 0x30, 0x00, 0x0c,
    0xa0, 0x0e, 0x92, 0x22, 0xf8, 0x22, 0x5f, 0x30, 0x00, 0x0c, 0xa0, 0x0e, 0xff, 0xff, 0xff, 0xff,
    0xff, 0x30, 0x00, 0x0c, 0xa0, 0x15, 0x10, 0x04, 0xf3, 0x00, 0x00, 0x00, 0x00, 0x0c, 0xa0, 0x2e,
    0xa0, 0x09, 0xe0, 0x00, 0x00, 0x00, 0x00, 0x0c, 0xa0, 0x03, 0xec, 0x6f, 0x60, 0x00, 0x00, 0x00,
    0x00, 0x0c, 0xa0, 0x00, 0x2d, 0xfe, 0x51, 0x00, 0x00, 0x00, 0x00, 0x0c, 0xa0, 0x04, 0xbf, 0xac,
    0xff, 0xb7, 0x53, 0x20, 0x00, 0x0c, 0xa5, 0xef, 0xc4, 0x00, 0x27, 0xbe, 0xff, 0xe2, 0x00, 0x06,
    0x50, 0x72, 0x00, 0x00, 0x00, 0x00, 0x14, 0x40,
    /* U+4FDD "保" */
    0x00, 0x00, 0x03, 0x10, 0x00, 0x00, 0x00, 0x00, 0x00, 0x00, 0x00, 0x00, 0x0d, 0xb2, 0x55, 0x55,
    0x55, 0x55, 0x55, 0x00, 0x00, 0x00, 0x6f, 0x46, 0xff, 0xff, 0xff, 0xff, 0xff, 0x00, 0x00, 0x00,
    0xdc, 0x06, 0xf0, 0x00, 0x00, 0x00, 0x8f, 0x00, 0x00, 0x06, 0xf5, 0x06, 0xf0, 0x00, 0x00, 0x00,
    0x8f, 0x00, 0x00, 0x1d, 0xe0, 0x06, 0xf0, 0x00, 0x00, 0x00, 0x8f, 0x00, 0x00, 0xaf, 0xd0, 0x06,
    0xf6, 0x55, 0x55, 0x55, 0xbf, 0x00, 0x07, 0xfe, 0xd0, 0x06, 0xff, 0xff, 0xff, 0xff, 0xff, 0x00,
    0x5f, 0xa8, 0xd0, 0x00, 0x00, 0x01, 0xf7, 0x00, 0x00, 0x00, 0x2c, 0x18, 0xd0, 0x00, 0x00, 0x01,
    0xf7, 0x00, 0x00, 0x00, 0x01, 0x08, 0xd0, 0x56, 0x66, 0x66, 0xfa, 0x66, 0x66, 0x60, 0x00, 0x08,
    0xd0, 0xdf, 0xff, 0xff, 0xff, 0xff, 0xff, 0xf1, 0x00, 0x08, 0xd0, 0x00, 0x00, 0x5f, 0xff, 0xb0,
    0x00, 0x00, 0x00, 0x08, 0xd0, 0x00, 0x02, 0xea, 0xfa, 0xf7, 0x00, 0x00, 0x00, 0x08, 0xd0, 0x00,
    0x1d, 0xc1, 0xf7, 0x7f, 0x40, 0x00, 0x00, 0x08, 0xd0, 0x01, 0xbe, 0x21, 0xf7, 0x0b, 0xe3, 0x00,
    0x00, 0x08, 0xd0, 0x3d, 0xf4, 0x01, 0xf7, 0x01, 0xde, 0x40, 0x00, 0x08, 0xd3, 0xfe, 0x40, 0x01,
    0xf7, 0x00, 0x2d, 0xf5, 0x00, 0x08, 0xd0, 0x72, 0x00, 0x01, 0xf7, 0x00, 0x01, 0x80, 0x00, 0x05,
    0x80, 0x00, 0x00, 0x00, 0xa4, 0x00, 0x00, 0x00,
    /* U+4FEE "修" */
    0x00, 0x00, 0x34, 0x00, 0x00, 0x07, 0x30, 0x00, 0x00, 0x00, 0x00, 0x00, 0xbd, 0x00, 0x00, 0x4f,
    0x50, 0x00, 0x00, 0x00, 0x00, 0x02, 0xf7, 0x00, 0x00, 0xce, 0x44, 0x44, 0x44, 0x00, 0x00, 0x07,
    0xf2, 0x00, 0x05, 0xff, 0xff, 0xff, 0xff, 0x50, 0x00, 0x0d, 0xb0, 0x00, 0x3e, 0xf6, 0x00, 0x00,
    0xbb, 0x00, 0x00, 0x5f, 0x70, 0x01, 0xdd, 0x7f, 0x40, 0x08, 0xf3, 0x00, 0x00, 0xdf, 0x70, 0xa8,
    0xd3, 0x08, 0xf6, 0x9e, 0x40, 0x00, 0x07, 0xff, 0x70, 0xd6, 0x00, 0x00, 0xbf, 0xf5, 0x00, 0x00,
    0x3f, 0xae, 0x70, 0xd6, 0x01, 0x6d, 0xfa, 0xdf, 0x94, 0x00, 0x6e, 0x1e, 0x70, 0xda, 0xcf, 0xe9,
    0x20, 0x06, 0xdf, 0xe3, 0x04, 0x0e, 0x70, 0xd7, 0x84, 0x00, 0x1b, 0xa0, 0x03, 0x50, 0x00, 0x0e,
    0x70, 0xd6, 0x00, 0x17, 0xeb, 0x10, 0x00, 0x00, 0x00, 0x0e, 0x70, 0xd6, 0x08, 0xfc, 0x50, 0x1a,
    0x90, 0x00, 0x00, 0x0e, 0x70, 0xd6, 0x02, 0x40, 0x04, 0xdc, 0x10, 0x00, 0x00, 0x0e, 0x70, 0xd6,
    0x00, 0x27, 0xde, 0x70, 0x07, 0x60, 0x00, 0x0e, 0x70, 0xd6, 0x05, 0xfc, 0x61, 0x01, 0xaf, 0x50,
    0x00, 0x0e, 0x70, 0x52, 0x00, 0x20, 0x01, 0x7e, 0xd4, 0x00, 0x00, 0x0e, 0x70, 0x00, 0x00, 0x26,
    0xaf, 0xe8, 0x10, 0x00, 0x00, 0x0e, 0x70, 0x00, 0x6e, 0xff, 0xb5, 0x10, 0x00, 0x00, 0x00, 0x0a,
    0x50, 0x00, 0x17, 0x41, 0x00, 0x00, 0x00, 0x00,
    /* U+5019 "候" */
    0x00, 0x00, 0x21, 0x00, 0x00, 0x00, 0x00, 0x00, 0x00, 0x00, 0x00, 0x00, 0xbd, 0x00, 0x03, 0x44,
    0x44, 0x44, 0x41, 0x00, 0x00, 0x02, 0xf8, 0x00, 0x0c, 0xff, 0xff, 0xff, 0xf2, 0x00, 0x00, 0x07,
    0xf3, 0x00, 0x00, 0x00, 0x00, 0x06, 0xf0, 0x00, 0x00, 0x0d, 0xb0, 0x00, 0x00, 0x00, 0x00, 0x09,
    0xc0, 0x00, 0x00, 0x4f, 0x51, 0xf4, 0xef, 0xff, 0xff, 0xff, 0xff, 0xf0, 0x00, 0xdf, 0x51, 0xf4,
    0x45, 0x65, 0x55, 0x55, 0x55, 0x50, 0x07, 0xff, 0x51, 0xf4, 0x00, 0xda, 0x00, 0x00, 0x00, 0x00,
    0x1e, 0xdf, 0x51, 0xf4, 0x04, 0xf8, 0x44, 0x44, 0x44, 0x10, 0x2e, 0x5f, 0x51, 0xf4, 0x0a, 0xff,
    0xff, 0xff, 0xff, 0x60, 0x03, 0x2f, 0x51, 0xf4, 0x5f, 0x50, 0x3f, 0x40, 0x00, 0x00, 0x00, 0x2f,
    0x51, 0xf4, 0xdb, 0x00, 0x3f, 0x40, 0x00, 0x00, 0x00, 0x2f, 0x51, 0xf4, 0x67, 0x44, 0x6f, 0x84,
    0x44, 0x40, 0x00, 0x2f, 0x51, 0xf4, 0xef, 0xff, 0xff, 0xff, 0xff, 0xf0, 0x00, 0x2f, 0x51, 0xf4,
    0x00, 0x00, 0x9f, 0xb0, 0x00, 0x00, 0x00, 0x2f, 0x51, 0x92, 0x00, 0x02, 0xec, 0xf4, 0x00, 0x00,
    0x00, 0x2f, 0x50, 0x00, 0x00, 0x2d, 0xd1, 0xbe, 0x40, 0x00, 0x00, 0x2f, 0x50, 0x00, 0x17, 0xed,
    0x20, 0x1c, 0xf8, 0x20, 0x00, 0x2f, 0x50, 0x03, 0xef, 0xa1, 0x00, 0x01, 0x9f, 0xf2, 0x00, 0x1a,
    0x30, 0x00, 0x73, 0x00, 0x00, 0x00, 0x02, 0x40,
    /* U+5047 "假" */
    0x00, 0x00, 0x84, 0x00, 0x00, 0x00, 0x00, 0x00, 0x00, 0x00, 0x00, 0x02, 0xf5, 0xbf, 0xff, 0xfc,
    0x6f, 0xff, 0xff, 0x30, 0x00, 0x07, 0xf1, 0xbb, 0x44, 0xac, 0x25, 0x55, 0x7f, 0x30, 0x00, 0x0b,
    0xc0, 0xba, 0x00, 0x8c, 0x00, 0x00, 0x3f, 0x30, 0x00, 0x1f, 0x70, 0xba, 0x00, 0x8c, 0x00, 0x00,
    0x3f, 0x30, 0x00, 0x6f, 0x40, 0xba, 0x00, 0x8c, 0x00, 0x00, 0x3f, 0x30, 0x00, 0xdf, 0x40, 0xbb,
    0x44, 0xac, 0x24, 0x44, 0x6f, 0x30, 0x05, 0xff, 0x40, 0xbf, 0xff, 0xfc, 0x6f, 0xff, 0xff, 0x30,
    0x1d, 0xef, 0x40, 0xba, 0x00, 0x00, 0x00, 0x00, 0x00, 0x00, 0x2e, 0x6f, 0x40, 0xba, 0x00, 0x00,
    0x44, 0x44, 0x44, 0x10, 0x03, 0x3f, 0x40, 0xbf, 0xff, 0xf5, 0xff, 0xff, 0xff, 0x50, 0x00, 0x3f,
    0x40, 0xbb, 0x44, 0x41, 0x6b, 0x00, 0x4f, 0x10, 0x00, 0x3f, 0x40, 0xba, 0x00, 0x00, 0x3f, 0x10,
    0x9b, 0x00, 0x00, 0x3f, 0x40, 0xba, 0x00, 0x00, 0x0d, 0x82, 0xe6, 0x00, 0x00, 0x3f, 0x40, 0xbf,
    0xff, 0xf8, 0x06, 0xea, 0xd0, 0x00, 0x00, 0x3f, 0x40, 0xbb, 0x44, 0x42, 0x00, 0xdf, 0x40, 0x00,
    0x00, 0x3f, 0x40, 0xba, 0x00, 0x00, 0x05, 0xff, 0x90, 0x00, 0x00, 0x3f, 0x40, 0xba, 0x00, 0x01,
    0x8f, 0x86, 0xfa, 0x10, 0x00, 0x3f, 0x40, 0xba, 0x00, 0x5e, 0xe6, 0x00, 0x6e, 0xe2, 0x00, 0x29,
    0x20, 0x66, 0x00, 0x27, 0x10, 0x00, 0x02, 0x60,
    /* U+505A "做" */
    0x00, 0x00, 0x33, 0x00, 0x44, 0x00, 0x01, 0x71, 0x00, 0x00, 0x00, 0x00, 0xbc, 0x00, 0xca, 0x00,
    0x04, 0xf2, 0x00, 0x00, 0x00, 0x02, 0xf7, 0x00, 0xca, 0x00, 0x07, 0xe0, 0x00, 0x00, 0x00, 0x07,
    0xf2, 0x00, 0xca, 0x00, 0x0a, 0xb0, 0x00, 0x00, 0x00, 0x0d, 0xb3, 0x55, 0xdc, 0x55, 0x1d, 0xb4,
    0x44, 0x41, 0x00, 0x5f, 0x78, 0xff, 0xff, 0xff, 0x6f, 0xff, 0xff, 0xf3, 0x00, 0xdf, 0x70, 0x00,
    0xca, 0x00, 0x6f, 0x20, 0x2f, 0x30, 0x07, 0xff, 0x70, 0x00, 0xca, 0x00, 0xcf, 0x30, 0x4f, 0x10,
    0x3f, 0xaf, 0x70, 0x00, 0xca, 0x04, 0xfe, 0x50, 0x7d, 0x00, 0x7e, 0x1f, 0x70, 0x00, 0xca, 0x07,
    0xca, 0x80, 0x9a, 0x00, 0x04, 0x0f, 0x70, 0xff, 0xff, 0xfd, 0x27, 0xc0, 0xd8, 0x00, 0x00, 0x0f,
    0x70, 0xf8, 0x55, 0xad, 0x04, 0xf3, 0xf3, 0x00, 0x00, 0x0f, 0x70, 0xf5, 0x00, 0x7d, 0x00, 0xeb,
    0xd0, 0x00, 0x00, 0x0f, 0x70, 0xf5, 0x00, 0x7d, 0x00, 0x9f, 0x80, 0x00, 0x00, 0x0f, 0x70, 0xf5,
    0x00, 0x7d, 0x00, 0x6f, 0x40, 0x00, 0x00, 0x0f, 0x70, 0xf5, 0x00, 0x7d, 0x01, 0xef, 0xb0, 0x00,
    0x00, 0x0f, 0x70, 0xff, 0xff, 0xfd, 0x0b, 0xd5, 0xf6, 0x00, 0x00, 0x0f, 0x70, 0xf8, 0x55, 0x56,
    0xbf, 0x30, 0x9f, 0x60, 0x00, 0x0f, 0x70, 0xb3, 0x00, 0x1d, 0xe4, 0x00, 0x0a, 0xf3, 0x00, 0x0a,
    0x40, 0x00, 0x00, 0x05, 0x20, 0x00, 0x00, 0x60,
    /* U+5065 "健" */
    0x00, 0x00, 0x73, 0x00, 0x00, 0x00, 0x07, 0x40, 0x00, 0x00, 0x00, 0x02, 0xf5, 0x00, 0x01, 0x00,
    0x0c, 0x70, 0x00, 0x00, 0x00, 0x07, 0xf6, 0xff, 0xfd, 0x5f, 0xff, 0xff, 0xfc, 0x00, 0x00, 0x0c,
    0xb2, 0x55, 0xe9, 0x12, 0x2c, 0x82, 0x7c, 0x00, 0x00, 0x2f, 0x60, 0x04, 0xf3, 0x00, 0x0c, 0x70,
    0x6c, 0x00, 0x00, 0x9f, 0x30, 0x0a, 0xb3, 0xff, 0xff, 0xff, 0xff, 0xf3, 0x01, 0xff, 0x30, 0x3f,
    0x30, 0x33, 0x3c, 0x93, 0x8c, 0x31, 0x0a, 0xff, 0x30, 0xca, 0x00, 0x02, 0x2c, 0x82, 0x7c, 0x00,
    0x3f, 0x9f, 0x39, 0xff, 0xfd, 0x5f, 0xff, 0xff, 0xfc, 0x00, 0x0b, 0x2f, 0x35, 0x43, 0xac, 0x00,
    0x0c, 0x70, 0x00, 0x00, 0x01, 0x2f, 0x30, 0x00, 0xaa, 0x23, 0x3c, 0x93, 0x33, 0x00, 0x00, 0x2f,
    0x35, 0x40, 0xc8, 0x9f, 0xff, 0xff, 0xff, 0x20, 0x00, 0x2f, 0x38, 0xa0, 0xe5, 0x00, 0x0c, 0x70,
    0x00, 0x00, 0x00, 0x2f, 0x33, 0xe5, 0xf2, 0x33, 0x3c, 0x93, 0x33, 0x30, 0x00, 0x2f, 0x30, 0xce,
    0xc2, 0xff, 0xff, 0xff, 0xff, 0xc0, 0x00, 0x2f, 0x30, 0x4f, 0x80, 0x00, 0x0c, 0x70, 0x00, 0x00,
    0x00, 0x2f, 0x30, 0x8f, 0xf7, 0x00, 0x0c, 0x70, 0x00, 0x00, 0x00, 0x2f, 0x35, 0xf5, 0x6e, 0xd8,
    0x42, 0x10, 0x00, 0x00, 0x00, 0x2f, 0x7f, 0x90, 0x02, 0x8d, 0xff, 0xff, 0xff, 0xf1, 0x00, 0x19,
    0x25, 0x00, 0x00, 0x00, 0x13, 0x45, 0x55, 0x40,
    /* U+5098 "傘" */
    0x00, 0x00, 0x00, 0x00, 0x33, 0x00, 0x00, 0x00, 0x00, 0x00, 0x00, 0x00, 0x00, 0x3e, 0xe1, 0x00,
    0x00, 0x00, 0x00, 0x00, 0x00, 0x00, 0x6e, 0xff, 0x91, 0x00, 0x00, 0x00, 0x00, 0x00, 0x03, 0xbf,
    0xc2, 0x8f, 0xd6, 0x00, 0x00, 0x00, 0x00, 0x4b, 0xff, 0x80, 0x75, 0x4c, 0xfe, 0x83, 0x00, 0x0a,
    0xef, 0xfd, 0x70, 0x0d, 0x90, 0x08, 0xff, 0xfe, 0xa1, 0xad, 0x72, 0xe7, 0x00, 0xd9, 0x00, 0xd9,
    0x38, 0xc9, 0x01, 0x00, 0x9f, 0xa1, 0x0d, 0x90, 0x6f, 0xa1, 0x00, 0x00, 0x01, 0xae, 0x4a, 0xd3,
    0xd9, 0x5f, 0x8b, 0xe5, 0x00, 0x00, 0xad, 0x34, 0x28, 0x8d, 0xbe, 0x91, 0x17, 0xf3, 0x00, 0x01,
    0x13, 0xf5, 0x00, 0xd9, 0x20, 0xbb, 0x02, 0x00, 0x00, 0x00, 0xbf, 0x80, 0x0d, 0x90, 0x4f, 0xb2,
    0x00, 0x00, 0x01, 0xbd, 0x4d, 0xc2, 0xd9, 0x3e, 0xab, 0xe5, 0x00, 0x00, 0xcc, 0x20, 0x1b, 0x6d,
    0xae, 0xa0, 0x06, 0xf6, 0x00, 0x16, 0x55, 0x55, 0x55, 0xeb, 0x75, 0x55, 0x58, 0x50, 0x05, 0xff,
    0xff, 0xff, 0xff, 0xff, 0xff, 0xff, 0xff, 0x20, 0x00, 0x00, 0x00, 0x00, 0xd9, 0x00, 0x00, 0x00,
    0x00, 0x00, 0x00, 0x00, 0x00, 0x0d, 0x90, 0x00, 0x00, 0x00, 0x00, 0x00, 0x00, 0x00, 0x00, 0xd9,
    0x00, 0x00, 0x00, 0x00, 0x00, 0x00, 0x00, 0x00, 0x0a, 0x70, 0x00, 0x00, 0x00, 0x00,
    /* U+5143 "元" */
    0x01, 0xff, 0xff, 0xff, 0xff, 0xff, 0xff, 0xff, 0x20, 0x00, 0x07, 0x77, 0x77, 0x77, 0x77, 0x77,
    0x77, 0x71, 0x00, 0x00, 0x00, 0x00, 0x00, 0x00, 0x00, 0x00, 0x00, 0x00, 0x00, 0x00, 0x00, 0x00,
    0x00, 0x00, 0x00, 0x00, 0x00, 0x00, 0x00, 0x00, 0x00, 0x00, 0x00, 0x00, 0x00, 0x00, 0x00, 0x00,
    0x00, 0x00, 0x00, 0x00, 0x00, 0x00, 0x00, 0x00, 0x00, 0xcf, 0xff, 0xff, 0xff, 0xff, 0xff, 0xff,
    0xff, 0xfd, 0x06, 0x77, 0x77, 0xde, 0x77, 0x7a, 0xf9, 0x77, 0x77, 0x60, 0x00, 0x00, 0x0d, 0xb0,
    0x00, 0x5f, 0x30, 0x00, 0x00, 0x00, 0x00, 0x00, 0xf9, 0x00, 0x05, 0xf3, 0x00, 0x00, 0x00, 0x00,
    0x00, 0x2f, 0x70, 0x00, 0x5f, 0x30, 0x00, 0x00, 0x00, 0x00, 0x07, 0xf3, 0x00, 0x05, 0xf3, 0x00,
    0x00, 0x00, 0x00, 0x00, 0xcd, 0x00, 0x00, 0x5f, 0x30, 0x00, 0x37, 0x00, 0x00, 0x5f, 0x80, 0x00,
    0x05, 0xf3, 0x00, 0x05, 0xf1, 0x00, 0x2e, 0xc0, 0x00, 0x00, 0x5f, 0x30, 0x00, 0x6f, 0x00, 0x4d,
    0xe2, 0x00, 0x00, 0x05, 0xf5, 0x00, 0x09, 0xd0, 0xaf, 0xd3, 0x00, 0x00, 0x00, 0x2f, 0xff, 0xff,
    0xf7, 0x04, 0x60, 0x00, 0x00, 0x00, 0x00, 0x26, 0x66, 0x64, 0x00,
    /* U+5144 "兄" */
    0x00, 0x06, 0x77, 0x77, 0x77, 0x77, 0x77, 0x77, 0x70, 0x00, 0x00, 0x0c, 0xff, 0xff, 0xff, 0xff,
    0xff, 0xff, 0xf0, 0x00, 0x00, 0x0c, 0xa0, 0x00, 0x00, 0x00, 0x00, 0x09, 0xf0, 0x00, 0x00, 0x0c,
    0xa0, 0x00, 0x00, 0x00, 0x00, 0x09, 0xf0, 0x00, 0x00, 0x0c, 0xa0, 0x00, 0x00, 0x00, 0x00, 0x09,
    0xf0, 0x00, 0x00, 0x0c, 0xa0, 0x00, 0x00, 0x00, 0x00, 0x09, 0xf0, 0x00, 0x00, 0x0c, 0xa0, 0x00,
    0x00, 0x00, 0x00, 0x09, 0xf0, 0x00, 0x00, 0x0c, 0xd7, 0x77, 0x77, 0x77, 0x77, 0x7c, 0xf0, 0x00,
    0x00, 0x0c, 0xff, 0xff, 0xff, 0xff, 0xff, 0xff, 0xf0, 0x00, 0x00, 0x00, 0x00, 0xbd, 0x00, 0x07,
    0xf0, 0x00, 0x00, 0x00, 0x00, 0x00, 0x00, 0xdb, 0x00, 0x07, 0xf0, 0x00, 0x00, 0x00, 0x00, 0x00,
    0x00, 0xf9, 0x00, 0x07, 0xf0, 0x00, 0x00, 0x00, 0x00, 0x00, 0x04, 0xf6, 0x00, 0x07, 0xf0, 0x00,
    0x00, 0x00, 0x00, 0x00, 0x0a, 0xf1, 0x00, 0x07, 0xf0, 0x00, 0x03, 0x81, 0x00, 0x00, 0x3f, 0xb0,
    0x00, 0x07, 0xf0, 0x00, 0x04, 0xf2, 0x00, 0x02, 0xdf, 0x30, 0x00, 0x07, 0xf0, 0x00, 0x05, 0xf1,
    0x01, 0x7e, 0xf5, 0x00, 0x00, 0x07, 0xf2, 0x00, 0x09, 0xd0, 0x1e, 0xfd, 0x40, 0x00, 0x00, 0x04,
    0xff, 0xff, 0xff, 0x80, 0x05, 0x50, 0x00, 0x00, 0x00, 0x00, 0x36, 0x66, 0x65, 0x00,
    /* U+5148 "先" */
    0x00, 0x00, 0x10, 0x00, 0x87, 0x00, 0x00, 0x00, 0x00, 0x00, 0x00, 0x5f, 0x40, 0x0b, 0xb0, 0x00,
    0x00, 0x00, 0x00, 0x00, 0x09, 0xf1, 0x00, 0xbb, 0x00, 0x00, 0x00, 0x00, 0x00, 0x00, 0xed, 0x77,
    0x7d, 0xd7, 0x77, 0x77, 0x72, 0x00, 0x00, 0x5f, 0xff, 0xff, 0xff, 0xff, 0xff, 0xff, 0x50, 0x00,
    0x0c, 0xd0, 0x00, 0x0b, 0xb0, 0x00, 0x00, 0x00, 0x00, 0x05, 0xf7, 0x00, 0x00, 0xbb, 0x00, 0x00,
    0x00, 0x00, 0x00, 0xbd, 0x00, 0x00, 0x0b, 0xb0, 0x00, 0x00, 0x00, 0x00, 0x01, 0x30, 0x00, 0x00,
    0xbb, 0x00, 0x00, 0x00, 0x00, 0x05, 0x77, 0x77, 0x77, 0x7d, 0xd7, 0x77, 0x77, 0x77, 0x50, 0xcf,
    0xff, 0xff, 0xff, 0xff, 0xff, 0xff, 0xff, 0xfc, 0x00, 0x00, 0x00, 0xae, 0x00, 0x03, 0xf5, 0x00,
    0x00, 0x00, 0x00, 0x00, 0x0c, 0xb0, 0x00, 0x3f, 0x50, 0x00, 0x00, 0x00, 0x00, 0x01, 0xf9, 0x00,
    0x03, 0xf5, 0x00, 0x00, 0x00, 0x00, 0x00, 0x6f, 0x40, 0x00, 0x3f, 0x50, 0x00, 0x00, 0x00, 0x00,
    0x0c, 0xd0, 0x00, 0x03, 0xf5, 0x00, 0x05, 0xc0, 0x00, 0x0a, 0xf5, 0x00, 0x00, 0x3f, 0x50, 0x00,
    0x6f, 0x00, 0x1a, 0xf8, 0x00, 0x00, 0x02, 0xf6, 0x00, 0x09, 0xd0, 0x9e, 0xf8, 0x00, 0x00, 0x00,
    0x1e, 0xff, 0xff, 0xf8, 0x05, 0x92, 0x00, 0x00, 0x00, 0x00, 0x26, 0x77, 0x75, 0x00,
    /* U+5165 "入" */
    0x00, 0x00, 0x00, 0x64, 0x00, 0x00, 0x00, 0x00, 0x00, 0x00, 0x00, 0x00, 0x00, 0xdf, 0x60, 0x00,
    0x00, 0x00, 0x00, 0x00, 0x00, 0x00, 0x00, 0x1c, 0xf5, 0x00, 0x00, 0x00, 0x00, 0x00, 0x00, 0x00,
    0x00, 0x01, 0xde, 0x20, 0x00, 0x00, 0x00, 0x00, 0x00, 0x00, 0x00, 0x00, 0x2f, 0xc0, 0x00, 0x00,
    0x00, 0x00, 0x00, 0x00, 0x00, 0x00, 0x2f, 0xf5, 0x00, 0x00, 0x00, 0x00, 0x00, 0x00, 0x00, 0x00,
    0x7f, 0xed, 0x00, 0x00, 0x00, 0x00, 0x00, 0x00, 0x00, 0x00, 0xbf, 0x5f, 0x70, 0x00, 0x00, 0x00,
    0x00, 0x00, 0x00, 0x01, 0xfa, 0x0b, 0xe1, 0x00, 0x00, 0x00, 0x00, 0x00, 0x00, 0x08, 0xf4, 0x03,
    0xf9, 0x00, 0x00, 0x00, 0x00, 0x00, 0x00, 0x1e, 0xd0, 0x00, 0xbf, 0x30, 0x00, 0x00, 0x00, 0x00,
    0x00, 0x9f, 0x50, 0x00, 0x3f, 0xb0, 0x00, 0x00, 0x00, 0x00, 0x04, 0xfb, 0x00, 0x00, 0x0a, 0xf5,
    0x00, 0x00, 0x00, 0x00, 0x3e, 0xe3, 0x00, 0x00, 0x01, 0xee, 0x30, 0x00, 0x00, 0x02, 0xdf, 0x40,
    0x00, 0x00, 0x00, 0x4f, 0xd2, 0x00, 0x00, 0x6e, 0xf6, 0x00, 0x00, 0x00, 0x00, 0x07, 0xfe, 0x50,
    0x0a, 0xfe, 0x50, 0x00, 0x00, 0x00, 0x00, 0x00, 0x7f, 0xf2, 0x05, 0xb2, 0x00, 0x00, 0x00, 0x00,
    0x00, 0x00, 0x04, 0x90,
    /* U+5168 "全" */
    0x00, 0x00, 0x00, 0x00, 0x06, 0x90, 0x00, 0x00, 0x00, 0x00, 0x00, 0x00, 0x00, 0x00, 0x3f, 0xe2,
    0x00, 0x00, 0x00, 0x00, 0x00, 0x00, 0x00, 0x01, 0xdd, 0xdd, 0x10, 0x00, 0x00, 0x00, 0x00, 0x00,
    0x00, 0x1d, 0xd2, 0x2d, 0xc1, 0x00, 0x00, 0x00, 0x00, 0x00, 0x02, 0xde, 0x30, 0x02, 0xdd, 0x30,
    0x00, 0x00, 0x00, 0x00, 0x4e, 0xe3, 0x00, 0x00, 0x2d, 0xe6, 0x00, 0x00, 0x00, 0x18, 0xfc, 0x20,
    0x00, 0x00, 0x01, 0xbf, 0xb2, 0x00, 0x05, 0xdf, 0x90, 0x00, 0x00, 0x00, 0x00, 0x07, 0xfe, 0x60,
    0x3f, 0xd5, 0xff, 0xff, 0xff, 0xff, 0xff, 0xff, 0x6d, 0xf4, 0x03, 0x00, 0x55, 0x55, 0x5d, 0xd5,
    0x55, 0x55, 0x10, 0x40, 0x00, 0x00, 0x00, 0x00, 0x0c, 0xc0, 0x00, 0x00, 0x00, 0x00, 0x00, 0x00,
    0x00, 0x00, 0x0c, 0xc0, 0x00, 0x00, 0x00, 0x00, 0x00, 0x00, 0x55, 0x55, 0x5d, 0xd5, 0x55, 0x55,
    0x10, 0x00, 0x00, 0x00, 0xef, 0xff, 0xff, 0xff, 0xff, 0xff, 0x30, 0x00, 0x00, 0x00, 0x00, 0x00,
    0x0c, 0xc0, 0x00, 0x00, 0x00, 0x00, 0x00, 0x00, 0x00, 0x00, 0x0c, 0xc0, 0x00, 0x00, 0x00, 0x00,
    0x00, 0x00, 0x00, 0x00, 0x0c, 0xc0, 0x00, 0x00, 0x00, 0x00, 0x03, 0x55, 0x55, 0x55, 0x5d, 0xd5,
    0x55, 0x55, 0x55, 0x30, 0x07, 0xff, 0xff, 0xff, 0xff, 0xff, 0xff, 0xff, 0xff, 0x90,
    /* U+516B "八" */
    0x00, 0x00, 0x00, 0x53, 0x00, 0x03, 0xc3, 0x00, 0x00, 0x00, 0x00, 0x00, 0x00, 0xfa, 0x00, 0x03,
    0xf4, 0x00, 0x00, 0x00, 0x00, 0x00, 0x02, 0xf8, 0x00, 0x01, 0xf6, 0x00, 0x00, 0x00, 0x00, 0x00,
    0x03, 0xf6, 0x00, 0x00, 0xe8, 0x00, 0x00, 0x00, 0x00, 0x00, 0x05, 0xf4, 0x00, 0x00, 0xca, 0x00,
    0x00, 0x00, 0x00, 0x00, 0x07, 0xf2, 0x00, 0x00, 0x9d, 0x00, 0x00, 0x00, 0x00, 0x00, 0x0a, 0xd0,
    0x00, 0x00, 0x6f, 0x20, 0x00, 0x00, 0x00, 0x00, 0x0e, 0xa0, 0x00, 0x00, 0x3f, 0x60, 0x00, 0x00,
    0x00, 0x00, 0x2f, 0x70, 0x00, 0x00, 0x0d, 0xa0, 0x00, 0x00, 0x00, 0x00, 0x6f, 0x30, 0x00, 0x00,
    0x09, 0xe1, 0x00, 0x00, 0x00, 0x00, 0xdc, 0x00, 0x00, 0x00, 0x03, 0xf7, 0x00, 0x00, 0x00, 0x04,
    0xf6, 0x00, 0x00, 0x00, 0x00, 0xcd, 0x00, 0x00, 0x00, 0x0a, 0xe1, 0x00, 0x00, 0x00, 0x00, 0x5f,
    0x70, 0x00, 0x00, 0x4f, 0x80, 0x00, 0x00, 0x00, 0x00, 0x0b, 0xf3, 0x00, 0x02, 0xed, 0x10, 0x00,
    0x00, 0x00, 0x00, 0x02, 0xed, 0x20, 0x2d, 0xe3, 0x00, 0x00, 0x00, 0x00, 0x00, 0x00, 0x5f, 0xd2,
    0x0a, 0x40, 0x00, 0x00, 0x00, 0x00, 0x00, 0x00, 0x05, 0xa1,
    /* U+516C "公" */
    0x00, 0x00, 0x06, 0x60, 0x00, 0x08, 0x60, 0x00, 0x00, 0x00, 0x00, 0x02, 0xfb, 0x00, 0x00, 0xbe,
    0x20, 0x00, 0x00, 0x00, 0x00, 0x8f, 0x40, 0x00, 0x03, 0xfa, 0x00, 0x00, 0x00, 0x00, 0x3f, 0xb0,
    0x00, 0x00, 0x08, 0xf6, 0x00, 0x00, 0x00, 0x0c, 0xf2, 0x00, 0x00, 0x00, 0x0c, 0xe3, 0x00, 0x00,
    0x09, 0xf7, 0x00, 0x00, 0x00, 0x00, 0x3e, 0xd1, 0x00, 0x06, 0xfb, 0x00, 0x02, 0xe8, 0x00, 0x00,
    0x5f, 0xc1, 0x07, 0xfc, 0x10, 0x00, 0x9f, 0x50, 0x00, 0x00, 0x7f, 0xd1, 0x6c, 0x10, 0x00, 0x2f,
    0xb0, 0x00, 0x00, 0x00, 0x89, 0x00, 0x00, 0x00, 0x0b, 0xf2, 0x00, 0x00, 0x00, 0x00, 0x00, 0x00,
    0x00, 0x06, 0xf8, 0x00, 0x01, 0x60, 0x00, 0x00, 0x00, 0x00, 0x02, 0xec, 0x00, 0x00, 0x7f, 0x70,
    0x00, 0x00, 0x00, 0x00, 0xbe, 0x20, 0x00, 0x00, 0xbf, 0x30, 0x00, 0x00, 0x00, 0x8f, 0x50, 0x00,
    0x00, 0x01, 0xdd, 0x10, 0x00, 0x00, 0x6f, 0xa2, 0x34, 0x56, 0x78, 0x9c, 0xfa, 0x00, 0x00, 0x3f,
    0xff, 0xff, 0xff, 0xff, 0xfe, 0xdd, 0xf6, 0x00, 0x00, 0xa9, 0x76, 0x54, 0x32, 0x10, 0x00, 0x1d,
    0xe1, 0x00, 0x00, 0x00, 0x00, 0x00, 0x00, 0x00, 0x00, 0x5b, 0x20,
    /* U+516D "六" */
    0x00, 0x00, 0x00, 0x00, 0x25, 0x00, 0x00, 0x00, 0x00, 0x00, 0x00, 0x00, 0x00, 0x0a, 0xf2, 0x00,
    0x00, 0x00, 0x00, 0x00, 0x00, 0x00, 0x00, 0x3f, 0x90, 0x00, 0x00, 0x00, 0x00, 0x00, 0x00, 0x00,
    0x00, 0xcf, 0x10, 0x00, 0x00, 0x00, 0x00, 0x00, 0x00, 0x00, 0x06, 0xf6, 0x00, 0x00, 0x00, 0x00,
    0x00, 0x00, 0x00, 0x00, 0x15, 0x00, 0x00, 0x00, 0x00, 0x0d, 0xff, 0xff, 0xff, 0xff, 0xff, 0xff,
    0xff, 0xff, 0xe0, 0x78, 0x88, 0x88, 0x88, 0x88, 0x88, 0x88, 0x88, 0x88, 0x00, 0x00, 0x00, 0x00,
    0x00, 0x00, 0x00, 0x00, 0x00, 0x00, 0x00, 0x00, 0x00, 0x00, 0x00, 0x00, 0x10, 0x00, 0x00, 0x00,
    0x00, 0x02, 0xd6, 0x00, 0x00, 0x9d, 0x10, 0x00, 0x00, 0x00, 0x00, 0xaf, 0x40, 0x00, 0x04, 0xf9,
    0x00, 0x00, 0x00, 0x00, 0x3f, 0xc0, 0x00, 0x00, 0x0a, 0xf4, 0x00, 0x00, 0x00, 0x0b, 0xf4, 0x00,
    0x00, 0x00, 0x1e, 0xd1, 0x00, 0x00, 0x04, 0xfb, 0x00, 0x00, 0x00, 0x00, 0x6f, 0x90, 0x00, 0x01,
    0xdf, 0x30, 0x00, 0x00, 0x00, 0x00, 0xbf, 0x30, 0x00, 0x9f, 0x80, 0x00, 0x00, 0x00, 0x00, 0x03,
    0xfc, 0x00, 0x5f, 0xd0, 0x00, 0x00, 0x00, 0x00, 0x00, 0x09, 0xf6, 0x0c, 0xe3, 0x00, 0x00, 0x00,
    0x00, 0x00, 0x00, 0x1e, 0xb0, 0x14, 0x00, 0x00, 0x00, 0x00, 0x00, 0x00, 0x00, 0x30,
    /* U+5173 "关" */
    0x00, 0x00, 0x30, 0x00, 0x00, 0x00, 0x05, 0x10, 0x00, 0x00, 0x00, 0x4f, 0x50, 0x00, 0x00, 0x03,
    0xf9, 0x00, 0x00, 0x00, 0x00, 0xbe, 0x10, 0x00, 0x00, 0xae, 0x10, 0x00, 0x00, 0x00, 0x03, 0xf7,
    0x00, 0x00, 0x3f, 0x70, 0x00, 0x00, 0x00, 0x00, 0x0a, 0x50, 0x00, 0x0b, 0xd0, 0x00, 0x00, 0x00,
    0x6f, 0xff, 0xff, 0xff, 0xff, 0xff, 0xff, 0xf9, 0x00, 0x03, 0x88, 0x88, 0x88, 0xde, 0x88, 0x88,
    0x88, 0x50, 0x00, 0x00, 0x00, 0x00, 0x0c, 0xe0, 0x00, 0x00, 0x00, 0x00, 0x00, 0x00, 0x00, 0x00,
    0xce, 0x00, 0x00, 0x00, 0x00, 0x00, 0x00, 0x00, 0x00, 0x0c, 0xd0, 0x00, 0x00, 0x00, 0x00, 0xaf,
    0xff, 0xff, 0xff, 0xff, 0xff, 0xff, 0xff, 0xfb, 0x05, 0x77, 0x77, 0x77, 0x9f, 0xfb, 0x77, 0x77,
    0x77, 0x50, 0x00, 0x00, 0x00, 0x08, 0xfe, 0xd1, 0x00, 0x00, 0x00, 0x00, 0x00, 0x00, 0x02, 0xed,
    0x4f, 0x80, 0x00, 0x00, 0x00, 0x00, 0x00, 0x01, 0xdf, 0x50, 0x9f, 0x60, 0x00, 0x00, 0x00, 0x00,
    0x02, 0xcf, 0x80, 0x01, 0xcf, 0x70, 0x00, 0x00, 0x00, 0x06, 0xef, 0x80, 0x00, 0x01, 0xcf, 0xb2,
    0x00, 0x01, 0x6d, 0xfe, 0x40, 0x00, 0x00, 0x01, 0xaf, 0xfa, 0x50, 0xbf, 0xe8, 0x10, 0x00, 0x00,
    0x00, 0x00, 0x5c, 0xfc, 0x02, 0x61, 0x00, 0x00, 0x00, 0x00, 0x00, 0x00, 0x04, 0x20,
    /* U+518D "再" */
    0x03, 0x66, 0x66, 0x66, 0x66, 0x66, 0x66, 0x66, 0x66, 0x30, 0x07, 0xff, 0xff, 0xff, 0xff, 0xff,
    0xff, 0xff, 0xff, 0x70, 0x00, 0x00, 0x00, 0x00, 0x0d, 0xa0, 0x00, 0x00, 0x00, 0x00, 0x00, 0x00,
    0x00, 0x00, 0x0d, 0xa0, 0x00, 0x00, 0x00, 0x00, 0x00, 0x0d, 0xff, 0xff, 0xff, 0xff, 0xff, 0xff,
    0xc0, 0x00, 0x00, 0x0d, 0xc6, 0x66, 0x6e, 0xc6, 0x66, 0x6c, 0xc0, 0x00, 0x00, 0x0d, 0xa0, 0x00,
    0x0d, 0xa0, 0x00, 0x0a, 0xc0, 0x00, 0x00, 0x0d, 0xa0, 0x00, 0x0d, 0xa0, 0x00, 0x0a, 0xc0, 0x00,
    0x00, 0x0d, 0xff, 0xff, 0xff, 0xff, 0xff, 0xff, 0xc0, 0x00, 0x00, 0x0d, 0xb5, 0x55, 0x5d, 0xc5,
    0x55, 0x5c, 0xc0, 0x00, 0x00, 0x0d, 0xa0, 0x00, 0x0d, 0xa0, 0x00, 0x0a, 0xc0, 0x00, 0x00, 0x0d,
    0xa0, 0x00, 0x0d, 0xa0, 0x00, 0x0a, 0xc0, 0x00, 0x3f, 0xff, 0xff, 0xff, 0xff, 0xff, 0xff, 0xff,
    0xff, 0xf3, 0x16, 0x6e, 0xc6, 0x66, 0x66, 0x66, 0x66, 0x6c, 0xd6, 0x61, 0x00, 0x0d, 0xa0, 0x00,
    0x00, 0x00, 0x00, 0x0a, 0xc0, 0x00, 0x00, 0x0d, 0xa0, 0x00, 0x00, 0x00, 0x00, 0x0a, 0xc0, 0x00,
    0x00, 0x0d, 0xa0, 0x00, 0x00, 0x00, 0x00, 0x0b, 0xc0, 0x00, 0x00, 0x0d, 0xa0, 0x00, 0x00, 0x00,
    0xde, 0xef, 0x90, 0x00, 0x00, 0x06, 0x40, 0x00, 0x00, 0x00, 0x47, 0x64, 0x00, 0x00,
    /* U+5199 "写" */
    0x36, 0x66, 0x66, 0x66, 0x66, 0x66, 0x66, 0x66, 0x63, 0x7f, 0xff, 0xff, 0xff, 0xff, 0xff, 0xff,
    0xff, 0xf7, 0x7f, 0x10, 0x2f, 0x60, 0x00, 0x00, 0x00, 0x02, 0xf7, 0x7f, 0x10, 0x5f, 0x40, 0x00,
    0x00, 0x00, 0x02, 0xf7, 0x00, 0x00, 0x7f, 0x65, 0x55, 0x55, 0x55, 0x50, 0x00, 0x00, 0x00, 0xaf,
    0xff, 0xff, 0xff, 0xff, 0xf0, 0x00, 0x00, 0x00, 0xda, 0x00, 0x00, 0x00, 0x00, 0x00, 0x00, 0x00,
    0x01, 0xf7, 0x00, 0x00, 0x00, 0x00, 0x00, 0x00, 0x00, 0x04, 0xf4, 0x00, 0x00, 0x00, 0x00, 0x00,
    0x00, 0x00, 0x08, 0xff, 0xff, 0xff, 0xff, 0xff, 0xf7, 0x00, 0x00, 0x04, 0x66, 0x66, 0x66, 0x66,
    0x67, 0xf6, 0x00, 0x00, 0x00, 0x00, 0x00, 0x00, 0x00, 0x04, 0xf4, 0x00, 0x16, 0x66, 0x66, 0x66,
    0x66, 0x66, 0x15, 0xf2, 0x00, 0x3f, 0xff, 0xff, 0xff, 0xff, 0xff, 0x27, 0xf0, 0x00, 0x00, 0x00,
    0x00, 0x00, 0x00, 0x00, 0x0a, 0xd0, 0x00, 0x00, 0x00, 0x00, 0x00, 0x00, 0x00, 0x0e, 0xa0, 0x00,
    0x00, 0x00, 0x00, 0x00, 0x11, 0x00, 0x6f, 0x60, 0x00, 0x00, 0x00, 0x00, 0x00, 0x7f, 0xff, 0xfc,
    0x00, 0x00, 0x00, 0x00, 0x00, 0x00, 0x15, 0x55, 0x40, 0x00, 0x00,
    /* U+51B7 "冷" */
    0x00, 0x00, 0x00, 0x00, 0x00, 0x04, 0x71, 0x00, 0x00, 0x00, 0x06, 0x60, 0x00, 0x00, 0x00, 0x0d,
    0xf1, 0x00, 0x00, 0x00, 0x09, 0xf2, 0x00, 0x00, 0x00, 0x7f, 0xf9, 0x00, 0x00, 0x00, 0x01, 0xec,
    0x00, 0x00, 0x04, 0xfa, 0x5f, 0x50, 0x00, 0x00, 0x00, 0x6f, 0x50, 0x00, 0x2e, 0xc0, 0x08, 0xf4,
    0x00, 0x00, 0x00, 0x0d, 0xc0, 0x02, 0xee, 0x20, 0x00, 0xbe, 0x40, 0x00, 0x00, 0x03, 0x10, 0x4e,
    0xe3, 0x2a, 0x20, 0x1c, 0xf6, 0x00, 0x00, 0x00, 0x08, 0xfc, 0x20, 0x1c, 0xd1, 0x01, 0xcf, 0xb0,
    0x00, 0x00, 0x08, 0xa1, 0x00, 0x02, 0xe8, 0x00, 0x09, 0x60, 0x00, 0x00, 0x00, 0x00, 0x00, 0x00,
    0x20, 0x00, 0x00, 0x00, 0x00, 0x02, 0x20, 0x0d, 0xff, 0xff, 0xff, 0xff, 0xe3, 0x00, 0x00, 0x0a,
    0xd0, 0x05, 0x66, 0x66, 0x66, 0x7e, 0xd1, 0x00, 0x00, 0x1e, 0x90, 0x00, 0x00, 0x00, 0x00, 0x9f,
    0x40, 0x00, 0x00, 0x6f, 0x30, 0x00, 0x00, 0x00, 0x05, 0xf8, 0x00, 0x00, 0x00, 0xcd, 0x00, 0x00,
    0x19, 0x20, 0x3e, 0xb0, 0x00, 0x00, 0x03, 0xf7, 0x00, 0x00, 0x2d, 0xe7, 0xed, 0x10, 0x00, 0x00,
    0x0a, 0xf1, 0x00, 0x00, 0x01, 0xaf, 0xf2, 0x00, 0x00, 0x00, 0x1f, 0xa0, 0x00, 0x00, 0x00, 0x07,
    0xfb, 0x10, 0x00, 0x00, 0x03, 0x30, 0x00, 0x00, 0x00, 0x00, 0x5f, 0xc0, 0x00, 0x00, 0x00, 0x00,
    0x00, 0x00, 0x00, 0x00, 0x04, 0x30, 0x00, 0x00,
    /* U+51C0 "净" */
    0x00, 0x00, 0x00, 0x00, 0x75, 0x00, 0x00, 0x00, 0x00, 0x07, 0x60, 0x00, 0x00, 0x3f, 0x70, 0x00,
    0x00, 0x00, 0x00, 0x9f, 0x20, 0x00, 0x0b, 0xff, 0xff, 0xff, 0x50, 0x00, 0x01, 0xec, 0x00, 0x04,
    0xf8, 0x55, 0x5b, 0xf2, 0x00, 0x00, 0x06, 0xf5, 0x01, 0xdc, 0x00, 0x01, 0xe8, 0x00, 0x00, 0x00,
    0x0d, 0xd0, 0xbf, 0x30, 0x00, 0x9e, 0x10, 0x00, 0x00, 0x00, 0x57, 0x9f, 0xff, 0xff, 0xff, 0xff,
    0xff, 0x80, 0x00, 0x00, 0x02, 0x74, 0x55, 0x5d, 0xb5, 0x55, 0xe8, 0x00, 0x00, 0x00, 0x00, 0x00,
    0x00, 0xca, 0x00, 0x0d, 0x80, 0x00, 0x00, 0x03, 0x55, 0x55, 0x5d, 0xc5, 0x55, 0xeb, 0x51, 0x00,
    0x00, 0x7f, 0xff, 0xff, 0xff, 0xff, 0xff, 0xff, 0x20, 0x03, 0xb2, 0x00, 0x00, 0x0c, 0xa0, 0x00,
    0xd8, 0x00, 0x00, 0x9f, 0x10, 0x00, 0x00, 0xca, 0x00, 0x0d, 0x80, 0x00, 0x1e, 0x90, 0x5f, 0xff,
    0xff, 0xff, 0xff, 0xf8, 0x00, 0x07, 0xf3, 0x02, 0x66, 0x66, 0xdc, 0x66, 0x6e, 0x80, 0x00, 0xdc,
    0x00, 0x00, 0x00, 0x0c, 0xa0, 0x00, 0x32, 0x00, 0x6f, 0x50, 0x00, 0x00, 0x00, 0xca, 0x00, 0x00,
    0x00, 0x0d, 0xe0, 0x00, 0x00, 0x00, 0x0d, 0x90, 0x00, 0x00, 0x00, 0x24, 0x00, 0x00, 0x0a, 0xff,
    0xf6, 0x00, 0x00, 0x00, 0x00, 0x00, 0x00, 0x00, 0x36, 0x63, 0x00, 0x00, 0x00, 0x00,
    /* U+51FA "出" */
    0x00, 0x00, 0x00, 0x08, 0x70, 0x00, 0x00, 0x00, 0x00, 0x00, 0x00, 0x0d, 0xc0, 0x00, 0x00, 0x00,
    0x0b, 0x60, 0x00, 0x0d, 0xc0, 0x00, 0x06, 0xb1, 0x0f, 0x80, 0x00, 0x0d, 0xc0, 0x00, 0x08, 0xf1,
    0x0f, 0x80, 0x00, 0x0d, 0xc0, 0x00, 0x08, 0xf1, 0x0f, 0x80, 0x00, 0x0d, 0xc0, 0x00, 0x08, 0xf1,
    0x0f, 0x80, 0x00, 0x0d, 0xc0, 0x00, 0x08, 0xf1, 0x0f, 0x80, 0x00, 0x0d, 0xc0, 0x00, 0x08, 0xf1,
    0x0f, 0xff, 0xff, 0xff, 0xff, 0xff, 0xff, 0xf1, 0x07, 0x77, 0x77, 0x7e, 0xd7, 0x77, 0x77, 0x71,
    0x22, 0x00, 0x00, 0x0d, 0xc0, 0x00, 0x00, 0x22, 0xeb, 0x00, 0x00, 0x0d, 0xc0, 0x00, 0x00, 0xbd,
    0xeb, 0x00, 0x00, 0x0d, 0xc0, 0x00, 0x00, 0xbd, 0xeb, 0x00, 0x00, 0x0d, 0xc0, 0x00, 0x00, 0xbd,
    0xeb, 0x00, 0x00, 0x0d, 0xc0, 0x00, 0x00, 0xbd, 0xeb, 0x00, 0x00, 0x0d, 0xc0, 0x00, 0x00, 0xbd,
    0xeb, 0x00, 0x00, 0x0d, 0xc0, 0x00, 0x00, 0xbd, 0xef, 0xff, 0xff, 0xff, 0xff, 0xff, 0xff, 0xfd,
    0x78, 0x88, 0x88, 0x88, 0x88, 0x88, 0x88, 0xdd, 0x00, 0x00, 0x00, 0x00, 0x00, 0x00, 0x00, 0x79,
    /* U+5206 "分" */
    0x00, 0x00, 0x00, 0x10, 0x00, 0x00, 0x01, 0x00, 0x00, 0x00, 0x00, 0x00, 0x00, 0xcc, 0x00, 0x00,
    0xac, 0x00, 0x00, 0x00, 0x00, 0x00, 0x04, 0xf7, 0x00, 0x00, 0x5f, 0x50, 0x00, 0x00, 0x00, 0x00,
    0x0b, 0xe1, 0x00, 0x00, 0x0c, 0xd1, 0x00, 0x00, 0x00, 0x00, 0x5f, 0x80, 0x00, 0x00, 0x04, 0xf9,
    0x00, 0x00, 0x00, 0x01, 0xde, 0x10, 0x00, 0x00, 0x00, 0x9f, 0x50, 0x00, 0x00, 0x0b, 0xf4, 0x00,
    0x00, 0x00, 0x00, 0x1d, 0xe2, 0x00, 0x00, 0x9f, 0x80, 0x00, 0x00, 0x00, 0x00, 0x03, 0xfd, 0x20,
    0x0a, 0xfe, 0x77, 0x77, 0x77, 0x77, 0x77, 0x77, 0x7f, 0xd1, 0x08, 0xb5, 0xff, 0xff, 0xff, 0xff,
    0xff, 0xff, 0x36, 0x60, 0x00, 0x00, 0x00, 0x08, 0xf1, 0x00, 0x00, 0x6f, 0x20, 0x00, 0x00, 0x00,
    0x00, 0x0b, 0xd0, 0x00, 0x00, 0x7f, 0x10, 0x00, 0x00, 0x00, 0x00, 0x0e, 0xa0, 0x00, 0x00, 0x8f,
    0x10, 0x00, 0x00, 0x00, 0x00, 0x5f, 0x50, 0x00, 0x00, 0x9f, 0x00, 0x00, 0x00, 0x00, 0x00, 0xbe,
    0x00, 0x00, 0x00, 0xad, 0x00, 0x00, 0x00, 0x00, 0x07, 0xf7, 0x00, 0x00, 0x00, 0xcc, 0x00, 0x00,
    0x00, 0x00, 0x6f, 0xc0, 0x00, 0x00, 0x00, 0xea, 0x00, 0x00, 0x00, 0x19, 0xfc, 0x10, 0x00, 0x10,
    0x05, 0xf7, 0x00, 0x00, 0x06, 0xff, 0x91, 0x00, 0x01, 0xff, 0xff, 0xe1, 0x00, 0x00, 0x01, 0x82,
    0x00, 0x00, 0x00, 0x57, 0x76, 0x20, 0x00, 0x00,
    /* U+5207 "切" */
    0x00, 0x0c, 0x90, 0x00, 0x00, 0x00, 0x00, 0x00, 0x00, 0x00, 0x00, 0xc9, 0x00, 0x09, 0xff, 0xff,
    0xff, 0xff, 0xfc, 0x00, 0x0c, 0x90, 0x00, 0x47, 0x7a, 0xf8, 0x77, 0x7d, 0xb0, 0x00, 0xc9, 0x00,
    0x00, 0x00, 0x7f, 0x10, 0x00, 0xcb, 0x00, 0x0c, 0xa5, 0x8c, 0x70, 0x07, 0xf0, 0x00, 0x0c, 0xb2,
    0x6a, 0xef, 0xfe, 0xb5, 0x00, 0x8f, 0x00, 0x00, 0xda, 0x5f, 0xde, 0xb3, 0x00, 0x00, 0x08, 0xe0,
    0x00, 0x0d, 0xa1, 0x20, 0xc9, 0x00, 0x00, 0x00, 0xad, 0x00, 0x00, 0xe9, 0x00, 0x0c, 0x90, 0x00,
    0x00, 0x0c, 0xa0, 0x00, 0x0e, 0x90, 0x00, 0xc9, 0x00, 0x00, 0x00, 0xf8, 0x00, 0x00, 0xf8, 0x00,
    0x0c, 0x90, 0x00, 0x00, 0x2f, 0x50, 0x00, 0x1f, 0x70, 0x00, 0xc9, 0x00, 0x67, 0x06, 0xf3, 0x00,
    0x01, 0xf6, 0x00, 0x0d, 0xa7, 0xef, 0x90, 0xbe, 0x00, 0x00, 0x2f, 0x50, 0x02, 0xff, 0xfa, 0x30,
    0x2f, 0x80, 0x00, 0x04, 0xf4, 0x00, 0x8f, 0xb3, 0x00, 0x0b, 0xf2, 0x00, 0x00, 0x6f, 0x30, 0x02,
    0x50, 0x00, 0x07, 0xf8, 0x00, 0x00, 0x08, 0xf1, 0x00, 0x00, 0x00, 0x07, 0xfb, 0x00, 0x11, 0x01,
    0xdd, 0x00, 0x00, 0x00, 0x07, 0xfb, 0x10, 0x03, 0xff, 0xff, 0x60, 0x00, 0x00, 0x00, 0x17, 0x00,
    0x00, 0x07, 0x77, 0x40, 0x00,
    /* U+524D "前" */
    0x00, 0x04, 0x70, 0x00, 0x00, 0x00, 0x08, 0x60, 0x00, 0x00, 0x05, 0xf7, 0x00, 0x00, 0x00, 0x3f,
    0x90, 0x00, 0x00, 0x00, 0xaf, 0x20, 0x00, 0x00, 0xbe, 0x10, 0x00, 0x56, 0x66, 0x7e, 0x86, 0x66,
    0x68, 0xfa, 0x66, 0x65, 0xef, 0xff, 0xff, 0xff, 0xff, 0xff, 0xff, 0xff, 0xfe, 0x00, 0x00, 0x00,
    0x00, 0x00, 0x00, 0x00, 0x00, 0x00, 0x00, 0x00, 0x00, 0x00, 0x00, 0x00, 0x00, 0x07, 0x50, 0x0a,
    0xff, 0xff, 0xff, 0xa0, 0x0d, 0x60, 0x0d, 0x90, 0x0a, 0xc4, 0x44, 0x4d, 0xa0, 0x0e, 0x70, 0x0d,
    0x90, 0x0a, 0xb0, 0x00, 0x0c, 0xa0, 0x0e, 0x70, 0x0d, 0x90, 0x0a, 0xc3, 0x33, 0x3d, 0xa0, 0x0e,
    0x70, 0x0d, 0x90, 0x0a, 0xff, 0xff, 0xff, 0xa0, 0x0e, 0x70, 0x0d, 0x90, 0x0a, 0xb0, 0x00, 0x0c,
    0xa0, 0x0e, 0x70, 0x0d, 0x90, 0x0a, 0xc3, 0x33, 0x3d, 0xa0, 0x0e, 0x70, 0x0d, 0x90, 0x0a, 0xff,
    0xff, 0xff, 0xa0, 0x0e, 0x70, 0x0d, 0x90, 0x0a, 0xb0, 0x00, 0x0c, 0xa0, 0x0a, 0x50, 0x0d, 0x90,
    0x0a, 0xb0, 0x00, 0x0c, 0xa0, 0x00, 0x00, 0x0d, 0x90, 0x0a, 0xb0, 0x00, 0x0d, 0x90, 0x00, 0x00,
    0x0d, 0x90, 0x0a, 0xb0, 0x3f, 0xff, 0x60, 0x00, 0xbf, 0xff, 0x60, 0x03, 0x30, 0x04, 0x42, 0x00,
    0x00, 0x36, 0x63, 0x00,
    /* U+52A0 "加" */
    0x00, 0x01, 0x52, 0x00, 0x00, 0x00, 0x00, 0x00, 0x00, 0x00, 0x00, 0x2f, 0x50, 0x00, 0x00, 0x00,
    0x00, 0x00, 0x00, 0x00, 0x02, 0xf5, 0x00, 0x00, 0x00, 0x00, 0x00, 0x00, 0x00, 0x00, 0x2f, 0x50,
    0x00, 0x00, 0x8f, 0xff, 0xff, 0xf4, 0x06, 0x78, 0xfa, 0x77, 0x75, 0x08, 0xe7, 0x77, 0x9f, 0x40,
    0xef, 0xff, 0xff, 0xff, 0xc0, 0x8d, 0x00, 0x04, 0xf4, 0x00, 0x03, 0xf4, 0x00, 0xac, 0x08, 0xd0,
    0x00, 0x4f, 0x40, 0x00, 0x4f, 0x30, 0x0b, 0xb0, 0x8d, 0x00, 0x04, 0xf4, 0x00, 0x05, 0xf2, 0x00,
    0xbb, 0x08, 0xd0, 0x00, 0x4f, 0x40, 0x00, 0x6f, 0x10, 0x0b, 0xb0, 0x8d, 0x00, 0x04, 0xf4, 0x00,
    0x07, 0xf0, 0x00, 0xca, 0x08, 0xd0, 0x00, 0x4f, 0x40, 0x00, 0x9c, 0x00, 0x0c, 0xa0, 0x8d, 0x00,
    0x04, 0xf4, 0x00, 0x0c, 0xa0, 0x00, 0xd9, 0x08, 0xd0, 0x00, 0x4f, 0x40, 0x00, 0xe8, 0x00, 0x0d,
    0x90, 0x8d, 0x00, 0x04, 0xf4, 0x00, 0x4f, 0x40, 0x00, 0xe8, 0x08, 0xd0, 0x00, 0x4f, 0x40, 0x09,
    0xe0, 0x00, 0x0f, 0x70, 0x8d, 0x00, 0x04, 0xf4, 0x01, 0xe9, 0x00, 0x02, 0xf6, 0x08, 0xe7, 0x77,
    0x9f, 0x40, 0x9f, 0x30, 0x10, 0x7f, 0x40, 0x8f, 0xff, 0xff, 0xf4, 0x3f, 0x80, 0x1f, 0xff, 0xd0,
    0x08, 0xd0, 0x00, 0x4f, 0x40, 0x71, 0x00, 0x67, 0x61, 0x00, 0x46, 0x00, 0x01, 0x41,
    /* U+52A8 "动" */
    0x00, 0x00, 0x00, 0x00, 0x00, 0x00, 0x53, 0x00, 0x00, 0x00, 0x00, 0x00, 0x00, 0x00, 0x00, 0xe8,
    0x00, 0x00, 0x3f, 0xff, 0xff, 0xff, 0x80, 0x00, 0xe8, 0x00, 0x00, 0x15, 0x55, 0x55, 0x55, 0x30,
    0x00, 0xf7, 0x00, 0x00, 0x00, 0x00, 0x00, 0x00, 0x00, 0x00, 0xf7, 0x00, 0x00, 0x00, 0x00, 0x00,
    0x00, 0x0d, 0xff, 0xff, 0xff, 0xfd, 0x00, 0x00, 0x00, 0x00, 0x06, 0x78, 0xfa, 0x77, 0xcd, 0xef,
    0xff, 0xff, 0xff, 0xd0, 0x02, 0xf5, 0x00, 0xac, 0x56, 0x8f, 0x96, 0x66, 0x50, 0x04, 0xf4, 0x00,
    0xac, 0x00, 0x6f, 0x10, 0x00, 0x00, 0x05, 0xf2, 0x00, 0xbb, 0x00, 0xac, 0x00, 0x94, 0x00, 0x07,
    0xf1, 0x00, 0xbb, 0x00, 0xe8, 0x00, 0xba, 0x00, 0x0a, 0xd0, 0x00, 0xca, 0x03, 0xf3, 0x00, 0x6e,
    0x10, 0x0d, 0xa0, 0x00, 0xd9, 0x08, 0xd0, 0x00, 0x1f, 0x60, 0x1f, 0x70, 0x00, 0xe8, 0x0e, 0x94,
    0x8b, 0xef, 0xb0, 0x7f, 0x30, 0x00, 0xf7, 0x7f, 0xff, 0xfc, 0x89, 0xf1, 0xdc, 0x00, 0x01, 0xf6,
    0x6d, 0x84, 0x10, 0x02, 0x86, 0xf6, 0x00, 0x04, 0xf4, 0x00, 0x00, 0x00, 0x00, 0x2e, 0xd1, 0x10,
    0x09, 0xf1, 0x00, 0x00, 0x00, 0x00, 0x9f, 0x30, 0xcf, 0xff, 0xa0, 0x00, 0x00, 0x00, 0x00, 0x15,
    0x00, 0x36, 0x65, 0x00,
    /* U+52B3 "劳" */
    0x00, 0x00, 0x38, 0x20, 0x00, 0x02, 0x82, 0x00, 0x00, 0x00, 0x00, 0x5f, 0x30, 0x00, 0x04, 0xf4,
    0x00, 0x00, 0x56, 0x66, 0x9f, 0x86, 0x66, 0x68, 0xf9, 0x66, 0x65, 0xcf, 0xff, 0xff, 0xff, 0xff,
    0xff, 0xff, 0xff, 0xfd, 0x00, 0x00, 0x5f, 0x30, 0x00, 0x04, 0xf4, 0x00, 0x00, 0x00, 0x00, 0x4b,
    0x20, 0x00, 0x03, 0xb3, 0x00, 0x00, 0x25, 0x55, 0x55, 0x55, 0x55, 0x55, 0x55, 0x55, 0x52, 0x6f,
    0xff, 0xff, 0xff, 0xff, 0xff, 0xff, 0xff, 0xf5, 0x6f, 0x10, 0x00, 0x01, 0x40, 0x00, 0x00, 0x03,
    0xf5, 0x6f, 0x10, 0x00, 0x0a, 0xd0, 0x00, 0x00, 0x03, 0xf5, 0x00, 0x00, 0x00, 0x0b, 0xc0, 0x00,
    0x00, 0x00, 0x00, 0x04, 0xff, 0xff, 0xff, 0xff, 0xff, 0xff, 0xff, 0x00, 0x02, 0x66, 0x66, 0x8f,
    0xa6, 0x66, 0x66, 0xce, 0x00, 0x00, 0x00, 0x00, 0x7f, 0x20, 0x00, 0x00, 0xad, 0x00, 0x00, 0x00,
    0x01, 0xdd, 0x00, 0x00, 0x00, 0xbc, 0x00, 0x00, 0x00, 0x0a, 0xf5, 0x00, 0x00, 0x00, 0xda, 0x00,
    0x00, 0x02, 0xaf, 0x90, 0x00, 0x00, 0x00, 0xf9, 0x00, 0x02, 0x8e, 0xf7, 0x00, 0x01, 0x10, 0x05,
    0xf6, 0x00, 0xbf, 0xfb, 0x30, 0x00, 0x04, 0xff, 0xff, 0xe1, 0x00, 0x46, 0x20, 0x00, 0x00, 0x00,
    0x66, 0x66, 0x20, 0x00,
    /* U+5305 "包" */
    0x00, 0x00, 0x02, 0xa3, 0x00, 0x00, 0x00, 0x00, 0x00, 0x00, 0x00, 0x00, 0x09, 0xf2, 0x00, 0x00,
    0x00, 0x00, 0x00, 0x00, 0x00, 0x00, 0x2f, 0x90, 0x00, 0x00, 0x00, 0x00, 0x00, 0x00, 0x00, 0x00,
    0xbf, 0xff, 0xff, 0xff, 0xff, 0xff, 0xf7, 0x00, 0x00, 0x07, 0xf8, 0x66, 0x66, 0x66, 0x66, 0x67,
    0xf6, 0x00, 0x00, 0x4f, 0xa0, 0x00, 0x00, 0x00, 0x00, 0x02, 0xf6, 0x00, 0x03, 0xee, 0x10, 0x00,
    0x00, 0x00, 0x00, 0x02, 0xf5, 0x00, 0x1e, 0xe5, 0xff, 0xff, 0xff, 0xff, 0x10, 0x03, 0xf5, 0x00,
    0x06, 0x42, 0xf9, 0x55, 0x55, 0x9f, 0x10, 0x03, 0xf4, 0x00, 0x00, 0x02, 0xf6, 0x00, 0x00, 0x5f,
    0x10, 0x04, 0xf3, 0x00, 0x00, 0x02, 0xf6, 0x00, 0x00, 0x5f, 0x10, 0x05, 0xf2, 0x00, 0x00, 0x02,
    0xf9, 0x55, 0x55, 0x9f, 0x10, 0x07, 0xf1, 0x00, 0x00, 0x02, 0xff, 0xff, 0xff, 0xff, 0x10, 0x09,
    0xf0, 0x00, 0x00, 0x02, 0xf6, 0x00, 0x00, 0x00, 0x36, 0x6e, 0xb0, 0x00, 0x00, 0x02, 0xf6, 0x00,
    0x00, 0x00, 0x4f, 0xfd, 0x40, 0x00, 0x00, 0x02, 0xf6, 0x00, 0x00, 0x00, 0x00, 0x00, 0x04, 0x81,
    0x00, 0x01, 0xf6, 0x00, 0x00, 0x00, 0x00, 0x00, 0x08, 0xf1, 0x00, 0x00, 0xdd, 0x86, 0x66, 0x66,
    0x66, 0x66, 0x8e, 0xb0, 0x00, 0x00, 0x3b, 0xef, 0xff, 0xff, 0xff, 0xff, 0xeb, 0x20,
    /* U+533B "医" */
    0x17, 0x77, 0x77, 0x77, 0x77, 0x77, 0x77, 0x77, 0x74, 0x02, 0xff, 0xff, 0xff, 0xff, 0xff, 0xff,
    0xff, 0xff, 0x90, 0x2f, 0x60, 0x00, 0x44, 0x00, 0x00, 0x00, 0x00, 0x00, 0x02, 0xf6, 0x00, 0x0d,
    0xb0, 0x00, 0x00, 0x00, 0x00, 0x00, 0x2f, 0x60, 0x06, 0xf8, 0x44, 0x44, 0x44, 0x44, 0x10, 0x02,
    0xf6, 0x03, 0xef, 0xff, 0xff, 0xff, 0xff, 0xf4, 0x00, 0x2f, 0x62, 0xdd, 0x10, 0x07, 0xf0, 0x00,
    0x00, 0x00, 0x02, 0xf6, 0x1a, 0x20, 0x00, 0x7f, 0x00, 0x00, 0x00, 0x00, 0x2f, 0x60, 0x00, 0x00,
    0x07, 0xf0, 0x00, 0x00, 0x00, 0x02, 0xf6, 0x7f, 0xff, 0xff, 0xff, 0xff, 0xff, 0xff, 0x30, 0x2f,
    0x63, 0x66, 0x66, 0x6d, 0xf7, 0x66, 0x66, 0x61, 0x02, 0xf6, 0x00, 0x00, 0x03, 0xfe, 0xd3, 0x00,
    0x00, 0x00, 0x2f, 0x60, 0x00, 0x01, 0xdd, 0x2b, 0xf6, 0x00, 0x00, 0x02, 0xf6, 0x00, 0x04, 0xee,
    0x30, 0x09, 0xf8, 0x00, 0x00, 0x2f, 0x61, 0x6c, 0xfc, 0x20, 0x00, 0x08, 0xf8, 0x00, 0x02, 0xf6,
    0x2e, 0xc6, 0x00, 0x00, 0x00, 0x07, 0xe1, 0x00, 0x2f, 0xa7, 0x87, 0x77, 0x77, 0x77, 0x77, 0x78,
    0x77, 0x02, 0xff, 0xff, 0xff, 0xff, 0xff, 0xff, 0xff, 0xff, 0xf1,
    /* U+5341 "十" */
    0x00, 0x00, 0x00, 0x00, 0x78, 0x00, 0x00, 0x00, 0x00, 0x00, 0x00, 0x00, 0x00, 0x0c, 0xc0, 0x00,
    0x00, 0x00, 0x00, 0x00, 0x00, 0x00, 0x00, 0xcc, 0x00, 0x00, 0x00, 0x00, 0x00, 0x00, 0x00, 0x00,
    0x0c, 0xc0, 0x00, 0x00, 0x00, 0x00, 0x00, 0x00, 0x00, 0x00, 0xcc, 0x00, 0x00, 0x00, 0x00, 0x00,
    0x00, 0x00, 0x00, 0x0c, 0xc0, 0x00, 0x00, 0x00, 0x00, 0x00, 0x00, 0x00, 0x00, 0xcc, 0x00, 0x00,
    0x00, 0x00, 0x00, 0x00, 0x00, 0x00, 0x0c, 0xc0, 0x00, 0x00, 0x00, 0x00, 0x78, 0x88, 0x88, 0x88,
    0xde, 0x88, 0x88, 0x88, 0x88, 0x0e, 0xff, 0xff, 0xff, 0xff, 0xff, 0xff, 0xff, 0xff, 0xf0, 0x00,
    0x00, 0x00, 0x00, 0xcc, 0x00, 0x00, 0x00, 0x00, 0x00, 0x00, 0x00, 0x00, 0x0c, 0xc0, 0x00, 0x00,
    0x00, 0x00, 0x00, 0x00, 0x00, 0x00, 0xcc, 0x00, 0x00, 0x00, 0x00, 0x00, 0x00, 0x00, 0x00, 0x0c,
    0xc0, 0x00, 0x00, 0x00, 0x00, 0x00, 0x00, 0x00, 0x00, 0xcc, 0x00, 0x00, 0x00, 0x00, 0x00, 0x00,
    0x00, 0x00, 0x0c, 0xc0, 0x00, 0x00, 0x00, 0x00, 0x00, 0x00, 0x00, 0x00, 0xcc, 0x00, 0x00, 0x00,
    0x00, 0x00, 0x00, 0x00, 0x00, 0x0c, 0xc0, 0x00, 0x00, 0x00, 0x00, 0x00, 0x00, 0x00, 0x00, 0xcc,
    0x00, 0x00, 0x00, 0x00, 0x00, 0x00, 0x00, 0x00, 0x08, 0x90, 0x00, 0x00, 0x00, 0x00,
    /* U+5343 "千" */
    0x00, 0x00, 0x00, 0x00, 0x00, 0x00, 0x01, 0x40, 0x00, 0x00, 0x00, 0x00, 0x00, 0x03, 0x68, 0xcf,
    0xf9, 0x00, 0x01, 0x35, 0x79, 0xbd, 0xff, 0xfe, 0xc9, 0x51, 0x00, 0x0b, 0xff, 0xfd, 0xba, 0xec,
    0x30, 0x00, 0x00, 0x00, 0x02, 0x31, 0x00, 0x00, 0xdb, 0x00, 0x00, 0x00, 0x00, 0x00, 0x00, 0x00,
    0x00, 0xdb, 0x00, 0x00, 0x00, 0x00, 0x00, 0x00, 0x00, 0x00, 0xdb, 0x00, 0x00, 0x00, 0x00, 0x00,
    0x00, 0x00, 0x00, 0xdb, 0x00, 0x00, 0x00, 0x00, 0x77, 0x77, 0x77, 0x77, 0xed, 0x77, 0x77, 0x77,
    0x77, 0xff, 0xff, 0xff, 0xff, 0xff, 0xff, 0xff, 0xff, 0xff, 0x00, 0x00, 0x00, 0x00, 0xdb, 0x00,
    0x00, 0x00, 0x00, 0x00, 0x00, 0x00, 0x00, 0xdb, 0x00, 0x00, 0x00, 0x00, 0x00, 0x00, 0x00, 0x00,
    0xdb, 0x00, 0x00, 0x00, 0x00, 0x00, 0x00, 0x00, 0x00, 0xdb, 0x00, 0x00, 0x00, 0x00, 0x00, 0x00,
    0x00, 0x00, 0xdb, 0x00, 0x00, 0x00, 0x00, 0x00, 0x00, 0x00, 0x00, 0xdb, 0x00, 0x00, 0x00, 0x00,
    0x00, 0x00, 0x00, 0x00, 0xdb, 0x00, 0x00, 0x00, 0x00, 0x00, 0x00, 0x00, 0x00, 0xdb, 0x00, 0x00,
    0x00, 0x00, 0x00, 0x00, 0x00, 0x00, 0xdb, 0x00, 0x00, 0x00, 0x00, 0x00, 0x00, 0x00, 0x00, 0x87,
    0x00, 0x00, 0x00, 0x00,
    /* U+5348 "午" */
    0x00, 0x01, 0xa4, 0x00, 0x00, 0x00, 0x00, 0x00, 0x00, 0x00, 0x07, 0xf5, 0x00, 0x00, 0x00, 0x00,
    0x00, 0x00, 0x00, 0x0d, 0xe0, 0x00, 0x00, 0x00, 0x00, 0x00, 0x00, 0x00, 0x4f, 0xff, 0xff, 0xff,
    0xff, 0xff, 0xff, 0x60, 0x00, 0xbe, 0x77, 0x77, 0xdd, 0x77, 0x77, 0x77, 0x30, 0x05, 0xf7, 0x00,
    0x00, 0xbc, 0x00, 0x00, 0x00, 0x00, 0x1d, 0xd1, 0x00, 0x00, 0xbc, 0x00, 0x00, 0x00, 0x00, 0xaf,
    0x40, 0x00, 0x00, 0xbc, 0x00, 0x00, 0x00, 0x00, 0x15, 0x00, 0x00, 0x00, 0xbc, 0x00, 0x00, 0x00,
    0x00, 0x00, 0x00, 0x00, 0x00, 0xbc, 0x00, 0x00, 0x00, 0x00, 0xef, 0xff, 0xff, 0xff, 0xff, 0xff,
    0xff, 0xff, 0xfe, 0x78, 0x88, 0x88, 0x88, 0xdd, 0x88, 0x88, 0x88, 0x87, 0x00, 0x00, 0x00, 0x00,
    0xbc, 0x00, 0x00, 0x00, 0x00, 0x00, 0x00, 0x00, 0x00, 0xbc, 0x00, 0x00, 0x00, 0x00, 0x00, 0x00,
    0x00, 0x00, 0xbc, 0x00, 0x00, 0x00, 0x00, 0x00, 0x00, 0x00, 0x00, 0xbc, 0x00, 0x00, 0x00, 0x00,
    0x00, 0x00, 0x00, 0x00, 0xbc, 0x00, 0x00, 0x00, 0x00, 0x00, 0x00, 0x00, 0x00, 0xbc, 0x00, 0x00,
    0x00, 0x00, 0x00, 0x00, 0x00, 0x00, 0xbc, 0x00, 0x00, 0x00, 0x00, 0x00, 0x00, 0x00, 0x00, 0x88,
    0x00, 0x00, 0x00, 0x00,
    /* U+534A "半" */
    0x00, 0x00, 0x00, 0x00, 0x97, 0x00, 0x00, 0x10, 0x00, 0x00, 0xba, 0x00, 0x00, 0xdb, 0x00, 0x00,
    0xbc, 0x00, 0x00, 0x7f, 0x40, 0x00, 0xdb, 0x00, 0x03, 0xf8, 0x00, 0x00, 0x0d, 0xc0, 0x00, 0xdb,
    0x00, 0x0b, 0xe1, 0x00, 0x00, 0x07, 0xf4, 0x00, 0xdb, 0x00, 0x4f, 0x60, 0x00, 0x00, 0x01, 0xd5,
    0x00, 0xdb, 0x00, 0x8b, 0x00, 0x00, 0x00, 0x00, 0x00, 0x00, 0xdb, 0x00, 0x00, 0x00, 0x00, 0x0a,
    0xff, 0xff, 0xff, 0xff, 0xff, 0xff, 0xff, 0xc0, 0x05, 0x77, 0x77, 0x77, 0xed, 0x77, 0x77, 0x77,
    0x60, 0x00, 0x00, 0x00, 0x00, 0xdb, 0x00, 0x00, 0x00, 0x00, 0x00, 0x00, 0x00, 0x00, 0xdb, 0x00,
    0x00, 0x00, 0x00, 0x00, 0x00, 0x00, 0x00, 0xdb, 0x00, 0x00, 0x00, 0x00, 0xef, 0xff, 0xff, 0xff,
    0xff, 0xff, 0xff, 0xff, 0xfe, 0x78, 0x88, 0x88, 0x88, 0xed, 0x88, 0x88, 0x88, 0x87, 0x00, 0x00,
    0x00, 0x00, 0xdb, 0x00, 0x00, 0x00, 0x00, 0x00, 0x00, 0x00, 0x00, 0xdb, 0x00, 0x00, 0x00, 0x00,
    0x00, 0x00, 0x00, 0x00, 0xdb, 0x00, 0x00, 0x00, 0x00, 0x00, 0x00, 0x00, 0x00, 0xdb, 0x00, 0x00,
    0x00, 0x00, 0x00, 0x00, 0x00, 0x00, 0xdb, 0x00, 0x00, 0x00, 0x00, 0x00, 0x00, 0x00, 0x00, 0x87,
    0x00, 0x00, 0x00, 0x00,
    /* U+5355 "单" */
    0x00, 0x00, 0x52, 0x00, 0x00, 0x00, 0x06, 0x20, 0x00, 0x00, 0x01, 0xdc, 0x00, 0x00, 0x00, 0x5f,
    0x70, 0x00, 0x00, 0x00, 0x4f, 0x70, 0x00, 0x00, 0xdc, 0x00, 0x00, 0x00, 0x00, 0x0a, 0xc0, 0x00,
    0x08, 0xf3, 0x00, 0x00, 0x01, 0xff, 0xff, 0xff, 0xff, 0xff, 0xff, 0xff, 0x30, 0x01, 0xf9, 0x44,
    0x44, 0xdc, 0x44, 0x44, 0x7f, 0x30, 0x01, 0xf6, 0x00, 0x00, 0xcb, 0x00, 0x00, 0x4f, 0x30, 0x01,
    0xf8, 0x33, 0x33, 0xdc, 0x33, 0x33, 0x6f, 0x30, 0x01, 0xff, 0xff, 0xff, 0xff, 0xff, 0xff, 0xff,
    0x30, 0x01, 0xf6, 0x00, 0x00, 0xcb, 0x00, 0x00, 0x4f, 0x30, 0x01, 0xf6, 0x00, 0x00, 0xcb, 0x00,
    0x00, 0x4f, 0x30, 0x01, 0xff, 0xff, 0xff, 0xff, 0xff, 0xff, 0xff, 0x30, 0x00, 0x44, 0x44, 0x44,
    0xdc, 0x44, 0x44, 0x44, 0x10, 0x00, 0x00, 0x00, 0x00, 0xcb, 0x00, 0x00, 0x00, 0x00, 0x56, 0x66,
    0x66, 0x66, 0xdc, 0x66, 0x66, 0x66, 0x66, 0xef, 0xff, 0xff, 0xff, 0xff, 0xff, 0xff, 0xff, 0xff,
    0x00, 0x00, 0x00, 0x00, 0xcb, 0x00, 0x00, 0x00, 0x00, 0x00, 0x00, 0x00, 0x00, 0xcb, 0x00, 0x00,
    0x00, 0x00, 0x00, 0x00, 0x00, 0x00, 0xcb, 0x00, 0x00, 0x00, 0x00, 0x00, 0x00, 0x00, 0x00, 0x87,
    0x00, 0x00, 0x00, 0x00,
    /* U+5375 "卵" */
    0x00, 0x00, 0x00, 0x26, 0x00, 0x00, 0x00, 0x00, 0x00, 0x00, 0x01, 0x5b, 0xff, 0x40, 0x00, 0x00,
    0x00, 0x00, 0x06, 0xbf, 0xfc, 0x72, 0x00, 0xef, 0xff, 0xff, 0xf5, 0x0c, 0xd6, 0x20, 0x00, 0x00,
    0xeb, 0x66, 0x67, 0xf5, 0x0c, 0xa0, 0x00, 0x3b, 0x20, 0xe8, 0x00, 0x02, 0xf5, 0x0c, 0xa0, 0x00,
    0x4f, 0x30, 0xe8, 0x00, 0x02, 0xf5, 0x0c, 0xa8, 0xa0, 0x4f, 0x30, 0xe8, 0x75, 0x02, 0xf5, 0x0c,
    0xa4, 0xf1, 0x4f, 0x30, 0xe8, 0x8d, 0x02, 0xf5, 0x0c, 0xa0, 0xe6, 0x4f, 0x30, 0xe8, 0x1e, 0x62,
    0xf5, 0x0c, 0xa0, 0xaa, 0x4f, 0x20, 0xe8, 0x0a, 0xb2, 0xf5, 0x0c, 0xa0, 0x21, 0x5f, 0x20, 0xe8,
    0x05, 0xc2, 0xf5, 0x0c, 0xa0, 0x00, 0x6f, 0x10, 0xe8, 0x00, 0x02, 0xf5, 0x0c, 0xa1, 0x5a, 0xee,
    0x00, 0xe8, 0x00, 0x02, 0xf5, 0x1f, 0xef, 0xfd, 0xfa, 0x00, 0xe8, 0x00, 0x02, 0xf5, 0x7f, 0xc7,
    0x24, 0xf5, 0x00, 0xe8, 0x00, 0x03, 0xf5, 0x13, 0x00, 0x1c, 0xd1, 0x00, 0xe8, 0x0d, 0xff, 0xf2,
    0x00, 0x01, 0xbf, 0x40, 0x00, 0xe8, 0x05, 0x76, 0x30, 0x00, 0x4d, 0xf5, 0x00, 0x00, 0xe8, 0x00,
    0x00, 0x00, 0x2c, 0xfd, 0x30, 0x00, 0x00, 0xe8, 0x00, 0x00, 0x00, 0x09, 0x50, 0x00, 0x00, 0x00,
    0xa6, 0x00, 0x00, 0x00,
    /* U+5395 "厕" */
    0x00, 0x35, 0x55, 0x55, 0x55, 0x55, 0x55, 0x55, 0x55, 0x40, 0x09, 0xff, 0xff, 0xff, 0xff, 0xff,
    0xff, 0xff, 0xfd, 0x00, 0x9c, 0x00, 0x00, 0x00, 0x00, 0x00, 0x00, 0x00, 0x00, 0x09, 0xc0, 0x33,
    0x33, 0x33, 0x31, 0x00, 0x00, 0xd5, 0x00, 0x9c, 0x0d, 0xff, 0xff, 0xff, 0x50, 0x72, 0x0f, 0x50,
    0x09, 0xc0, 0xd5, 0x00, 0x00, 0xe5, 0x0f, 0x40, 0xf5, 0x00, 0x9c, 0x0d, 0x50, 0xd5, 0x0e, 0x50,
    0xf4, 0x0f, 0x50, 0x0a, 0xc0, 0xd5, 0x0e, 0x50, 0xe5, 0x0f, 0x40, 0xf5, 0x00, 0xab, 0x0d, 0x50,
    0xe5, 0x0e, 0x50, 0xf4, 0x0f, 0x50, 0x0a, 0xb0, 0xd5, 0x0e, 0x50, 0xe5, 0x0f, 0x40, 0xf5, 0x00,
    0xba, 0x0d, 0x50, 0xe5, 0x0e, 0x50, 0xf4, 0x0f, 0x50, 0x0d, 0x90, 0xd5, 0x0e, 0x40, 0xe5, 0x0f,
    0x40, 0xf5, 0x00, 0xe7, 0x0d, 0x51, 0xf3, 0x0e, 0x50, 0xf4, 0x0f, 0x50, 0x2f, 0x50, 0xd5, 0x5e,
    0x00, 0xe5, 0x0f, 0x40, 0xf5, 0x04, 0xf2, 0x00, 0x0b, 0xa7, 0x20, 0x00, 0x41, 0x0f, 0x50, 0x8e,
    0x00, 0x07, 0xe2, 0xad, 0x30, 0x00, 0x00, 0xf5, 0x0d, 0xa0, 0x08, 0xf5, 0x00, 0x9e, 0x20, 0x00,
    0x1f, 0x53, 0xf4, 0x08, 0xe5, 0x00, 0x00, 0xa7, 0x0a, 0xff, 0xe2, 0x04, 0x00, 0x11, 0x00, 0x00,
    0x00, 0x00, 0x24, 0x31, 0x00,
    /* U+53BB "去" */
    0x00, 0x00, 0x00, 0x00, 0x98, 0x00, 0x00, 0x00, 0x00, 0x00, 0x00, 0x00, 0x00, 0x0c, 0xc0, 0x00,
    0x00, 0x00, 0x00, 0x00, 0x00, 0x00, 0x00, 0xcc, 0x00, 0x00, 0x00, 0x00, 0x00, 0x37, 0x77, 0x77,
    0x7e, 0xd7, 0x77, 0x77, 0x74, 0x00, 0x06, 0xff, 0xff, 0xff, 0xff, 0xff, 0xff, 0xff, 0x80, 0x00,
    0x00, 0x00, 0x00, 0x0c, 0xc0, 0x00, 0x00, 0x00, 0x00, 0x00, 0x00, 0x00, 0x00, 0xcc, 0x00, 0x00,
    0x00, 0x00, 0x00, 0x00, 0x00, 0x00, 0x0c, 0xc0, 0x00, 0x00, 0x00, 0x00, 0x00, 0x00, 0x00, 0x00,
    0xcc, 0x00, 0x00, 0x00, 0x00, 0x0e, 0xff, 0xff, 0xff, 0xff, 0xff, 0xff, 0xff, 0xff, 0xf0, 0x78,
    0x88, 0x88, 0xdf, 0x88, 0x88, 0x88, 0x88, 0x88, 0x00, 0x00, 0x00, 0x3f, 0xa0, 0x00, 0x02, 0x00,
    0x00, 0x00, 0x00, 0x00, 0x0c, 0xe1, 0x00, 0x09, 0xe2, 0x00, 0x00, 0x00, 0x00, 0x06, 0xf6, 0x00,
    0x00, 0x2e, 0xc0, 0x00, 0x00, 0x00, 0x02, 0xea, 0x00, 0x00, 0x00, 0x5f, 0x80, 0x00, 0x00, 0x00,
    0xcd, 0x10, 0x00, 0x00, 0x00, 0xaf, 0x40, 0x00, 0x00, 0x9f, 0x53, 0x56, 0x78, 0x9b, 0xcd, 0xfd,
    0x10, 0x00, 0x7f, 0xff, 0xff, 0xff, 0xfe, 0xdc, 0xaa, 0xf8, 0x00, 0x03, 0xb9, 0x76, 0x43, 0x20,
    0x00, 0x00, 0x0c, 0xd0, 0x00, 0x00, 0x00, 0x00, 0x00, 0x00, 0x00, 0x00, 0x21, 0x00,
    /* U+53CB "友" */
    0x00, 0x00, 0x00, 0x3a, 0x20, 0x00, 0x00, 0x00, 0x00, 0x00, 0x00, 0x00, 0x00, 0x5f, 0x30, 0x00,
    0x00, 0x00, 0x00, 0x00, 0x00, 0x00, 0x00, 0x6f, 0x20, 0x00, 0x00, 0x00, 0x00, 0x00, 0x00, 0x00,
    0x00, 0x7f, 0x10, 0x00, 0x00, 0x00, 0x00, 0x00, 0x09, 0xff, 0xff, 0xff, 0xff, 0xff, 0xff, 0xff,
    0xff, 0xa0, 0x04, 0x77, 0x77, 0xdd, 0x77, 0x77, 0x77, 0x77, 0x77, 0x50, 0x00, 0x00, 0x00, 0xda,
    0x00, 0x00, 0x00, 0x00, 0x00, 0x00, 0x00, 0x00, 0x01, 0xf7, 0x00, 0x00, 0x00, 0x00, 0x00, 0x00,
    0x00, 0x00, 0x05, 0xff, 0xff, 0xff, 0xff, 0xff, 0x50, 0x00, 0x00, 0x00, 0x09, 0xff, 0x77, 0x77,
    0x77, 0xcf, 0x20, 0x00, 0x00, 0x00, 0x0e, 0xdf, 0x60, 0x00, 0x01, 0xea, 0x00, 0x00, 0x00, 0x00,
    0x4f, 0x6a, 0xe1, 0x00, 0x07, 0xf4, 0x00, 0x00, 0x00, 0x00, 0xaf, 0x12, 0xf9, 0x00, 0x2e, 0xc0,
    0x00, 0x00, 0x00, 0x03, 0xfa, 0x00, 0x7f, 0x70, 0xce, 0x20, 0x00, 0x00, 0x00, 0x0a, 0xf3, 0x00,
    0x09, 0xfc, 0xf5, 0x00, 0x00, 0x00, 0x00, 0x5f, 0xa0, 0x00, 0x02, 0xef, 0xd1, 0x00, 0x00, 0x00,
    0x03, 0xee, 0x10, 0x00, 0x6e, 0xfb, 0xfe, 0x70, 0x00, 0x00, 0x1e, 0xf5, 0x01, 0x7d, 0xfb, 0x20,
    0x3c, 0xfe, 0x95, 0x10, 0x08, 0x60, 0x4f, 0xfc, 0x60, 0x00, 0x00, 0x6b, 0xff, 0xd0, 0x00, 0x00,
    0x07, 0x30, 0x00, 0x00, 0x00, 0x00, 0x16, 0x40,
    /* U+53D1 "发" */
    0x00, 0x00, 0x00, 0x00, 0x0a, 0x60, 0x00, 0x30, 0x00, 0x00, 0x00, 0x00, 0xbc, 0x00, 0x3f, 0x80,
    0x04, 0xf6, 0x00, 0x00, 0x00, 0x01, 0xf9, 0x00, 0x5f, 0x60, 0x00, 0x8f, 0x50, 0x00, 0x00, 0x06,
    0xf4, 0x00, 0x8f, 0x30, 0x00, 0x0a, 0xd1, 0x00, 0x00, 0x0d, 0xc0, 0x00, 0xaf, 0x10, 0x00, 0x01,
    0x20, 0x00, 0x00, 0x7f, 0xff, 0xff, 0xff, 0xff, 0xff, 0xff, 0xff, 0x90, 0x00, 0x39, 0x77, 0x79,
    0xfb, 0x77, 0x77, 0x77, 0x77, 0x40, 0x00, 0x00, 0x00, 0x09, 0xf3, 0x00, 0x00, 0x00, 0x00, 0x00,
    0x00, 0x00, 0x00, 0x0e, 0xe0, 0x00, 0x00, 0x00, 0x00, 0x00, 0x00, 0x00, 0x00, 0x4f, 0xff, 0xff,
    0xff, 0xff, 0x90, 0x00, 0x00, 0x00, 0x00, 0xcf, 0xd7, 0x77, 0x77, 0x9f, 0x60, 0x00, 0x00, 0x00,
    0x05, 0xfe, 0xf3, 0x00, 0x00, 0xbd, 0x00, 0x00, 0x00, 0x00, 0x1d, 0xe1, 0xcb, 0x00, 0x05, 0xf7,
    0x00, 0x00, 0x00, 0x00, 0xbf, 0x40, 0x4f, 0x90, 0x3e, 0xc0, 0x00, 0x00, 0x00, 0x09, 0xf9, 0x00,
    0x07, 0xf8, 0xdd, 0x10, 0x00, 0x00, 0x01, 0xaf, 0xb1, 0x00, 0x00, 0xaf, 0xf4, 0x00, 0x00, 0x00,
    0x2d, 0xfa, 0x00, 0x00, 0x2a, 0xfd, 0xfe, 0x70, 0x00, 0x00, 0x0b, 0x70, 0x00, 0x39, 0xef, 0x70,
    0x2b, 0xfd, 0x83, 0x00, 0x00, 0x00, 0x1d, 0xfe, 0x92, 0x00, 0x00, 0x5c, 0xff, 0xd1, 0x00, 0x00,
    0x06, 0x61, 0x00, 0x00, 0x00, 0x00, 0x27, 0x60,
    /* U+53E3 "口" */
    0x37, 0x77, 0x77, 0x77, 0x77, 0x77, 0x77, 0x74, 0x7f, 0xff, 0xff, 0xff, 0xff, 0xff, 0xff, 0xf8,
    0x7f, 0x10, 0x00, 0x00, 0x00, 0x00, 0x01, 0xf8, 0x7f, 0x10, 0x00, 0x00, 0x00, 0x00, 0x01, 0xf8,
    0x7f, 0x10, 0x00, 0x00, 0x00, 0x00, 0x01, 0xf8, 0x7f, 0x10, 0x00, 0x00, 0x00, 0x00, 0x01, 0xf8,
    0x7f, 0x10, 0x00, 0x00, 0x00, 0x00, 0x01, 0xf8, 0x7f, 0x10, 0x00, 0x00, 0x00, 0x00, 0x01, 0xf8,
    0x7f, 0x10, 0x00, 0x00, 0x00, 0x00, 0x01, 0xf8, 0x7f, 0x10, 0x00, 0x00, 0x00, 0x00, 0x01, 0xf8,
    0x7f, 0x10, 0x00, 0x00, 0x00, 0x00, 0x01, 0xf8, 0x7f, 0x10, 0x00, 0x00, 0x00, 0x00, 0x01, 0xf8,
    0x7f, 0x10, 0x00, 0x00, 0x00, 0x00, 0x01, 0xf8, 0x7f, 0x10, 0x00, 0x00, 0x00, 0x00, 0x01, 0xf8,
    0x7f, 0xff, 0xff, 0xff, 0xff, 0xff, 0xff, 0xf8, 0x7f, 0x98, 0x88, 0x88, 0x88, 0x88, 0x89, 0xf8,
    0x7f, 0x10, 0x00, 0x00, 0x00, 0x00, 0x01, 0xf8, 0x23, 0x00, 0x00, 0x00, 0x00, 0x00, 0x00, 0x21,
    /* U+53E4 "古" */
    0x00, 0x00, 0x00, 0x00, 0x88, 0x00, 0x00, 0x00, 0x00, 0x00, 0x00, 0x00, 0x00, 0xcc, 0x00, 0x00,
    0x00, 0x00, 0x00, 0x00, 0x00, 0x00, 0xcc, 0x00, 0x00, 0x00, 0x00, 0x00, 0x00, 0x00, 0x00, 0xcc,
    0x00, 0x00, 0x00, 0x00, 0xef, 0xff, 0xff, 0xff, 0xff, 0xff, 0xff, 0xff, 0xff, 0x67, 0x77, 0x77,
    0x77, 0xed, 0x77, 0x77, 0x77, 0x77, 0x00, 0x00, 0x00, 0x00, 0xcc, 0x00, 0x00, 0x00, 0x00, 0x00,
    0x00, 0x00, 0x00, 0xcc, 0x00, 0x00, 0x00, 0x00, 0x00, 0x00, 0x00, 0x00, 0xcc, 0x00, 0x00, 0x00,
    0x00, 0x00, 0x00, 0x00, 0x00, 0xcc, 0x00, 0x00, 0x00, 0x00, 0x00, 0xbf, 0xff, 0xff, 0xff, 0xff,
    0xff, 0xfc, 0x00, 0x00, 0xbd, 0x77, 0x77, 0x77, 0x77, 0x77, 0xdc, 0x00, 0x00, 0xbb, 0x00, 0x00,
    0x00, 0x00, 0x00, 0xcc, 0x00, 0x00, 0xbb, 0x00, 0x00, 0x00, 0x00, 0x00, 0xcc, 0x00, 0x00, 0xbb,
    0x00, 0x00, 0x00, 0x00, 0x00, 0xcc, 0x00, 0x00, 0xbb, 0x00, 0x00, 0x00, 0x00, 0x00, 0xcc, 0x00,
    0x00, 0xbb, 0x00, 0x00, 0x00, 0x00, 0x00, 0xcc, 0x00, 0x00, 0xbf, 0xff, 0xff, 0xff, 0xff, 0xff,
    0xfc, 0x00, 0x00, 0xbd, 0x77, 0x77, 0x77, 0x77, 0x77, 0xdc, 0x00, 0x00, 0x77, 0x00, 0x00, 0x00,
    0x00, 0x00, 0x67, 0x00,
    /* U+53EF "可" */
    0xdf, 0xff, 0xff, 0xff, 0xff, 0xff, 0xff, 0xff, 0xfe, 0x78, 0x88, 0x88, 0x88, 0x88, 0x88, 0x88,
    0xfb, 0x87, 0x00, 0x00, 0x00, 0x00, 0x00, 0x00, 0x01, 0xf7, 0x00, 0x00, 0x00, 0x00, 0x00, 0x00,
    0x00, 0x01, 0xf7, 0x00, 0x00, 0x67, 0x77, 0x77, 0x77, 0x20, 0x01, 0xf7, 0x00, 0x00, 0xdf, 0xff,
    0xff, 0xff, 0x50, 0x01, 0xf7, 0x00, 0x00, 0xd9, 0x00, 0x00, 0x2f, 0x50, 0x01, 0xf7, 0x00, 0x00,
    0xd9, 0x00, 0x00, 0x2f, 0x50, 0x01, 0xf7, 0x00, 0x00, 0xd9, 0x00, 0x00, 0x2f, 0x50, 0x01, 0xf7,
    0x00, 0x00, 0xd9, 0x00, 0x00, 0x2f, 0x50, 0x01, 0xf7, 0x00, 0x00, 0xd9, 0x00, 0x00, 0x2f, 0x50,
    0x01, 0xf7, 0x00, 0x00, 0xdf, 0xff, 0xff, 0xff, 0x50, 0x01, 0xf7, 0x00, 0x00, 0xdc, 0x77, 0x77,
    0x77, 0x20, 0x01, 0xf7, 0x00, 0x00, 0xd9, 0x00, 0x00, 0x00, 0x00, 0x01, 0xf7, 0x00, 0x00, 0x21,
    0x00, 0x00, 0x00, 0x00, 0x01, 0xf7, 0x00, 0x00, 0x00, 0x00, 0x00, 0x00, 0x00, 0x02, 0xf7, 0x00,
    0x00, 0x00, 0x00, 0x00, 0x03, 0xee, 0xef, 0xf4, 0x00, 0x00, 0x00, 0x00, 0x00, 0x00, 0x89, 0x98,
    0x40, 0x00,
    /* U+53F3 "右" */
    0x00, 0x00, 0x00, 0x00, 0x74, 0x00, 0x00, 0x00, 0x00, 0x00, 0x00, 0x00, 0x00, 0x1f, 0x90, 0x00,
    0x00, 0x00, 0x00, 0x00, 0x00, 0x00, 0x04, 0xf5, 0x00, 0x00, 0x00, 0x00, 0x00, 0x00, 0x00, 0x00,
    0x8f, 0x10, 0x00, 0x00, 0x00, 0x00, 0x05, 0x77, 0x77, 0x7d, 0xe7, 0x77, 0x77, 0x77, 0x77, 0x50,
    0xbf, 0xff, 0xff, 0xff, 0xff, 0xff, 0xff, 0xff, 0xfc, 0x00, 0x00, 0x00, 0x8f, 0x20, 0x00, 0x00,
    0x00, 0x00, 0x00, 0x00, 0x00, 0x1e, 0x90, 0x00, 0x00, 0x00, 0x00, 0x00, 0x00, 0x00, 0x07, 0xf2,
    0x00, 0x00, 0x00, 0x00, 0x00, 0x00, 0x00, 0x02, 0xea, 0x00, 0x00, 0x00, 0x00, 0x00, 0x00, 0x00,
    0x00, 0xaf, 0xff, 0xff, 0xff, 0xff, 0xff, 0xf5, 0x00, 0x00, 0x7f, 0xee, 0x77, 0x77, 0x77, 0x77,
    0x9f, 0x50, 0x00, 0x5f, 0xba, 0xd0, 0x00, 0x00, 0x00, 0x04, 0xf5, 0x00, 0x6f, 0xc1, 0xad, 0x00,
    0x00, 0x00, 0x00, 0x4f, 0x50, 0x2f, 0xc1, 0x0a, 0xd0, 0x00, 0x00, 0x00, 0x04, 0xf5, 0x00, 0x51,
    0x00, 0xad, 0x00, 0x00, 0x00, 0x00, 0x4f, 0x50, 0x00, 0x00, 0x0a, 0xd0, 0x00, 0x00, 0x00, 0x04,
    0xf5, 0x00, 0x00, 0x00, 0xaf, 0xff, 0xff, 0xff, 0xff, 0xff, 0x50, 0x00, 0x00, 0x0a, 0xe7, 0x77,
    0x77, 0x77, 0x79, 0xf5, 0x00, 0x00, 0x00, 0x69, 0x00, 0x00, 0x00, 0x00, 0x28, 0x30,
    /* U+53F8 "司" */
    0x27, 0x77, 0x77, 0x77, 0x77, 0x77, 0x77, 0x77, 0x54, 0xff, 0xff, 0xff, 0xff, 0xff, 0xff, 0xff,
    0xfb, 0x00, 0x00, 0x00, 0x00, 0x00, 0x00, 0x00, 0x0b, 0xb0, 0x00, 0x00, 0x00, 0x00, 0x00, 0x00,
    0x00, 0xbb, 0x05, 0x55, 0x55, 0x55, 0x55, 0x55, 0x40, 0x0b, 0xb2, 0xff, 0xff, 0xff, 0xff, 0xff,
    0xfe, 0x00, 0xbb, 0x00, 0x00, 0x00, 0x00, 0x00, 0x00, 0x00, 0x0b, 0xb0, 0x00, 0x00, 0x00, 0x00,
    0x00, 0x00, 0x00, 0xbb, 0x00, 0xcf, 0xff, 0xff, 0xff, 0xf8, 0x00, 0x0b, 0xb0, 0x0c, 0xb5, 0x55,
    0x55, 0x5e, 0x80, 0x00, 0xbb, 0x00, 0xca, 0x00, 0x00, 0x00, 0xe8, 0x00, 0x0b, 0xb0, 0x0c, 0xa0,
    0x00, 0x00, 0x0e, 0x80, 0x00, 0xbb, 0x00, 0xca, 0x00, 0x00, 0x00, 0xe8, 0x00, 0x0b, 0xb0, 0x0c,
    0xb5, 0x55, 0x55, 0x5e, 0x80, 0x00, 0xbb, 0x00, 0xcf, 0xff, 0xff, 0xff, 0xf8, 0x00, 0x0b, 0xb0,
    0x0c, 0xa0, 0x00, 0x00, 0x00, 0x00, 0x00, 0xbb, 0x00, 0x76, 0x00, 0x00, 0x00, 0x00, 0x00, 0x0c,
    0xb0, 0x00, 0x00, 0x00, 0x00, 0x00, 0x4f, 0xee, 0xf9, 0x00, 0x00, 0x00, 0x00, 0x00, 0x00, 0xaa,
    0x96, 0x00,
    /* U+5403 "吃" */
    0x00, 0x00, 0x00, 0x00, 0x04, 0x50, 0x00, 0x00, 0x00, 0x00, 0x00, 0x00, 0x00, 0x00, 0xcd, 0x00,
    0x00, 0x00, 0x00, 0x37, 0x77, 0x75, 0x00, 0x2f, 0x80, 0x00, 0x00, 0x00, 0x07, 0xff, 0xff, 0xc0,
    0x07, 0xf8, 0x66, 0x66, 0x66, 0x60, 0x7e, 0x00, 0x8c, 0x00, 0xdf, 0xff, 0xff, 0xff, 0xfe, 0x07,
    0xe0, 0x08, 0xc0, 0x6f, 0x30, 0x00, 0x00, 0x00, 0x00, 0x7e, 0x00, 0x8c, 0x2e, 0xa0, 0x00, 0x00,
    0x00, 0x00, 0x07, 0xe0, 0x08, 0xc9, 0xe2, 0x00, 0x00, 0x00, 0x00, 0x00, 0x7e, 0x00, 0x8c, 0x03,
    0xaf, 0xff, 0xff, 0xff, 0x90, 0x07, 0xe0, 0x08, 0xc0, 0x04, 0x66, 0x66, 0xcf, 0xc2, 0x00, 0x7e,
    0x00, 0x8c, 0x00, 0x00, 0x00, 0x8f, 0xb1, 0x00, 0x07, 0xe0, 0x08, 0xc0, 0x00, 0x00, 0xaf, 0x90,
    0x00, 0x00, 0x7e, 0x00, 0x8c, 0x00, 0x00, 0xaf, 0x80, 0x00, 0x00, 0x07, 0xff, 0xff, 0xc0, 0x00,
    0xaf, 0x70, 0x00, 0x00, 0x00, 0x7e, 0x77, 0x76, 0x00, 0x8f, 0x70, 0x00, 0x00, 0x02, 0x07, 0xe0,
    0x00, 0x00, 0x4f, 0x80, 0x00, 0x00, 0x02, 0xf3, 0x23, 0x00, 0x00, 0x0b, 0xd0, 0x00, 0x00, 0x00,
    0x3f, 0x30, 0x00, 0x00, 0x00, 0xdd, 0x20, 0x00, 0x00, 0x07, 0xf1, 0x00, 0x00, 0x00, 0x08, 0xff,
    0xff, 0xff, 0xff, 0xfa, 0x00, 0x00, 0x00, 0x00, 0x03, 0x67, 0x77, 0x77, 0x76, 0x00,
    /* U+540D "名" */
    0x00, 0x00, 0x00, 0x01, 0x94, 0x00, 0x00, 0x00, 0x00, 0x00, 0x00, 0x00, 0xaf, 0x40, 0x00, 0x00,
    0x00, 0x00, 0x00, 0x00, 0x8f, 0xd6, 0x66, 0x66, 0x66, 0x20, 0x00, 0x00, 0x7f, 0xff, 0xff, 0xff,
    0xff, 0xfa, 0x00, 0x00, 0xaf, 0xa0, 0x00, 0x00, 0x00, 0xbe, 0x20, 0x04, 0xdf, 0x80, 0x00, 0x00,
    0x00, 0x9f, 0x60, 0x05, 0xfd, 0x43, 0xb2, 0x00, 0x00, 0x7f, 0x90, 0x00, 0x06, 0x10, 0x4e, 0xe4,
    0x00, 0x9f, 0xa0, 0x00, 0x00, 0x00, 0x00, 0x2d, 0xf7, 0xcf, 0x80, 0x00, 0x00, 0x00, 0x00, 0x00,
    0x2e, 0xfe, 0x50, 0x00, 0x00, 0x00, 0x00, 0x02, 0x8e, 0xfa, 0x20, 0x00, 0x00, 0x00, 0x02, 0x6a,
    0xff, 0xff, 0xff, 0xff, 0xff, 0xff, 0x0b, 0xff, 0xef, 0xb6, 0x66, 0x66, 0x66, 0x6b, 0xf0, 0x58,
    0x30, 0xf8, 0x00, 0x00, 0x00, 0x00, 0x8f, 0x00, 0x00, 0x0f, 0x80, 0x00, 0x00, 0x00, 0x08, 0xf0,
    0x00, 0x00, 0xf8, 0x00, 0x00, 0x00, 0x00, 0x8f, 0x00, 0x00, 0x0f, 0x80, 0x00, 0x00, 0x00, 0x08,
    0xf0, 0x00, 0x00, 0xff, 0xff, 0xff, 0xff, 0xff, 0xff, 0x00, 0x00, 0x0f, 0xb6, 0x66, 0x66, 0x66,
    0x6b, 0xf0, 0x00, 0x00, 0x85, 0x00, 0x00, 0x00, 0x00, 0x58,
    /* U+540E "后" */
    0x00, 0x00, 0x00, 0x00, 0x00, 0x00, 0x00, 0x36, 0x60, 0x00, 0x00, 0x01, 0x23, 0x45, 0x78, 0x9b,
    0xdf, 0xff, 0xd4, 0x00, 0x00, 0x0f, 0xff, 0xff, 0xec, 0xb9, 0x75, 0x31, 0x00, 0x00, 0x00, 0x0f,
    0xa3, 0x10, 0x00, 0x00, 0x00, 0x00, 0x00, 0x00, 0x00, 0x0f, 0x80, 0x00, 0x00, 0x00, 0x00, 0x00,
    0x00, 0x00, 0x00, 0x0f, 0x80, 0x00, 0x00, 0x00, 0x00, 0x00, 0x00, 0x00, 0x00, 0x0f, 0xff, 0xff,
    0xff, 0xff, 0xff, 0xff, 0xff, 0xf1, 0x00, 0x0f, 0xb7, 0x77, 0x77, 0x77, 0x77, 0x77, 0x77, 0x71,
    0x00, 0x0f, 0x70, 0x00, 0x00, 0x00, 0x00, 0x00, 0x00, 0x00, 0x00, 0x1f, 0x70, 0x00, 0x00, 0x00,
    0x00, 0x00, 0x00, 0x00, 0x00, 0x1f, 0x60, 0x46, 0x66, 0x66, 0x66, 0x66, 0x64, 0x00, 0x00, 0x3f,
    0x50, 0xbf, 0xff, 0xff, 0xff, 0xff, 0xf9, 0x00, 0x00, 0x5f, 0x30, 0xbb, 0x00, 0x00, 0x00, 0x00,
    0xf9, 0x00, 0x00, 0x7f, 0x10, 0xbb, 0x00, 0x00, 0x00, 0x00, 0xf9, 0x00, 0x00, 0xbd, 0x00, 0xbb,
    0x00, 0x00, 0x00, 0x00, 0xf9, 0x00, 0x00, 0xe9, 0x00, 0xbb, 0x00, 0x00, 0x00, 0x00, 0xf9, 0x00,
    0x06, 0xf5, 0x00, 0xbb, 0x00, 0x00, 0x00, 0x00, 0xf9, 0x00, 0x0d, 0xd0, 0x00, 0xbf, 0xff, 0xff,
    0xff, 0xff, 0xf9, 0x00, 0x3e, 0x60, 0x00, 0xbd, 0x66, 0x66, 0x66, 0x66, 0xf9, 0x00, 0x04, 0x10,
    0x00, 0x77, 0x00, 0x00, 0x00, 0x00, 0x85, 0x00,
    /* U+542C "听" */
    0x00, 0x00, 0x00, 0x00, 0x00, 0x00, 0x00, 0x04, 0x10, 0x00, 0x00, 0x00, 0x00, 0x00, 0x00, 0x38,
    0xdf, 0xb0, 0x37, 0x77, 0x77, 0x00, 0x26, 0xae, 0xff, 0xc7, 0x20, 0x7f, 0xff, 0xff, 0x10, 0x8f,
    0xc8, 0x52, 0x00, 0x00, 0x7f, 0x00, 0x6f, 0x10, 0x8f, 0x00, 0x00, 0x00, 0x00, 0x7f, 0x00, 0x6f,
    0x10, 0x8f, 0x00, 0x00, 0x00, 0x00, 0x7f, 0x00, 0x6f, 0x10, 0x8f, 0x00, 0x00, 0x00, 0x00, 0x7f,
    0x00, 0x6f, 0x10, 0x8f, 0xff, 0xff, 0xff, 0xff, 0x7f, 0x00, 0x6f, 0x10, 0x8f, 0x77, 0x78, 0xfb,
    0x77, 0x7f, 0x00, 0x6f, 0x10, 0x9e, 0x00, 0x02, 0xf6, 0x00, 0x7f, 0x00, 0x6f, 0x10, 0x9e, 0x00,
    0x02, 0xf6, 0x00, 0x7f, 0x00, 0x6f, 0x10, 0xbd, 0x00, 0x02, 0xf6, 0x00, 0x7f, 0x00, 0x6f, 0x10,
    0xcb, 0x00, 0x02, 0xf6, 0x00, 0x7f, 0xff, 0xff, 0x10, 0xe9, 0x00, 0x02, 0xf6, 0x00, 0x7f, 0x77,
    0x77, 0x13, 0xf6, 0x00, 0x02, 0xf6, 0x00, 0x7f, 0x00, 0x00, 0x07, 0xf2, 0x00, 0x02, 0xf6, 0x00,
    0x11, 0x00, 0x00, 0x0d, 0xd0, 0x00, 0x02, 0xf6, 0x00, 0x00, 0x00, 0x00, 0x5f, 0x70, 0x00, 0x02,
    0xf6, 0x00, 0x00, 0x00, 0x00, 0xae, 0x10, 0x00, 0x02, 0xf6, 0x00, 0x00, 0x00, 0x00, 0x14, 0x00,
    0x00, 0x01, 0x94, 0x00,
    /* U+5496 "咖" */
    0x00, 0x00, 0x00, 0x05, 0x60, 0x00, 0x00, 0x00, 0x00, 0x00, 0x00, 0x00, 0x09, 0xb0, 0x00, 0x00,
    0x00, 0x00, 0x7f, 0xff, 0xe0, 0x09, 0xb0, 0x00, 0x00, 0x00, 0x00, 0x7c, 0x47, 0xe0, 0x09, 0xa0,
    0x00, 0x7f, 0xff, 0xf9, 0x7b, 0x04, 0xe2, 0x5b, 0xc5, 0x54, 0x7d, 0x66, 0xc9, 0x7b, 0x04, 0xe5,
    0xff, 0xff, 0xfb, 0x7c, 0x00, 0xb9, 0x7b, 0x04, 0xe0, 0x0a, 0xa0, 0x9b, 0x7c, 0x00, 0xb9, 0x7b,
    0x04, 0xe0, 0x0b, 0x90, 0xaa, 0x7c, 0x00, 0xb9, 0x7b, 0x04, 0xe0, 0x0b, 0x80, 0xaa, 0x7c, 0x00,
    0xb9, 0x7b, 0x04, 0xe0, 0x0c, 0x70, 0xb9, 0x7c, 0x00, 0xb9, 0x7b, 0x04, 0xe0, 0x0e, 0x60, 0xb9,
    0x7c, 0x00, 0xb9, 0x7b, 0x04, 0xe0, 0x1f, 0x40, 0xc8, 0x7c, 0x00, 0xb9, 0x7b, 0x04, 0xe0, 0x3f,
    0x10, 0xd7, 0x7c, 0x00, 0xb9, 0x7f, 0xff, 0xe0, 0x6e, 0x00, 0xe7, 0x7c, 0x00, 0xb9, 0x7c, 0x44,
    0x40, 0xba, 0x00, 0xf6, 0x7c, 0x00, 0xb9, 0x7b, 0x00, 0x01, 0xf5, 0x01, 0xf4, 0x7d, 0x55, 0xc9,
    0x34, 0x00, 0x06, 0xf1, 0x03, 0xf3, 0x7f, 0xff, 0xf9, 0x00, 0x00, 0x2e, 0x90, 0x08, 0xf1, 0x7c,
    0x00, 0xb9, 0x00, 0x00, 0xad, 0x17, 0xff, 0xa0, 0x7b, 0x00, 0x87, 0x00, 0x00, 0x34, 0x01, 0x44,
    0x00, 0x00, 0x00, 0x00,
    /* U+54C1 "品" */
    0x00, 0x06, 0xff, 0xff, 0xff, 0xff, 0xff, 0x80, 0x00, 0x00, 0x06, 0xf7, 0x66, 0x66, 0x66, 0x6f,
    0x80, 0x00, 0x00, 0x06, 0xf0, 0x00, 0x00, 0x00, 0x0f, 0x80, 0x00, 0x00, 0x06, 0xf0, 0x00, 0x00,
    0x00, 0x0f, 0x80, 0x00, 0x00, 0x06, 0xf0, 0x00, 0x00, 0x00, 0x0f, 0x80, 0x00, 0x00, 0x06, 0xf7,
    0x77, 0x77, 0x77, 0x7f, 0x80, 0x00, 0x00, 0x06, 0xff, 0xff, 0xff, 0xff, 0xff, 0x80, 0x00, 0x00,
    0x00, 0x00, 0x00, 0x00, 0x00, 0x00, 0x00, 0x00, 0x00, 0x00, 0x00, 0x00, 0x00, 0x00, 0x00, 0x00,
    0x00, 0x26, 0x66, 0x66, 0x65, 0x00, 0x66, 0x66, 0x66, 0x63, 0x5f, 0xff, 0xff, 0xfc, 0x00, 0xff,
    0xff, 0xff, 0xf7, 0x5f, 0x10, 0x00, 0xbc, 0x00, 0xf6, 0x00, 0x00, 0xf7, 0x5f, 0x10, 0x00, 0xbc,
    0x00, 0xf6, 0x00, 0x00, 0xf7, 0x5f, 0x10, 0x00, 0xbc, 0x00, 0xf6, 0x00, 0x00, 0xf7, 0x5f, 0x10,
    0x00, 0xbc, 0x00, 0xf6, 0x00, 0x00, 0xf7, 0x5f, 0x10, 0x00, 0xbc, 0x00, 0xf6, 0x00, 0x00, 0xf7,
    0x5f, 0xff, 0xff, 0xfc, 0x00, 0xff, 0xff, 0xff, 0xf7, 0x5f, 0x87, 0x77, 0xdc, 0x00, 0xfa, 0x77,
    0x77, 0xf7, 0x3a, 0x10, 0x00, 0x55, 0x00, 0xa4, 0x00, 0x00, 0x84,
    /* U+54E5 "哥" */
    0x24, 0x44, 0x44, 0x44, 0x44, 0x44, 0x44, 0x44, 0x42, 0x7f, 0xff, 0xff, 0xff, 0xff, 0xff, 0xff,
    0xff, 0xf8, 0x00, 0x00, 0x00, 0x00, 0x00, 0x00, 0x03, 0xf5, 0x00, 0x00, 0x5f, 0xff, 0xff, 0xff,
    0xf9, 0x03, 0xf5, 0x00, 0x00, 0x5f, 0x11, 0x11, 0x11, 0xd9, 0x03, 0xf5, 0x00, 0x00, 0x5f, 0x00,
    0x00, 0x00, 0xc9, 0x03, 0xf5, 0x00, 0x00, 0x5f, 0xff, 0xff, 0xff, 0xf9, 0x03, 0xf5, 0x00, 0x00,
    0x01, 0x11, 0x11, 0x11, 0x11, 0x03, 0xf5, 0x00, 0x45, 0x55, 0x55, 0x55, 0x55, 0x55, 0x57, 0xf8,
    0x54, 0xef, 0xff, 0xff, 0xff, 0xff, 0xff, 0xff, 0xff, 0xfe, 0x00, 0x00, 0x00, 0x00, 0x00, 0x00,
    0x00, 0xf8, 0x00, 0x00, 0x12, 0x22, 0x22, 0x22, 0x21, 0x00, 0xf8, 0x00, 0x00, 0x7f, 0xff, 0xff,
    0xff, 0xf5, 0x00, 0xf8, 0x00, 0x00, 0x7f, 0x00, 0x00, 0x03, 0xf5, 0x00, 0xf8, 0x00, 0x00, 0x7f,
    0x00, 0x00, 0x03, 0xf5, 0x00, 0xf8, 0x00, 0x00, 0x7f, 0xff, 0xff, 0xff, 0xf5, 0x00, 0xf8, 0x00,
    0x00, 0x7f, 0x33, 0x33, 0x33, 0x31, 0x00, 0xf8, 0x00, 0x00, 0x00, 0x00, 0x00, 0x00, 0x0c, 0xff,
    0xf5, 0x00, 0x00, 0x00, 0x00, 0x00, 0x00, 0x03, 0x65, 0x30, 0x00,
    /* U+54E6 "哦" */
    0x00, 0x00, 0x00, 0x00, 0x00, 0x01, 0x38, 0x00, 0x00, 0x00, 0x00, 0x00, 0x00, 0x01, 0x6d, 0xc6,
    0xf1, 0xb4, 0x00, 0x8f, 0xff, 0xf3, 0x6a, 0xee, 0x93, 0x5f, 0x18, 0xe1, 0x08, 0xc4, 0x6f, 0x6d,
    0x9d, 0x90, 0x05, 0xf1, 0x0d, 0xa0, 0x8b, 0x02, 0xf2, 0x00, 0xb9, 0x00, 0x4f, 0x10, 0x4b, 0x18,
    0xb0, 0x2f, 0x20, 0x0b, 0x90, 0x04, 0xf1, 0x00, 0x00, 0x8b, 0x02, 0xf4, 0x55, 0xdb, 0x55, 0x8f,
    0x65, 0x55, 0x18, 0xb0, 0x2f, 0x9f, 0xff, 0xff, 0xff, 0xff, 0xff, 0xf2, 0x8b, 0x02, 0xf2, 0x00,
    0xb9, 0x00, 0x2f, 0x30, 0x10, 0x08, 0xb0, 0x2f, 0x20, 0x0b, 0x90, 0x01, 0xf4, 0x1e, 0x60, 0x8b,
    0x02, 0xf2, 0x00, 0xb9, 0x01, 0x1f, 0x56, 0xf1, 0x08, 0xb0, 0x2f, 0x20, 0x2c, 0xdd, 0xf3, 0xe7,
    0xda, 0x00, 0x8b, 0x02, 0xf8, 0xef, 0xfe, 0x84, 0x1c, 0xcf, 0x30, 0x08, 0xff, 0xff, 0x69, 0x5c,
    0x90, 0x00, 0x9f, 0xa0, 0x00, 0x8c, 0x44, 0x40, 0x00, 0xb9, 0x00, 0x09, 0xf2, 0x00, 0x08, 0xb0,
    0x00, 0x00, 0x0b, 0x90, 0x05, 0xff, 0x20, 0x92, 0x23, 0x00, 0x00, 0x00, 0xb9, 0x04, 0xe9, 0xe6,
    0x0c, 0x40, 0x00, 0x00, 0x00, 0x0c, 0x95, 0xf9, 0x09, 0xd2, 0xe2, 0x00, 0x00, 0x05, 0xff, 0xf6,
    0x89, 0x00, 0x2e, 0xfc, 0x00, 0x00, 0x00, 0x07, 0x64, 0x00, 0x00, 0x00, 0x25, 0x10,
    /* U+54EA "哪" */
    0x00, 0x00, 0x02, 0x44, 0x44, 0x42, 0x14, 0x44, 0x42, 0x36, 0x66, 0x48, 0xff, 0xff, 0xf7, 0x5f,
    0xff, 0xfd, 0x8f, 0xff, 0xa0, 0x0c, 0x70, 0xd6, 0x5f, 0x00, 0xba, 0x89, 0x07, 0xa0, 0x0c, 0x70,
    0xd6, 0x5f, 0x00, 0xe5, 0x89, 0x07, 0xa0, 0x0c, 0x70, 0xd6, 0x5f, 0x03, 0xf1, 0x89, 0x07, 0xa2,
    0x4d, 0x94, 0xd6, 0x5f, 0x07, 0xc0, 0x89, 0x07, 0xa8, 0xff, 0xff, 0xf6, 0x5f, 0x0b, 0x70, 0x89,
    0x07, 0xa0, 0x0c, 0x70, 0xd6, 0x5f, 0x1f, 0x30, 0x89, 0x07, 0xa0, 0x0d, 0x60, 0xd6, 0x5f, 0x0c,
    0x80, 0x89, 0x07, 0xa0, 0x0e, 0x50, 0xd6, 0x5f, 0x03, 0xe1, 0x89, 0x07, 0xa3, 0x4f, 0x84, 0xe6,
    0x5f, 0x00, 0xd6, 0x8c, 0x6a, 0xa9, 0xff, 0xff, 0xf5, 0x5f, 0x00, 0xa9, 0x8f, 0xff, 0xa0, 0x4e,
    0x00, 0xe5, 0x5f, 0x00, 0x8b, 0x89, 0x00, 0x00, 0x9a, 0x00, 0xe5, 0x5f, 0x00, 0x8b, 0x89, 0x00,
    0x00, 0xe5, 0x00, 0xf4, 0x5f, 0x25, 0xd9, 0x11, 0x00, 0x07, 0xe1, 0x01, 0xf4, 0x5f, 0x4f, 0xc2,
    0x00, 0x00, 0x2e, 0x80, 0x04, 0xf2, 0x5f, 0x00, 0x00, 0x00, 0x00, 0x8d, 0x15, 0xff, 0xc0, 0x5f,
    0x00, 0x00, 0x00, 0x00, 0x02, 0x01, 0x54, 0x10, 0x3a, 0x00, 0x00,
    /* U+5546 "商" */
    0x00, 0x00, 0x00, 0x01, 0x74, 0x00, 0x00, 0x00, 0x00, 0x00, 0x00, 0x00, 0x00, 0xdb, 0x00, 0x00,
    0x00, 0x00, 0x34, 0x44, 0x44, 0x44, 0xaf, 0x54, 0x44, 0x44, 0x44, 0xcf, 0xff, 0xff, 0xff, 0xff,
    0xff, 0xff, 0xff, 0xfc, 0x00, 0x00, 0x4c, 0x20, 0x00, 0x01, 0xb5, 0x00, 0x00, 0x00, 0x00, 0x1e,
    0xa0, 0x00, 0x08, 0xf3, 0x00, 0x00, 0x00, 0x00, 0x07, 0x90, 0x00, 0x2e, 0x80, 0x00, 0x00, 0x0a,
    0xff, 0xff, 0xff, 0xff, 0xff, 0xff, 0xff, 0xb0, 0x0a, 0xd4, 0x44, 0x66, 0x44, 0x67, 0x44, 0x4c,
    0xb0, 0x0a, 0xc0, 0x02, 0xd9, 0x00, 0x8f, 0x70, 0x0a, 0xb0, 0x0a, 0xc0, 0x5e, 0xa0, 0x00, 0x06,
    0xfa, 0x1a, 0xb0, 0x0a, 0xc6, 0xf8, 0x00, 0x00, 0x00, 0x3e, 0xba, 0xb0, 0x0a, 0xc1, 0x5b, 0xff,
    0xff, 0xff, 0xa2, 0x3a, 0xb0, 0x0a, 0xc0, 0x0b, 0x92, 0x22, 0x2a, 0xa0, 0x0a, 0xb0, 0x0a, 0xc0,
    0x0b, 0x80, 0x00, 0x09, 0xa0, 0x0a, 0xb0, 0x0a, 0xc0, 0x0b, 0x91, 0x11, 0x1a, 0xa0, 0x0a, 0xb0,
    0x0a, 0xc0, 0x0b, 0xff, 0xff, 0xff, 0xa0, 0x0a, 0xb0, 0x0a, 0xc0, 0x08, 0x60, 0x00, 0x00, 0x00,
    0x0b, 0xa0, 0x0a, 0xc0, 0x00, 0x00, 0x00, 0x00, 0xaf, 0xff, 0x60, 0x03, 0x30, 0x00, 0x00, 0x00,
    0x00, 0x12, 0x21, 0x00,
    /* U+554F "問" */
    0x3f, 0xff, 0xff, 0xff, 0x12, 0xff, 0xff, 0xff, 0xf4, 0x3f, 0x73, 0x33, 0x7f, 0x12, 0xf7, 0x33,
    0x36, 0xf4, 0x3f, 0x50, 0x00, 0x5f, 0x12, 0xf4, 0x00, 0x04, 0xf4, 0x3f, 0xff, 0xff, 0xff, 0x12,
    0xff, 0xff, 0xff, 0xf4, 0x3f, 0x62, 0x22, 0x6f, 0x12, 0xf6, 0x22, 0x25, 0xf4, 0x3f, 0x50, 0x00,
    0x5f, 0x12, 0xf4, 0x00, 0x04, 0xf4, 0x3f, 0x73, 0x33, 0x7f, 0x12, 0xf6, 0x33, 0x36, 0xf4, 0x3f,
    0xff, 0xff, 0xff, 0x12, 0xff, 0xff, 0xff, 0xf4, 0x3f, 0x50, 0x00, 0x00, 0x00, 0x00, 0x00, 0x04,
    0xf4, 0x3f, 0x50, 0x03, 0x44, 0x44, 0x44, 0x30, 0x04, 0xf4, 0x3f, 0x50, 0x0d, 0xff, 0xff, 0xff,
    0xa0, 0x04, 0xf4, 0x3f, 0x50, 0x0d, 0x80, 0x00, 0x0b, 0xa0, 0x04, 0xf4, 0x3f, 0x50, 0x0d, 0x80,
    0x00, 0x0b, 0xa0, 0x04, 0xf4, 0x3f, 0x50, 0x0d, 0x80, 0x00, 0x0b, 0xa0, 0x04, 0xf4, 0x3f, 0x50,
    0x0d, 0xa4, 0x44, 0x4c, 0xa0, 0x04, 0xf4, 0x3f, 0x50, 0x0d, 0xff, 0xff, 0xff, 0xa0, 0x04, 0xf4,
    0x3f, 0x50, 0x0d, 0x80, 0x00, 0x00, 0x00, 0x04, 0xf4, 0x3f, 0x50, 0x02, 0x10, 0x00, 0x00, 0x9f,
    0xef, 0xe1, 0x19, 0x30, 0x00, 0x00, 0x00, 0x00, 0x38, 0x86, 0x20,
    /* U+5561 "啡" */
    0x00, 0x00, 0x00, 0x00, 0x03, 0x81, 0x07, 0x50, 0x00, 0x00, 0x00, 0x00, 0x00, 0x00, 0x5f, 0x20,
    0xca, 0x00, 0x00, 0x36, 0x66, 0x62, 0x00, 0x05, 0xf2, 0x0c, 0xa0, 0x00, 0x08, 0xff, 0xff, 0x50,
    0x00, 0x5f, 0x20, 0xca, 0x00, 0x00, 0x8c, 0x00, 0xf5, 0x7f, 0xff, 0xf2, 0x0c, 0xff, 0xff, 0x08,
    0xc0, 0x0f, 0x53, 0x66, 0x9f, 0x20, 0xcc, 0x66, 0x60, 0x8c, 0x00, 0xf5, 0x00, 0x05, 0xf2, 0x0c,
    0xa0, 0x00, 0x08, 0xc0, 0x0f, 0x50, 0x00, 0x5f, 0x20, 0xca, 0x00, 0x00, 0x8c, 0x00, 0xf5, 0x25,
    0x59, 0xf2, 0x0c, 0xc5, 0x55, 0x08, 0xc0, 0x0f, 0x55, 0xff, 0xff, 0x20, 0xcf, 0xff, 0xd0, 0x8c,
    0x00, 0xf5, 0x00, 0x05, 0xf2, 0x0c, 0xa0, 0x00, 0x08, 0xc0, 0x0f, 0x50, 0x00, 0x5f, 0x20, 0xca,
    0x00, 0x00, 0x8d, 0x66, 0xf5, 0x00, 0x05, 0xf2, 0x0c, 0xa0, 0x00, 0x08, 0xff, 0xff, 0x5e, 0xff,
    0xff, 0x20, 0xcf, 0xff, 0xf4, 0x8c, 0x00, 0x00, 0x56, 0x69, 0xf2, 0x0c, 0xc6, 0x66, 0x18, 0xc0,
    0x00, 0x00, 0x00, 0x5f, 0x20, 0xca, 0x00, 0x00, 0x01, 0x00, 0x00, 0x00, 0x05, 0xf2, 0x0c, 0xa0,
    0x00, 0x00, 0x00, 0x00, 0x00, 0x00, 0x5f, 0x20, 0xca, 0x00, 0x00, 0x00, 0x00, 0x00, 0x00, 0x05,
    0xf2, 0x0c, 0xa0, 0x00, 0x00, 0x00, 0x00, 0x00, 0x00, 0x39, 0x10, 0x86, 0x00, 0x00,
    /* U+559C "喜" */
    0x00, 0x00, 0x00, 0x00, 0x08, 0x70, 0x00, 0x00, 0x00, 0x00, 0x01, 0x22, 0x22, 0x22, 0x2d, 0xb2,
    0x22, 0x22, 0x22, 0x10, 0x06, 0xff, 0xff, 0xff, 0xff, 0xff, 0xff, 0xff, 0xff, 0x70, 0x00, 0x00,
    0x00, 0x00, 0x0c, 0xb0, 0x00, 0x00, 0x00, 0x00, 0x00, 0x02, 0x22, 0x22, 0x2d, 0xb2, 0x22, 0x22,
    0x20, 0x00, 0x00, 0x0f, 0xff, 0xff, 0xff, 0xff, 0xff, 0xff, 0xf2, 0x00, 0x00, 0x00, 0x00, 0x00,
    0x00, 0x00, 0x00, 0x00, 0x00, 0x00, 0x00, 0x01, 0xff, 0xff, 0xff, 0xff, 0xff, 0xff, 0x20, 0x00,
    0x00, 0x01, 0xf6, 0x00, 0x00, 0x00, 0x00, 0x6f, 0x20, 0x00, 0x00, 0x01, 0xf6, 0x00, 0x00, 0x00,
    0x00, 0x6f, 0x20, 0x00, 0x00, 0x01, 0xff, 0xff, 0xff, 0xff, 0xff, 0xff, 0x20, 0x00, 0x00, 0x00,
    0x04, 0xf3, 0x00, 0x00, 0x5f, 0x50, 0x00, 0x00, 0x1f, 0xff, 0xff, 0xff, 0xff, 0xff, 0xff, 0xff,
    0xff, 0xf0, 0x03, 0x33, 0x33, 0x33, 0x33, 0x33, 0x33, 0x33, 0x33, 0x30, 0x00, 0x01, 0x11, 0x11,
    0x11, 0x11, 0x11, 0x11, 0x10, 0x00, 0x00, 0x06, 0xff, 0xff, 0xff, 0xff, 0xff, 0xff, 0x80, 0x00,
    0x00, 0x06, 0xf1, 0x00, 0x00, 0x00, 0x00, 0x0f, 0x80, 0x00, 0x00, 0x06, 0xf2, 0x11, 0x11, 0x11,
    0x11, 0x2f, 0x80, 0x00, 0x00, 0x06, 0xff, 0xff, 0xff, 0xff, 0xff, 0xff, 0x80, 0x00, 0x00, 0x04,
    0xa1, 0x00, 0x00, 0x00, 0x00, 0x0a, 0x50, 0x00,
    /* U+559D "喝" */
    0x00, 0x00, 0x00, 0x09, 0xff, 0xff, 0xff, 0xff, 0xe0, 0x36, 0x66, 0x63, 0x09, 0xc3, 0x33, 0x33,
    0x39, 0xe0, 0x8f, 0xff, 0xf8, 0x09, 0xb0, 0x00, 0x00, 0x07, 0xe0, 0x8c, 0x00, 0xc8, 0x09, 0xff,
    0xff, 0xff, 0xff, 0xe0, 0x8c, 0x00, 0xc8, 0x09, 0xc1, 0x11, 0x11, 0x18, 0xe0, 0x8c, 0x00, 0xc8,
    0x09, 0xb0, 0x00, 0x00, 0x07, 0xe0, 0x8c, 0x00, 0xc8, 0x09, 0xff, 0xff, 0xff, 0xff, 0xe0, 0x8c,
    0x00, 0xc8, 0x02, 0xd9, 0x33, 0x33, 0x33, 0x20, 0x8c, 0x00, 0xc8, 0x04, 0xf7, 0x33, 0x33, 0x33,
    0x33, 0x8c, 0x00, 0xc8, 0x0b, 0xff, 0xff, 0xff, 0xff, 0xfe, 0x8c, 0x00, 0xc8, 0x8f, 0x30, 0x01,
    0x91, 0x00, 0x9d, 0x8d, 0x66, 0xdb, 0xf8, 0x10, 0x08, 0xc0, 0x00, 0x9c, 0x8f, 0xff, 0xf8, 0x4b,
    0x80, 0x4e, 0xd9, 0x10, 0xab, 0x8c, 0x00, 0x00, 0x0b, 0x86, 0xe4, 0x1a, 0xc0, 0xba, 0x8c, 0x00,
    0x00, 0x0b, 0x82, 0x30, 0x00, 0x30, 0xc9, 0x00, 0x00, 0x00, 0x0b, 0xff, 0xff, 0xff, 0xf6, 0xe7,
    0x00, 0x00, 0x00, 0x01, 0x11, 0x11, 0x12, 0x24, 0xf4, 0x00, 0x00, 0x00, 0x00, 0x00, 0x00, 0x04,
    0xff, 0xc0, 0x00, 0x00, 0x00, 0x00, 0x00, 0x00, 0x00, 0x11, 0x00,
    /* U+5634 "嘴" */
    0x00, 0x00, 0x00, 0x00, 0x08, 0x20, 0x19, 0x20, 0x00, 0x00, 0x00, 0x00, 0x04, 0x50, 0xf4, 0x01,
    0xf3, 0x15, 0x20, 0x37, 0x77, 0x50, 0x8a, 0x0f, 0xff, 0x5f, 0xcf, 0xb3, 0x07, 0xff, 0xfb, 0x08,
    0xa0, 0xf5, 0x22, 0xf6, 0x10, 0x10, 0x7a, 0x06, 0xb0, 0x8a, 0x0f, 0x54, 0x2f, 0x30, 0x1e, 0x27,
    0xa0, 0x6b, 0x3b, 0xdc, 0xff, 0xf4, 0xdf, 0xff, 0xc0, 0x7a, 0x06, 0xb7, 0xc9, 0x76, 0x20, 0x00,
    0x22, 0x20, 0x07, 0xa0, 0x6b, 0x00, 0x05, 0xf5, 0x11, 0x11, 0x00, 0x00, 0x7a, 0x06, 0xb0, 0x04,
    0xff, 0xff, 0xff, 0xe2, 0x00, 0x07, 0xa0, 0x6b, 0x18, 0xfa, 0x22, 0x26, 0xe5, 0x22, 0x00, 0x7a,
    0x06, 0xb6, 0xef, 0xff, 0xff, 0xff, 0xff, 0xf3, 0x07, 0xa0, 0x6b, 0x01, 0xf5, 0x00, 0x8c, 0x00,
    0x1f, 0x30, 0x7a, 0x06, 0xb0, 0x0f, 0x61, 0x19, 0xc1, 0x12, 0xf3, 0x07, 0xff, 0xfb, 0x00, 0xff,
    0xff, 0xff, 0xff, 0xff, 0x30, 0x7c, 0x77, 0x50, 0x1f, 0x40, 0x08, 0xc0, 0x01, 0xf3, 0x07, 0xa0,
    0x00, 0x04, 0xff, 0xff, 0xff, 0xff, 0xff, 0x30, 0x12, 0x00, 0x00, 0x9d, 0x22, 0x29, 0xd2, 0x23,
    0xf3, 0x00, 0x00, 0x00, 0x4f, 0x60, 0x00, 0x8c, 0x00, 0x2f, 0x30, 0x00, 0x00, 0x0d, 0xb0, 0x00,
    0x08, 0xc1, 0xef, 0xe1, 0x00, 0x00, 0x00, 0x21, 0x00, 0x00, 0x00, 0x02, 0x20, 0x00,
    /* U+56DB "四" */
    0x4f, 0xff, 0xff, 0xff, 0xff, 0xff, 0xff, 0xff, 0xf3, 0x4f, 0x97, 0x77, 0xfb, 0x77, 0xdd, 0x77,
    0x7a, 0xf3, 0x4f, 0x40, 0x00, 0xf6, 0x00, 0xbb, 0x00, 0x05, 0xf3, 0x4f, 0x40, 0x01, 0xf5, 0x00,
    0xbb, 0x00, 0x05, 0xf3, 0x4f, 0x40, 0x02, 0xf5, 0x00, 0xbb, 0x00, 0x05, 0xf3, 0x4f, 0x40, 0x04,
    0xf3, 0x00, 0xbb, 0x00, 0x05, 0xf3, 0x4f, 0x40, 0x06, 0xf1, 0x00, 0xbb, 0x00, 0x05, 0xf3, 0x4f,
    0x40, 0x0a, 0xd0, 0x00, 0xbb, 0x00, 0x05, 0xf3, 0x4f, 0x40, 0x2f, 0x80, 0x00, 0xac, 0x00, 0x06,
    0xf3, 0x4f, 0x41, 0xbe, 0x10, 0x00, 0x7f, 0xff, 0xfb, 0xf3, 0x4f, 0x6d, 0xf7, 0x00, 0x00, 0x03,
    0x44, 0x47, 0xf3, 0x4f, 0x6e, 0x70, 0x00, 0x00, 0x00, 0x00, 0x05, 0xf3, 0x4f, 0x41, 0x00, 0x00,
    0x00, 0x00, 0x00, 0x05, 0xf3, 0x4f, 0x40, 0x00, 0x00, 0x00, 0x00, 0x00, 0x05, 0xf3, 0x4f, 0xff,
    0xff, 0xff, 0xff, 0xff, 0xff, 0xff, 0xf3, 0x4f, 0x97, 0x77, 0x77, 0x77, 0x77, 0x77, 0x7a, 0xf3,
    0x4f, 0x40, 0x00, 0x00, 0x00, 0x00, 0x00, 0x05, 0xd2, 0x00, 0x00, 0x00, 0x00, 0x00, 0x00, 0x00,
    0x00, 0x00,
    /* U+56DE "回" */
    0x6f, 0xff, 0xff, 0xff, 0xff, 0xff, 0xff, 0xff, 0xf6, 0x6f, 0x98, 0x88, 0x88, 0x88, 0x88, 0x88,
    0x89, 0xf6, 0x6f, 0x30, 0x00, 0x00, 0x00, 0x00, 0x00, 0x03, 0xf6, 0x6f, 0x30, 0x00, 0x00, 0x00,
    0x00, 0x00, 0x03, 0xf6, 0x6f, 0x30, 0x00, 0x00, 0x00, 0x00, 0x00, 0x03, 0xf6, 0x6f, 0x30, 0x0e,
    0xff, 0xff, 0xff, 0xc0, 0x03, 0xf6, 0x6f, 0x30, 0x0e, 0xa6, 0x66, 0x6c, 0xc0, 0x03, 0xf6, 0x6f,
    0x30, 0x0e, 0x70, 0x00, 0x0a, 0xc0, 0x03, 0xf6, 0x6f, 0x30, 0x0e, 0x70, 0x00, 0x0a, 0xc0, 0x03,
    0xf6, 0x6f, 0x30, 0x0e, 0x70, 0x00, 0x0a, 0xc0, 0x03, 0xf6, 0x6f, 0x30, 0x0e, 0x70, 0x00, 0x0a,
    0xc0, 0x03, 0xf6, 0x6f, 0x30, 0x0e, 0xff, 0xff, 0xff, 0xc0, 0x03, 0xf6, 0x6f, 0x30, 0x05, 0x55,
    0x55, 0x55, 0x40, 0x03, 0xf6, 0x6f, 0x30, 0x00, 0x00, 0x00, 0x00, 0x00, 0x03, 0xf6, 0x6f, 0x30,
    0x00, 0x00, 0x00, 0x00, 0x00, 0x03, 0xf6, 0x6f, 0x30, 0x00, 0x00, 0x00, 0x00, 0x00, 0x03, 0xf6,
    0x6f, 0xff, 0xff, 0xff, 0xff, 0xff, 0xff, 0xff, 0xf6, 0x6f, 0x86, 0x66, 0x66, 0x66, 0x66, 0x66,
    0x68, 0xf6, 0x39, 0x20, 0x00, 0x00, 0x00, 0x00, 0x00, 0x02, 0x93,
    /* U+56ED "园" */
    0x26, 0x66, 0x66, 0x66, 0x66, 0x66, 0x66, 0x66, 0x62, 0x6f, 0xff, 0xff, 0xff, 0xff, 0xff, 0xff,
    0xff, 0xf6, 0x6f, 0x20, 0x00, 0x00, 0x00, 0x00, 0x00, 0x02, 0xf6, 0x6f, 0x20, 0x00, 0x00, 0x00,
    0x00, 0x00, 0x02, 0xf6, 0x6f, 0x20, 0xbf, 0xff, 0xff, 0xff, 0xfc, 0x02, 0xf6, 0x6f, 0x20, 0x34,
    0x44, 0x44, 0x44, 0x43, 0x02, 0xf6, 0x6f, 0x20, 0x00, 0x00, 0x00, 0x00, 0x00, 0x02, 0xf6, 0x6f,
    0x24, 0x44, 0x44, 0x44, 0x44, 0x44, 0x42, 0xf6, 0x6f, 0x3f, 0xff, 0xff, 0xff, 0xff, 0xff, 0xe2,
    0xf6, 0x6f, 0x20, 0x00, 0xd7, 0x02, 0xf3, 0x00, 0x02, 0xf6, 0x6f, 0x20, 0x00, 0xf5, 0x02, 0xf3,
    0x00, 0x02, 0xf6, 0x6f, 0x20, 0x04, 0xf3, 0x02, 0xf3, 0x00, 0x12, 0xf6, 0x6f, 0x20, 0x0a, 0xc0,
    0x02, 0xf3, 0x01, 0xf3, 0xf6, 0x6f, 0x20, 0x8f, 0x40, 0x02, 0xf6, 0x36, 0xf2, 0xf6, 0x6f, 0x4d,
    0xe6, 0x00, 0x00, 0xbf, 0xff, 0x92, 0xf6, 0x6f, 0x25, 0x10, 0x00, 0x00, 0x00, 0x00, 0x02, 0xf6,
    0x6f, 0xff, 0xff, 0xff, 0xff, 0xff, 0xff, 0xff, 0xf6, 0x6f, 0x76, 0x66, 0x66, 0x66, 0x66, 0x66,
    0x67, 0xf6, 0x38, 0x10, 0x00, 0x00, 0x00, 0x00, 0x00, 0x01, 0x83,
    /* U+56FD "国" */
    0x26, 0x66, 0x66, 0x66, 0x66, 0x66, 0x66, 0x66, 0x62, 0x4f, 0xff, 0xff, 0xff, 0xff, 0xff, 0xff,
    0xff, 0xf4, 0x4f, 0x30, 0x00, 0x00, 0x00, 0x00, 0x00, 0x04, 0xf4, 0x4f, 0x31, 0x55, 0x55, 0x55,
    0x55, 0x55, 0x14, 0xf4, 0x4f, 0x33, 0xff, 0xff, 0xff, 0xff, 0xff, 0x24, 0xf4, 0x4f, 0x30, 0x00,
    0x00, 0xc9, 0x00, 0x00, 0x04, 0xf4, 0x4f, 0x30, 0x00, 0x00, 0xc9, 0x00, 0x00, 0x04, 0xf4, 0x4f,
    0x30, 0x00, 0x00, 0xc9, 0x00, 0x00, 0x04, 0xf4, 0x4f, 0x30, 0x9f, 0xff, 0xff, 0xff, 0xfa, 0x04,
    0xf4, 0x4f, 0x30, 0x35, 0x55, 0xdb, 0x56, 0x53, 0x04, 0xf4, 0x4f, 0x30, 0x00, 0x00, 0xc9, 0x0d,
    0x80, 0x04, 0xf4, 0x4f, 0x30, 0x00, 0x00, 0xc9, 0x02, 0xe6, 0x04, 0xf4, 0x4f, 0x30, 0x00, 0x00,
    0xc9, 0x00, 0x55, 0x04, 0xf4, 0x4f, 0x37, 0xff, 0xff, 0xff, 0xff, 0xff, 0x84, 0xf4, 0x4f, 0x32,
    0x44, 0x44, 0x44, 0x44, 0x44, 0x24, 0xf4, 0x4f, 0x30, 0x00, 0x00, 0x00, 0x00, 0x00, 0x04, 0xf4,
    0x4f, 0xff, 0xff, 0xff, 0xff, 0xff, 0xff, 0xff, 0xf4, 0x4f, 0x86, 0x66, 0x66, 0x66, 0x66, 0x66,
    0x69, 0xf4, 0x29, 0x20, 0x00, 0x00, 0x00, 0x00, 0x00, 0x03, 0x92,
    /* U+5712 "園" */
    0x6f, 0xff, 0xff, 0xff, 0xff, 0xff, 0xff, 0xff, 0xf5, 0x6f, 0x66, 0x66, 0x66, 0x66, 0x66, 0x66,
    0x67, 0xf5, 0x6f, 0x10, 0x00, 0x00, 0xb9, 0x00, 0x00, 0x02, 0xf5, 0x6f, 0x10, 0xbe, 0xee, 0xff,
    0xee, 0xec, 0x02, 0xf5, 0x6f, 0x10, 0x00, 0x00, 0xb9, 0x00, 0x00, 0x02, 0xf5, 0x6f, 0x10, 0x00,
    0x00, 0xb9, 0x00, 0x00, 0x02, 0xf5, 0x6f, 0x1e, 0xff, 0xff, 0xff, 0xff, 0xff, 0xd2, 0xf5, 0x6f,
    0x10, 0x00, 0x00, 0x00, 0x00, 0x00, 0x02, 0xf5, 0x6f, 0x10, 0xae, 0xee, 0xee, 0xee, 0xfb, 0x02,
    0xf5, 0x6f, 0x10, 0xa9, 0x00, 0x00, 0x00, 0xab, 0x02, 0xf5, 0x6f, 0x10, 0xae, 0xdd, 0xdd, 0xdd,
    0xec, 0x02, 0xf5, 0x6f, 0x10, 0x00, 0x19, 0xfc, 0x20, 0x3e, 0x72, 0xf5, 0x6f, 0x10, 0x04, 0xde,
    0xfd, 0xfa, 0xe6, 0x02, 0xf5, 0x6f, 0x15, 0xcf, 0xa1, 0xf5, 0x3b, 0xf8, 0x12, 0xf5, 0x6f, 0x2e,
    0xa4, 0x00, 0xf5, 0x00, 0x5e, 0xc2, 0xf5, 0x6f, 0x10, 0x00, 0x00, 0xf5, 0x00, 0x01, 0x32, 0xf5,
    0x6f, 0x65, 0x55, 0x55, 0x55, 0x55, 0x55, 0x57, 0xf5, 0x6f, 0xff, 0xff, 0xff, 0xff, 0xff, 0xff,
    0xff, 0xf5, 0x4c, 0x10, 0x00, 0x00, 0x00, 0x00, 0x00, 0x01, 0xc4,
    /* U+5728 "在" */
    0x00, 0x00, 0x00, 0x03, 0x72, 0x00, 0x00, 0x00, 0x00, 0x00, 0x00, 0x00, 0x00, 0x9f, 0x20, 0x00,
    0x00, 0x00, 0x00, 0x00, 0x00, 0x00, 0x0d, 0xc0, 0x00, 0x00, 0x00, 0x00, 0x00, 0x57, 0x77, 0x78,
    0xfb, 0x77, 0x77, 0x77, 0x77, 0x75, 0x0b, 0xff, 0xff, 0xff, 0xff, 0xff, 0xff, 0xff, 0xff, 0xc0,
    0x00, 0x00, 0x3f, 0x70, 0x00, 0x00, 0x00, 0x00, 0x00, 0x00, 0x00, 0x0c, 0xd1, 0x00, 0x01, 0xe6,
    0x00, 0x00, 0x00, 0x00, 0x07, 0xf5, 0x00, 0x00, 0x1f, 0x70, 0x00, 0x00, 0x00, 0x02, 0xec, 0x00,
    0x00, 0x01, 0xf7, 0x00, 0x00, 0x00, 0x01, 0xcf, 0x60, 0x00, 0x00, 0x1f, 0x70, 0x00, 0x00, 0x01,
    0xcf, 0xf5, 0x08, 0xff, 0xff, 0xff, 0xff, 0xff, 0x01, 0xdf, 0x8f, 0x50, 0x36, 0x66, 0x7f, 0xa6,
    0x66, 0x60, 0x0c, 0x52, 0xf5, 0x00, 0x00, 0x01, 0xf7, 0x00, 0x00, 0x00, 0x10, 0x2f, 0x50, 0x00,
    0x00, 0x1f, 0x70, 0x00, 0x00, 0x00, 0x02, 0xf5, 0x00, 0x00, 0x01, 0xf7, 0x00, 0x00, 0x00, 0x00,
    0x2f, 0x50, 0x00, 0x00, 0x1f, 0x70, 0x00, 0x00, 0x00, 0x02, 0xf5, 0x00, 0x00, 0x01, 0xf7, 0x00,
    0x00, 0x00, 0x00, 0x2f, 0x52, 0x66, 0x66, 0x6f, 0xa6, 0x66, 0x64, 0x00, 0x02, 0xf5, 0x5f, 0xff,
    0xff, 0xff, 0xff, 0xff, 0xb0, 0x00, 0x2c, 0x40, 0x00, 0x00, 0x00, 0x00, 0x00, 0x00,
    /* U+573A "场" */
    0x00, 0x02, 0x30, 0x00, 0x00, 0x00, 0x00, 0x00, 0x00, 0x00, 0x00, 0x8d, 0x00, 0x36, 0x66, 0x66,
    0x66, 0x72, 0x00, 0x00, 0x08, 0xd0, 0x07, 0xff, 0xff, 0xff, 0xff, 0x90, 0x00, 0x00, 0x8d, 0x00,
    0x00, 0x00, 0x01, 0xaf, 0x80, 0x00, 0x00, 0x08, 0xd0, 0x00, 0x00, 0x02, 0xce, 0x50, 0x00, 0x00,
    0x66, 0xbe, 0x66, 0x00, 0x05, 0xec, 0x20, 0x00, 0x00, 0x0f, 0xff, 0xff, 0xf2, 0x4b, 0xf7, 0x00,
    0x00, 0x00, 0x00, 0x00, 0x8d, 0x00, 0x3f, 0xff, 0xff, 0xff, 0xff, 0xfc, 0x00, 0x08, 0xd0, 0x00,
    0x67, 0x6d, 0xc6, 0xcd, 0x6d, 0xb0, 0x00, 0x8d, 0x00, 0x00, 0x03, 0xf4, 0x0e, 0x70, 0xda, 0x00,
    0x08, 0xd0, 0x00, 0x00, 0xbc, 0x04, 0xf2, 0x0e, 0x90, 0x00, 0x8d, 0x00, 0x00, 0x4f, 0x40, 0x9c,
    0x00, 0xf8, 0x00, 0x08, 0xd0, 0x10, 0x4e, 0xa0, 0x2f, 0x50, 0x1f, 0x60, 0x00, 0x8e, 0xaf, 0x7f,
    0xb0, 0x0a, 0xc0, 0x02, 0xf5, 0x01, 0x6d, 0xff, 0xa6, 0xb1, 0x04, 0xf5, 0x00, 0x4f, 0x42, 0xff,
    0xd7, 0x10, 0x00, 0x02, 0xea, 0x00, 0x06, 0xf2, 0x09, 0x40, 0x00, 0x00, 0x01, 0xcc, 0x10, 0x00,
    0x9e, 0x00, 0x00, 0x00, 0x00, 0x02, 0xde, 0x20, 0x10, 0x2e, 0xb0, 0x00, 0x00, 0x00, 0x02, 0xec,
    0x20, 0x08, 0xff, 0xf4, 0x00, 0x00, 0x00, 0x00, 0x04, 0x10, 0x00, 0x26, 0x52, 0x00,
    /* U+57CE "城" */
    0x00, 0x05, 0x30, 0x00, 0x00, 0x00, 0x07, 0x82, 0x30, 0x00, 0x00, 0x0c, 0x90, 0x00, 0x00, 0x00,
    0x0a, 0xc7, 0xf5, 0x00, 0x00, 0x0c, 0x90, 0x00, 0x00, 0x00, 0x09, 0xc0, 0x7f, 0x40, 0x00, 0x0c,
    0x90, 0x04, 0x66, 0x66, 0x6b, 0xd6, 0x6c, 0x70, 0x00, 0x0c, 0x90, 0x0a, 0xff, 0xff, 0xff, 0xff,
    0xff, 0xf1, 0x06, 0x6d, 0xb6, 0x3a, 0xb0, 0x00, 0x08, 0xd0, 0x00, 0x00, 0x0e, 0xff, 0xff, 0x7a,
    0xb0, 0x00, 0x07, 0xe0, 0x00, 0x00, 0x00, 0x0c, 0x90, 0x0a, 0xb0, 0x00, 0x06, 0xf0, 0x05, 0x30,
    0x00, 0x0c, 0x90, 0x0a, 0xff, 0xff, 0x85, 0xf0, 0x0e, 0x70, 0x00, 0x0c, 0x90, 0x0a, 0xc4, 0x4d,
    0x84, 0xf1, 0x4f, 0x20, 0x00, 0x0c, 0x90, 0x0a, 0xb0, 0x0c, 0x73, 0xf3, 0x9d, 0x00, 0x00, 0x0c,
    0x90, 0x0b, 0xa0, 0x0c, 0x71, 0xf6, 0xe8, 0x00, 0x00, 0x0c, 0x90, 0x0c, 0x90, 0x0d, 0x70, 0xed,
    0xe1, 0x00, 0x00, 0x0c, 0x96, 0x6d, 0x80, 0x0d, 0x60, 0xcf, 0x80, 0x00, 0x00, 0x3e, 0xff, 0xaf,
    0x60, 0x1f, 0x50, 0xaf, 0x20, 0x20, 0x1d, 0xfe, 0x93, 0x5f, 0x3f, 0xfe, 0x15, 0xff, 0x10, 0xb4,
    0x0a, 0x61, 0x00, 0x9d, 0x03, 0x31, 0x3e, 0xbf, 0x60, 0xd4, 0x00, 0x00, 0x02, 0xf8, 0x00, 0x05,
    0xec, 0x1b, 0xd2, 0xf2, 0x00, 0x00, 0x0a, 0xe1, 0x00, 0x4f, 0xb1, 0x02, 0xef, 0xc0, 0x00, 0x00,
    0x02, 0x40, 0x00, 0x05, 0x00, 0x00, 0x26, 0x20,
    /* U+591A "多" */
    0x00, 0x00, 0x00, 0x03, 0xa4, 0x00, 0x00, 0x00, 0x00, 0x00, 0x00, 0x00, 0x2d, 0xd1, 0x00, 0x00,
    0x00, 0x00, 0x00, 0x00, 0x04, 0xef, 0xff, 0xff, 0xff, 0x90, 0x00, 0x00, 0x00, 0x8f, 0xa6, 0x66,
    0x66, 0xcf, 0x50, 0x00, 0x00, 0x5d, 0xf7, 0x00, 0x00, 0x07, 0xf9, 0x00, 0x00, 0x07, 0xfc, 0x39,
    0xa1, 0x00, 0x7f, 0xa0, 0x00, 0x00, 0x00, 0x50, 0x04, 0xed, 0x4b, 0xf8, 0x00, 0x00, 0x00, 0x00,
    0x00, 0x00, 0x2e, 0xfe, 0x44, 0x20, 0x00, 0x00, 0x00, 0x00, 0x28, 0xef, 0xa2, 0x6f, 0x90, 0x00,
    0x00, 0x03, 0x7b, 0xff, 0x92, 0x05, 0xfe, 0x65, 0x55, 0x62, 0x3f, 0xfb, 0x72, 0x00, 0x7f, 0xff,
    0xff, 0xff, 0xfa, 0x04, 0x10, 0x00, 0x2b, 0xf7, 0x00, 0x00, 0x0b, 0xf2, 0x00, 0x00, 0x28, 0xfd,
    0x40, 0x00, 0x00, 0x8f, 0x70, 0x00, 0x09, 0xfe, 0x71, 0xca, 0x00, 0x08, 0xfa, 0x00, 0x00, 0x04,
    0x71, 0x00, 0x5f, 0xc3, 0xbf, 0xa0, 0x00, 0x00, 0x00, 0x00, 0x00, 0x05, 0xff, 0xf7, 0x00, 0x00,
    0x00, 0x00, 0x00, 0x15, 0xaf, 0xfb, 0x20, 0x00, 0x00, 0x00, 0x25, 0x7a, 0xef, 0xe8, 0x30, 0x00,
    0x00, 0x00, 0x4f, 0xff, 0xfd, 0xa4, 0x00, 0x00, 0x00, 0x00, 0x00, 0x19, 0x74, 0x10, 0x00, 0x00,
    0x00, 0x00, 0x00, 0x00,
    /* U+591C "夜" */
    0x00, 0x00, 0x00, 0x00, 0x29, 0x30, 0x00, 0x00, 0x00, 0x00, 0x00, 0x00, 0x00, 0x00, 0x1e, 0xb0,
    0x00, 0x00, 0x00, 0x00, 0x05, 0x66, 0x66, 0x66, 0x6b, 0xf8, 0x66, 0x66, 0x66, 0x50, 0x0c, 0xff,
    0xff, 0xff, 0xff, 0xff, 0xff, 0xff, 0xff, 0xd0, 0x00, 0x00, 0x07, 0xb1, 0x00, 0x0d, 0x60, 0x00,
    0x00, 0x00, 0x00, 0x00, 0x0d, 0xb0, 0x00, 0x5f, 0x50, 0x00, 0x00, 0x00, 0x00, 0x00, 0x6f, 0x40,
    0x00, 0xcf, 0x55, 0x55, 0x54, 0x00, 0x00, 0x01, 0xeb, 0x00, 0x06, 0xff, 0xff, 0xff, 0xff, 0x30,
    0x00, 0x09, 0xf5, 0x00, 0x1e, 0xb0, 0x10, 0x00, 0xad, 0x00, 0x00, 0x5f, 0xf4, 0x00, 0xbf, 0x28,
    0xd2, 0x02, 0xf8, 0x00, 0x03, 0xee, 0xf4, 0x08, 0xff, 0x41, 0xbd, 0x19, 0xf2, 0x00, 0x3e, 0xd4,
    0xf4, 0x8f, 0x8a, 0xc0, 0x1b, 0x4e, 0x90, 0x00, 0x1c, 0x33, 0xf4, 0x48, 0x01, 0xe7, 0x00, 0xcd,
    0x10, 0x00, 0x00, 0x03, 0xf4, 0x00, 0x00, 0x5f, 0x48, 0xf3, 0x00, 0x00, 0x00, 0x03, 0xf4, 0x00,
    0x00, 0x0a, 0xef, 0x70, 0x00, 0x00, 0x00, 0x03, 0xf4, 0x00, 0x00, 0x09, 0xff, 0x50, 0x00, 0x00,
    0x00, 0x03, 0xf4, 0x00, 0x03, 0xcf, 0x8c, 0xf9, 0x10, 0x00, 0x00, 0x03, 0xf4, 0x03, 0xaf, 0xd4,
    0x00, 0x9f, 0xd7, 0x10, 0x00, 0x03, 0xf4, 0x9f, 0xe8, 0x10, 0x00, 0x05, 0xcf, 0xe2, 0x00, 0x02,
    0xa3, 0x27, 0x10, 0x00, 0x00, 0x00, 0x05, 0x60,
    /* U+5927 "大" */
    0x00, 0x00, 0x00, 0x00, 0x07, 0x80, 0x00, 0x00, 0x00, 0x00, 0x00, 0x00, 0x00, 0x00, 0x0c, 0xc0,
    0x00, 0x00, 0x00, 0x00, 0x00, 0x00, 0x00, 0x00, 0x0c, 0xc0, 0x00, 0x00, 0x00, 0x00, 0x00, 0x00,
    0x00, 0x00, 0x0d, 0xb0, 0x00, 0x00, 0x00, 0x00, 0x00, 0x00, 0x00, 0x00, 0x0e, 0xa0, 0x00, 0x00,
    0x00, 0x00, 0x00, 0x00, 0x00, 0x00, 0x0f, 0x90, 0x00, 0x00, 0x00, 0x00, 0x06, 0x88, 0x88, 0x88,
    0x8f, 0xc8, 0x88, 0x88, 0x88, 0x70, 0x0b, 0xff, 0xff, 0xff, 0xff, 0xff, 0xff, 0xff, 0xff, 0xd0,
    0x00, 0x00, 0x00, 0x00, 0x7f, 0xf7, 0x00, 0x00, 0x00, 0x00, 0x00, 0x00, 0x00, 0x00, 0xce, 0xdc,
    0x00, 0x00, 0x00, 0x00, 0x00, 0x00, 0x00, 0x01, 0xf9, 0x7f, 0x30, 0x00, 0x00, 0x00, 0x00, 0x00,
    0x00, 0x07, 0xf4, 0x1f, 0xa0, 0x00, 0x00, 0x00, 0x00, 0x00, 0x00, 0x1e, 0xd0, 0x09, 0xf4, 0x00,
    0x00, 0x00, 0x00, 0x00, 0x00, 0x8f, 0x50, 0x02, 0xed, 0x00, 0x00, 0x00, 0x00, 0x00, 0x04, 0xfc,
    0x00, 0x00, 0x7f, 0x90, 0x00, 0x00, 0x00, 0x00, 0x3e, 0xe2, 0x00, 0x00, 0x0c, 0xf8, 0x00, 0x00,
    0x00, 0x04, 0xee, 0x30, 0x00, 0x00, 0x01, 0xcf, 0x80, 0x00, 0x01, 0x8f, 0xe4, 0x00, 0x00, 0x00,
    0x00, 0x1d, 0xfd, 0x40, 0x0c, 0xfa, 0x10, 0x00, 0x00, 0x00, 0x00, 0x01, 0x9f, 0xd0, 0x03, 0x50,
    0x00, 0x00, 0x00, 0x00, 0x00, 0x00, 0x04, 0x20,
    /* U+5929 "天" */
    0x00, 0xff, 0xff, 0xff, 0xff, 0xff, 0xff, 0xff, 0xfd, 0x00, 0x00, 0x88, 0x88, 0x88, 0x8e, 0xd8,
    0x88, 0x88, 0x87, 0x00, 0x00, 0x00, 0x00, 0x00, 0x0e, 0xa0, 0x00, 0x00, 0x00, 0x00, 0x00, 0x00,
    0x00, 0x00, 0x0e, 0xa0, 0x00, 0x00, 0x00, 0x00, 0x00, 0x00, 0x00, 0x00, 0x0e, 0xa0, 0x00, 0x00,
    0x00, 0x00, 0x00, 0x00, 0x00, 0x00, 0x0f, 0x90, 0x00, 0x00, 0x00, 0x00, 0x05, 0x88, 0x88, 0x88,
    0x8f, 0xc8, 0x88, 0x88, 0x88, 0x60, 0x0a, 0xff, 0xff, 0xff, 0xff, 0xff, 0xff, 0xff, 0xff, 0xb0,
    0x00, 0x00, 0x00, 0x00, 0x8f, 0xf5, 0x00, 0x00, 0x00, 0x00, 0x00, 0x00, 0x00, 0x00, 0xdd, 0xcc,
    0x00, 0x00, 0x00, 0x00, 0x00, 0x00, 0x00, 0x05, 0xf7, 0x5f, 0x40, 0x00, 0x00, 0x00, 0x00, 0x00,
    0x00, 0x1e, 0xe1, 0x0d, 0xd1, 0x00, 0x00, 0x00, 0x00, 0x00, 0x00, 0xaf, 0x50, 0x04, 0xfb, 0x00,
    0x00, 0x00, 0x00, 0x00, 0x1b, 0xfa, 0x00, 0x00, 0x7f, 0xa1, 0x00, 0x00, 0x00, 0x02, 0xcf, 0x90,
    0x00, 0x00, 0x09, 0xfc, 0x20, 0x00, 0x01, 0x8f, 0xf7, 0x00, 0x00, 0x00, 0x00, 0x7f, 0xf9, 0x30,
    0x0d, 0xfc, 0x30, 0x00, 0x00, 0x00, 0x00, 0x04, 0xbf, 0xe1, 0x04, 0x40, 0x00, 0x00, 0x00, 0x00,
    0x00, 0x00, 0x04, 0x40,
    /* U+592A "太" */
    0x00, 0x00, 0x00, 0x00, 0x08, 0x70, 0x00, 0x00, 0x00, 0x00, 0x00, 0x00, 0x00, 0x00, 0x0d, 0xc0,
    0x00, 0x00, 0x00, 0x00, 0x00, 0x00, 0x00, 0x00, 0x0d, 0xb0, 0x00, 0x00, 0x00, 0x00, 0x00, 0x00,
    0x00, 0x00, 0x0d, 0xb0, 0x00, 0x00, 0x00, 0x00, 0x00, 0x00, 0x00, 0x00, 0x0e, 0xa0, 0x00, 0x00,
    0x00, 0x00, 0x00, 0x00, 0x00, 0x00, 0x0f, 0x90, 0x00, 0x00, 0x00, 0x00, 0x0c, 0xff, 0xff, 0xff,
    0xff, 0xff, 0xff, 0xff, 0xff, 0xd0, 0x06, 0x88, 0x88, 0x88, 0xaf, 0xfb, 0x88, 0x88, 0x88, 0x70,
    0x00, 0x00, 0x00, 0x00, 0x8f, 0xeb, 0x00, 0x00, 0x00, 0x00, 0x00, 0x00, 0x00, 0x00, 0xcd, 0x8f,
    0x10, 0x00, 0x00, 0x00, 0x00, 0x00, 0x00, 0x01, 0xf9, 0x2f, 0x70, 0x00, 0x00, 0x00, 0x00, 0x00,
    0x00, 0x07, 0xf4, 0x0c, 0xd1, 0x00, 0x00, 0x00, 0x00, 0x00, 0x00, 0x1e, 0xc0, 0x05, 0xf7, 0x00,
    0x00, 0x00, 0x00, 0x00, 0x00, 0x8f, 0x50, 0x00, 0xbe, 0x20, 0x00, 0x00, 0x00, 0x00, 0x05, 0xfe,
    0x50, 0x00, 0x3f, 0xb1, 0x00, 0x00, 0x00, 0x00, 0x3f, 0xeb, 0xf7, 0x00, 0x08, 0xfa, 0x00, 0x00,
    0x00, 0x04, 0xee, 0x30, 0xbf, 0x70, 0x00, 0xaf, 0xa1, 0x00, 0x01, 0x9f, 0xe4, 0x00, 0x0b, 0xf6,
    0x00, 0x0b, 0xfd, 0x40, 0x1e, 0xfa, 0x20, 0x00, 0x01, 0xcd, 0x00, 0x00, 0x7f, 0xf2, 0x04, 0x40,
    0x00, 0x00, 0x00, 0x21, 0x00, 0x00, 0x03, 0x50,
    /* U+5931 "失" */
    0x00, 0x00, 0x23, 0x00, 0x09, 0x70, 0x00, 0x00, 0x00, 0x00, 0x00, 0x00, 0x9f, 0x20, 0x0d, 0xa0,
    0x00, 0x00, 0x00, 0x00, 0x00, 0x00, 0xeb, 0x00, 0x0d, 0xa0, 0x00, 0x00, 0x00, 0x00, 0x00, 0x04,
    0xf6, 0x00, 0x0d, 0xa0, 0x00, 0x00, 0x00, 0x00, 0x00, 0x0a, 0xff, 0xff, 0xff, 0xff, 0xff, 0xff,
    0xf4, 0x00, 0x00, 0x2f, 0xb8, 0x88, 0x8e, 0xd8, 0x88, 0x88, 0x82, 0x00, 0x00, 0xaf, 0x20, 0x00,
    0x0d, 0xa0, 0x00, 0x00, 0x00, 0x00, 0x05, 0xf9, 0x00, 0x00, 0x0e, 0xa0, 0x00, 0x00, 0x00, 0x00,
    0x05, 0xc1, 0x00, 0x00, 0x0f, 0x90, 0x00, 0x00, 0x00, 0x00, 0x00, 0x00, 0x00, 0x00, 0x1f, 0x80,
    0x00, 0x00, 0x00, 0x00, 0x0e, 0xff, 0xff, 0xff, 0xff, 0xff, 0xff, 0xff, 0xff, 0xe0, 0x07, 0x88,
    0x88, 0x88, 0xcf, 0xfb, 0x88, 0x88, 0x88, 0x70, 0x00, 0x00, 0x00, 0x00, 0xdd, 0xcc, 0x00, 0x00,
    0x00, 0x00, 0x00, 0x00, 0x00, 0x05, 0xf7, 0x4f, 0x50, 0x00, 0x00, 0x00, 0x00, 0x00, 0x00, 0x3e,
    0xd1, 0x0b, 0xe3, 0x00, 0x00, 0x00, 0x00, 0x00, 0x03, 0xdf, 0x30, 0x02, 0xde, 0x20, 0x00, 0x00,
    0x00, 0x00, 0x6f, 0xe5, 0x00, 0x00, 0x3e, 0xe6, 0x00, 0x00, 0x00, 0x5c, 0xfc, 0x20, 0x00, 0x00,
    0x03, 0xcf, 0xc6, 0x10, 0x0d, 0xfe, 0x71, 0x00, 0x00, 0x00, 0x00, 0x08, 0xef, 0xf2, 0x05, 0x61,
    0x00, 0x00, 0x00, 0x00, 0x00, 0x00, 0x05, 0x60,
    /* U+5934 "头" */
    0x00, 0x00, 0x00, 0x00, 0x03, 0x71, 0x00, 0x00, 0x00, 0x00, 0x06, 0x50, 0x00, 0x07, 0xf1, 0x00,
    0x00, 0x00, 0x00, 0x0b, 0xfd, 0x60, 0x07, 0xf1, 0x00, 0x00, 0x00, 0x00, 0x00, 0x4b, 0xfc, 0x17,
    0xf1, 0x00, 0x00, 0x00, 0x00, 0x00, 0x00, 0x5a, 0x07, 0xf1, 0x00, 0x00, 0x00, 0x05, 0x92, 0x00,
    0x00, 0x07, 0xf0, 0x00, 0x00, 0x00, 0x07, 0xef, 0x91, 0x00, 0x09, 0xe0, 0x00, 0x00, 0x00, 0x00,
    0x18, 0xfe, 0x30, 0x0a, 0xd0, 0x00, 0x00, 0x00, 0x00, 0x00, 0x3b, 0x10, 0x0c, 0xb0, 0x00, 0x00,
    0x00, 0x00, 0x00, 0x00, 0x00, 0x0e, 0xa0, 0x00, 0x00, 0x00, 0xdf, 0xff, 0xff, 0xff, 0xff, 0xff,
    0xff, 0xff, 0xfe, 0x66, 0x66, 0x66, 0x66, 0xbf, 0x76, 0x66, 0x66, 0x66, 0x00, 0x00, 0x00, 0x00,
    0xdc, 0x00, 0x00, 0x00, 0x00, 0x00, 0x00, 0x00, 0x05, 0xf6, 0x62, 0x00, 0x00, 0x00, 0x00, 0x00,
    0x00, 0x3e, 0xc2, 0xdf, 0x81, 0x00, 0x00, 0x00, 0x00, 0x03, 0xee, 0x20, 0x18, 0xfe, 0x50, 0x00,
    0x00, 0x01, 0x8f, 0xd3, 0x00, 0x00, 0x2b, 0xfa, 0x10, 0x02, 0x7e, 0xfa, 0x10, 0x00, 0x00, 0x00,
    0x7f, 0xd3, 0x9f, 0xfb, 0x40, 0x00, 0x00, 0x00, 0x00, 0x03, 0xe8, 0x26, 0x20, 0x00, 0x00, 0x00,
    0x00, 0x00, 0x00, 0x20,
    /* U+5976 "奶" */
    0x00, 0x05, 0x80, 0x00, 0x00, 0x00, 0x00, 0x00, 0x00, 0x00, 0x00, 0xab, 0x00, 0x00, 0x00, 0x00,
    0x00, 0x00, 0x00, 0x00, 0x0c, 0x90, 0x02, 0xff, 0xff, 0xff, 0xff, 0x40, 0x00, 0x00, 0xe7, 0x00,
    0x16, 0x6e, 0xb6, 0x69, 0xf2, 0x00, 0x16, 0x6f, 0x96, 0x64, 0x00, 0xd8, 0x00, 0x7e, 0x00, 0x01,
    0xff, 0xff, 0xff, 0xb0, 0x0e, 0x80, 0x0a, 0xb0, 0x00, 0x00, 0x7e, 0x00, 0xca, 0x00, 0xe7, 0x00,
    0xd8, 0x00, 0x00, 0x0a, 0xb0, 0x0e, 0x80, 0x0f, 0x70, 0x1f, 0x60, 0x00, 0x00, 0xd8, 0x01, 0xf6,
    0x01, 0xf5, 0x04, 0xff, 0xff, 0x90, 0x2f, 0x50, 0x3f, 0x40, 0x3f, 0x40, 0x36, 0x66, 0xe8, 0x05,
    0xf2, 0x06, 0xf1, 0x05, 0xf2, 0x00, 0x00, 0x0e, 0x70, 0x9f, 0x30, 0xad, 0x00, 0x7f, 0x00, 0x00,
    0x00, 0xe7, 0x01, 0xcf, 0x6e, 0x90, 0x0a, 0xd0, 0x00, 0x00, 0x0f, 0x60, 0x01, 0xaf, 0xf3, 0x00,
    0xe8, 0x00, 0x00, 0x02, 0xf5, 0x00, 0x00, 0xdf, 0x70, 0x4f, 0x40, 0x00, 0x00, 0x3f, 0x30, 0x00,
    0x7f, 0xcf, 0x29, 0xe0, 0x00, 0x00, 0x05, 0xf2, 0x00, 0x2e, 0xa0, 0x62, 0xe9, 0x00, 0x00, 0x00,
    0x7f, 0x00, 0x4e, 0xe1, 0x00, 0xae, 0x20, 0x01, 0x10, 0x1c, 0xc0, 0x1e, 0xc2, 0x00, 0x6f, 0x60,
    0x00, 0x6f, 0xff, 0xf5, 0x00, 0x41, 0x00, 0x00, 0x60, 0x00, 0x01, 0x66, 0x63, 0x00,
    /* U+597D "好" */
    0x00, 0x04, 0x80, 0x00, 0x00, 0x00, 0x00, 0x00, 0x00, 0x00, 0x00, 0x08, 0xe0, 0x00, 0x00, 0x00,
    0x00, 0x00, 0x00, 0x00, 0x00, 0x0b, 0xb0, 0x00, 0x08, 0xff, 0xff, 0xff, 0xff, 0x40, 0x00, 0x0d,
    0x90, 0x00, 0x03, 0x66, 0x66, 0x67, 0xfd, 0x10, 0x16, 0x6f, 0xa6, 0x66, 0x20, 0x00, 0x00, 0x0b,
    0xf3, 0x00, 0x3f, 0xff, 0xff, 0xff, 0x60, 0x00, 0x00, 0x8f, 0x50, 0x00, 0x00, 0x6f, 0x10, 0x2f,
    0x50, 0x00, 0x07, 0xf7, 0x00, 0x00, 0x00, 0x9d, 0x00, 0x4f, 0x30, 0x00, 0x0c, 0xc0, 0x00, 0x00,
    0x00, 0xca, 0x00, 0x6f, 0x10, 0x00, 0x0c, 0xb0, 0x00, 0x00, 0x01, 0xf6, 0x00, 0x9d, 0x36, 0x66,
    0x6d, 0xd6, 0x66, 0x61, 0x05, 0xf3, 0x00, 0xd9, 0x6f, 0xff, 0xff, 0xff, 0xff, 0xf3, 0x09, 0xf3,
    0x03, 0xf5, 0x00, 0x00, 0x0c, 0xb0, 0x00, 0x00, 0x03, 0xde, 0x68, 0xe1, 0x00, 0x00, 0x0c, 0xb0,
    0x00, 0x00, 0x00, 0x1a, 0xff, 0x90, 0x00, 0x00, 0x0c, 0xb0, 0x00, 0x00, 0x00, 0x00, 0xbf, 0xc1,
    0x00, 0x00, 0x0c, 0xb0, 0x00, 0x00, 0x00, 0x05, 0xfb, 0xfd, 0x10, 0x00, 0x0c, 0xb0, 0x00, 0x00,
    0x00, 0x3e, 0xb0, 0x4f, 0x80, 0x00, 0x0c, 0xb0, 0x00, 0x00, 0x07, 0xfd, 0x10, 0x04, 0x00, 0x00,
    0x0c, 0xb0, 0x00, 0x00, 0x3f, 0x91, 0x00, 0x00, 0x00, 0x9f, 0xff, 0x80, 0x00, 0x00, 0x02, 0x00,
    0x00, 0x00, 0x00, 0x26, 0x64, 0x00, 0x00, 0x00,
    /* U+59B9 "妹" */
    0x00, 0x04, 0x60, 0x00, 0x00, 0x00, 0x38, 0x20, 0x00, 0x00, 0x00, 0x0a, 0xb0, 0x00, 0x00, 0x00,
    0x5f, 0x30, 0x00, 0x00, 0x00, 0x0c, 0x90, 0x00, 0x00, 0x00, 0x5f, 0x30, 0x00, 0x00, 0x00, 0x0e,
    0x60, 0x00, 0x00, 0x00, 0x5f, 0x30, 0x00, 0x00, 0x06, 0x6f, 0x96, 0x63, 0x8f, 0xff, 0xff, 0xff,
    0xff, 0xa0, 0x0f, 0xff, 0xff, 0xf8, 0x36, 0x66, 0x9f, 0x86, 0x66, 0x40, 0x00, 0x7e, 0x00, 0xe7,
    0x00, 0x00, 0x5f, 0x30, 0x00, 0x00, 0x00, 0xab, 0x01, 0xf5, 0x00, 0x00, 0x5f, 0x30, 0x00, 0x00,
    0x00, 0xd8, 0x02, 0xf3, 0x00, 0x00, 0x5f, 0x30, 0x00, 0x00, 0x01, 0xf5, 0x05, 0xf3, 0xff, 0xff,
    0xff, 0xff, 0xff, 0xf3, 0x05, 0xf1, 0x08, 0xe1, 0x66, 0x66, 0xef, 0xe6, 0x66, 0x61, 0x08, 0xf3,
    0x0c, 0xa0, 0x00, 0x04, 0xff, 0xf5, 0x00, 0x00, 0x03, 0xdf, 0x7f, 0x60, 0x00, 0x0c, 0xdf, 0xbd,
    0x00, 0x00, 0x00, 0x1b, 0xff, 0x20, 0x00, 0x6e, 0x6f, 0x4e, 0x60, 0x00, 0x00, 0x01, 0xef, 0x90,
    0x02, 0xe7, 0x5f, 0x37, 0xe2, 0x00, 0x00, 0x08, 0xfa, 0xf7, 0x1d, 0xd0, 0x5f, 0x30, 0xdc, 0x10,
    0x00, 0x3f, 0x90, 0x94, 0xce, 0x30, 0x5f, 0x30, 0x3f, 0xc1, 0x05, 0xed, 0x10, 0x06, 0xf5, 0x00,
    0x5f, 0x30, 0x05, 0xc1, 0x2f, 0xc2, 0x00, 0x00, 0x30, 0x00, 0x5f, 0x30, 0x00, 0x00, 0x06, 0x10,
    0x00, 0x00, 0x00, 0x00, 0x3a, 0x20, 0x00, 0x00,
    /* U+59C9 "姉" */
    0x00, 0x08, 0x60, 0x00, 0x00, 0x00, 0x39, 0x10, 0x00, 0x00, 0x00, 0x0d, 0x80, 0x00, 0x00, 0x00,
    0x5f, 0x20, 0x00, 0x00, 0x00, 0x0f, 0x60, 0x00, 0x00, 0x00, 0x5f, 0x20, 0x00, 0x00, 0x00, 0x2f,
    0x40, 0x00, 0x67, 0x77, 0x9f, 0x87, 0x77, 0x71, 0x16, 0x8f, 0x76, 0x63, 0xcf, 0xff, 0xff, 0xff,
    0xff, 0xf3, 0x3f, 0xff, 0xff, 0xf9, 0x00, 0x00, 0x4f, 0x20, 0x00, 0x00, 0x00, 0x9c, 0x00, 0xd8,
    0x00, 0x00, 0x4f, 0x20, 0x00, 0x00, 0x00, 0xb9, 0x00, 0xf6, 0x37, 0x77, 0x9f, 0x87, 0x77, 0x40,
    0x00, 0xe7, 0x02, 0xf4, 0x6f, 0xff, 0xff, 0xff, 0xff, 0x90, 0x02, 0xf4, 0x04, 0xf2, 0x6f, 0x00,
    0x4f, 0x20, 0x0c, 0x90, 0x05, 0xf1, 0x08, 0xe0, 0x6f, 0x00, 0x4f, 0x20, 0x0c, 0x90, 0x09, 0xe1,
    0x0c, 0xb0, 0x6f, 0x00, 0x4f, 0x20, 0x0c, 0x90, 0x04, 0xec, 0x2f, 0x80, 0x6f, 0x00, 0x4f, 0x20,
    0x0c, 0x90, 0x00, 0x3e, 0xef, 0x30, 0x6f, 0x00, 0x4f, 0x20, 0x0c, 0x90, 0x00, 0x02, 0xef, 0x20,
    0x6f, 0x00, 0x4f, 0x20, 0x0c, 0x90, 0x00, 0x05, 0xff, 0xd1, 0x6f, 0x00, 0x4f, 0x25, 0x6e, 0x90,
    0x00, 0x1e, 0xc4, 0xfa, 0x6f, 0x00, 0x4f, 0x29, 0xfd, 0x30, 0x02, 0xce, 0x20, 0x53, 0x12, 0x00,
    0x4f, 0x20, 0x00, 0x00, 0x1e, 0xe4, 0x00, 0x00, 0x00, 0x00, 0x4f, 0x20, 0x00, 0x00, 0x05, 0x20,
    0x00, 0x00, 0x00, 0x00, 0x3a, 0x20, 0x00, 0x00,
    /* U+59CB "始" */
    0x00, 0x04, 0x70, 0x00, 0x00, 0x00, 0x66, 0x00, 0x00, 0x00, 0x00, 0x09, 0xc0, 0x00, 0x00, 0x01,
    0xeb, 0x00, 0x00, 0x00, 0x00, 0x0b, 0xa0, 0x00, 0x00, 0x07, 0xf3, 0x00, 0x00, 0x00, 0x00, 0x0e,
    0x70, 0x00, 0x00, 0x1e, 0xb0, 0x06, 0x20, 0x00, 0x16, 0x6f, 0x96, 0x64, 0x00, 0x7f, 0x30, 0x0d,
    0xb0, 0x00, 0x2f, 0xff, 0xff, 0xfa, 0x01, 0xe9, 0x00, 0x03, 0xf6, 0x00, 0x00, 0x7e, 0x00, 0xb9,
    0x0a, 0xe1, 0x00, 0x00, 0x9e, 0x10, 0x00, 0xab, 0x00, 0xd7, 0x8f, 0xca, 0xbc, 0xde, 0xff, 0x90,
    0x00, 0xd8, 0x01, 0xf5, 0xaf, 0xfd, 0xcb, 0x98, 0x7a, 0xf1, 0x02, 0xf4, 0x03, 0xf3, 0x22, 0x00,
    0x00, 0x00, 0x01, 0xa1, 0x06, 0xf1, 0x06, 0xe0, 0x00, 0x00, 0x00, 0x00, 0x00, 0x00, 0x09, 0xf5,
    0x0b, 0xa0, 0x0b, 0xff, 0xff, 0xff, 0xff, 0x10, 0x01, 0xaf, 0x9e, 0x60, 0x0b, 0xc6, 0x66, 0x66,
    0x9f, 0x10, 0x00, 0x08, 0xff, 0x20, 0x0b, 0xa0, 0x00, 0x00, 0x5f, 0x10, 0x00, 0x00, 0xdf, 0x90,
    0x0b, 0xa0, 0x00, 0x00, 0x5f, 0x10, 0x00, 0x05, 0xfc, 0xf7, 0x0b, 0xa0, 0x00, 0x00, 0x5f, 0x10,
    0x00, 0x1e, 0xd1, 0xbe, 0x1b, 0xa0, 0x00, 0x00, 0x5f, 0x10, 0x01, 0xbf, 0x30, 0x17, 0x0b, 0xb5,
    0x55, 0x55, 0x8f, 0x10, 0x1d, 0xe5, 0x00, 0x00, 0x0b, 0xff, 0xff, 0xff, 0xff, 0x10, 0x06, 0x30,
    0x00, 0x00, 0x09, 0x80, 0x00, 0x00, 0x4b, 0x10,
    /* U+59D0 "姐" */
    0x00, 0x58, 0x00, 0x00, 0x00, 0x00, 0x00, 0x00, 0x00, 0x00, 0x09, 0xb0, 0x00, 0x06, 0x66, 0x66,
    0x66, 0x63, 0x00, 0x00, 0xb9, 0x00, 0x00, 0xef, 0xff, 0xff, 0xff, 0x70, 0x00, 0x0d, 0x80, 0x00,
    0x0e, 0x80, 0x00, 0x01, 0xf7, 0x00, 0x66, 0xfa, 0x66, 0x30, 0xe8, 0x00, 0x00, 0x1f, 0x70, 0x0f,
    0xff, 0xff, 0xf8, 0x0e, 0x80, 0x00, 0x01, 0xf7, 0x00, 0x05, 0xf0, 0x0e, 0x70, 0xea, 0x55, 0x55,
    0x6f, 0x70, 0x00, 0x8c, 0x00, 0xf6, 0x0e, 0xff, 0xff, 0xff, 0xf7, 0x00, 0x0b, 0xa0, 0x2f, 0x40,
    0xe8, 0x00, 0x00, 0x1f, 0x70, 0x00, 0xe7, 0x04, 0xf2, 0x0e, 0x80, 0x00, 0x01, 0xf7, 0x00, 0x2f,
    0x30, 0x7e, 0x00, 0xe8, 0x00, 0x00, 0x1f, 0x70, 0x06, 0xf1, 0x0b, 0xb0, 0x0e, 0x80, 0x00, 0x01,
    0xf7, 0x00, 0x4e, 0xc2, 0xf7, 0x00, 0xef, 0xff, 0xff, 0xff, 0x70, 0x00, 0x3e, 0xef, 0x30, 0x0e,
    0xb6, 0x66, 0x67, 0xf7, 0x00, 0x00, 0x2e, 0xf2, 0x00, 0xe8, 0x00, 0x00, 0x1f, 0x70, 0x00, 0x05,
    0xff, 0xc1, 0x0e, 0x80, 0x00, 0x01, 0xf7, 0x00, 0x01, 0xdc, 0x4f, 0x50, 0xe8, 0x00, 0x00, 0x1f,
    0x70, 0x02, 0xcf, 0x20, 0x46, 0x6f, 0xb6, 0x66, 0x67, 0xfa, 0x61, 0xbe, 0x40, 0x03, 0xff, 0xff,
    0xff, 0xff, 0xff, 0xff, 0x33, 0x30, 0x00, 0x00, 0x00, 0x00, 0x00, 0x00, 0x00, 0x00,
    /* U+5B50 "子" */
    0x00, 0x00, 0x00, 0x00, 0x00, 0x00, 0x00, 0x00, 0x00, 0x00, 0x0f, 0xff, 0xff, 0xff, 0xff, 0xff,
    0xff, 0xd2, 0x00, 0x00, 0x77, 0x77, 0x77, 0x77, 0x77, 0x8f, 0xf8, 0x00, 0x00, 0x00, 0x00, 0x00,
    0x00, 0x00, 0x4d, 0xf5, 0x00, 0x00, 0x00, 0x00, 0x00, 0x00, 0x01, 0x9f, 0xc3, 0x00, 0x00, 0x00,
    0x00, 0x00, 0x00, 0x06, 0xee, 0x60, 0x00, 0x00, 0x00, 0x00, 0x00, 0x00, 0x00, 0xbe, 0x10, 0x00,
    0x00, 0x00, 0x00, 0x00, 0x00, 0x00, 0x0b, 0xd0, 0x00, 0x00, 0x00, 0x00, 0x77, 0x77, 0x77, 0x77,
    0xde, 0x77, 0x77, 0x77, 0x77, 0x0f, 0xff, 0xff, 0xff, 0xff, 0xff, 0xff, 0xff, 0xff, 0xf1, 0x00,
    0x00, 0x00, 0x00, 0xbd, 0x00, 0x00, 0x00, 0x00, 0x00, 0x00, 0x00, 0x00, 0x0b, 0xd0, 0x00, 0x00,
    0x00, 0x00, 0x00, 0x00, 0x00, 0x00, 0xbd, 0x00, 0x00, 0x00, 0x00, 0x00, 0x00, 0x00, 0x00, 0x0b,
    0xd0, 0x00, 0x00, 0x00, 0x00, 0x00, 0x00, 0x00, 0x00, 0xbd, 0x00, 0x00, 0x00, 0x00, 0x00, 0x00,
    0x00, 0x00, 0x0b, 0xd0, 0x00, 0x00, 0x00, 0x00, 0x00, 0x00, 0x00, 0x00, 0xbd, 0x00, 0x00, 0x00,
    0x00, 0x00, 0x00, 0x09, 0xee, 0xef, 0x90, 0x00, 0x00, 0x00, 0x00, 0x00, 0x00, 0x28, 0x87, 0x50,
    0x00, 0x00, 0x00, 0x00, 0x00,
    /* U+5B57 "字" */
    0x00, 0x00, 0x00, 0x03, 0xa2, 0x00, 0x00, 0x00, 0x00, 0x00, 0x00, 0x00, 0x02, 0xfa, 0x00, 0x00,
    0x00, 0x00, 0x37, 0x77, 0x77, 0x77, 0xcf, 0x77, 0x77, 0x77, 0x73, 0x6f, 0xff, 0xff, 0xff, 0xff,
    0xff, 0xff, 0xff, 0xf6, 0x6f, 0x10, 0x00, 0x00, 0x00, 0x00, 0x00, 0x02, 0xf6, 0x6f, 0x10, 0x00,
    0x00, 0x00, 0x00, 0x00, 0x02, 0xf6, 0x6f, 0x12, 0x66, 0x66, 0x66, 0x66, 0x66, 0x02, 0xf6, 0x00,
    0x05, 0xff, 0xff, 0xff, 0xff, 0xff, 0x40, 0x00, 0x00, 0x00, 0x00, 0x00, 0x00, 0x2c, 0xe4, 0x00,
    0x00, 0x00, 0x00, 0x00, 0x00, 0x07, 0xeb, 0x20, 0x00, 0x00, 0x00, 0x00, 0x00, 0x00, 0xbe, 0x60,
    0x00, 0x00, 0x00, 0x47, 0x77, 0x77, 0x77, 0xdd, 0x77, 0x77, 0x77, 0x74, 0x9f, 0xff, 0xff, 0xff,
    0xff, 0xff, 0xff, 0xff, 0xf9, 0x00, 0x00, 0x00, 0x00, 0xcc, 0x00, 0x00, 0x00, 0x00, 0x00, 0x00,
    0x00, 0x00, 0xcc, 0x00, 0x00, 0x00, 0x00, 0x00, 0x00, 0x00, 0x00, 0xcc, 0x00, 0x00, 0x00, 0x00,
    0x00, 0x00, 0x00, 0x00, 0xcc, 0x00, 0x00, 0x00, 0x00, 0x00, 0x00, 0x00, 0x00, 0xdc, 0x00, 0x00,
    0x00, 0x00, 0x00, 0x00, 0x1e, 0xee, 0xf9, 0x00, 0x00, 0x00, 0x00, 0x00, 0x00, 0x06, 0x77, 0x50,
    0x00, 0x00, 0x00, 0x00,
    /* U+5B58 "存" */
    0x00, 0x00, 0x00, 0x04, 0x71, 0x00, 0x00, 0x00, 0x00, 0x00, 0x00, 0x00, 0x00, 0x0a, 0xe0, 0x00,
    0x00, 0x00, 0x00, 0x00, 0x00, 0x00, 0x00, 0x1f, 0x90, 0x00, 0x00, 0x00, 0x00, 0x00, 0x0b, 0xff,
    0xff, 0xff, 0xff, 0xff, 0xff, 0xff, 0xff, 0xc0, 0x05, 0x77, 0x77, 0xed, 0x77, 0x77, 0x77, 0x77,
    0x77, 0x50, 0x00, 0x00, 0x05, 0xf6, 0x00, 0x00, 0x00, 0x00, 0x00, 0x00, 0x00, 0x00, 0x0d, 0xe0,
    0x00, 0x00, 0x00, 0x00, 0x00, 0x00, 0x00, 0x00, 0x7f, 0x60, 0x9f, 0xff, 0xff, 0xff, 0xf8, 0x00,
    0x00, 0x01, 0xec, 0x00, 0x46, 0x66, 0x66, 0x7f, 0xd2, 0x00, 0x00, 0x0b, 0xf5, 0x00, 0x00, 0x00,
    0x02, 0xdd, 0x20, 0x00, 0x00, 0x9f, 0xf4, 0x00, 0x00, 0x00, 0x6e, 0xb1, 0x00, 0x00, 0x09, 0xfc,
    0xf4, 0x00, 0x00, 0x00, 0xbc, 0x00, 0x00, 0x00, 0x3f, 0x94, 0xf4, 0x26, 0x66, 0x66, 0xdd, 0x66,
    0x66, 0x61, 0x05, 0x04, 0xf4, 0x5f, 0xff, 0xff, 0xff, 0xff, 0xff, 0xf2, 0x00, 0x04, 0xf4, 0x00,
    0x00, 0x00, 0xbc, 0x00, 0x00, 0x00, 0x00, 0x04, 0xf4, 0x00, 0x00, 0x00, 0xbc, 0x00, 0x00, 0x00,
    0x00, 0x04, 0xf4, 0x00, 0x00, 0x00, 0xbc, 0x00, 0x00, 0x00, 0x00, 0x04, 0xf4, 0x00, 0x00, 0x00,
    0xcc, 0x00, 0x00, 0x00, 0x00, 0x04, 0xf4, 0x00, 0x0d, 0xff, 0xf9, 0x00, 0x00, 0x00, 0x00, 0x01,
    0x62, 0x00, 0x04, 0x66, 0x40, 0x00, 0x00, 0x00,
    /* U+5B66 "学" */
    0x00, 0x13, 0x00, 0x03, 0xa1, 0x00, 0x00, 0x33, 0x00, 0x00, 0x9e, 0x20, 0x02, 0xf8, 0x00, 0x00,
    0xcd, 0x10, 0x00, 0x1d, 0xb0, 0x00, 0x9e, 0x10, 0x06, 0xf4, 0x00, 0x00, 0x06, 0xe2, 0x00, 0x3e,
    0x30, 0x1e, 0x90, 0x00, 0x6f, 0xff, 0xff, 0xff, 0xff, 0xff, 0xff, 0xff, 0xf8, 0x6f, 0x66, 0x66,
    0x66, 0x66, 0x66, 0x66, 0x66, 0xe8, 0x6f, 0x00, 0x00, 0x00, 0x00, 0x00, 0x00, 0x00, 0xe8, 0x6f,
    0x02, 0x55, 0x55, 0x55, 0x55, 0x55, 0x00, 0xe8, 0x00, 0x07, 0xff, 0xff, 0xff, 0xff, 0xff, 0x50,
    0x00, 0x00, 0x00, 0x00, 0x00, 0x01, 0x6d, 0xd3, 0x00, 0x00, 0x00, 0x00, 0x00, 0x00, 0x6e, 0xd6,
    0x00, 0x00, 0x00, 0x00, 0x00, 0x00, 0x00, 0xcc, 0x00, 0x00, 0x00, 0x00, 0xcf, 0xff, 0xff, 0xff,
    0xff, 0xff, 0xff, 0xff, 0xfd, 0x56, 0x66, 0x66, 0x66, 0xdd, 0x66, 0x66, 0x66, 0x66, 0x00, 0x00,
    0x00, 0x00, 0xcb, 0x00, 0x00, 0x00, 0x00, 0x00, 0x00, 0x00, 0x00, 0xcb, 0x00, 0x00, 0x00, 0x00,
    0x00, 0x00, 0x00, 0x00, 0xcb, 0x00, 0x00, 0x00, 0x00, 0x00, 0x00, 0x00, 0x00, 0xdb, 0x00, 0x00,
    0x00, 0x00, 0x00, 0x00, 0x6f, 0xef, 0xf7, 0x00, 0x00, 0x00, 0x00, 0x00, 0x00, 0x07, 0x76, 0x30,
    0x00, 0x00, 0x00, 0x00,
    /* U+5B69 "孩" */
    0x00, 0x00, 0x00, 0x00, 0x00, 0x00, 0x5a, 0x00, 0x00, 0x00, 0x05, 0x66, 0x66, 0x63, 0x00, 0x00,
    0x5f, 0x50, 0x00, 0x00, 0x0c, 0xff, 0xff, 0xfd, 0x00, 0x00, 0x0e, 0xb0, 0x00, 0x00, 0x00, 0x00,
    0x04, 0xf6, 0xdf, 0xff, 0xff, 0xff, 0xff, 0xf3, 0x00, 0x00, 0x0b, 0xd0, 0x56, 0x68, 0xf9, 0x66,
    0x66, 0x61, 0x00, 0x00, 0x3f, 0x50, 0x00, 0x0a, 0xd0, 0x00, 0x00, 0x00, 0x00, 0x00, 0xcb, 0x00,
    0x00, 0x2f, 0x60, 0x05, 0x50, 0x00, 0x00, 0x02, 0xf5, 0x00, 0x00, 0xad, 0x00, 0x1e, 0xb0, 0x00,
    0x00, 0x02, 0xf5, 0x00, 0x06, 0xf8, 0x34, 0x9e, 0x20, 0x00, 0x00, 0x02, 0xf5, 0x02, 0x5f, 0xff,
    0xff, 0xf6, 0x00, 0x00, 0x00, 0x02, 0xfb, 0xdd, 0x15, 0x32, 0x6f, 0x80, 0x27, 0x20, 0x15, 0xae,
    0xfe, 0x94, 0x00, 0x07, 0xf9, 0x00, 0xbf, 0x30, 0x2f, 0xea, 0xf5, 0x00, 0x02, 0xbf, 0x70, 0x06,
    0xf7, 0x00, 0x04, 0x02, 0xf5, 0x00, 0x8f, 0xe5, 0x00, 0x5f, 0xa0, 0x00, 0x00, 0x02, 0xf5, 0x00,
    0x98, 0x10, 0x06, 0xfb, 0x00, 0x00, 0x00, 0x02, 0xf5, 0x00, 0x00, 0x01, 0x9f, 0xed, 0x30, 0x00,
    0x00, 0x02, 0xf5, 0x00, 0x00, 0x5e, 0xe6, 0x1c, 0xe4, 0x00, 0x00, 0x03, 0xf5, 0x01, 0x6d, 0xfb,
    0x20, 0x01, 0xbf, 0x50, 0x0a, 0xff, 0xe2, 0x0b, 0xfb, 0x40, 0x00, 0x00, 0x1b, 0xc0, 0x02, 0x54,
    0x10, 0x02, 0x30, 0x00, 0x00, 0x00, 0x01, 0x10,
    /* U+5B89 "安" */
    0x00, 0x00, 0x00, 0x03, 0x70, 0x00, 0x00, 0x00, 0x00, 0x00, 0x00, 0x00, 0x06, 0xf5, 0x00, 0x00,
    0x00, 0x00, 0x00, 0x00, 0x00, 0x01, 0xeb, 0x00, 0x00, 0x00, 0x00, 0x2f, 0xff, 0xff, 0xff, 0xff,
    0xff, 0xff, 0xff, 0xf2, 0x2f, 0x96, 0x66, 0x66, 0x66, 0x66, 0x66, 0x6a, 0xf2, 0x2f, 0x50, 0x00,
    0x08, 0x70, 0x00, 0x00, 0x06, 0xf2, 0x2f, 0x50, 0x00, 0x3f, 0x90, 0x00, 0x00, 0x06, 0xf2, 0x00,
    0x00, 0x00, 0xaf, 0x20, 0x00, 0x00, 0x00, 0x00, 0x46, 0x66, 0x67, 0xfd, 0x66, 0x66, 0x66, 0x66,
    0x64, 0x9f, 0xff, 0xff, 0xff, 0xff, 0xff, 0xff, 0xff, 0xfb, 0x00, 0x00, 0x5f, 0x70, 0x00, 0x02,
    0xf9, 0x00, 0x00, 0x00, 0x01, 0xdd, 0x00, 0x00, 0x09, 0xf2, 0x00, 0x00, 0x00, 0x09, 0xf8, 0x00,
    0x00, 0x3f, 0xa0, 0x00, 0x00, 0x00, 0x08, 0xef, 0xe8, 0x21, 0xde, 0x10, 0x00, 0x00, 0x00, 0x00,
    0x05, 0xbf, 0xfe, 0xf4, 0x00, 0x00, 0x00, 0x00, 0x00, 0x00, 0x07, 0xff, 0xfd, 0x60, 0x00, 0x00,
    0x00, 0x00, 0x05, 0xcf, 0xc3, 0x7e, 0xfd, 0x60, 0x00, 0x01, 0x59, 0xdf, 0xd5, 0x00, 0x01, 0x7e,
    0xfd, 0x40, 0x2e, 0xfe, 0xa6, 0x10, 0x00, 0x00, 0x01, 0x8f, 0xd1, 0x05, 0x51, 0x00, 0x00, 0x00,
    0x00, 0x00, 0x03, 0x20,
    /* U+5B9C "宜" */
    0x00, 0x00, 0x00, 0x01, 0x83, 0x00, 0x00, 0x00, 0x00, 0x00, 0x00, 0x00, 0x01, 0xea, 0x00, 0x00,
    0x00, 0x00, 0x00, 0x00, 0x00, 0x00, 0x9e, 0x10, 0x00, 0x00, 0x00, 0x5f, 0xff, 0xff, 0xff, 0xff,
    0xff, 0xff, 0xff, 0xf5, 0x5f, 0x76, 0x66, 0x66, 0x66, 0x66, 0x66, 0x68, 0xf5, 0x5f, 0x20, 0x00,
    0x00, 0x00, 0x00, 0x00, 0x03, 0xf5, 0x5f, 0x20, 0x55, 0x55, 0x55, 0x55, 0x54, 0x03, 0xf5, 0x14,
    0x01, 0xff, 0xff, 0xff, 0xff, 0xfe, 0x01, 0x41, 0x00, 0x01, 0xf6, 0x00, 0x00, 0x00, 0x8e, 0x00,
    0x00, 0x00, 0x01, 0xf6, 0x00, 0x00, 0x00, 0x8e, 0x00, 0x00, 0x00, 0x01, 0xff, 0xff, 0xff, 0xff,
    0xfe, 0x00, 0x00, 0x00, 0x01, 0xf8, 0x44, 0x44, 0x44, 0xae, 0x00, 0x00, 0x00, 0x01, 0xf6, 0x00,
    0x00, 0x00, 0x8e, 0x00, 0x00, 0x00, 0x01, 0xf8, 0x44, 0x44, 0x44, 0xae, 0x00, 0x00, 0x00, 0x01,
    0xff, 0xff, 0xff, 0xff, 0xfe, 0x00, 0x00, 0x00, 0x01, 0xf6, 0x00, 0x00, 0x00, 0x8e, 0x00, 0x00,
    0x00, 0x01, 0xf6, 0x00, 0x00, 0x00, 0x8e, 0x00, 0x00, 0x55, 0x56, 0xf9, 0x55, 0x55, 0x55, 0xbf,
    0x55, 0x55, 0xdf, 0xff, 0xff, 0xff, 0xff, 0xff, 0xff, 0xff, 0xfd,
    /* U+5BB6 "家" */
    0x00, 0x00, 0x00, 0x03, 0xb3, 0x00, 0x00, 0x00, 0x00, 0x00, 0x00, 0x00, 0x00, 0x1e, 0xb0, 0x00,
    0x00, 0x00, 0x00, 0x5f, 0xff, 0xff, 0xff, 0xff, 0xff, 0xff, 0xff, 0xf7, 0x05, 0xf7, 0x66, 0x66,
    0x66, 0x66, 0x66, 0x66, 0x6f, 0x70, 0x5f, 0x20, 0x00, 0x00, 0x00, 0x00, 0x00, 0x01, 0xf7, 0x05,
    0xf2, 0x45, 0x55, 0x55, 0x55, 0x55, 0x54, 0x1f, 0x70, 0x4d, 0x2c, 0xff, 0xff, 0xff, 0xff, 0xff,
    0xc1, 0xd6, 0x00, 0x00, 0x00, 0x05, 0xde, 0x40, 0x00, 0x00, 0x00, 0x00, 0x00, 0x00, 0x4c, 0xfe,
    0x80, 0x00, 0x00, 0x95, 0x00, 0x00, 0x49, 0xef, 0xa3, 0x4e, 0x40, 0x01, 0xbe, 0x40, 0x00, 0x2e,
    0xd8, 0x20, 0x08, 0xfd, 0x04, 0xeb, 0x10, 0x00, 0x00, 0x20, 0x00, 0x6d, 0xd5, 0xfb, 0xff, 0x20,
    0x00, 0x00, 0x00, 0x28, 0xde, 0x70, 0x0d, 0xe3, 0xe8, 0x00, 0x00, 0x03, 0xcf, 0xd7, 0x10, 0x2c,
    0xfe, 0x08, 0xe2, 0x00, 0x00, 0x08, 0x40, 0x00, 0x7e, 0xc8, 0xf1, 0x1e, 0xb0, 0x00, 0x00, 0x00,
    0x16, 0xde, 0x70, 0x7f, 0x10, 0x5f, 0xa0, 0x00, 0x04, 0x9e, 0xe9, 0x10, 0x09, 0xe0, 0x00, 0x7f,
    0xb2, 0x08, 0xfd, 0x81, 0x00, 0x04, 0xea, 0x00, 0x00, 0x6e, 0xe1, 0x14, 0x00, 0x02, 0xff, 0xfd,
    0x20, 0x00, 0x00, 0x24, 0x00, 0x00, 0x00, 0x05, 0x54, 0x00, 0x00, 0x00, 0x00, 0x00,
    /* U+5BB9 "容" */
    0x00, 0x00, 0x00, 0x00, 0x2b, 0x50, 0x00, 0x00, 0x00, 0x00, 0x00, 0x00, 0x00, 0x00, 0x0c, 0xd1,
    0x00, 0x00, 0x00, 0x00, 0x05, 0xff, 0xff, 0xff, 0xff, 0xff, 0xff, 0xff, 0xff, 0x50, 0x05, 0xf7,
    0x66, 0x66, 0x66, 0x66, 0x66, 0x66, 0x8f, 0x50, 0x05, 0xf2, 0x00, 0x54, 0x00, 0x00, 0x41, 0x00,
    0x3f, 0x50, 0x05, 0xf2, 0x06, 0xf8, 0x00, 0x01, 0xde, 0x40, 0x3f, 0x50, 0x00, 0x00, 0x6f, 0x90,
    0x03, 0x50, 0x1b, 0xf8, 0x00, 0x00, 0x00, 0x1a, 0xfb, 0x00, 0x1d, 0xe1, 0x00, 0x7f, 0xb1, 0x00,
    0x01, 0xdf, 0x80, 0x00, 0xbe, 0xeb, 0x00, 0x06, 0xfb, 0x00, 0x00, 0x64, 0x00, 0x0a, 0xf5, 0x4f,
    0xa1, 0x00, 0x53, 0x00, 0x00, 0x00, 0x01, 0xbf, 0x60, 0x04, 0xfc, 0x20, 0x00, 0x00, 0x00, 0x00,
    0x4d, 0xf5, 0x00, 0x00, 0x3d, 0xe8, 0x10, 0x00, 0x00, 0x29, 0xff, 0x85, 0x55, 0x55, 0x56, 0xef,
    0xe7, 0x10, 0x19, 0xff, 0xdf, 0xff, 0xff, 0xff, 0xff, 0xfc, 0xdf, 0xd1, 0x0a, 0x92, 0x9d, 0x00,
    0x00, 0x00, 0x00, 0xe9, 0x06, 0x50, 0x00, 0x00, 0x9d, 0x00, 0x00, 0x00, 0x00, 0xe9, 0x00, 0x00,
    0x00, 0x00, 0x9d, 0x00, 0x00, 0x00, 0x00, 0xe9, 0x00, 0x00, 0x00, 0x00, 0x9e, 0x55, 0x55, 0x55,
    0x55, 0xe9, 0x00, 0x00, 0x00, 0x00, 0x9f, 0xff, 0xff, 0xff, 0xff, 0xf9, 0x00, 0x00, 0x00, 0x00,
    0x69, 0x00, 0x00, 0x00, 0x00, 0x86, 0x00, 0x00,
    /* U+5BD2 "寒" */
    0x00, 0x00, 0x00, 0x00, 0x18, 0x60, 0x00, 0x00, 0x00, 0x00, 0x00, 0x00, 0x00, 0x00, 0x0d, 0xd0,
    0x00, 0x00, 0x00, 0x00, 0x07, 0xff, 0xff, 0xff, 0xff, 0xff, 0xff, 0xff, 0xff, 0x70, 0x07, 0xf4,
    0x44, 0x67, 0x44, 0x44, 0x77, 0x44, 0x5f, 0x70, 0x07, 0xf0, 0x00, 0x9d, 0x00, 0x00, 0xda, 0x00,
    0x0f, 0x70, 0x03, 0x7c, 0xff, 0xff, 0xff, 0xff, 0xff, 0xff, 0xb7, 0x30, 0x00, 0x02, 0x22, 0xad,
    0x22, 0x22, 0xdb, 0x22, 0x10, 0x00, 0x00, 0x00, 0x00, 0x9d, 0x00, 0x00, 0xda, 0x00, 0x00, 0x00,
    0x00, 0x07, 0xff, 0xff, 0xff, 0xff, 0xff, 0xff, 0x60, 0x00, 0x00, 0x01, 0x22, 0xad, 0x22, 0x22,
    0xdb, 0x22, 0x10, 0x00, 0x03, 0x33, 0x33, 0xbe, 0x33, 0x33, 0xdb, 0x33, 0x33, 0x30, 0x0c, 0xff,
    0xff, 0xff, 0xff, 0xff, 0xff, 0xff, 0xff, 0xd0, 0x00, 0x00, 0x07, 0xf5, 0x00, 0x00, 0x6f, 0x70,
    0x00, 0x00, 0x00, 0x00, 0x9f, 0x83, 0xeb, 0x71, 0x07, 0xfa, 0x10, 0x00, 0x00, 0x3b, 0xf8, 0x00,
    0x38, 0xdf, 0x80, 0x5e, 0xd6, 0x00, 0x1a, 0xfe, 0x50, 0x00, 0x00, 0x05, 0x50, 0x02, 0xcf, 0xd1,
    0x09, 0x81, 0x06, 0xc9, 0x62, 0x00, 0x00, 0x00, 0x05, 0x50, 0x00, 0x00, 0x04, 0x8b, 0xef, 0xea,
    0x61, 0x00, 0x00, 0x00, 0x00, 0x00, 0x00, 0x00, 0x03, 0x7b, 0xff, 0xa0, 0x00, 0x00, 0x00, 0x00,
    0x00, 0x00, 0x00, 0x00, 0x17, 0x60, 0x00, 0x00,
    /* U+5BDD "寝" */
    0x00, 0x00, 0x00, 0x00, 0x1a, 0x60, 0x00, 0x00, 0x00, 0x00, 0x00, 0x00, 0x00, 0x00, 0xdd, 0x00,
    0x00, 0x00, 0x00, 0x08, 0xff, 0xff, 0xff, 0xff, 0xff, 0xff, 0xff, 0xff, 0xa0, 0x8e, 0x44, 0x44,
    0x44, 0x44, 0x44, 0x44, 0x44, 0xda, 0x08, 0xd0, 0xab, 0x05, 0xff, 0xff, 0xff, 0xff, 0xfe, 0xa0,
    0x01, 0x0a, 0xb0, 0x00, 0x00, 0x00, 0x00, 0x4f, 0x20, 0x05, 0x80, 0xab, 0x00, 0x00, 0x00, 0x00,
    0x04, 0xf2, 0x00, 0x6f, 0x1a, 0xb0, 0x0b, 0xee, 0xee, 0xee, 0xef, 0x20, 0x01, 0xe7, 0xab, 0x00,
    0x00, 0x00, 0x00, 0x04, 0xf2, 0x00, 0x0a, 0xba, 0xb0, 0x6f, 0xff, 0xff, 0xff, 0xff, 0x20, 0x00,
    0x59, 0xab, 0x01, 0x11, 0x11, 0x11, 0x11, 0x11, 0x10, 0x00, 0x0a, 0xb4, 0xff, 0xff, 0xff, 0xff,
    0xff, 0xf8, 0x00, 0x00, 0xab, 0x4f, 0x00, 0x00, 0x00, 0x00, 0x0c, 0x80, 0x03, 0xcf, 0xb4, 0xfb,
    0xff, 0xff, 0xff, 0xfc, 0xc8, 0x2a, 0xfc, 0xcb, 0x00, 0x1c, 0xb1, 0x11, 0x5f, 0x50, 0x01, 0xd6,
    0x0a, 0xb0, 0x00, 0x2e, 0xa1, 0x4e, 0x90, 0x00, 0x00, 0x00, 0xab, 0x00, 0x00, 0x2d, 0xef, 0x80,
    0x00, 0x00, 0x00, 0x0a, 0xb0, 0x01, 0x5b, 0xfd, 0xee, 0x94, 0x10, 0x00, 0x00, 0xab, 0x4d, 0xff,
    0xa4, 0x01, 0x7d, 0xff, 0xa0, 0x00, 0x06, 0x71, 0x74, 0x00, 0x00, 0x00, 0x01, 0x53,
    /* U+5BF9 "对" */
    0x00, 0x00, 0x00, 0x00, 0x00, 0x00, 0x00, 0x07, 0x80, 0x00, 0x00, 0x00, 0x00, 0x00, 0x00, 0x00,
    0x00, 0x0b, 0xc0, 0x00, 0x00, 0x00, 0x00, 0x00, 0x00, 0x00, 0x00, 0x0b, 0xc0, 0x00, 0x09, 0xff,
    0xff, 0xff, 0xe2, 0x00, 0x00, 0x0b, 0xc0, 0x00, 0x04, 0x66, 0x66, 0x6b, 0xf1, 0x00, 0x00, 0x0b,
    0xc0, 0x00, 0x00, 0x00, 0x00, 0x09, 0xe2, 0x77, 0x77, 0x7d, 0xd7, 0x71, 0x00, 0x00, 0x00, 0x0c,
    0xb5, 0xff, 0xff, 0xff, 0xff, 0xf3, 0x00, 0x21, 0x00, 0x0e, 0x90, 0x00, 0x00, 0x0b, 0xc0, 0x00,
    0x00, 0xdb, 0x10, 0x3f, 0x50, 0x00, 0x00, 0x0b, 0xc0, 0x00, 0x00, 0x5f, 0xb1, 0x7f, 0x10, 0x65,
    0x00, 0x0b, 0xc0, 0x00, 0x00, 0x05, 0xfb, 0xcb, 0x00, 0x9e, 0x10, 0x0b, 0xc0, 0x00, 0x00, 0x00,
    0x6f, 0xf7, 0x00, 0x1e, 0x80, 0x0b, 0xc0, 0x00, 0x00, 0x00, 0x0a, 0xf9, 0x00, 0x08, 0xe1, 0x0b,
    0xc0, 0x00, 0x00, 0x00, 0x1e, 0xef, 0x50, 0x03, 0xf5, 0x0b, 0xc0, 0x00, 0x00, 0x00, 0x9f, 0x3d,
    0xe2, 0x00, 0x40, 0x0b, 0xc0, 0x00, 0x00, 0x04, 0xf8, 0x03, 0xfa, 0x00, 0x00, 0x0b, 0xc0, 0x00,
    0x00, 0x2e, 0xd0, 0x00, 0x84, 0x00, 0x00, 0x0b, 0xc0, 0x00, 0x03, 0xde, 0x30, 0x00, 0x00, 0x00,
    0x00, 0x0b, 0xb0, 0x00, 0x0d, 0xe3, 0x00, 0x00, 0x00, 0x00, 0xbe, 0xef, 0x90, 0x00, 0x02, 0x20,
    0x00, 0x00, 0x00, 0x00, 0x49, 0x85, 0x00, 0x00,
    /* U+5C0F "小" */
    0x00, 0x00, 0x00, 0x00, 0x04, 0x50, 0x00, 0x00, 0x00, 0x00, 0x00, 0x00, 0x00, 0x00, 0x0b, 0xd0,
    0x00, 0x00, 0x00, 0x00, 0x00, 0x00, 0x00, 0x00, 0x0b, 0xd0, 0x00, 0x00, 0x00, 0x00, 0x00, 0x00,
    0x00, 0x00, 0x0b, 0xd0, 0x00, 0x00, 0x00, 0x00, 0x00, 0x00, 0x00, 0x00, 0x0b, 0xd0, 0x00, 0x00,
    0x00, 0x00, 0x00, 0x00, 0x52, 0x00, 0x0b, 0xd0, 0x00, 0x35, 0x00, 0x00, 0x00, 0x03, 0xf8, 0x00,
    0x0b, 0xd0, 0x00, 0xaf, 0x20, 0x00, 0x00, 0x07, 0xf3, 0x00, 0x0b, 0xd0, 0x00, 0x3f, 0x90, 0x00,
    0x00, 0x0b, 0xe0, 0x00, 0x0b, 0xd0, 0x00, 0x0a, 0xf2, 0x00, 0x00, 0x1f, 0xa0, 0x00, 0x0b, 0xd0,
    0x00, 0x03, 0xf9, 0x00, 0x00, 0x6f, 0x50, 0x00, 0x0b, 0xd0, 0x00, 0x00, 0xbf, 0x20, 0x00, 0xce,
    0x10, 0x00, 0x0b, 0xd0, 0x00, 0x00, 0x5f, 0x70, 0x04, 0xf8, 0x00, 0x00, 0x0b, 0xd0, 0x00, 0x00,
    0x0e, 0xd0, 0x1d, 0xe1, 0x00, 0x00, 0x0b, 0xd0, 0x00, 0x00, 0x09, 0xf2, 0x2b, 0x60, 0x00, 0x00,
    0x0b, 0xd0, 0x00, 0x00, 0x05, 0xf5, 0x00, 0x00, 0x00, 0x00, 0x0b, 0xd0, 0x00, 0x00, 0x01, 0x30,
    0x00, 0x00, 0x00, 0x00, 0x0b, 0xd0, 0x00, 0x00, 0x00, 0x00, 0x00, 0x00, 0x00, 0x00, 0x0c, 0xd0,
    0x00, 0x00, 0x00, 0x00, 0x00, 0x00, 0x06, 0xfe, 0xff, 0xa0, 0x00, 0x00, 0x00, 0x00, 0x00, 0x00,
    0x01, 0x88, 0x85, 0x00, 0x00, 0x00, 0x00, 0x00,
    /* U+5C11 "少" */
    0x00, 0x00, 0x00, 0x00, 0x06, 0x30, 0x00, 0x00, 0x00, 0x00, 0x00, 0x00, 0x00, 0x00, 0x0f, 0x70,
    0x00, 0x00, 0x00, 0x00, 0x00, 0x00, 0x00, 0x00, 0x0f, 0x70, 0x00, 0x00, 0x00, 0x00, 0x00, 0x00,
    0x10, 0x00, 0x0f, 0x70, 0x00, 0x01, 0x00, 0x00, 0x00, 0x00, 0xcb, 0x00, 0x0f, 0x70, 0x00, 0xab,
    0x00, 0x00, 0x00, 0x04, 0xf5, 0x00, 0x0f, 0x70, 0x00, 0x3f, 0x60, 0x00, 0x00, 0x0b, 0xd0, 0x00,
    0x0f, 0x70, 0x00, 0x09, 0xe2, 0x00, 0x00, 0x3f, 0x60, 0x00, 0x0f, 0x70, 0x00, 0x01, 0xdb, 0x00,
    0x00, 0xcd, 0x00, 0x00, 0x0f, 0x70, 0x00, 0x00, 0x6f, 0x50, 0x08, 0xf4, 0x00, 0x00, 0x0f, 0x70,
    0x00, 0x00, 0x0c, 0xc0, 0x05, 0x70, 0x00, 0x00, 0x0f, 0x70, 0x00, 0x00, 0x04, 0x40, 0x00, 0x00,
    0x00, 0x00, 0x0f, 0x70, 0x00, 0x4d, 0x40, 0x00, 0x00, 0x00, 0x00, 0x00, 0x0f, 0x70, 0x03, 0xec,
    0x00, 0x00, 0x00, 0x00, 0x00, 0x00, 0x00, 0x00, 0x4e, 0xd1, 0x00, 0x00, 0x00, 0x00, 0x00, 0x00,
    0x00, 0x2a, 0xfc, 0x20, 0x00, 0x00, 0x00, 0x00, 0x00, 0x00, 0x38, 0xee, 0x70, 0x00, 0x00, 0x00,
    0x00, 0x00, 0x14, 0x8d, 0xfe, 0x92, 0x00, 0x00, 0x00, 0x00, 0x29, 0xbd, 0xff, 0xfa, 0x51, 0x00,
    0x00, 0x00, 0x00, 0x00, 0x0c, 0xc9, 0x64, 0x10, 0x00, 0x00, 0x00, 0x00, 0x00, 0x00,
    /* U+5C4B "屋" */
    0x00, 0x14, 0x44, 0x44, 0x44, 0x44, 0x44, 0x44, 0x43, 0x00, 0x03, 0xff, 0xff, 0xff, 0xff, 0xff,
    0xff, 0xff, 0xb0, 0x00, 0x3f, 0x50, 0x00, 0x00, 0x00, 0x00, 0x00, 0xcb, 0x00, 0x03, 0xf7, 0x44,
    0x44, 0x44, 0x44, 0x44, 0x4d, 0xb0, 0x00, 0x3f, 0xff, 0xff, 0xff, 0xff, 0xff, 0xff, 0xfb, 0x00,
    0x03, 0xf5, 0x00, 0x00, 0x00, 0x00, 0x00, 0x00, 0x00, 0x00, 0x3f, 0x73, 0x33, 0x33, 0x33, 0x33,
    0x33, 0x33, 0x10, 0x03, 0xfd, 0xff, 0xff, 0xff, 0xff, 0xff, 0xff, 0xf5, 0x00, 0x4f, 0x40, 0x04,
    0xe9, 0x00, 0x09, 0xa1, 0x00, 0x00, 0x04, 0xf3, 0x06, 0xf8, 0x00, 0x01, 0x4e, 0xd3, 0x00, 0x00,
    0x6f, 0x29, 0xff, 0xde, 0xef, 0xff, 0xfe, 0xe4, 0x00, 0x07, 0xf0, 0x59, 0x76, 0x59, 0xf2, 0x10,
    0x0a, 0xc0, 0x00, 0xad, 0x00, 0x00, 0x00, 0x7f, 0x00, 0x00, 0x00, 0x00, 0x0d, 0xa0, 0xaf, 0xff,
    0xff, 0xff, 0xff, 0xff, 0x60, 0x01, 0xf7, 0x02, 0x44, 0x44, 0x9f, 0x44, 0x44, 0x41, 0x00, 0x6f,
    0x40, 0x00, 0x00, 0x07, 0xf0, 0x00, 0x00, 0x00, 0x0c, 0xd1, 0x33, 0x33, 0x33, 0x9f, 0x33, 0x33,
    0x33, 0x32, 0xf7, 0x3f, 0xff, 0xff, 0xff, 0xff, 0xff, 0xff, 0xfe, 0x05, 0x10, 0x00, 0x00, 0x00,
    0x00, 0x00, 0x00, 0x00, 0x00,
    /* U+5C4F "屏" */
    0x00, 0x14, 0x44, 0x44, 0x44, 0x44, 0x44, 0x44, 0x44, 0x00, 0x04, 0xff, 0xff, 0xff, 0xff, 0xff,
    0xff, 0xff, 0xd0, 0x00, 0x4f, 0x30, 0x00, 0x00, 0x00, 0x00, 0x00, 0xbd, 0x00, 0x04, 0xf3, 0x00,
    0x00, 0x00, 0x00, 0x00, 0x0b, 0xd0, 0x00, 0x4f, 0xff, 0xff, 0xff, 0xff, 0xff, 0xff, 0xfd, 0x00,
    0x04, 0xf7, 0x55, 0x88, 0x55, 0x55, 0x58, 0xa5, 0x40, 0x00, 0x4f, 0x30, 0x0b, 0xd1, 0x00, 0x00,
    0xbd, 0x10, 0x00, 0x04, 0xf3, 0x00, 0x2b, 0x30, 0x00, 0x4f, 0x40, 0x00, 0x00, 0x5f, 0x3f, 0xff,
    0xff, 0xff, 0xff, 0xff, 0xff, 0x60, 0x05, 0xf2, 0x44, 0x4d, 0xb4, 0x44, 0x8f, 0x54, 0x42, 0x00,
    0x6f, 0x10, 0x00, 0xca, 0x00, 0x06, 0xf1, 0x00, 0x00, 0x08, 0xf0, 0x00, 0x0c, 0xa0, 0x00, 0x6f,
    0x10, 0x00, 0x00, 0x9d, 0x24, 0x44, 0xdb, 0x44, 0x49, 0xf5, 0x44, 0x40, 0x0c, 0xb7, 0xff, 0xff,
    0xff, 0xff, 0xff, 0xff, 0xfe, 0x01, 0xf8, 0x00, 0x04, 0xf5, 0x00, 0x06, 0xf1, 0x00, 0x00, 0x4f,
    0x40, 0x01, 0xce, 0x10, 0x00, 0x6f, 0x10, 0x00, 0x0b, 0xe1, 0x01, 0xcf, 0x50, 0x00, 0x06, 0xf1,
    0x00, 0x03, 0xf7, 0x05, 0xee, 0x50, 0x00, 0x00, 0x6f, 0x10, 0x00, 0x07, 0x10, 0x18, 0x20, 0x00,
    0x00, 0x04, 0xb1, 0x00, 0x00,
    /* U+5C71 "山" */
    0x00, 0x00, 0x00, 0x05, 0x50, 0x00, 0x00, 0x00, 0x00, 0x00, 0x00, 0x0c, 0xb0, 0x00, 0x00, 0x00,
    0x00, 0x00, 0x00, 0x0c, 0xb0, 0x00, 0x00, 0x00, 0x00, 0x00, 0x00, 0x0c, 0xb0, 0x00, 0x00, 0x00,
    0x33, 0x00, 0x00, 0x0c, 0xb0, 0x00, 0x00, 0x34, 0xda, 0x00, 0x00, 0x0c, 0xb0, 0x00, 0x00, 0xad,
    0xda, 0x00, 0x00, 0x0c, 0xb0, 0x00, 0x00, 0xad, 0xda, 0x00, 0x00, 0x0c, 0xb0, 0x00, 0x00, 0xad,
    0xda, 0x00, 0x00, 0x0c, 0xb0, 0x00, 0x00, 0xad, 0xda, 0x00, 0x00, 0x0c, 0xb0, 0x00, 0x00, 0xad,
    0xda, 0x00, 0x00, 0x0c, 0xb0, 0x00, 0x00, 0xad, 0xda, 0x00, 0x00, 0x0c, 0xb0, 0x00, 0x00, 0xad,
    0xda, 0x00, 0x00, 0x0c, 0xb0, 0x00, 0x00, 0xad, 0xda, 0x00, 0x00, 0x0c, 0xb0, 0x00, 0x00, 0xad,
    0xda, 0x00, 0x00, 0x0c, 0xb0, 0x00, 0x00, 0xad, 0xda, 0x00, 0x00, 0x0c, 0xb0, 0x00, 0x00, 0xad,
    0xdd, 0x88, 0x88, 0x8e, 0xd8, 0x88, 0x88, 0xdd, 0xdf, 0xff, 0xff, 0xff, 0xff, 0xff, 0xff, 0xfd,
    0x00, 0x00, 0x00, 0x00, 0x00, 0x00, 0x00, 0xad, 0x00, 0x00, 0x00, 0x00, 0x00, 0x00, 0x00, 0x67,
    /* U+5DDD "川" */
    0x00, 0x0c, 0xa0, 0x00, 0x01, 0x20, 0x00, 0x00, 0xbc, 0x00, 0x0c, 0xb0, 0x00, 0x07, 0xf1, 0x00,
    0x00, 0xbc, 0x00, 0x0c, 0xb0, 0x00, 0x07, 0xf1, 0x00, 0x00, 0xbc, 0x00, 0x0c, 0xb0, 0x00, 0x07,
    0xf1, 0x00, 0x00, 0xbc, 0x00, 0x0c, 0xb0, 0x00, 0x07, 0xf1, 0x00, 0x00, 0xbc, 0x00, 0x0c, 0xb0,
    0x00, 0x07, 0xf1, 0x00, 0x00, 0xbc, 0x00, 0x0c, 0xb0, 0x00, 0x07, 0xf1, 0x00, 0x00, 0xbc, 0x00,
    0x0d, 0xa0, 0x00, 0x07, 0xf1, 0x00, 0x00, 0xbc, 0x00, 0x0d, 0xa0, 0x00, 0x07, 0xf1, 0x00, 0x00,
    0xbc, 0x00, 0x0e, 0x90, 0x00, 0x07, 0xf1, 0x00, 0x00, 0xbc, 0x00, 0x1f, 0x80, 0x00, 0x07, 0xf1,
    0x00, 0x00, 0xbc, 0x00, 0x3f, 0x60, 0x00, 0x07, 0xf1, 0x00, 0x00, 0xbc, 0x00, 0x7f, 0x30, 0x00,
    0x07, 0xf1, 0x00, 0x00, 0xbc, 0x00, 0xce, 0x00, 0x00, 0x07, 0xf1, 0x00, 0x00, 0xbc, 0x03, 0xf9,
    0x00, 0x00, 0x07, 0xf1, 0x00, 0x00, 0xbc, 0x0c, 0xf2, 0x00, 0x00, 0x04, 0x90, 0x00, 0x00, 0xbc,
    0x3f, 0x70, 0x00, 0x00, 0x00, 0x00, 0x00, 0x00, 0xbc, 0x04, 0x00, 0x00, 0x00, 0x00, 0x00, 0x00,
    0x00, 0x44,
    /* U+5DE6 "左" */
    0x00, 0x00, 0x00, 0x06, 0x70, 0x00, 0x00, 0x00, 0x00, 0x00, 0x00, 0x00, 0x00, 0xcb, 0x00, 0x00,
    0x00, 0x00, 0x00, 0x00, 0x00, 0x00, 0x0f, 0x90, 0x00, 0x00, 0x00, 0x00, 0x00, 0x00, 0x00, 0x03,
    0xf6, 0x00, 0x00, 0x00, 0x00, 0x00, 0x0a, 0xff, 0xff, 0xff, 0xff, 0xff, 0xff, 0xff, 0xff, 0x90,
    0x57, 0x77, 0x7d, 0xe7, 0x77, 0x77, 0x77, 0x77, 0x74, 0x00, 0x00, 0x00, 0xe9, 0x00, 0x00, 0x00,
    0x00, 0x00, 0x00, 0x00, 0x00, 0x3f, 0x50, 0x00, 0x00, 0x00, 0x00, 0x00, 0x00, 0x00, 0x08, 0xf1,
    0x00, 0x00, 0x00, 0x00, 0x00, 0x00, 0x00, 0x00, 0xdd, 0x77, 0x77, 0x77, 0x77, 0x77, 0x70, 0x00,
    0x00, 0x4f, 0x9f, 0xff, 0xff, 0xff, 0xff, 0xff, 0x10, 0x00, 0x0a, 0xd0, 0x00, 0x00, 0xcb, 0x00,
    0x00, 0x00, 0x00, 0x03, 0xf7, 0x00, 0x00, 0x0c, 0xb0, 0x00, 0x00, 0x00, 0x00, 0xbe, 0x10, 0x00,
    0x00, 0xcb, 0x00, 0x00, 0x00, 0x00, 0x5f, 0x70, 0x00, 0x00, 0x0c, 0xb0, 0x00, 0x00, 0x00, 0x2e,
    0xd0, 0x00, 0x00, 0x00, 0xcb, 0x00, 0x00, 0x00, 0x1d, 0xf3, 0x00, 0x00, 0x00, 0x0c, 0xb0, 0x00,
    0x00, 0x03, 0xe5, 0x02, 0x77, 0x77, 0x77, 0xdd, 0x77, 0x77, 0x77, 0x02, 0x00, 0x5f, 0xff, 0xff,
    0xff, 0xff, 0xff, 0xff, 0xf0,
    /* U+5DF2 "已" */
    0x17, 0x77, 0x77, 0x77, 0x77, 0x77, 0x77, 0x74, 0x00, 0x2f, 0xff, 0xff, 0xff, 0xff, 0xff, 0xff,
    0xf7, 0x00, 0x00, 0x00, 0x00, 0x00, 0x00, 0x00, 0x01, 0xf7, 0x00, 0x00, 0x00, 0x00, 0x00, 0x00,
    0x00, 0x01, 0xf7, 0x00, 0x01, 0xb5, 0x00, 0x00, 0x00, 0x00, 0x01, 0xf7, 0x00, 0x01, 0xf7, 0x00,
    0x00, 0x00, 0x00, 0x01, 0xf7, 0x00, 0x01, 0xf7, 0x00, 0x00, 0x00, 0x00, 0x01, 0xf7, 0x00, 0x01,
    0xf7, 0x00, 0x00, 0x00, 0x00, 0x01, 0xf7, 0x00, 0x01, 0xff, 0xff, 0xff, 0xff, 0xff, 0xff, 0xf7,
    0x00, 0x01, 0xfb, 0x77, 0x77, 0x77, 0x77, 0x78, 0xf7, 0x00, 0x01, 0xf7, 0x00, 0x00, 0x00, 0x00,
    0x00, 0x84, 0x00, 0x01, 0xf7, 0x00, 0x00, 0x00, 0x00, 0x00, 0x00, 0x00, 0x01, 0xf7, 0x00, 0x00,
    0x00, 0x00, 0x00, 0x00, 0x31, 0x01, 0xf7, 0x00, 0x00, 0x00, 0x00, 0x00, 0x00, 0x9e, 0x01, 0xf7,
    0x00, 0x00, 0x00, 0x00, 0x00, 0x00, 0xbc, 0x00, 0xf8, 0x00, 0x00, 0x00, 0x00, 0x00, 0x02, 0xf9,
    0x00, 0xcf, 0x97, 0x77, 0x77, 0x77, 0x77, 0x8e, 0xf3, 0x00, 0x2a, 0xde, 0xff, 0xff, 0xff, 0xff,
    0xec, 0x40,
    /* U+5E08 "师" */
    0x00, 0x00, 0x74, 0x00, 0x00, 0x00, 0x00, 0x00, 0x00, 0x00, 0x00, 0xe7, 0x26, 0x66, 0x66, 0x66,
    0x66, 0x65, 0x02, 0x00, 0xe7, 0x5f, 0xff, 0xff, 0xff, 0xff, 0xfe, 0x2f, 0x30, 0xe7, 0x00, 0x00,
    0x08, 0xd0, 0x00, 0x00, 0x2f, 0x30, 0xe7, 0x00, 0x00, 0x08, 0xd0, 0x00, 0x00, 0x2f, 0x30, 0xe7,
    0x03, 0x55, 0x5b, 0xe5, 0x55, 0x51, 0x2f, 0x30, 0xe7, 0x09, 0xff, 0xff, 0xff, 0xff, 0xf3, 0x2f,
    0x30, 0xe7, 0x09, 0xb0, 0x08, 0xd0, 0x03, 0xf3, 0x2f, 0x30, 0xe7, 0x09, 0xb0, 0x08, 0xd0, 0x03,
    0xf3, 0x2f, 0x30, 0xe7, 0x09, 0xb0, 0x08, 0xd0, 0x03, 0xf3, 0x2f, 0x30, 0xf6, 0x09, 0xb0, 0x08,
    0xd0, 0x03, 0xf3, 0x2f, 0x30, 0xf6, 0x09, 0xb0, 0x08, 0xd0, 0x03, 0xf3, 0x1d, 0x33, 0xf4, 0x09,
    0xb0, 0x08, 0xd0, 0x03, 0xf3, 0x00, 0x05, 0xf1, 0x09, 0xb0, 0x08, 0xd0, 0x03, 0xf3, 0x00, 0x09,
    0xe0, 0x09, 0xb0, 0x08, 0xd0, 0x04, 0xf2, 0x00, 0x1e, 0x80, 0x09, 0xb0, 0x08, 0xd0, 0xef, 0xe1,
    0x00, 0x7f, 0x30, 0x05, 0x50, 0x08, 0xd0, 0x44, 0x10, 0x04, 0xfa, 0x00, 0x00, 0x00, 0x08, 0xd0,
    0x00, 0x00, 0x0c, 0xd1, 0x00, 0x00, 0x00, 0x08, 0xd0, 0x00, 0x00, 0x02, 0x30, 0x00, 0x00, 0x00,
    0x05, 0x80, 0x00, 0x00,
    /* U+5E30 "帰" */
    0x00, 0x00, 0x56, 0x00, 0x00, 0x00, 0x00, 0x00, 0x00, 0x00, 0x00, 0x09, 0xb0, 0x0f, 0xff, 0xff,
    0xff, 0xff, 0x40, 0x00, 0x00, 0x9b, 0x00, 0x22, 0x22, 0x22, 0x24, 0xf4, 0x00, 0x00, 0x09, 0xb0,
    0x01, 0x11, 0x11, 0x11, 0x3f, 0x40, 0x01, 0x40, 0x9b, 0x00, 0x7f, 0xff, 0xff, 0xff, 0xf4, 0x00,
    0x4f, 0x09, 0xb0, 0x00, 0x00, 0x00, 0x00, 0x2f, 0x40, 0x05, 0xe0, 0x9b, 0x03, 0xff, 0xff, 0xff,
    0xff, 0xf4, 0x00, 0x6d, 0x09, 0xb0, 0x02, 0x22, 0x22, 0x22, 0x22, 0x00, 0x08, 0xc0, 0x9b, 0x13,
    0x33, 0x33, 0x33, 0x33, 0x33, 0x20, 0xa9, 0x09, 0xb5, 0xff, 0xff, 0xff, 0xff, 0xff, 0xfc, 0x1e,
    0x50, 0xab, 0x5f, 0x00, 0x02, 0xf4, 0x00, 0x09, 0xc0, 0x50, 0x0a, 0xa5, 0xf4, 0x44, 0x5f, 0x74,
    0x44, 0xbc, 0x00, 0x00, 0xc9, 0x00, 0xff, 0xff, 0xff, 0xff, 0xf5, 0x00, 0x00, 0x0f, 0x60, 0x0f,
    0x60, 0x2f, 0x40, 0x1f, 0x50, 0x00, 0x03, 0xf4, 0x00, 0xf6, 0x02, 0xf4, 0x01, 0xf5, 0x00, 0x00,
    0x9e, 0x00, 0x0f, 0x60, 0x2f, 0x40, 0x1f, 0x50, 0x00, 0x2e, 0x80, 0x00, 0xf6, 0x02, 0xf4, 0x35,
    0xf5, 0x00, 0x0c, 0xe2, 0x00, 0x0f, 0x60, 0x2f, 0x48, 0xfc, 0x20, 0x07, 0xf4, 0x00, 0x00, 0x10,
    0x02, 0xf4, 0x00, 0x00, 0x00, 0x15, 0x00, 0x00, 0x00, 0x00, 0x19, 0x20, 0x00, 0x00,
    /* U+5E55 "幕" */
    0x00, 0x00, 0x01, 0x93, 0x00, 0x00, 0x49, 0x00, 0x00, 0x00, 0x03, 0x44, 0x45, 0xf8, 0x44, 0x44,
    0x9f, 0x44, 0x44, 0x30, 0x0a, 0xff, 0xff, 0xff, 0xff, 0xff, 0xff, 0xff, 0xff, 0xb0, 0x00, 0x00,
    0x02, 0xf5, 0x00, 0x00, 0x7e, 0x00, 0x00, 0x00, 0x00, 0x08, 0xff, 0xff, 0xff, 0xff, 0xff, 0xff,
    0xc0, 0x00, 0x00, 0x08, 0xd0, 0x00, 0x00, 0x00, 0x00, 0x0a, 0xc0, 0x00, 0x00, 0x08, 0xd0, 0x00,
    0x00, 0x00, 0x00, 0x0a, 0xc0, 0x00, 0x00, 0x08, 0xff, 0xff, 0xff, 0xff, 0xff, 0xff, 0xc0, 0x00,
    0x00, 0x08, 0xd0, 0x00, 0x00, 0x00, 0x00, 0x0a, 0xc0, 0x00, 0x00, 0x08, 0xff, 0xff, 0xff, 0xff,
    0xff, 0xff, 0xc0, 0x00, 0x00, 0x00, 0x00, 0x6f, 0x50, 0x00, 0x00, 0x00, 0x00, 0x00, 0x0e, 0xff,
    0xff, 0xff, 0xff, 0xff, 0xff, 0xff, 0xff, 0xe0, 0x03, 0x33, 0x9f, 0xb3, 0x3d, 0xb3, 0x3a, 0xf6,
    0x33, 0x30, 0x00, 0x08, 0xfd, 0x10, 0x0c, 0xa0, 0x01, 0xcf, 0x60, 0x00, 0x05, 0xdf, 0xff, 0xff,
    0xff, 0xff, 0xff, 0xff, 0xfc, 0x50, 0x2e, 0xe6, 0xcb, 0x33, 0x3d, 0xb3, 0x33, 0x8f, 0x5c, 0xe2,
    0x03, 0x00, 0xca, 0x00, 0x0c, 0xa0, 0x00, 0x6f, 0x10, 0x20, 0x00, 0x00, 0xca, 0x00, 0x0c, 0xa0,
    0x11, 0x8f, 0x10, 0x00, 0x00, 0x00, 0xca, 0x00, 0x0c, 0xa0, 0x5f, 0xfa, 0x00, 0x00, 0x00, 0x00,
    0x11, 0x00, 0x09, 0x70, 0x00, 0x00, 0x00, 0x00,
    /* U+5E72 "干" */
    0x0e, 0xff, 0xff, 0xff, 0xff, 0xff, 0xff, 0xff, 0xf0, 0x07, 0x88, 0x88, 0x88, 0xed, 0x88, 0x88,
    0x88, 0x80, 0x00, 0x00, 0x00, 0x00, 0xeb, 0x00, 0x00, 0x00, 0x00, 0x00, 0x00, 0x00, 0x00, 0xeb,
    0x00, 0x00, 0x00, 0x00, 0x00, 0x00, 0x00, 0x00, 0xeb, 0x00, 0x00, 0x00, 0x00, 0x00, 0x00, 0x00,
    0x00, 0xeb, 0x00, 0x00, 0x00, 0x00, 0x00, 0x00, 0x00, 0x00, 0xeb, 0x00, 0x00, 0x00, 0x00, 0xef,
    0xff, 0xff, 0xff, 0xff, 0xff, 0xff, 0xff, 0xfe, 0x88, 0x88, 0x88, 0x88, 0xed, 0x88, 0x88, 0x88,
    0x88, 0x00, 0x00, 0x00, 0x00, 0xeb, 0x00, 0x00, 0x00, 0x00, 0x00, 0x00, 0x00, 0x00, 0xeb, 0x00,
    0x00, 0x00, 0x00, 0x00, 0x00, 0x00, 0x00, 0xeb, 0x00, 0x00, 0x00, 0x00, 0x00, 0x00, 0x00, 0x00,
    0xeb, 0x00, 0x00, 0x00, 0x00, 0x00, 0x00, 0x00, 0x00, 0xeb, 0x00, 0x00, 0x00, 0x00, 0x00, 0x00,
    0x00, 0x00, 0xeb, 0x00, 0x00, 0x00, 0x00, 0x00, 0x00, 0x00, 0x00, 0xeb, 0x00, 0x00, 0x00, 0x00,
    0x00, 0x00, 0x00, 0x00, 0xeb, 0x00, 0x00, 0x00, 0x00, 0x00, 0x00, 0x00, 0x00, 0x97, 0x00, 0x00,
    0x00, 0x00,
    /* U+5E73 "平" */
    0x0e, 0xff, 0xff, 0xff, 0xff, 0xff, 0xff, 0xff, 0xd0, 0x07, 0x88, 0x88, 0x88, 0xed, 0x88, 0x88,
    0x88, 0x70, 0x00, 0x26, 0x00, 0x00, 0xcb, 0x00, 0x00, 0x83, 0x00, 0x00, 0x4f, 0x50, 0x00, 0xcb,
    0x00, 0x06, 0xf5, 0x00, 0x00, 0x0c, 0xc0, 0x00, 0xcb, 0x00, 0x0c, 0xd0, 0x00, 0x00, 0x05, 0xf3,
    0x00, 0xcb, 0x00, 0x4f, 0x50, 0x00, 0x00, 0x01, 0xf8, 0x00, 0xcb, 0x00, 0xbc, 0x00, 0x00, 0x00,
    0x00, 0x41, 0x00, 0xcb, 0x00, 0x53, 0x00, 0x00, 0x77, 0x77, 0x77, 0x77, 0xed, 0x77, 0x77, 0x77,
    0x77, 0xff, 0xff, 0xff, 0xff, 0xff, 0xff, 0xff, 0xff, 0xff, 0x00, 0x00, 0x00, 0x00, 0xcb, 0x00,
    0x00, 0x00, 0x00, 0x00, 0x00, 0x00, 0x00, 0xcb, 0x00, 0x00, 0x00, 0x00, 0x00, 0x00, 0x00, 0x00,
    0xcb, 0x00, 0x00, 0x00, 0x00, 0x00, 0x00, 0x00, 0x00, 0xcb, 0x00, 0x00, 0x00, 0x00, 0x00, 0x00,
    0x00, 0x00, 0xcb, 0x00, 0x00, 0x00, 0x00, 0x00, 0x00, 0x00, 0x00, 0xcb, 0x00, 0x00, 0x00, 0x00,
    0x00, 0x00, 0x00, 0x00, 0xcb, 0x00, 0x00, 0x00, 0x00, 0x00, 0x00, 0x00, 0x00, 0x87, 0x00, 0x00,
    0x00, 0x00,
    /* U+5E74 "年" */
    0x00, 0x00, 0x06, 0x60, 0x00, 0x00, 0x00, 0x00, 0x00, 0x00, 0x00, 0x00, 0x1e, 0xb0, 0x00, 0x00,
    0x00, 0x00, 0x00, 0x00, 0x00, 0x00, 0x7f, 0x50, 0x00, 0x00, 0x00, 0x00, 0x00, 0x00, 0x00, 0x01,
    0xef, 0xff, 0xff, 0xff, 0xff, 0xff, 0xff, 0x20, 0x00, 0x07, 0xf8, 0x77, 0x77, 0xdd, 0x77, 0x77,
    0x77, 0x10, 0x00, 0x3f, 0xa0, 0x00, 0x00, 0xbc, 0x00, 0x00, 0x00, 0x00, 0x02, 0xde, 0x10, 0x00,
    0x00, 0xbc, 0x00, 0x00, 0x00, 0x00, 0x0b, 0xe3, 0x56, 0x66, 0x66, 0xdd, 0x66, 0x66, 0x64, 0x00,
    0x01, 0x30, 0xbf, 0xff, 0xff, 0xff, 0xff, 0xff, 0xfa, 0x00, 0x00, 0x00, 0xbb, 0x00, 0x00, 0xbc,
    0x00, 0x00, 0x00, 0x00, 0x00, 0x00, 0xbb, 0x00, 0x00, 0xbc, 0x00, 0x00, 0x00, 0x00, 0x00, 0x00,
    0xbb, 0x00, 0x00, 0xbc, 0x00, 0x00, 0x00, 0x00, 0x00, 0x00, 0xbb, 0x00, 0x00, 0xbc, 0x00, 0x00,
    0x00, 0x00, 0x07, 0x77, 0xdd, 0x77, 0x77, 0xdd, 0x77, 0x77, 0x77, 0x70, 0x1f, 0xff, 0xff, 0xff,
    0xff, 0xff, 0xff, 0xff, 0xff, 0xf1, 0x00, 0x00, 0x00, 0x00, 0x00, 0xbc, 0x00, 0x00, 0x00, 0x00,
    0x00, 0x00, 0x00, 0x00, 0x00, 0xbc, 0x00, 0x00, 0x00, 0x00, 0x00, 0x00, 0x00, 0x00, 0x00, 0xbc,
    0x00, 0x00, 0x00, 0x00, 0x00, 0x00, 0x00, 0x00, 0x00, 0xbc, 0x00, 0x00, 0x00, 0x00, 0x00, 0x00,
    0x00, 0x00, 0x00, 0x88, 0x00, 0x00, 0x00, 0x00,
    /* U+5E8A "床" */
    0x00, 0x00, 0x00, 0x00, 0x04, 0xa1, 0x00, 0x00, 0x00, 0x00, 0x00, 0x00, 0x00, 0x00, 0x04, 0xf8,
    0x00, 0x00, 0x00, 0x00, 0x00, 0x00, 0x00, 0x00, 0x00, 0xce, 0x10, 0x00, 0x00, 0x00, 0x00, 0xaf,
    0xff, 0xff, 0xff, 0xff, 0xff, 0xff, 0xff, 0xf0, 0x00, 0xae, 0x66, 0x66, 0x66, 0x66, 0x66, 0x66,
    0x66, 0x60, 0x00, 0xad, 0x00, 0x00, 0x00, 0x2d, 0x50, 0x00, 0x00, 0x00, 0x00, 0xad, 0x00, 0x00,
    0x00, 0x2f, 0x60, 0x00, 0x00, 0x00, 0x00, 0xad, 0x00, 0x00, 0x00, 0x2f, 0x60, 0x00, 0x00, 0x00,
    0x00, 0xad, 0x16, 0x66, 0x66, 0x7f, 0x96, 0x66, 0x66, 0x50, 0x00, 0xad, 0x3f, 0xff, 0xff, 0xff,
    0xff, 0xff, 0xff, 0xc0, 0x00, 0xac, 0x00, 0x00, 0x03, 0xff, 0xf5, 0x00, 0x00, 0x00, 0x00, 0xbb,
    0x00, 0x00, 0x0b, 0xef, 0xee, 0x10, 0x00, 0x00, 0x00, 0xca, 0x00, 0x00, 0x7f, 0x5f, 0x6c, 0xb0,
    0x00, 0x00, 0x00, 0xe9, 0x00, 0x04, 0xf7, 0x2f, 0x62, 0xe9, 0x00, 0x00, 0x01, 0xf7, 0x00, 0x3e,
    0xb0, 0x2f, 0x60, 0x6f, 0x90, 0x00, 0x04, 0xf3, 0x04, 0xed, 0x10, 0x2f, 0x60, 0x08, 0xfa, 0x10,
    0x08, 0xf1, 0x8f, 0xd2, 0x00, 0x2f, 0x60, 0x00, 0x8f, 0xd2, 0x0d, 0xb0, 0xab, 0x10, 0x00, 0x2f,
    0x60, 0x00, 0x05, 0x90, 0x3f, 0x60, 0x00, 0x00, 0x00, 0x2f, 0x60, 0x00, 0x00, 0x00, 0x05, 0x10,
    0x00, 0x00, 0x00, 0x1a, 0x40, 0x00, 0x00, 0x00,
    /* U+5E97 "店" */
    0x00, 0x00, 0x00, 0x00, 0x03, 0x70, 0x00, 0x00, 0x00, 0x00, 0x00, 0x00, 0x00, 0x00, 0x5f, 0x50,
    0x00, 0x00, 0x00, 0x00, 0x00, 0x00, 0x00, 0x00, 0xdc, 0x00, 0x00, 0x00, 0x00, 0x07, 0xff, 0xff,
    0xff, 0xff, 0xff, 0xff, 0xff, 0xfd, 0x00, 0x7f, 0x77, 0x77, 0x77, 0x77, 0x77, 0x77, 0x77, 0x60,
    0x07, 0xf0, 0x00, 0x00, 0x0a, 0x90, 0x00, 0x00, 0x00, 0x00, 0x7f, 0x00, 0x00, 0x00, 0xcb, 0x00,
    0x00, 0x00, 0x00, 0x07, 0xf0, 0x00, 0x00, 0x0c, 0xd6, 0x66, 0x66, 0x61, 0x00, 0x8f, 0x00, 0x00,
    0x00, 0xcf, 0xff, 0xff, 0xff, 0x40, 0x09, 0xf0, 0x00, 0x00, 0x0c, 0xb0, 0x00, 0x00, 0x00, 0x00,
    0x9f, 0x00, 0x00, 0x00, 0xcb, 0x00, 0x00, 0x00, 0x00, 0x0a, 0xe0, 0x00, 0x00, 0x0c, 0xb0, 0x00,
    0x00, 0x00, 0x00, 0xbc, 0x03, 0xff, 0xff, 0xff, 0xff, 0xff, 0xf4, 0x00, 0x0c, 0xb0, 0x3f, 0x96,
    0x66, 0x66, 0x66, 0x8f, 0x40, 0x00, 0xf8, 0x03, 0xf4, 0x00, 0x00, 0x00, 0x03, 0xf4, 0x00, 0x3f,
    0x50, 0x3f, 0x40, 0x00, 0x00, 0x00, 0x3f, 0x40, 0x08, 0xf2, 0x03, 0xf4, 0x00, 0x00, 0x00, 0x03,
    0xf4, 0x00, 0xec, 0x00, 0x3f, 0xff, 0xff, 0xff, 0xff, 0xff, 0x40, 0x3f, 0x50, 0x03, 0xf8, 0x55,
    0x55, 0x55, 0x57, 0xf4, 0x00, 0x40, 0x00, 0x14, 0x10, 0x00, 0x00, 0x00, 0x13, 0x10,
    /* U+5EA6 "度" */
    0x00, 0x00, 0x00, 0x00, 0x03, 0x91, 0x00, 0x00, 0x00, 0x00, 0x00, 0x00, 0x00, 0x00, 0x03, 0xf7,
    0x00, 0x00, 0x00, 0x00, 0x00, 0x36, 0x66, 0x66, 0x66, 0xed, 0x66, 0x66, 0x66, 0x60, 0x00, 0x7f,
    0xff, 0xff, 0xff, 0xff, 0xff, 0xff, 0xff, 0xe0, 0x00, 0x7f, 0x00, 0x02, 0x81, 0x00, 0x00, 0x84,
    0x00, 0x00, 0x00, 0x7f, 0x00, 0x04, 0xf2, 0x00, 0x00, 0xf7, 0x00, 0x00, 0x00, 0x7f, 0x8f, 0xff,
    0xff, 0xff, 0xff, 0xff, 0xff, 0xb0, 0x00, 0x7f, 0x24, 0x47, 0xf5, 0x44, 0x44, 0xf9, 0x44, 0x30,
    0x00, 0x7f, 0x00, 0x04, 0xf2, 0x00, 0x00, 0xf7, 0x00, 0x00, 0x00, 0x8f, 0x00, 0x04, 0xf5, 0x33,
    0x33, 0xf7, 0x00, 0x00, 0x00, 0x8e, 0x00, 0x04, 0xff, 0xff, 0xff, 0xf7, 0x00, 0x00, 0x00, 0x9d,
    0x00, 0x00, 0x00, 0x00, 0x00, 0x00, 0x00, 0x00, 0x00, 0xac, 0x13, 0x33, 0x33, 0x33, 0x33, 0x33,
    0x30, 0x00, 0x00, 0xbb, 0x3f, 0xff, 0xff, 0xff, 0xff, 0xff, 0xe1, 0x00, 0x00, 0xe9, 0x00, 0x1e,
    0xa0, 0x00, 0x00, 0x6f, 0x50, 0x00, 0x02, 0xf6, 0x00, 0x03, 0xeb, 0x20, 0x19, 0xf7, 0x00, 0x00,
    0x05, 0xf3, 0x00, 0x00, 0x2c, 0xf9, 0xed, 0x40, 0x00, 0x00, 0x0b, 0xd0, 0x00, 0x14, 0x7c, 0xff,
    0xfc, 0x73, 0x00, 0x00, 0x2f, 0x81, 0xce, 0xff, 0xd8, 0x41, 0x49, 0xef, 0xfd, 0xb1, 0x06, 0x20,
    0x66, 0x41, 0x00, 0x00, 0x00, 0x03, 0x58, 0x60,
    /* U+5EB7 "康" */
    0x00, 0x00, 0x00, 0x00, 0x04, 0xc2, 0x00, 0x00, 0x00, 0x00, 0x00, 0x00, 0x00, 0x00, 0x01, 0xeb,
    0x00, 0x00, 0x00, 0x00, 0x00, 0xaf, 0xff, 0xff, 0xff, 0xff, 0xff, 0xff, 0xff, 0xf0, 0x00, 0xad,
    0x55, 0x55, 0x55, 0xbe, 0x55, 0x55, 0x55, 0x50, 0x00, 0xac, 0x00, 0x00, 0x00, 0x9e, 0x00, 0x00,
    0x00, 0x00, 0x00, 0xac, 0x0b, 0xff, 0xff, 0xff, 0xff, 0xff, 0xf3, 0x00, 0x00, 0xac, 0x01, 0x22,
    0x22, 0xae, 0x22, 0x24, 0xf3, 0x00, 0x00, 0xac, 0x00, 0x00, 0x00, 0x9e, 0x00, 0x03, 0xf3, 0x00,
    0x00, 0xac, 0xbf, 0xff, 0xff, 0xff, 0xff, 0xff, 0xff, 0xf3, 0x00, 0xac, 0x12, 0x22, 0x22, 0xae,
    0x22, 0x25, 0xf7, 0x51, 0x00, 0xbb, 0x01, 0x11, 0x11, 0xae, 0x11, 0x14, 0xf3, 0x00, 0x00, 0xca,
    0x0e, 0xff, 0xff, 0xff, 0xff, 0xff, 0xf3, 0x00, 0x00, 0xd9, 0x08, 0x40, 0x00, 0x9f, 0x20, 0x00,
    0x64, 0x00, 0x00, 0xe7, 0x07, 0xf9, 0x10, 0x9f, 0xc1, 0x1a, 0xf8, 0x00, 0x02, 0xf5, 0x00, 0x3d,
    0x55, 0xde, 0xcc, 0xeb, 0x20, 0x00, 0x05, 0xf2, 0x00, 0x39, 0xed, 0xce, 0x1c, 0xe5, 0x00, 0x00,
    0x09, 0xe1, 0x6c, 0xfb, 0x40, 0x9e, 0x01, 0x9f, 0xc6, 0x10, 0x1e, 0x90, 0xd9, 0x20, 0x00, 0xae,
    0x00, 0x02, 0x8e, 0xe1, 0x3e, 0x30, 0x00, 0x0a, 0xfe, 0xfa, 0x00, 0x00, 0x00, 0x20, 0x01, 0x00,
    0x00, 0x02, 0x44, 0x20, 0x00, 0x00, 0x00, 0x00,
    /* U+5F00 "开" */
    0x27, 0x77, 0x77, 0x77, 0x77, 0x77, 0x77, 0x77, 0x72, 0x3f, 0xff, 0xff, 0xff, 0xff, 0xff, 0xff,
    0xff, 0xf5, 0x00, 0x00, 0x2f, 0x60, 0x00, 0x00, 0xf8, 0x00, 0x00, 0x00, 0x00, 0x2f, 0x60, 0x00,
    0x00, 0xf8, 0x00, 0x00, 0x00, 0x00, 0x2f, 0x60, 0x00, 0x00, 0xf8, 0x00, 0x00, 0x00, 0x00, 0x2f,
    0x60, 0x00, 0x00, 0xf8, 0x00, 0x00, 0x00, 0x00, 0x2f, 0x60, 0x00, 0x00, 0xf8, 0x00, 0x00, 0x00,
    0x00, 0x2f, 0x60, 0x00, 0x00, 0xf8, 0x00, 0x00, 0xff, 0xff, 0xff, 0xff, 0xff, 0xff, 0xff, 0xff,
    0xff, 0x77, 0x77, 0x9f, 0x97, 0x77, 0x77, 0xfb, 0x77, 0x77, 0x00, 0x00, 0x6f, 0x20, 0x00, 0x00,
    0xf8, 0x00, 0x00, 0x00, 0x00, 0x9f, 0x00, 0x00, 0x00, 0xf8, 0x00, 0x00, 0x00, 0x00, 0xeb, 0x00,
    0x00, 0x00, 0xf8, 0x00, 0x00, 0x00, 0x05, 0xf6, 0x00, 0x00, 0x00, 0xf8, 0x00, 0x00, 0x00, 0x1d,
    0xe1, 0x00, 0x00, 0x00, 0xf8, 0x00, 0x00, 0x00, 0xaf, 0x50, 0x00, 0x00, 0x00, 0xf8, 0x00, 0x00,
    0x1a, 0xfa, 0x00, 0x00, 0x00, 0x00, 0xf8, 0x00, 0x00, 0xaf, 0xa0, 0x00, 0x00, 0x00, 0x00, 0xf8,
    0x00, 0x00, 0x27, 0x00, 0x00, 0x00, 0x00, 0x00, 0xa5, 0x00, 0x00,
    /* U+5F1F "弟" */
    0x00, 0x01, 0x71, 0x00, 0x00, 0x00, 0x18, 0x30, 0x00, 0x00, 0x02, 0xf8, 0x00, 0x00, 0x00, 0x7f,
    0x40, 0x00, 0x00, 0x00, 0x9f, 0x10, 0x00, 0x00, 0xdb, 0x00, 0x00, 0x04, 0x66, 0x8f, 0x86, 0x66,
    0x69, 0xf8, 0x66, 0x30, 0x0b, 0xff, 0xff, 0xff, 0xff, 0xff, 0xff, 0xff, 0x80, 0x00, 0x00, 0x00,
    0x00, 0xbc, 0x00, 0x00, 0x0f, 0x80, 0x00, 0x00, 0x00, 0x00, 0xbc, 0x00, 0x00, 0x0f, 0x80, 0x00,
    0x00, 0x00, 0x00, 0xbc, 0x00, 0x00, 0x0f, 0x80, 0x00, 0xaf, 0xff, 0xff, 0xff, 0xff, 0xff, 0xff,
    0x80, 0x00, 0xcc, 0x66, 0x66, 0xdd, 0x66, 0x66, 0x66, 0x30, 0x00, 0xf7, 0x00, 0x00, 0xbc, 0x00,
    0x00, 0x00, 0x00, 0x04, 0xf4, 0x00, 0x00, 0xbc, 0x00, 0x00, 0x00, 0x00, 0x07, 0xff, 0xff, 0xff,
    0xff, 0xff, 0xff, 0xff, 0xf7, 0x04, 0x66, 0x66, 0x7e, 0xfd, 0x66, 0x66, 0x68, 0xf5, 0x00, 0x00,
    0x01, 0xce, 0xdc, 0x00, 0x00, 0x04, 0xf4, 0x00, 0x00, 0x5e, 0xd3, 0xbc, 0x00, 0x00, 0x07, 0xf1,
    0x00, 0x3b, 0xfb, 0x10, 0xbc, 0x00, 0x10, 0x1b, 0xe0, 0x6c, 0xfd, 0x60, 0x00, 0xbc, 0x00, 0xef,
    0xff, 0x80, 0x4d, 0x60, 0x00, 0x00, 0xbc, 0x00, 0x45, 0x64, 0x00, 0x00, 0x00, 0x00, 0x00, 0x77,
    0x00, 0x00, 0x00, 0x00,
    /* U+5F62 "形" */
    0x00, 0x00, 0x00, 0x00, 0x00, 0x00, 0x00, 0x00, 0x12, 0x00, 0x05, 0x66, 0x66, 0x66, 0x66, 0x63,
    0x00, 0x01, 0xcd, 0x10, 0x0d, 0xff, 0xff, 0xff, 0xff, 0xf7, 0x00, 0x1c, 0xe3, 0x00, 0x00, 0x08,
    0xd0, 0x00, 0xe8, 0x00, 0x04, 0xde, 0x30, 0x00, 0x00, 0x08, 0xd0, 0x00, 0xe8, 0x01, 0x9f, 0xc2,
    0x00, 0x00, 0x00, 0x08, 0xd0, 0x00, 0xe8, 0x03, 0xe9, 0x00, 0x00, 0x00, 0x00, 0x08, 0xd0, 0x00,
    0xe8, 0x00, 0x10, 0x00, 0x05, 0x20, 0x00, 0x08, 0xd0, 0x00, 0xe8, 0x00, 0x00, 0x00, 0x6f, 0x70,
    0x16, 0x6b, 0xe6, 0x66, 0xeb, 0x64, 0x00, 0x06, 0xf9, 0x00, 0x3f, 0xff, 0xff, 0xff, 0xff, 0xfb,
    0x01, 0x9f, 0x90, 0x00, 0x00, 0x09, 0xc0, 0x00, 0xe8, 0x00, 0x4d, 0xe6, 0x00, 0x00, 0x00, 0x0a,
    0xb0, 0x00, 0xe8, 0x01, 0xec, 0x30, 0x00, 0x00, 0x00, 0x0c, 0xa0, 0x00, 0xe8, 0x00, 0x20, 0x00,
    0x05, 0x91, 0x00, 0x0e, 0x80, 0x00, 0xe8, 0x00, 0x00, 0x00, 0x1e, 0xc0, 0x00, 0x2f, 0x50, 0x00,
    0xe8, 0x00, 0x00, 0x01, 0xce, 0x20, 0x00, 0x7f, 0x20, 0x00, 0xe8, 0x00, 0x00, 0x1c, 0xf4, 0x00,
    0x00, 0xdb, 0x00, 0x00, 0xe8, 0x00, 0x04, 0xee, 0x40, 0x00, 0x07, 0xf5, 0x00, 0x00, 0xe8, 0x02,
    0x9f, 0xd3, 0x00, 0x00, 0x1e, 0xb0, 0x00, 0x00, 0xe8, 0x2e, 0xf9, 0x10, 0x00, 0x00, 0x07, 0x20,
    0x00, 0x00, 0x95, 0x05, 0x30, 0x00, 0x00, 0x00,
    /* U+5F85 "待" */
    0x00, 0x00, 0x17, 0x10, 0x00, 0x00, 0x85, 0x00, 0x00, 0x00, 0x00, 0x00, 0xbe, 0x20, 0x00, 0x00,
    0xd9, 0x00, 0x00, 0x00, 0x00, 0x09, 0xf4, 0x00, 0x00, 0x00, 0xd9, 0x00, 0x00, 0x00, 0x01, 0xbf,
    0x60, 0x04, 0xff, 0xff, 0xff, 0xff, 0xff, 0x30, 0x0d, 0xe4, 0x00, 0x02, 0x66, 0x66, 0xeb, 0x66,
    0x66, 0x10, 0x07, 0x30, 0x1d, 0x70, 0x00, 0x00, 0xd9, 0x00, 0x00, 0x00, 0x00, 0x00, 0xae, 0x20,
    0x00, 0x00, 0xd9, 0x00, 0x00, 0x00, 0x00, 0x06, 0xf6, 0x7f, 0xff, 0xff, 0xff, 0xff, 0xff, 0xf3,
    0x00, 0x4e, 0xf2, 0x36, 0x66, 0x66, 0x66, 0x6f, 0xa6, 0x61, 0x04, 0xef, 0xf2, 0x00, 0x00, 0x00,
    0x00, 0x1f, 0x60, 0x00, 0x3e, 0xe7, 0xf2, 0x00, 0x00, 0x00, 0x00, 0x1f, 0x60, 0x00, 0x1d, 0x35,
    0xf2, 0x3f, 0xff, 0xff, 0xff, 0xff, 0xff, 0xf1, 0x01, 0x05, 0xf2, 0x16, 0x66, 0x66, 0x66, 0x6f,
    0xa6, 0x61, 0x00, 0x05, 0xf2, 0x00, 0x5c, 0x10, 0x00, 0x1f, 0x60, 0x00, 0x00, 0x05, 0xf2, 0x00,
    0x2e, 0xa0, 0x00, 0x1f, 0x60, 0x00, 0x00, 0x05, 0xf2, 0x00, 0x06, 0xf5, 0x00, 0x1f, 0x60, 0x00,
    0x00, 0x05, 0xf2, 0x00, 0x00, 0xca, 0x00, 0x1f, 0x60, 0x00, 0x00, 0x05, 0xf2, 0x00, 0x00, 0x20,
    0x00, 0x1f, 0x60, 0x00, 0x00, 0x05, 0xf2, 0x00, 0x00, 0x00, 0xef, 0xff, 0x30, 0x00, 0x00, 0x02,
    0x71, 0x00, 0x00, 0x00, 0x46, 0x52, 0x00, 0x00,
    /* U+5F8C "後" */
    0x00, 0x00, 0x35, 0x00, 0x00, 0x05, 0x20, 0x00, 0x00, 0x00, 0x00, 0x01, 0xdc, 0x00, 0x00, 0x5f,
    0x90, 0x00, 0x00, 0x00, 0x00, 0x0a, 0xe2, 0x00, 0x03, 0xeb, 0x00, 0x05, 0x10, 0x00, 0x00, 0xaf,
    0x40, 0x00, 0x2e, 0xb1, 0x00, 0x8f, 0x70, 0x00, 0x0a, 0xf5, 0x01, 0x04, 0xec, 0x22, 0x3a, 0xe5,
    0x00, 0x00, 0x09, 0x40, 0x3f, 0x6d, 0xff, 0xff, 0xfd, 0x22, 0x00, 0x00, 0x00, 0x01, 0xdc, 0x03,
    0x22, 0x9e, 0x81, 0x2e, 0x80, 0x00, 0x00, 0x09, 0xf3, 0x00, 0x6e, 0xa2, 0x00, 0x16, 0xf6, 0x00,
    0x00, 0x8f, 0xe0, 0x4d, 0xfe, 0xde, 0xef, 0xff, 0xff, 0x30, 0x08, 0xfe, 0xe0, 0x2a, 0x87, 0xcf,
    0x52, 0x11, 0x0c, 0xc0, 0x2f, 0x98, 0xe0, 0x00, 0x05, 0xf8, 0x00, 0x00, 0x03, 0x40, 0x04, 0x07,
    0xe0, 0x00, 0x3e, 0xff, 0xff, 0xff, 0xe2, 0x00, 0x00, 0x07, 0xe0, 0x05, 0xef, 0x83, 0x33, 0x3e,
    0xc0, 0x00, 0x00, 0x07, 0xe0, 0x8f, 0xca, 0xe1, 0x00, 0x8f, 0x40, 0x00, 0x00, 0x07, 0xe0, 0xba,
    0x10, 0xcc, 0x16, 0xf8, 0x00, 0x00, 0x00, 0x07, 0xe0, 0x10, 0x00, 0x2e, 0xdf, 0xa0, 0x00, 0x00,
    0x00, 0x07, 0xe0, 0x00, 0x00, 0x3c, 0xff, 0x60, 0x00, 0x00, 0x00, 0x07, 0xe0, 0x00, 0x3a, 0xfe,
    0x7b, 0xfc, 0x50, 0x00, 0x00, 0x07, 0xe1, 0x8d, 0xff, 0x81, 0x00, 0x5e, 0xfe, 0x92, 0x00, 0x07,
    0xe0, 0xba, 0x61, 0x00, 0x00, 0x00, 0x49, 0xc1,
    /* U+5FD9 "忙" */
    0x00, 0x05, 0x90, 0x00, 0x00, 0x01, 0x70, 0x00, 0x00, 0x00, 0x00, 0x07, 0xd0, 0x00, 0x00, 0x03,
    0xf9, 0x00, 0x00, 0x00, 0x00, 0x07, 0xd0, 0x00, 0x00, 0x00, 0x7f, 0x50, 0x00, 0x00, 0x00, 0x07,
    0xd1, 0x10, 0x00, 0x00, 0x0c, 0x70, 0x00, 0x00, 0x05, 0x67, 0xdc, 0x74, 0x77, 0x77, 0x77, 0x77,
    0x77, 0x71, 0x09, 0x97, 0xd6, 0xd9, 0xff, 0xff, 0xff, 0xff, 0xff, 0xf3, 0x0a, 0x77, 0xd1, 0xf4,
    0x09, 0xd0, 0x00, 0x00, 0x00, 0x00, 0x0d, 0x57, 0xd0, 0xa5, 0x09, 0xd0, 0x00, 0x00, 0x00, 0x00,
    0x2f, 0x27, 0xd0, 0x00, 0x09, 0xd0, 0x00, 0x00, 0x00, 0x00, 0x4d, 0x07, 0xd0, 0x00, 0x09, 0xd0,
    0x00, 0x00, 0x00, 0x00, 0x00, 0x07, 0xd0, 0x00, 0x09, 0xd0, 0x00, 0x00, 0x00, 0x00, 0x00, 0x07,
    0xd0, 0x00, 0x09, 0xd0, 0x00, 0x00, 0x00, 0x00, 0x00, 0x07, 0xd0, 0x00, 0x09, 0xd0, 0x00, 0x00,
    0x00, 0x00, 0x00, 0x07, 0xd0, 0x00, 0x09, 0xd0, 0x00, 0x00, 0x00, 0x00, 0x00, 0x07, 0xd0, 0x00,
    0x09, 0xd0, 0x00, 0x00, 0x00, 0x00, 0x00, 0x07, 0xd0, 0x00, 0x09, 0xd0, 0x00, 0x00, 0x00, 0x00,
    0x00, 0x07, 0xd0, 0x00, 0x09, 0xd0, 0x00, 0x00, 0x00, 0x00, 0x00, 0x07, 0xd0, 0x00, 0x09, 0xff,
    0xff, 0xff, 0xff, 0xb0, 0x00, 0x07, 0xd0, 0x00, 0x03, 0x55, 0x55, 0x55, 0x55, 0x40, 0x00, 0x05,
    0x80, 0x00, 0x00, 0x00, 0x00, 0x00, 0x00, 0x00,
    /* U+5FEB "快" */
    0x00, 0x06, 0x90, 0x00, 0x00, 0x04, 0xa1, 0x00, 0x00, 0x00, 0x00, 0x09, 0xd0, 0x00, 0x00, 0x06,
    0xf1, 0x00, 0x00, 0x00, 0x00, 0x09, 0xd0, 0x00, 0x00, 0x06, 0xf1, 0x00, 0x00, 0x00, 0x00, 0x09,
    0xd2, 0x02, 0x66, 0x6a, 0xf7, 0x66, 0x64, 0x00, 0x05, 0x79, 0xdd, 0x65, 0xff, 0xff, 0xff, 0xff,
    0xf9, 0x00, 0x08, 0x99, 0xd7, 0xd0, 0x00, 0x06, 0xf1, 0x00, 0xe9, 0x00, 0x0a, 0x79, 0xd1, 0xf3,
    0x00, 0x06, 0xf1, 0x00, 0xe9, 0x00, 0x0d, 0x59, 0xd0, 0xb4, 0x00, 0x06, 0xf1, 0x00, 0xe9, 0x00,
    0x1f, 0x29, 0xd0, 0x00, 0x00, 0x07, 0xf1, 0x00, 0xe9, 0x00, 0x4e, 0x09, 0xd0, 0x00, 0x00, 0x07,
    0xf0, 0x00, 0xe9, 0x00, 0x01, 0x09, 0xd0, 0x6f, 0xff, 0xff, 0xff, 0xff, 0xff, 0xf4, 0x00, 0x09,
    0xd0, 0x37, 0x77, 0x7d, 0xfd, 0x77, 0x77, 0x72, 0x00, 0x09, 0xd0, 0x00, 0x00, 0x1f, 0xdf, 0x20,
    0x00, 0x00, 0x00, 0x09, 0xd0, 0x00, 0x00, 0x5f, 0x4e, 0x80, 0x00, 0x00, 0x00, 0x09, 0xd0, 0x00,
    0x00, 0xdd, 0x09, 0xf3, 0x00, 0x00, 0x00, 0x09, 0xd0, 0x00, 0x07, 0xf4, 0x01, 0xec, 0x10, 0x00,
    0x00, 0x09, 0xd0, 0x00, 0x6f, 0xa0, 0x00, 0x6f, 0xc1, 0x00, 0x00, 0x09, 0xd0, 0x08, 0xfb, 0x00,
    0x00, 0x08, 0xfd, 0x40, 0x00, 0x09, 0xd0, 0xbf, 0xa1, 0x00, 0x00, 0x00, 0x7f, 0xf3, 0x00, 0x06,
    0x90, 0x46, 0x00, 0x00, 0x00, 0x00, 0x03, 0x60,
    /* U+600E "怎" */
    0x00, 0x00, 0x67, 0x00, 0x00, 0x00, 0x00, 0x00, 0x00, 0x00, 0x00, 0x0e, 0xc0, 0x00, 0x00, 0x00,
    0x00, 0x00, 0x00, 0x00, 0x05, 0xfa, 0x55, 0x55, 0x55, 0x55, 0x55, 0x52, 0x00, 0x00, 0xcf, 0xff,
    0xff, 0xff, 0xff, 0xff, 0xff, 0x80, 0x00, 0x4f, 0x70, 0x0b, 0xc0, 0x00, 0x00, 0x00, 0x00, 0x00,
    0x1d, 0xd0, 0x00, 0xbc, 0x00, 0x00, 0x00, 0x00, 0x00, 0x0a, 0xf4, 0x00, 0x0b, 0xff, 0xff, 0xff,
    0xff, 0x70, 0x08, 0xf7, 0x00, 0x00, 0xbd, 0x44, 0x44, 0x44, 0x42, 0x00, 0x16, 0x00, 0x00, 0x0b,
    0xc0, 0x00, 0x00, 0x00, 0x00, 0x00, 0x00, 0x00, 0x00, 0xbf, 0xff, 0xff, 0xff, 0xff, 0x00, 0x00,
    0x00, 0x00, 0x0b, 0xd5, 0x55, 0x55, 0x55, 0x50, 0x00, 0x00, 0x00, 0x00, 0xbc, 0x00, 0x00, 0x00,
    0x00, 0x00, 0x00, 0x00, 0x00, 0x09, 0xd2, 0x00, 0x00, 0x01, 0x00, 0x00, 0x1a, 0x26, 0xa0, 0x3d,
    0xe4, 0x00, 0x0b, 0xc0, 0x00, 0x05, 0xf2, 0x8e, 0x00, 0x2c, 0xf5, 0x00, 0x5f, 0x40, 0x00, 0xac,
    0x08, 0xe0, 0x00, 0x1c, 0x30, 0x30, 0xdc, 0x00, 0x1f, 0x70, 0x8e, 0x00, 0x00, 0x00, 0x0c, 0x96,
    0xf4, 0x07, 0xf2, 0x08, 0xf2, 0x00, 0x00, 0x02, 0xe7, 0x1e, 0xb0, 0x59, 0x00, 0x4f, 0xff, 0xff,
    0xff, 0xfe, 0x20, 0x78, 0x00, 0x00, 0x00, 0x25, 0x66, 0x66, 0x65, 0x20, 0x00, 0x00,
    /* U+601D "思" */
    0x02, 0xff, 0xff, 0xff, 0xff, 0xff, 0xff, 0xfe, 0x00, 0x02, 0xf8, 0x55, 0x55, 0xdc, 0x55, 0x55,
    0xbe, 0x00, 0x02, 0xf5, 0x00, 0x00, 0xca, 0x00, 0x00, 0x8e, 0x00, 0x02, 0xf5, 0x00, 0x00, 0xca,
    0x00, 0x00, 0x8e, 0x00, 0x02, 0xf7, 0x44, 0x44, 0xdb, 0x44, 0x44, 0xae, 0x00, 0x02, 0xff, 0xff,
    0xff, 0xff, 0xff, 0xff, 0xfe, 0x00, 0x02, 0xf5, 0x00, 0x00, 0xca, 0x00, 0x00, 0x8e, 0x00, 0x02,
    0xf5, 0x00, 0x00, 0xca, 0x00, 0x00, 0x8e, 0x00, 0x02, 0xf8, 0x55, 0x55, 0xdc, 0x55, 0x55, 0xae,
    0x00, 0x02, 0xff, 0xff, 0xff, 0xff, 0xff, 0xff, 0xfe, 0x00, 0x00, 0x00, 0x00, 0x1b, 0x60, 0x00,
    0x00, 0x00, 0x00, 0x00, 0x20, 0x13, 0x19, 0xfc, 0x20, 0x00, 0x43, 0x00, 0x02, 0xf5, 0x4f, 0x40,
    0x4d, 0xe4, 0x00, 0xdc, 0x00, 0x07, 0xf1, 0x4f, 0x40, 0x01, 0xc5, 0x00, 0x4f, 0x70, 0x0c, 0xb0,
    0x4f, 0x40, 0x00, 0x00, 0x6b, 0x0a, 0xe1, 0x6f, 0x40, 0x4f, 0x40, 0x00, 0x00, 0x7e, 0x03, 0xf8,
    0xcc, 0x00, 0x3f, 0xa6, 0x66, 0x66, 0xdb, 0x00, 0xbb, 0x12, 0x00, 0x09, 0xef, 0xff, 0xff, 0xd3,
    0x00, 0x10,
    /* U+610F "意" */
    0x00, 0x00, 0x00, 0x00, 0x96, 0x00, 0x00, 0x00, 0x00, 0x00, 0x00, 0x00, 0x00, 0xbe, 0x00, 0x00,
    0x00, 0x00, 0x0a, 0xff, 0xff, 0xff, 0xff, 0xff, 0xff, 0xff, 0x90, 0x02, 0x33, 0x8e, 0x43, 0x33,
    0x34, 0xe9, 0x33, 0x20, 0x00, 0x00, 0x2f, 0x60, 0x00, 0x07, 0xf2, 0x00, 0x00, 0x8f, 0xff, 0xff,
    0xff, 0xff, 0xff, 0xff, 0xff, 0xfa, 0x23, 0x33, 0x33, 0x33, 0x33, 0x33, 0x33, 0x33, 0x32, 0x00,
    0x00, 0x00, 0x00, 0x00, 0x00, 0x00, 0x00, 0x00, 0x00, 0x3f, 0xff, 0xff, 0xff, 0xff, 0xff, 0xf5,
    0x00, 0x00, 0x3f, 0x30, 0x00, 0x00, 0x00, 0x03, 0xf5, 0x00, 0x00, 0x3f, 0xff, 0xff, 0xff, 0xff,
    0xff, 0xf5, 0x00, 0x00, 0x3f, 0x30, 0x00, 0x00, 0x00, 0x03, 0xf5, 0x00, 0x00, 0x3f, 0x40, 0x00,
    0x00, 0x00, 0x03, 0xf5, 0x00, 0x00, 0x3f, 0xff, 0xff, 0xff, 0xff, 0xff, 0xf5, 0x00, 0x00, 0x00,
    0x00, 0x08, 0xd4, 0x00, 0x00, 0x21, 0x00, 0x00, 0xb9, 0x1f, 0x61, 0x8f, 0x80, 0x00, 0xdb, 0x00,
    0x05, 0xf4, 0x1f, 0x60, 0x05, 0xa0, 0x94, 0x2e, 0x90, 0x3e, 0x90, 0x0f, 0x70, 0x00, 0x02, 0xe6,
    0x05, 0xf5, 0x5a, 0x00, 0x0c, 0xff, 0xff, 0xff, 0xe2, 0x00, 0x61, 0x00, 0x00, 0x00, 0x34, 0x44,
    0x44, 0x10, 0x00, 0x00,
    /* U+6211 "我" */
    0x00, 0x00, 0x00, 0x00, 0x22, 0x06, 0x60, 0x00, 0x00, 0x00, 0x00, 0x00, 0x25, 0x8d, 0xfd, 0x1c,
    0xc0, 0x8c, 0x10, 0x00, 0x06, 0xbe, 0xff, 0xfb, 0x62, 0x0b, 0xd0, 0x3e, 0xc1, 0x00, 0x06, 0xb8,
    0x6b, 0xd0, 0x00, 0x0a, 0xd0, 0x04, 0xfa, 0x00, 0x00, 0x00, 0x09, 0xd0, 0x00, 0x09, 0xe0, 0x00,
    0x7e, 0x30, 0x00, 0x00, 0x09, 0xd0, 0x00, 0x09, 0xf0, 0x00, 0x02, 0x00, 0x05, 0x66, 0x6c, 0xe6,
    0x66, 0x6b, 0xf6, 0x66, 0x66, 0x60, 0x0d, 0xff, 0xff, 0xff, 0xff, 0xff, 0xff, 0xff, 0xff, 0xe0,
    0x00, 0x00, 0x09, 0xd0, 0x00, 0x05, 0xf4, 0x00, 0x00, 0x00, 0x00, 0x00, 0x09, 0xd0, 0x00, 0x03,
    0xf6, 0x00, 0xa8, 0x00, 0x00, 0x00, 0x09, 0xd0, 0x03, 0x30, 0xf8, 0x04, 0xf6, 0x00, 0x00, 0x00,
    0x2b, 0xeb, 0xff, 0x80, 0xdb, 0x1d, 0xb0, 0x00, 0x17, 0xad, 0xff, 0xfb, 0x74, 0x00, 0xae, 0xbe,
    0x20, 0x00, 0x0e, 0xea, 0x7b, 0xd0, 0x00, 0x00, 0x6f, 0xf4, 0x00, 0x00, 0x02, 0x00, 0x09, 0xd0,
    0x00, 0x01, 0xaf, 0x90, 0x00, 0x60, 0x00, 0x00, 0x09, 0xd0, 0x00, 0x2c, 0xfe, 0xd0, 0x01, 0xf4,
    0x00, 0x00, 0x09, 0xd0, 0x06, 0xee, 0x56, 0xf5, 0x02, 0xf2, 0x00, 0x00, 0x0a, 0xd0, 0xaf, 0xc3,
    0x00, 0xde, 0x47, 0xe0, 0x00, 0xbf, 0xef, 0xa0, 0x47, 0x00, 0x00, 0x3e, 0xff, 0x90, 0x00, 0x38,
    0x75, 0x10, 0x00, 0x00, 0x00, 0x01, 0x66, 0x00,
    /* U+6237 "户" */
    0x00, 0x00, 0x00, 0x00, 0x18, 0x50, 0x00, 0x00, 0x00, 0x00, 0x00, 0x00, 0x00, 0xdc, 0x00, 0x00,
    0x00, 0x00, 0x00, 0x00, 0x00, 0x08, 0xf3, 0x00, 0x00, 0x00, 0x00, 0x46, 0x66, 0x66, 0x8f, 0x86,
    0x66, 0x65, 0x00, 0x09, 0xff, 0xff, 0xff, 0xff, 0xff, 0xff, 0xd0, 0x00, 0x9e, 0x00, 0x00, 0x00,
    0x00, 0x00, 0x9d, 0x00, 0x09, 0xe0, 0x00, 0x00, 0x00, 0x00, 0x09, 0xd0, 0x00, 0x9e, 0x00, 0x00,
    0x00, 0x00, 0x00, 0x9d, 0x00, 0x09, 0xe0, 0x00, 0x00, 0x00, 0x00, 0x09, 0xd0, 0x00, 0xae, 0x66,
    0x66, 0x66, 0x66, 0x66, 0xcd, 0x00, 0x0a, 0xff, 0xff, 0xff, 0xff, 0xff, 0xff, 0xd0, 0x00, 0xcc,
    0x00, 0x00, 0x00, 0x00, 0x00, 0x9d, 0x00, 0x0e, 0xa0, 0x00, 0x00, 0x00, 0x00, 0x03, 0x50, 0x01,
    0xf8, 0x00, 0x00, 0x00, 0x00, 0x00, 0x00, 0x00, 0x5f, 0x50, 0x00, 0x00, 0x00, 0x00, 0x00, 0x00,
    0x09, 0xf1, 0x00, 0x00, 0x00, 0x00, 0x00, 0x00, 0x01, 0xeb, 0x00, 0x00, 0x00, 0x00, 0x00, 0x00,
    0x00, 0x8f, 0x50, 0x00, 0x00, 0x00, 0x00, 0x00, 0x00, 0x2f, 0xc0, 0x00, 0x00, 0x00, 0x00, 0x00,
    0x00, 0x00, 0x73, 0x00, 0x00, 0x00, 0x00, 0x00, 0x00, 0x00,
    /* U+623F "房" */
    0x00, 0x00, 0x00, 0x00, 0x05, 0x40, 0x00, 0x00, 0x00, 0x00, 0x00, 0x00, 0x00, 0x00, 0xeb, 0x00,
    0x00, 0x00, 0x00, 0x00, 0x14, 0x44, 0x44, 0x4b, 0xf5, 0x44, 0x44, 0x43, 0x00, 0x04, 0xff, 0xff,
    0xff, 0xff, 0xff, 0xff, 0xff, 0xb0, 0x00, 0x4f, 0x30, 0x00, 0x00, 0x00, 0x00, 0x00, 0xcb, 0x00,
    0x04, 0xf3, 0x00, 0x00, 0x00, 0x00, 0x00, 0x0c, 0xb0, 0x00, 0x4f, 0xff, 0xff, 0xff, 0xff, 0xff,
    0xff, 0xfb, 0x00, 0x04, 0xf7, 0x44, 0x44, 0x49, 0x94, 0x44, 0x44, 0x30, 0x00, 0x5f, 0x30, 0x00,
    0x00, 0x8e, 0x10, 0x00, 0x00, 0x00, 0x05, 0xf3, 0x00, 0x00, 0x01, 0xd5, 0x00, 0x00, 0x00, 0x00,
    0x6f, 0x4f, 0xff, 0xff, 0xff, 0xff, 0xff, 0xff, 0x60, 0x07, 0xf1, 0x44, 0x48, 0xf5, 0x44, 0x44,
    0x44, 0x41, 0x00, 0x8e, 0x00, 0x00, 0x8f, 0x00, 0x00, 0x00, 0x00, 0x00, 0x0a, 0xc0, 0x00, 0x0a,
    0xe3, 0x33, 0x33, 0x33, 0x00, 0x00, 0xe9, 0x00, 0x00, 0xef, 0xff, 0xff, 0xff, 0xf1, 0x00, 0x2f,
    0x60, 0x00, 0x6f, 0x50, 0x00, 0x00, 0x8e, 0x00, 0x06, 0xf3, 0x00, 0x3e, 0xc0, 0x00, 0x00, 0x0a,
    0xc0, 0x00, 0xdc, 0x01, 0x7e, 0xd1, 0x00, 0x11, 0x02, 0xe9, 0x00, 0x3f, 0x60, 0xcf, 0x91, 0x00,
    0x06, 0xff, 0xfe, 0x20, 0x00, 0x21, 0x02, 0x20, 0x00, 0x00, 0x03, 0x33, 0x10, 0x00,
    /* U+6240 "所" */
    0x00, 0x00, 0x00, 0x00, 0x10, 0x00, 0x00, 0x00, 0x04, 0x00, 0x00, 0x00, 0x03, 0x6b, 0xf5, 0x00,
    0x01, 0x49, 0xdf, 0x60, 0x00, 0x9c, 0xff, 0xfd, 0x93, 0x3a, 0xdf, 0xff, 0xb6, 0x10, 0x01, 0xfb,
    0x74, 0x20, 0x00, 0x5f, 0xa6, 0x30, 0x00, 0x00, 0x01, 0xf7, 0x00, 0x00, 0x00, 0x5f, 0x30, 0x00,
    0x00, 0x00, 0x01, 0xfa, 0x55, 0x55, 0x40, 0x5f, 0x30, 0x00, 0x00, 0x00, 0x01, 0xff, 0xff, 0xff,
    0xc0, 0x5f, 0x30, 0x00, 0x00, 0x00, 0x01, 0xf7, 0x00, 0x09, 0xc0, 0x5f, 0x87, 0x77, 0x77, 0x71,
    0x01, 0xf7, 0x00, 0x09, 0xc0, 0x5f, 0xff, 0xff, 0xff, 0xf2, 0x01, 0xf7, 0x00, 0x09, 0xc0, 0x5f,
    0x30, 0x0a, 0xc0, 0x00, 0x01, 0xfa, 0x55, 0x5b, 0xc0, 0x5f, 0x30, 0x0a, 0xc0, 0x00, 0x02, 0xff,
    0xff, 0xff, 0xc0, 0x6f, 0x20, 0x0a, 0xc0, 0x00, 0x02, 0xf5, 0x00, 0x00, 0x00, 0x7f, 0x10, 0x0a,
    0xc0, 0x00, 0x03, 0xf4, 0x00, 0x00, 0x00, 0x9d, 0x00, 0x0a, 0xc0, 0x00, 0x04, 0xf2, 0x00, 0x00,
    0x00, 0xcb, 0x00, 0x0a, 0xc0, 0x00, 0x07, 0xf1, 0x00, 0x00, 0x02, 0xf7, 0x00, 0x0a, 0xc0, 0x00,
    0x0a, 0xd0, 0x00, 0x00, 0x07, 0xf2, 0x00, 0x0a, 0xc0, 0x00, 0x0e, 0x90, 0x00, 0x00, 0x2e, 0xb0,
    0x00, 0x0a, 0xc0, 0x00, 0x4f, 0x40, 0x00, 0x00, 0xbe, 0x20, 0x00, 0x0a, 0xc0, 0x00, 0x06, 0x00,
    0x00, 0x00, 0x25, 0x00, 0x00, 0x06, 0x80, 0x00,
    /* U+624B "手" */
    0x00, 0x00, 0x00, 0x00, 0x00, 0x00, 0x25, 0x83, 0x00, 0x00, 0x01, 0x24, 0x56, 0x78, 0xac, 0xef,
    0xfd, 0x80, 0x00, 0x08, 0xff, 0xff, 0xfe, 0xfe, 0x97, 0x42, 0x00, 0x00, 0x00, 0x24, 0x32, 0x10,
    0x0b, 0xc0, 0x00, 0x00, 0x00, 0x00, 0x00, 0x00, 0x00, 0x00, 0xbc, 0x00, 0x00, 0x00, 0x00, 0x00,
    0x00, 0x00, 0x00, 0x0b, 0xc0, 0x00, 0x00, 0x00, 0x00, 0x04, 0x77, 0x77, 0x77, 0xdd, 0x77, 0x77,
    0x77, 0x60, 0x00, 0xaf, 0xff, 0xff, 0xff, 0xff, 0xff, 0xff, 0xfe, 0x00, 0x00, 0x00, 0x00, 0x00,
    0xbc, 0x00, 0x00, 0x00, 0x00, 0x00, 0x00, 0x00, 0x00, 0x0b, 0xc0, 0x00, 0x00, 0x00, 0x00, 0x00,
    0x00, 0x00, 0x00, 0xbc, 0x00, 0x00, 0x00, 0x00, 0x0f, 0xff, 0xff, 0xff, 0xff, 0xff, 0xff, 0xff,
    0xff, 0xf1, 0x77, 0x77, 0x77, 0x77, 0xdd, 0x77, 0x77, 0x77, 0x77, 0x00, 0x00, 0x00, 0x00, 0x0b,
    0xc0, 0x00, 0x00, 0x00, 0x00, 0x00, 0x00, 0x00, 0x00, 0xbc, 0x00, 0x00, 0x00, 0x00, 0x00, 0x00,
    0x00, 0x00, 0x0b, 0xc0, 0x00, 0x00, 0x00, 0x00, 0x00, 0x00, 0x00, 0x00, 0xbc, 0x00, 0x00, 0x00,
    0x00, 0x00, 0x00, 0x00, 0x00, 0x0c, 0xb0, 0x00, 0x00, 0x00, 0x00, 0x00, 0x00, 0xdf, 0xef, 0xf8,
    0x00, 0x00, 0x00, 0x00, 0x00, 0x00, 0x04, 0x77, 0x64, 0x00, 0x00, 0x00, 0x00, 0x00,
    /* U+6258 "托" */
    0x00, 0x04, 0xa1, 0x00, 0x00, 0x00, 0x00, 0x00, 0x30, 0x00, 0x00, 0x06, 0xf1, 0x00, 0x00, 0x00,
    0x04, 0x9e, 0xf5, 0x00, 0x00, 0x06, 0xf1, 0x00, 0x25, 0x8c, 0xff, 0xea, 0x50, 0x00, 0x00, 0x06,
    0xf1, 0x00, 0xbf, 0xda, 0xeb, 0x00, 0x00, 0x00, 0x16, 0x69, 0xf7, 0x64, 0x21, 0x00, 0xcb, 0x00,
    0x00, 0x00, 0x2f, 0xff, 0xff, 0xf9, 0x00, 0x00, 0xcb, 0x00, 0x00, 0x00, 0x00, 0x06, 0xf1, 0x00,
    0x00, 0x00, 0xcb, 0x00, 0x00, 0x00, 0x00, 0x06, 0xf1, 0x00, 0x00, 0x00, 0xcb, 0x00, 0x00, 0x00,
    0x00, 0x06, 0xf1, 0x00, 0x00, 0x00, 0xcb, 0x46, 0x9b, 0xc0, 0x00, 0x06, 0xf1, 0x23, 0x47, 0x9c,
    0xff, 0xff, 0xec, 0x90, 0x00, 0x08, 0xfd, 0xfa, 0xef, 0xec, 0xec, 0x42, 0x00, 0x00, 0x2a, 0xef,
    0xfb, 0x61, 0x32, 0x00, 0xcb, 0x00, 0x00, 0x00, 0x1e, 0xaa, 0xf1, 0x00, 0x00, 0x00, 0xcb, 0x00,
    0x00, 0x00, 0x00, 0x06, 0xf1, 0x00, 0x00, 0x00, 0xcb, 0x00, 0x00, 0x00, 0x00, 0x06, 0xf1, 0x00,
    0x00, 0x00, 0xcb, 0x00, 0x01, 0x20, 0x00, 0x06, 0xf1, 0x00, 0x00, 0x00, 0xcb, 0x00, 0x03, 0xf2,
    0x00, 0x06, 0xf1, 0x00, 0x00, 0x00, 0xcb, 0x00, 0x04, 0xf1, 0x00, 0x06, 0xf1, 0x00, 0x00, 0x00,
    0xbd, 0x10, 0x08, 0xe0, 0x0a, 0xff, 0xd0, 0x00, 0x00, 0x00, 0x8f, 0xff, 0xff, 0x90, 0x03, 0x65,
    0x10, 0x00, 0x00, 0x00, 0x05, 0x66, 0x65, 0x00,
    /* U+62D7 "拗" */
    0x00, 0x09, 0x40, 0x00, 0x00, 0x00, 0x00, 0x56, 0x00, 0x00, 0x00, 0xf6, 0x00, 0x05, 0xc1, 0x00,
    0x09, 0xb0, 0x00, 0x00, 0x0f, 0x60, 0x00, 0x9d, 0x00, 0x00, 0x9b, 0x00, 0x00, 0x00, 0xf6, 0x00,
    0x0d, 0x90, 0x00, 0x09, 0xb0, 0x00, 0x16, 0x6f, 0x96, 0x12, 0xf4, 0x00, 0x00, 0x9b, 0x00, 0x01,
    0xff, 0xff, 0xf3, 0x7e, 0x00, 0x0f, 0xff, 0xff, 0xfc, 0x00, 0x0f, 0x60, 0x0c, 0x80, 0x4b, 0x76,
    0xcc, 0x6c, 0xb0, 0x00, 0xf6, 0x04, 0xf2, 0x0a, 0xc0, 0x0b, 0x90, 0xab, 0x00, 0x0f, 0x60, 0xdf,
    0xce, 0xf5, 0x00, 0xc8, 0x0a, 0xa0, 0x00, 0xf6, 0x1a, 0xa7, 0xcd, 0x00, 0x0d, 0x70, 0xba, 0x00,
    0x2f, 0xdf, 0x50, 0x1e, 0x60, 0x00, 0xe6, 0x0b, 0x94, 0xdf, 0xfd, 0x71, 0x09, 0xd2, 0x10, 0x2f,
    0x40, 0xc9, 0x3c, 0x7f, 0x60, 0x02, 0xf4, 0xc7, 0x04, 0xf1, 0x0d, 0x80, 0x00, 0xf6, 0x00, 0xaa,
    0x07, 0xc0, 0x7e, 0x00, 0xe7, 0x00, 0x0f, 0x60, 0x6f, 0x46, 0xaf, 0x2b, 0xa0, 0x0f, 0x70, 0x00,
    0xf6, 0x3f, 0xff, 0xeb, 0xe7, 0xf5, 0x01, 0xf5, 0x00, 0x0f, 0x61, 0xa6, 0x20, 0x08, 0xbe, 0x00,
    0x3f, 0x40, 0x00, 0xf6, 0x00, 0x00, 0x00, 0x3f, 0x80, 0x08, 0xf1, 0x1e, 0xff, 0x30, 0x00, 0x00,
    0x0c, 0xc0, 0x7f, 0xfa, 0x00, 0x55, 0x20, 0x00, 0x00, 0x00, 0x33, 0x01, 0x43, 0x00,
    /* U+62DC "拜" */
    0x00, 0x00, 0x00, 0x04, 0x00, 0x00, 0x00, 0x00, 0x00, 0x00, 0x00, 0x02, 0x59, 0xef, 0x96, 0x77,
    0x77, 0x77, 0x77, 0x70, 0x2c, 0xef, 0xfe, 0x94, 0x0d, 0xff, 0xff, 0xff, 0xff, 0xf0, 0x08, 0x64,
    0xbc, 0x00, 0x00, 0x00, 0x09, 0xe0, 0x00, 0x00, 0x00, 0x00, 0xbc, 0x00, 0x00, 0x00, 0x09, 0xe0,
    0x00, 0x00, 0x00, 0x00, 0xbc, 0x00, 0x02, 0x77, 0x7c, 0xe7, 0x77, 0x30, 0x05, 0x66, 0xcd, 0x66,
    0x34, 0xff, 0xff, 0xff, 0xff, 0x70, 0x0b, 0xff, 0xff, 0xff, 0x70, 0x00, 0x09, 0xe0, 0x00, 0x00,
    0x00, 0x00, 0xbc, 0x00, 0x00, 0x00, 0x09, 0xe0, 0x00, 0x00, 0x00, 0x00, 0xbc, 0x00, 0x03, 0x77,
    0x7c, 0xe7, 0x77, 0x40, 0x00, 0x00, 0xcb, 0x00, 0x06, 0xff, 0xff, 0xff, 0xff, 0xa0, 0x17, 0x77,
    0xdc, 0x77, 0x40, 0x00, 0x09, 0xe0, 0x00, 0x00, 0x3f, 0xff, 0xff, 0xff, 0xa0, 0x00, 0x09, 0xe0,
    0x00, 0x00, 0x00, 0x03, 0xf6, 0x00, 0x27, 0x77, 0x7c, 0xe7, 0x77, 0x72, 0x00, 0x08, 0xf2, 0x00,
    0x4f, 0xff, 0xff, 0xff, 0xff, 0xf3, 0x00, 0x0d, 0xd0, 0x00, 0x00, 0x00, 0x09, 0xe0, 0x00, 0x00,
    0x00, 0x6f, 0x70, 0x00, 0x00, 0x00, 0x09, 0xe0, 0x00, 0x00, 0x02, 0xed, 0x00, 0x00, 0x00, 0x00,
    0x09, 0xe0, 0x00, 0x00, 0x0d, 0xf4, 0x00, 0x00, 0x00, 0x00, 0x09, 0xe0, 0x00, 0x00, 0x03, 0x50,
    0x00, 0x00, 0x00, 0x00, 0x06, 0x90, 0x00, 0x00,
    /* U+62E8 "拨" */
    0x00, 0x07, 0x70, 0x00, 0x00, 0x00, 0x45, 0x00, 0x00, 0x00, 0x00, 0x0b, 0xc0, 0x00, 0x09, 0x30,
    0xbc, 0x06, 0x70, 0x00, 0x00, 0x0b, 0xc0, 0x00, 0x3f, 0x40, 0xe9, 0x05, 0xf7, 0x00, 0x00, 0x0b,
    0xc0, 0x00, 0x7e, 0x11, 0xf6, 0x00, 0x6f, 0x30, 0x06, 0x6c, 0xd6, 0x40, 0xca, 0x04, 0xf4, 0x00,
    0x04, 0x00, 0x0f, 0xff, 0xff, 0xa7, 0xf8, 0x59, 0xf6, 0x55, 0x55, 0x50, 0x00, 0x0b, 0xc0, 0x07,
    0xff, 0xff, 0xff, 0xff, 0xff, 0xf1, 0x00, 0x0b, 0xc0, 0x00, 0x10, 0x1f, 0x70, 0x00, 0x00, 0x00,
    0x00, 0x0b, 0xc0, 0x00, 0x00, 0x7f, 0x20, 0x00, 0x00, 0x00, 0x00, 0x0b, 0xc0, 0x20, 0x00, 0xcf,
    0xff, 0xff, 0xfd, 0x00, 0x00, 0x0b, 0xed, 0xe0, 0x04, 0xfb, 0x55, 0x55, 0xea, 0x00, 0x2a, 0xef,
    0xe9, 0x40, 0x0c, 0xfe, 0x10, 0x05, 0xf4, 0x00, 0x2e, 0x9c, 0xc0, 0x00, 0x6f, 0x6e, 0x80, 0x0d,
    0xc0, 0x00, 0x00, 0x0b, 0xc0, 0x02, 0xeb, 0x05, 0xf4, 0x9f, 0x30, 0x00, 0x00, 0x0b, 0xc0, 0x2d,
    0xe2, 0x00, 0xae, 0xf7, 0x00, 0x00, 0x00, 0x0b, 0xc2, 0xdf, 0x40, 0x00, 0x8f, 0xf3, 0x00, 0x00,
    0x00, 0x0b, 0xc0, 0xb4, 0x00, 0x1b, 0xfa, 0xde, 0x50, 0x00, 0x00, 0x0b, 0xc0, 0x00, 0x17, 0xef,
    0x60, 0x2c, 0xfa, 0x20, 0x09, 0xff, 0x90, 0x00, 0xdf, 0xb3, 0x00, 0x01, 0x9f, 0xf2, 0x03, 0x75,
    0x10, 0x00, 0x43, 0x00, 0x00, 0x00, 0x02, 0x50,
    /* U+62E9 "择" */
    0x00, 0x04, 0x80, 0x00, 0x00, 0x00, 0x00, 0x00, 0x00, 0x00, 0x00, 0x07, 0xf0, 0x00, 0x55, 0x55,
    0x55, 0x55, 0x54, 0x00, 0x00, 0x07, 0xf0, 0x01, 0xff, 0xff, 0xff, 0xff, 0xfd, 0x00, 0x00, 0x07,
    0xf0, 0x00, 0x07, 0xe2, 0x00, 0x05, 0xf4, 0x00, 0x16, 0x6a, 0xf6, 0x62, 0x00, 0xbc, 0x10, 0x4f,
    0x80, 0x00, 0x1f, 0xff, 0xff, 0xf6, 0x00, 0x1c, 0xc7, 0xf8, 0x00, 0x00, 0x00, 0x07, 0xf0, 0x00,
    0x00, 0x04, 0xff, 0xb0, 0x00, 0x00, 0x00, 0x07, 0xf0, 0x00, 0x03, 0xaf, 0xc9, 0xfd, 0x61, 0x00,
    0x00, 0x07, 0xf0, 0x07, 0xdf, 0xd5, 0x00, 0x3b, 0xff, 0xb2, 0x00, 0x07, 0xf4, 0x98, 0x93, 0x00,
    0x7a, 0x00, 0x27, 0xa0, 0x01, 0x5c, 0xff, 0xd3, 0x00, 0x00, 0x9d, 0x00, 0x00, 0x00, 0x2f, 0xff,
    0xf3, 0x00, 0xaf, 0xff, 0xff, 0xff, 0xfb, 0x00, 0x08, 0x37, 0xf0, 0x00, 0x46, 0x66, 0xbe, 0x66,
    0x64, 0x00, 0x00, 0x07, 0xf0, 0x00, 0x00, 0x00, 0x9d, 0x00, 0x00, 0x00, 0x00, 0x07, 0xf0, 0x04,
    0x55, 0x55, 0xbe, 0x55, 0x55, 0x51, 0x00, 0x07, 0xf0, 0x0a, 0xff, 0xff, 0xff, 0xff, 0xff, 0xf2,
    0x00, 0x07, 0xf0, 0x00, 0x00, 0x00, 0x9d, 0x00, 0x00, 0x00, 0x00, 0x08, 0xf0, 0x00, 0x00, 0x00,
    0x9d, 0x00, 0x00, 0x00, 0x08, 0xff, 0xc0, 0x00, 0x00, 0x00, 0x9d, 0x00, 0x00, 0x00, 0x02, 0x65,
    0x10, 0x00, 0x00, 0x00, 0x58, 0x00, 0x00, 0x00,
    /* U+6309 "按" */
    0x00, 0x04, 0x90, 0x00, 0x00, 0x01, 0x95, 0x00, 0x00, 0x00, 0x00, 0x07, 0xf0, 0x00, 0x00, 0x00,
    0xdb, 0x00, 0x00, 0x00, 0x00, 0x07, 0xf0, 0x00, 0x00, 0x00, 0x9f, 0x10, 0x00, 0x00, 0x00, 0x07,
    0xf0, 0x05, 0xff, 0xff, 0xff, 0xff, 0xff, 0xd0, 0x16, 0x6a, 0xf6, 0x66, 0xf6, 0x55, 0x55, 0x55,
    0x5b, 0xd0, 0x3f, 0xff, 0xff, 0xf7, 0xf1, 0x05, 0xa1, 0x00, 0x08, 0xd0, 0x00, 0x07, 0xf0, 0x05,
    0xf1, 0x0a, 0xd0, 0x00, 0x08, 0xd0, 0x00, 0x07, 0xf0, 0x01, 0x20, 0x1f, 0x90, 0x00, 0x01, 0x10,
    0x00, 0x07, 0xf0, 0x05, 0x55, 0x8f, 0x85, 0x55, 0x55, 0x51, 0x00, 0x07, 0xf0, 0x0e, 0xff, 0xff,
    0xff, 0xff, 0xff, 0xf3, 0x00, 0x07, 0xf5, 0xa5, 0x03, 0xf6, 0x00, 0x0b, 0xd0, 0x00, 0x03, 0x7d,
    0xff, 0xc4, 0x0a, 0xe1, 0x00, 0x0e, 0x90, 0x00, 0x4f, 0xfe, 0xf2, 0x00, 0x3f, 0x80, 0x00, 0x4f,
    0x50, 0x00, 0x16, 0x27, 0xf0, 0x00, 0x6f, 0xd6, 0x00, 0xcd, 0x00, 0x00, 0x00, 0x07, 0xf0, 0x00,
    0x02, 0xaf, 0xd9, 0xf5, 0x00, 0x00, 0x00, 0x07, 0xf0, 0x00, 0x00, 0x03, 0xdf, 0xe2, 0x00, 0x00,
    0x00, 0x07, 0xf0, 0x00, 0x00, 0x2a, 0xfb, 0xef, 0x80, 0x00, 0x00, 0x08, 0xe0, 0x01, 0x5a, 0xee,
    0x50, 0x1a, 0xfd, 0x30, 0x0a, 0xff, 0xb0, 0x09, 0xfc, 0x71, 0x00, 0x00, 0x5e, 0xc0, 0x02, 0x54,
    0x10, 0x01, 0x30, 0x00, 0x00, 0x00, 0x02, 0x10,
    /* U+6362 "换" */
    0x00, 0x08, 0x80, 0x00, 0x00, 0x59, 0x10, 0x00, 0x00, 0x00, 0x00, 0x0b, 0xb0, 0x00, 0x01, 0xeb,
    0x00, 0x00, 0x00, 0x00, 0x00, 0x0b, 0xb0, 0x00, 0x07, 0xff, 0xff, 0xff, 0xb0, 0x00, 0x00, 0x0b,
    0xb0, 0x00, 0x3e, 0xa4, 0x44, 0x8f, 0x70, 0x00, 0x06, 0x6d, 0xd6, 0x41, 0xde, 0x10, 0x00, 0xdc,
    0x00, 0x00, 0x1f, 0xff, 0xff, 0x9b, 0xf8, 0x33, 0x38, 0xf6, 0x32, 0x00, 0x00, 0x0b, 0xb0, 0x1c,
    0xff, 0xff, 0xff, 0xff, 0xf9, 0x00, 0x00, 0x0b, 0xb0, 0x00, 0xd8, 0x00, 0xca, 0x00, 0xe9, 0x00,
    0x00, 0x0b, 0xb0, 0x00, 0xd8, 0x00, 0xca, 0x00, 0xe9, 0x00, 0x00, 0x0b, 0xb0, 0x30, 0xd8, 0x00,
    0xca, 0x00, 0xe9, 0x00, 0x00, 0x0c, 0xee, 0xc0, 0xd8, 0x00, 0xe8, 0x00, 0xe9, 0x00, 0x2a, 0xef,
    0xe9, 0x40, 0xd8, 0x00, 0xf7, 0x00, 0xe9, 0x00, 0x1e, 0x9d, 0xb0, 0x5f, 0xff, 0xff, 0xff, 0xff,
    0xff, 0xf0, 0x00, 0x0b, 0xb0, 0x25, 0x55, 0x5c, 0xfe, 0x55, 0x55, 0x50, 0x00, 0x0b, 0xb0, 0x00,
    0x00, 0x3f, 0x8e, 0x70, 0x00, 0x00, 0x00, 0x0b, 0xb0, 0x00, 0x02, 0xec, 0x06, 0xf5, 0x00, 0x00,
    0x00, 0x0b, 0xb0, 0x00, 0x4e, 0xd1, 0x00, 0x9f, 0x60, 0x00, 0x00, 0x0c, 0xb0, 0x18, 0xfb, 0x10,
    0x00, 0x09, 0xfa, 0x20, 0x09, 0xff, 0x82, 0xee, 0x70, 0x00, 0x00, 0x00, 0x6e, 0xe2, 0x02, 0x75,
    0x00, 0x51, 0x00, 0x00, 0x00, 0x00, 0x01, 0x30,
    /* U+638C "掌" */
    0x00, 0x16, 0x10, 0x00, 0xba, 0x00, 0x00, 0x72, 0x00, 0x00, 0x2e, 0xb0, 0x00, 0xcb, 0x00, 0x09,
    0xe4, 0x00, 0x00, 0x05, 0xe3, 0x00, 0xcb, 0x00, 0x3e, 0x40, 0x00, 0x6f, 0xff, 0xff, 0xff, 0xff,
    0xff, 0xff, 0xff, 0xf7, 0x6f, 0x44, 0x44, 0x44, 0x44, 0x44, 0x44, 0x44, 0xf7, 0x6f, 0x00, 0x00,
    0x00, 0x00, 0x00, 0x00, 0x00, 0xf7, 0x6f, 0x08, 0xff, 0xff, 0xff, 0xff, 0xff, 0xa0, 0xf7, 0x38,
    0x08, 0xd0, 0x00, 0x00, 0x00, 0x0c, 0xa0, 0x84, 0x00, 0x08, 0xd0, 0x00, 0x00, 0x00, 0x0c, 0xa0,
    0x00, 0x00, 0x08, 0xff, 0xff, 0xff, 0xff, 0xff, 0xa0, 0x00, 0x00, 0x01, 0x12, 0x22, 0x34, 0x56,
    0x78, 0x91, 0x00, 0x00, 0xdf, 0xee, 0xdd, 0xff, 0xed, 0xca, 0x84, 0x00, 0x00, 0x00, 0x00, 0x00,
    0xca, 0x00, 0x00, 0x00, 0x00, 0x0a, 0xff, 0xff, 0xff, 0xff, 0xff, 0xff, 0xff, 0xc0, 0x01, 0x22,
    0x22, 0x22, 0xcb, 0x22, 0x22, 0x22, 0x10, 0x11, 0x11, 0x11, 0x11, 0xcb, 0x11, 0x11, 0x11, 0x11,
    0xcf, 0xff, 0xff, 0xff, 0xff, 0xff, 0xff, 0xff, 0xfd, 0x00, 0x00, 0x00, 0x00, 0xca, 0x00, 0x00,
    0x00, 0x00, 0x00, 0x00, 0x12, 0x23, 0xda, 0x00, 0x00, 0x00, 0x00, 0x00, 0x00, 0x1e, 0xfe, 0xd4,
    0x00, 0x00, 0x00, 0x00,
    /* U+63E1 "握" */
    0x00, 0x0a, 0x50, 0x00, 0x00, 0x00, 0x00, 0x00, 0x00, 0x00, 0x00, 0x0e, 0x70, 0x0b, 0xff, 0xff,
    0xff, 0xff, 0xff, 0x50, 0x00, 0x0e, 0x70, 0x0b, 0xc3, 0x33, 0x33, 0x33, 0x6f, 0x50, 0x00, 0x0e,
    0x70, 0x0b, 0xb0, 0x00, 0x00, 0x00, 0x3f, 0x50, 0x16, 0x6f, 0xa6, 0x4b, 0xc3, 0x33, 0x33, 0x33,
    0x5f, 0x50, 0x3f, 0xff, 0xff, 0xab, 0xff, 0xff, 0xff, 0xff, 0xff, 0x50, 0x00, 0x0e, 0x70, 0x0b,
    0xb0, 0x00, 0x00, 0x00, 0x00, 0x00, 0x00, 0x0e, 0x70, 0x0b, 0xff, 0xff, 0xff, 0xff, 0xff, 0x60,
    0x00, 0x0e, 0x70, 0x0b, 0xc3, 0x39, 0xf5, 0x35, 0x43, 0x10, 0x00, 0x0e, 0x85, 0x5b, 0xa0, 0x2e,
    0x70, 0x0c, 0xa0, 0x00, 0x00, 0x2f, 0xff, 0x9c, 0xa0, 0xcc, 0x00, 0x14, 0xf7, 0x00, 0x4d, 0xff,
    0xa2, 0x0d, 0x8a, 0xfe, 0xef, 0xff, 0xff, 0x20, 0x2a, 0x5e, 0x70, 0x0f, 0x74, 0x75, 0x5f, 0x71,
    0x07, 0x20, 0x00, 0x0e, 0x70, 0x2f, 0x50, 0x00, 0x1f, 0x60, 0x00, 0x00, 0x00, 0x0e, 0x70, 0x5f,
    0x2f, 0xff, 0xff, 0xff, 0xff, 0x60, 0x00, 0x0e, 0x70, 0x9d, 0x03, 0x33, 0x4f, 0x83, 0x33, 0x10,
    0x00, 0x0e, 0x70, 0xda, 0x00, 0x00, 0x1f, 0x60, 0x00, 0x00, 0x00, 0x0f, 0x75, 0xf5, 0x00, 0x00,
    0x1f, 0x60, 0x00, 0x00, 0x0e, 0xff, 0x4b, 0xd3, 0xff, 0xff, 0xff, 0xff, 0xff, 0xf3, 0x05, 0x63,
    0x03, 0x51, 0x33, 0x33, 0x33, 0x33, 0x33, 0x31,
    /* U+6539 "改" */
    0x00, 0x00, 0x00, 0x00, 0x00, 0x17, 0x20, 0x00, 0x00, 0x00, 0x00, 0x00, 0x00, 0x00, 0x05, 0xf3,
    0x00, 0x00, 0x00, 0x7f, 0xff, 0xff, 0xf9, 0x00, 0x9e, 0x00, 0x00, 0x00, 0x04, 0x77, 0x77, 0x7e,
    0x90, 0x0d, 0xa0, 0x00, 0x00, 0x00, 0x00, 0x00, 0x00, 0xd9, 0x02, 0xff, 0xff, 0xff, 0xff, 0x00,
    0x00, 0x00, 0x0d, 0x90, 0x7f, 0x66, 0x66, 0xec, 0x60, 0x00, 0x00, 0x00, 0xd9, 0x0d, 0xf2, 0x00,
    0x0f, 0x80, 0x00, 0x00, 0x00, 0x0d, 0x95, 0xff, 0x50, 0x03, 0xf5, 0x00, 0x3f, 0xff, 0xff, 0xf9,
    0xdd, 0xe9, 0x00, 0x6f, 0x20, 0x03, 0xfa, 0x77, 0x77, 0x9f, 0x59, 0xd0, 0x0a, 0xd0, 0x00, 0x3f,
    0x40, 0x00, 0x00, 0x60, 0x4f, 0x31, 0xe9, 0x00, 0x03, 0xf4, 0x00, 0x00, 0x00, 0x00, 0xe9, 0x6f,
    0x40, 0x00, 0x3f, 0x40, 0x00, 0x00, 0x00, 0x08, 0xec, 0xd0, 0x00, 0x03, 0xf4, 0x00, 0x00, 0x00,
    0x00, 0x2f, 0xf6, 0x00, 0x00, 0x3f, 0x40, 0x02, 0x78, 0x00, 0x01, 0xef, 0x30, 0x00, 0x04, 0xf5,
    0x5b, 0xff, 0x80, 0x01, 0xcf, 0xed, 0x10, 0x00, 0x6f, 0xff, 0xd7, 0x20, 0x01, 0xbf, 0x54, 0xfc,
    0x10, 0x0a, 0xfb, 0x50, 0x00, 0x06, 0xef, 0x60, 0x06, 0xfe, 0x50, 0x33, 0x00, 0x00, 0x07, 0xfd,
    0x40, 0x00, 0x04, 0xef, 0x20, 0x00, 0x00, 0x00, 0x18, 0x10, 0x00, 0x00, 0x01, 0x40,
    /* U+6570 "数" */
    0x00, 0x10, 0x09, 0x60, 0x11, 0x00, 0x45, 0x00, 0x00, 0x00, 0x01, 0xe4, 0x0d, 0x80, 0x8d, 0x00,
    0xac, 0x00, 0x00, 0x00, 0x00, 0x9c, 0x0d, 0x82, 0xf4, 0x00, 0xda, 0x00, 0x00, 0x00, 0x00, 0x2a,
    0x0d, 0x84, 0x70, 0x01, 0xf7, 0x00, 0x00, 0x00, 0x0f, 0xff, 0xff, 0xff, 0xff, 0x94, 0xf9, 0x66,
    0x66, 0x60, 0x04, 0x44, 0xbf, 0xf8, 0x44, 0x28, 0xff, 0xff, 0xff, 0xe0, 0x00, 0x07, 0xfe, 0xce,
    0xa1, 0x0d, 0xf1, 0x00, 0xe7, 0x00, 0x00, 0x8f, 0x5d, 0x83, 0xdc, 0x3f, 0xf4, 0x01, 0xf4, 0x00,
    0x1d, 0xf6, 0x0d, 0x80, 0x14, 0xbc, 0xb7, 0x04, 0xf1, 0x00, 0x08, 0x30, 0x27, 0x20, 0x03, 0xf5,
    0x7b, 0x07, 0xd0, 0x00, 0x00, 0x00, 0xab, 0x00, 0x00, 0x60, 0x3f, 0x1c, 0xa0, 0x00, 0x09, 0xff,
    0xff, 0xff, 0xfa, 0x00, 0x0d, 0x8f, 0x50, 0x00, 0x02, 0x4c, 0xc4, 0x45, 0xf6, 0x00, 0x08, 0xfe,
    0x00, 0x00, 0x00, 0x3f, 0x50, 0x09, 0xe1, 0x00, 0x04, 0xf8, 0x00, 0x00, 0x00, 0x8f, 0xb4, 0x4f,
    0x60, 0x00, 0x0c, 0xfe, 0x10, 0x00, 0x00, 0x04, 0xbf, 0xeb, 0x00, 0x00, 0x8f, 0x7f, 0xa0, 0x00,
    0x00, 0x00, 0x6e, 0xef, 0x70, 0x06, 0xf7, 0x07, 0xf7, 0x00, 0x01, 0x6c, 0xf8, 0x18, 0xa1, 0xaf,
    0xa0, 0x00, 0xbf, 0x90, 0x1e, 0xfa, 0x30, 0x00, 0x0b, 0xf7, 0x00, 0x00, 0x0a, 0xf3, 0x04, 0x10,
    0x00, 0x00, 0x04, 0x40, 0x00, 0x00, 0x00, 0x30,
    /* U+65B0 "新" */
    0x00, 0x00, 0x47, 0x00, 0x00, 0x00, 0x00, 0x00, 0x01, 0x00, 0x00, 0x00, 0x6f, 0x20, 0x00, 0x00,
    0x00, 0x38, 0xdd, 0x20, 0x03, 0x44, 0x4f, 0xa4, 0x44, 0x08, 0xcf, 0xfe, 0xa6, 0x10, 0x0c, 0xff,
    0xff, 0xff, 0xff, 0x1e, 0xb6, 0x30, 0x00, 0x00, 0x00, 0x39, 0x00, 0x07, 0x80, 0x0e, 0x70, 0x00,
    0x00, 0x00, 0x00, 0x3f, 0x20, 0x0d, 0x90, 0x0e, 0x70, 0x00, 0x00, 0x00, 0x00, 0x0e, 0x60, 0x3f,
    0x40, 0x0e, 0x70, 0x00, 0x00, 0x00, 0x04, 0x4b, 0x74, 0x9e, 0x44, 0x1e, 0xa6, 0x66, 0x66, 0x61,
    0x1f, 0xff, 0xff, 0xff, 0xff, 0x6e, 0xff, 0xff, 0xff, 0xf2, 0x00, 0x00, 0x0f, 0x60, 0x00, 0x0e,
    0x70, 0x07, 0xe0, 0x00, 0x00, 0x00, 0x0f, 0x60, 0x00, 0x0f, 0x60, 0x07, 0xe0, 0x00, 0x0f, 0xff,
    0xff, 0xff, 0xff, 0x3f, 0x60, 0x07, 0xe0, 0x00, 0x05, 0x55, 0x5f, 0x95, 0x55, 0x3f, 0x50, 0x07,
    0xe0, 0x00, 0x00, 0x68, 0x0f, 0x67, 0x70, 0x3f, 0x30, 0x07, 0xe0, 0x00, 0x00, 0xd7, 0x0f, 0x65,
    0xe2, 0x5f, 0x20, 0x07, 0xe0, 0x00, 0x07, 0xe1, 0x0f, 0x60, 0xc8, 0x8d, 0x00, 0x07, 0xe0, 0x00,
    0x0e, 0x60, 0x0f, 0x60, 0x58, 0xda, 0x00, 0x07, 0xe0, 0x00, 0x02, 0x00, 0x0f, 0x60, 0x05, 0xf5,
    0x00, 0x07, 0xe0, 0x00, 0x00, 0x09, 0xff, 0x30, 0x09, 0xd0, 0x00, 0x07, 0xe0, 0x00, 0x00, 0x02,
    0x42, 0x00, 0x00, 0x30, 0x00, 0x04, 0x80, 0x00,
    /* U+65B9 "方" */
    0x00, 0x00, 0x00, 0x00, 0x17, 0x50, 0x00, 0x00, 0x00, 0x00, 0x00, 0x00, 0x00, 0x00, 0xdd, 0x00,
    0x00, 0x00, 0x00, 0x00, 0x00, 0x00, 0x00, 0x06, 0xf5, 0x00, 0x00, 0x00, 0x00, 0x00, 0x00, 0x00,
    0x00, 0x1d, 0x50, 0x00, 0x00, 0x00, 0x0a, 0xff, 0xff, 0xff, 0xff, 0xff, 0xff, 0xff, 0xff, 0xb0,
    0x47, 0x77, 0x79, 0xfa, 0x77, 0x77, 0x77, 0x77, 0x75, 0x00, 0x00, 0x00, 0x4f, 0x50, 0x00, 0x00,
    0x00, 0x00, 0x00, 0x00, 0x00, 0x05, 0xf4, 0x00, 0x00, 0x00, 0x00, 0x00, 0x00, 0x00, 0x00, 0x6f,
    0x30, 0x00, 0x00, 0x00, 0x00, 0x00, 0x00, 0x00, 0x08, 0xff, 0xff, 0xff, 0xff, 0xfb, 0x00, 0x00,
    0x00, 0x00, 0xce, 0x77, 0x77, 0x77, 0x7e, 0xa0, 0x00, 0x00, 0x00, 0x0f, 0xa0, 0x00, 0x00, 0x00,
    0xf9, 0x00, 0x00, 0x00, 0x03, 0xf7, 0x00, 0x00, 0x00, 0x1f, 0x70, 0x00, 0x00, 0x00, 0x9f, 0x20,
    0x00, 0x00, 0x02, 0xf6, 0x00, 0x00, 0x00, 0x1e, 0xa0, 0x00, 0x00, 0x00, 0x4f, 0x40, 0x00, 0x00,
    0x0a, 0xf4, 0x00, 0x00, 0x00, 0x06, 0xf2, 0x00, 0x00, 0x08, 0xf8, 0x00, 0x00, 0x00, 0x00, 0xae,
    0x00, 0x00, 0x19, 0xfb, 0x00, 0x00, 0x11, 0x00, 0x3e, 0xa0, 0x00, 0x0c, 0xf9, 0x10, 0x00, 0x04,
    0xff, 0xff, 0xe3, 0x00, 0x00, 0x35, 0x00, 0x00, 0x00, 0x05, 0x66, 0x52, 0x00, 0x00,
    /* U+65CF "族" */
    0x00, 0x05, 0x50, 0x00, 0x00, 0x09, 0x30, 0x00, 0x00, 0x00, 0x00, 0x08, 0xe3, 0x00, 0x00, 0x4f,
    0x30, 0x00, 0x00, 0x00, 0x00, 0x01, 0xdc, 0x00, 0x00, 0xad, 0x00, 0x00, 0x00, 0x00, 0x00, 0x00,
    0x4b, 0x10, 0x01, 0xff, 0xff, 0xff, 0xff, 0xf0, 0x3f, 0xff, 0xff, 0xff, 0x99, 0xe6, 0x66, 0x66,
    0x66, 0x60, 0x16, 0x6e, 0xa6, 0x66, 0x7f, 0x85, 0x90, 0x00, 0x00, 0x00, 0x00, 0x0e, 0x70, 0x00,
    0xbe, 0x1c, 0xc0, 0x00, 0x00, 0x00, 0x00, 0x0f, 0x70, 0x00, 0x35, 0x2f, 0xa5, 0x55, 0x55, 0x10,
    0x00, 0x0f, 0xff, 0xff, 0x10, 0xaf, 0xff, 0xff, 0xff, 0x30, 0x00, 0x0f, 0x96, 0x9f, 0x16, 0xf5,
    0x0a, 0xb0, 0x00, 0x00, 0x00, 0x1f, 0x40, 0x5f, 0x19, 0x90, 0x0a, 0xb0, 0x00, 0x00, 0x00, 0x3f,
    0x30, 0x6f, 0x00, 0x00, 0x0a, 0xb0, 0x00, 0x00, 0x00, 0x4f, 0x20, 0x6f, 0x1f, 0xff, 0xff, 0xff,
    0xff, 0xf0, 0x00, 0x6f, 0x00, 0x7e, 0x06, 0x66, 0x6f, 0xf8, 0x66, 0x60, 0x00, 0x9c, 0x00, 0x7e,
    0x00, 0x00, 0x4f, 0xea, 0x00, 0x00, 0x00, 0xda, 0x00, 0x8d, 0x00, 0x00, 0xcc, 0x5f, 0x30, 0x00,
    0x02, 0xf5, 0x00, 0xac, 0x00, 0x09, 0xf3, 0x0b, 0xc0, 0x00, 0x0a, 0xe1, 0x01, 0xda, 0x01, 0xaf,
    0x60, 0x03, 0xeb, 0x10, 0x2f, 0x81, 0xff, 0xf5, 0x4e, 0xe5, 0x00, 0x00, 0x4e, 0xe1, 0x06, 0x10,
    0x45, 0x30, 0x17, 0x10, 0x00, 0x00, 0x02, 0x50,
    /* U+65E0 "无" */
    0x00, 0xbf, 0xff, 0xff, 0xff, 0xff, 0xff, 0xff, 0xfd, 0x00, 0x00, 0x57, 0x77, 0x77, 0x8f, 0xa7,
    0x77, 0x77, 0x76, 0x00, 0x00, 0x00, 0x00, 0x00, 0x2f, 0x50, 0x00, 0x00, 0x00, 0x00, 0x00, 0x00,
    0x00, 0x00, 0x4f, 0x40, 0x00, 0x00, 0x00, 0x00, 0x00, 0x00, 0x00, 0x00, 0x5f, 0x30, 0x00, 0x00,
    0x00, 0x00, 0x00, 0x00, 0x00, 0x00, 0x6f, 0x10, 0x00, 0x00, 0x00, 0x00, 0x0f, 0xff, 0xff, 0xff,
    0xff, 0xff, 0xff, 0xff, 0xff, 0xf0, 0x07, 0x77, 0x77, 0x77, 0xdd, 0xdd, 0x77, 0x77, 0x77, 0x70,
    0x00, 0x00, 0x00, 0x01, 0xf7, 0xcc, 0x00, 0x00, 0x00, 0x00, 0x00, 0x00, 0x00, 0x06, 0xf3, 0xcc,
    0x00, 0x00, 0x00, 0x00, 0x00, 0x00, 0x00, 0x0c, 0xd0, 0xcc, 0x00, 0x00, 0x00, 0x00, 0x00, 0x00,
    0x00, 0x6f, 0x50, 0xcc, 0x00, 0x00, 0x00, 0x00, 0x00, 0x00, 0x02, 0xec, 0x00, 0xcc, 0x00, 0x00,
    0x03, 0x71, 0x00, 0x00, 0x2d, 0xe3, 0x00, 0xcc, 0x00, 0x00, 0x05, 0xf2, 0x00, 0x03, 0xee, 0x40,
    0x00, 0xcc, 0x00, 0x00, 0x07, 0xf0, 0x02, 0x9f, 0xe4, 0x00, 0x00, 0xaf, 0x87, 0x77, 0x7e, 0xc0,
    0x1e, 0xfb, 0x20, 0x00, 0x00, 0x3c, 0xff, 0xff, 0xfd, 0x30, 0x03, 0x30, 0x00, 0x00, 0x00, 0x00,
    0x00, 0x00, 0x00, 0x00,
    /* U+65E5 "日" */
    0x7f, 0xff, 0xff, 0xff, 0xff, 0xff, 0xfa, 0x7f, 0x88, 0x88, 0x88, 0x88, 0x88, 0xfa, 0x7f, 0x10,
    0x00, 0x00, 0x00, 0x00, 0xfa, 0x7f, 0x10, 0x00, 0x00, 0x00, 0x00, 0xfa, 0x7f, 0x10, 0x00, 0x00,
    0x00, 0x00, 0xfa, 0x7f, 0x10, 0x00, 0x00, 0x00, 0x00, 0xfa, 0x7f, 0x10, 0x00, 0x00, 0x00, 0x00,
    0xfa, 0x7f, 0xff, 0xff, 0xff, 0xff, 0xff, 0xfa, 0x7f, 0x87, 0x77, 0x77, 0x77, 0x77, 0xfa, 0x7f,
    0x10, 0x00, 0x00, 0x00, 0x00, 0xfa, 0x7f, 0x10, 0x00, 0x00, 0x00, 0x00, 0xfa, 0x7f, 0x10, 0x00,
    0x00, 0x00, 0x00, 0xfa, 0x7f, 0x10, 0x00, 0x00, 0x00, 0x00, 0xfa, 0x7f, 0x10, 0x00, 0x00, 0x00,
    0x00, 0xfa, 0x7f, 0x87, 0x77, 0x77, 0x77, 0x77, 0xfa, 0x7f, 0xff, 0xff, 0xff, 0xff, 0xff, 0xfa,
    0x7f, 0x10, 0x00, 0x00, 0x00, 0x00, 0xfa, 0x36, 0x00, 0x00, 0x00, 0x00, 0x00, 0x43,
    /* U+65E7 "旧" */
    0x79, 0x00, 0x00, 0x00, 0x00, 0x00, 0x00, 0x00, 0xbd, 0x00, 0x0f, 0xff, 0xff, 0xff, 0xff, 0xfb,
    0xbd, 0x00, 0x0f, 0xb6, 0x66, 0x66, 0x66, 0xeb, 0xbd, 0x00, 0x0f, 0x80, 0x00, 0x00, 0x00, 0xcb,
    0xbd, 0x00, 0x0f, 0x80, 0x00, 0x00, 0x00, 0xcb, 0xbd, 0x00, 0x0f, 0x80, 0x00, 0x00, 0x00, 0xcb,
    0xbd, 0x00, 0x0f, 0x80, 0x00, 0x00, 0x00, 0xcb, 0xbd, 0x00, 0x0f, 0x80, 0x00, 0x00, 0x00, 0xcb,
    0xbd, 0x00, 0x0f, 0xff, 0xff, 0xff, 0xff, 0xfb, 0xbd, 0x00, 0x0f, 0xb6, 0x66, 0x66, 0x66, 0xdb,
    0xbd, 0x00, 0x0f, 0x80, 0x00, 0x00, 0x00, 0xcb, 0xbd, 0x00, 0x0f, 0x80, 0x00, 0x00, 0x00, 0xcb,
    0xbd, 0x00, 0x0f, 0x80, 0x00, 0x00, 0x00, 0xcb, 0xbd, 0x00, 0x0f, 0x80, 0x00, 0x00, 0x00, 0xcb,
    0xbd, 0x00, 0x0f, 0x80, 0x00, 0x00, 0x00, 0xcb, 0xbd, 0x00, 0x0f, 0xb6, 0x66, 0x66, 0x66, 0xdb,
    0xbd, 0x00, 0x0f, 0xff, 0xff, 0xff, 0xff, 0xfb, 0xbd, 0x00, 0x0f, 0x80, 0x00, 0x00, 0x00, 0xcb,
    0x78, 0x00, 0x09, 0x50, 0x00, 0x00, 0x00, 0x55,
    /* U+65E9 "早" */
    0x00, 0x05, 0x55, 0x55, 0x55, 0x55, 0x55, 0x55, 0x40, 0x00, 0x00, 0x0f, 0xff, 0xff, 0xff, 0xff,
    0xff, 0xff, 0xd0, 0x00, 0x00, 0x0f, 0x80, 0x00, 0x00, 0x00, 0x00, 0x0a, 0xd0, 0x00, 0x00, 0x0f,
    0x80, 0x00, 0x00, 0x00, 0x00, 0x0a, 0xd0, 0x00, 0x00, 0x0f, 0xff, 0xff, 0xff, 0xff, 0xff, 0xff,
    0xd0, 0x00, 0x00, 0x0f, 0xa4, 0x44, 0x44, 0x44, 0x44, 0x4b, 0xd0, 0x00, 0x00, 0x0f, 0x80, 0x00,
    0x00, 0x00, 0x00, 0x0a, 0xd0, 0x00, 0x00, 0x0f, 0xa5, 0x55, 0x55, 0x55, 0x55, 0x5c, 0xd0, 0x00,
    0x00, 0x0f, 0xff, 0xff, 0xff, 0xff, 0xff, 0xff, 0xd0, 0x00, 0x00, 0x00, 0x00, 0x00, 0x0d, 0xa0,
    0x00, 0x00, 0x00, 0x00, 0x00, 0x00, 0x00, 0x00, 0x0d, 0xa0, 0x00, 0x00, 0x00, 0x00, 0x00, 0x00,
    0x00, 0x00, 0x0d, 0xa0, 0x00, 0x00, 0x00, 0x00, 0x1f, 0xff, 0xff, 0xff, 0xff, 0xff, 0xff, 0xff,
    0xff, 0xf2, 0x07, 0x77, 0x77, 0x77, 0x7e, 0xd7, 0x77, 0x77, 0x77, 0x71, 0x00, 0x00, 0x00, 0x00,
    0x0d, 0xa0, 0x00, 0x00, 0x00, 0x00, 0x00, 0x00, 0x00, 0x00, 0x0d, 0xa0, 0x00, 0x00, 0x00, 0x00,
    0x00, 0x00, 0x00, 0x00, 0x0d, 0xa0, 0x00, 0x00, 0x00, 0x00, 0x00, 0x00, 0x00, 0x00, 0x0d, 0xa0,
    0x00, 0x00, 0x00, 0x00, 0x00, 0x00, 0x00, 0x00, 0x08, 0x70, 0x00, 0x00, 0x00, 0x00,
    /* U+65F6 "时" */
    0x00, 0x00, 0x00, 0x00, 0x00, 0x00, 0x00, 0x67, 0x00, 0x00, 0x00, 0x00, 0x00, 0x00, 0x00, 0x00,
    0x0b, 0xc0, 0x00, 0x6f, 0xff, 0xff, 0xd0, 0x00, 0x00, 0x00, 0xbc, 0x00, 0x06, 0xf6, 0x66, 0xbd,
    0x00, 0x00, 0x00, 0x0b, 0xc0, 0x00, 0x6f, 0x10, 0x08, 0xd1, 0x77, 0x77, 0x77, 0xdd, 0x77, 0x26,
    0xf1, 0x00, 0x8d, 0x3f, 0xff, 0xff, 0xff, 0xff, 0xf3, 0x6f, 0x10, 0x08, 0xd0, 0x00, 0x00, 0x00,
    0xbc, 0x00, 0x06, 0xf1, 0x00, 0x8d, 0x00, 0x20, 0x00, 0x0b, 0xc0, 0x00, 0x6f, 0xff, 0xff, 0xd0,
    0x4f, 0x40, 0x00, 0xbc, 0x00, 0x06, 0xf6, 0x55, 0xad, 0x00, 0xcd, 0x00, 0x0b, 0xc0, 0x00, 0x6f,
    0x10, 0x08, 0xd0, 0x04, 0xf7, 0x00, 0xbc, 0x00, 0x06, 0xf1, 0x00, 0x8d, 0x00, 0x0a, 0xe1, 0x0b,
    0xc0, 0x00, 0x6f, 0x10, 0x08, 0xd0, 0x00, 0x2f, 0x90, 0xbc, 0x00, 0x06, 0xf1, 0x00, 0x8d, 0x00,
    0x00, 0x83, 0x0b, 0xc0, 0x00, 0x6f, 0x65, 0x5b, 0xd0, 0x00, 0x00, 0x00, 0xbc, 0x00, 0x06, 0xff,
    0xff, 0xfd, 0x00, 0x00, 0x00, 0x0b, 0xc0, 0x00, 0x6f, 0x10, 0x00, 0x00, 0x00, 0x00, 0x00, 0xbc,
    0x00, 0x04, 0x90, 0x00, 0x00, 0x00, 0x00, 0x00, 0x0c, 0xc0, 0x00, 0x00, 0x00, 0x00, 0x00, 0x00,
    0x9f, 0xff, 0xf8, 0x00, 0x00, 0x00, 0x00, 0x00, 0x00, 0x02, 0x88, 0x74, 0x00, 0x00,
    /* U+660E "明" */
    0x26, 0x66, 0x66, 0x61, 0x0f, 0xff, 0xff, 0xff, 0xf8, 0x6f, 0xff, 0xff, 0xf2, 0x0f, 0xa6, 0x66,
    0x66, 0xe8, 0x6f, 0x00, 0x04, 0xf2, 0x0f, 0x70, 0x00, 0x00, 0xe8, 0x6f, 0x00, 0x04, 0xf2, 0x0f,
    0x70, 0x00, 0x00, 0xe8, 0x6f, 0x00, 0x04, 0xf2, 0x0f, 0x70, 0x00, 0x00, 0xe8, 0x6f, 0x00, 0x04,
    0xf2, 0x0f, 0xa5, 0x55, 0x55, 0xe8, 0x6f, 0xff, 0xff, 0xf2, 0x0f, 0xff, 0xff, 0xff, 0xf8, 0x6f,
    0x66, 0x68, 0xf2, 0x0f, 0x70, 0x00, 0x00, 0xe8, 0x6f, 0x00, 0x04, 0xf2, 0x0f, 0x70, 0x00, 0x00,
    0xe8, 0x6f, 0x00, 0x04, 0xf2, 0x1f, 0x60, 0x00, 0x00, 0xe8, 0x6f, 0x00, 0x04, 0xf2, 0x2f, 0x95,
    0x55, 0x55, 0xe8, 0x6f, 0x66, 0x68, 0xf2, 0x4f, 0xff, 0xff, 0xff, 0xf8, 0x6f, 0xff, 0xff, 0xf2,
    0x7f, 0x10, 0x00, 0x00, 0xe8, 0x6f, 0x00, 0x00, 0x00, 0xcb, 0x00, 0x00, 0x00, 0xe8, 0x6f, 0x00,
    0x00, 0x04, 0xf6, 0x00, 0x00, 0x00, 0xe8, 0x00, 0x00, 0x00, 0x0c, 0xe1, 0x00, 0x00, 0x00, 0xe8,
    0x00, 0x00, 0x00, 0x8f, 0x50, 0x00, 0x00, 0x00, 0xe8, 0x00, 0x00, 0x07, 0xf9, 0x00, 0x00, 0x2f,
    0xff, 0xf5, 0x00, 0x00, 0x01, 0x60, 0x00, 0x00, 0x06, 0x76, 0x30,
    /* U+6628 "昨" */
    0x00, 0x00, 0x00, 0x00, 0x05, 0x80, 0x00, 0x00, 0x00, 0x00, 0x00, 0x00, 0x00, 0x00, 0xbd, 0x00,
    0x00, 0x00, 0x00, 0x7f, 0xff, 0xff, 0x60, 0x1f, 0x80, 0x00, 0x00, 0x00, 0x07, 0xe6, 0x66, 0xf6,
    0x06, 0xf9, 0x66, 0x66, 0x66, 0x62, 0x7e, 0x00, 0x0f, 0x60, 0xbf, 0xff, 0xff, 0xff, 0xff, 0x47,
    0xe0, 0x00, 0xf6, 0x3f, 0x62, 0xf5, 0x00, 0x00, 0x00, 0x7e, 0x00, 0x0f, 0x6b, 0xe1, 0x2f, 0x50,
    0x00, 0x00, 0x07, 0xe0, 0x00, 0xfb, 0xf7, 0x02, 0xf5, 0x00, 0x00, 0x00, 0x7f, 0xff, 0xff, 0x79,
    0x00, 0x2f, 0xff, 0xff, 0xfd, 0x07, 0xe5, 0x55, 0xf6, 0x00, 0x02, 0xf9, 0x66, 0x66, 0x50, 0x7e,
    0x00, 0x0f, 0x60, 0x00, 0x2f, 0x50, 0x00, 0x00, 0x07, 0xe0, 0x00, 0xf6, 0x00, 0x02, 0xf5, 0x00,
    0x00, 0x00, 0x7e, 0x00, 0x0f, 0x60, 0x00, 0x2f, 0x50, 0x00, 0x00, 0x07, 0xe0, 0x00, 0xf6, 0x00,
    0x02, 0xff, 0xff, 0xff, 0xf0, 0x7f, 0xff, 0xff, 0x60, 0x00, 0x2f, 0x96, 0x66, 0x66, 0x07, 0xe6,
    0x66, 0x62, 0x00, 0x02, 0xf5, 0x00, 0x00, 0x00, 0x7e, 0x00, 0x00, 0x00, 0x00, 0x2f, 0x50, 0x00,
    0x00, 0x01, 0x20, 0x00, 0x00, 0x00, 0x02, 0xf5, 0x00, 0x00, 0x00, 0x00, 0x00, 0x00, 0x00, 0x00,
    0x2f, 0x50, 0x00, 0x00, 0x00, 0x00, 0x00, 0x00, 0x00, 0x01, 0xa3, 0x00, 0x00, 0x00,
    /* U+662F "是" */
    0x00, 0x0b, 0xff, 0xff, 0xff, 0xff, 0xff, 0xff, 0xa0, 0x00, 0x00, 0x0b, 0xb2, 0x22, 0x22, 0x22,
    0x22, 0x2d, 0xa0, 0x00, 0x00, 0x0b, 0xb0, 0x00, 0x00, 0x00, 0x00, 0x0d, 0xa0, 0x00, 0x00, 0x0b,
    0xff, 0xff, 0xff, 0xff, 0xff, 0xff, 0xa0, 0x00, 0x00, 0x0b, 0xb1, 0x11, 0x11, 0x11, 0x11, 0x1d,
    0xa0, 0x00, 0x00, 0x0b, 0xb0, 0x00, 0x00, 0x00, 0x00, 0x0d, 0xa0, 0x00, 0x00, 0x0b, 0xff, 0xff,
    0xff, 0xff, 0xff, 0xff, 0xa0, 0x00, 0x00, 0x02, 0x22, 0x22, 0x22, 0x22, 0x22, 0x22, 0x10, 0x00,
    0x04, 0x55, 0x55, 0x55, 0x55, 0x55, 0x55, 0x55, 0x55, 0x40, 0x0c, 0xff, 0xff, 0xff, 0xff, 0xff,
    0xff, 0xff, 0xff, 0xd0, 0x00, 0x00, 0x11, 0x00, 0x09, 0xe0, 0x00, 0x00, 0x00, 0x00, 0x00, 0x00,
    0x8f, 0x00, 0x09, 0xe0, 0x00, 0x00, 0x00, 0x00, 0x00, 0x00, 0xcc, 0x00, 0x09, 0xe5, 0x55, 0x55,
    0x53, 0x00, 0x00, 0x02, 0xfc, 0x00, 0x09, 0xff, 0xff, 0xff, 0xf8, 0x00, 0x00, 0x09, 0xff, 0x60,
    0x09, 0xe0, 0x00, 0x00, 0x00, 0x00, 0x00, 0x4f, 0x76, 0xf9, 0x29, 0xe0, 0x00, 0x00, 0x00, 0x00,
    0x04, 0xec, 0x00, 0x6e, 0xfe, 0xe7, 0x76, 0x66, 0x66, 0x61, 0x1e, 0xc1, 0x00, 0x01, 0x7a, 0xde,
    0xff, 0xff, 0xff, 0xd0, 0x03, 0x10, 0x00, 0x00, 0x00, 0x00, 0x00, 0x00, 0x00, 0x00,
    /* U+663C "昼" */
    0x00, 0x0b, 0xff, 0xff, 0xff, 0xff, 0xff, 0xff, 0xf1, 0x00, 0x00, 0x0b, 0xd5, 0x55, 0x55, 0x55,
    0x55, 0x59, 0xf1, 0x00, 0x00, 0x0b, 0xc0, 0x00, 0x00, 0x00, 0x00, 0x06, 0xf1, 0x00, 0x00, 0x0b,
    0xc0, 0x00, 0x00, 0x00, 0x00, 0x06, 0xf1, 0x00, 0x00, 0x0c, 0xff, 0xff, 0xff, 0xff, 0xff, 0xff,
    0xf1, 0x00, 0x00, 0x0e, 0xb5, 0x55, 0x55, 0x55, 0xbf, 0x65, 0x50, 0x00, 0x00, 0x2f, 0x50, 0x00,
    0x00, 0x00, 0x2f, 0xa0, 0x00, 0x00, 0x00, 0x7f, 0x32, 0x22, 0x22, 0x22, 0x29, 0xf8, 0x00, 0x00,
    0x00, 0xdd, 0x9f, 0xff, 0xff, 0xff, 0xff, 0xff, 0xa1, 0x00, 0x07, 0xf7, 0x9b, 0x00, 0x00, 0x00,
    0x00, 0xfc, 0xfe, 0x91, 0x2f, 0xc0, 0x9c, 0x11, 0x11, 0x11, 0x11, 0xf7, 0x2b, 0x90, 0x07, 0x20,
    0x9f, 0xff, 0xff, 0xff, 0xff, 0xf7, 0x00, 0x00, 0x00, 0x00, 0x9b, 0x00, 0x00, 0x00, 0x00, 0xf7,
    0x00, 0x00, 0x00, 0x00, 0x9c, 0x22, 0x22, 0x22, 0x22, 0xf7, 0x00, 0x00, 0x00, 0x00, 0x9f, 0xff,
    0xff, 0xff, 0xff, 0xf7, 0x00, 0x00, 0x00, 0x00, 0x00, 0x00, 0x00, 0x00, 0x00, 0x00, 0x00, 0x00,
    0x04, 0x77, 0x77, 0x77, 0x77, 0x77, 0x77, 0x77, 0x77, 0x20, 0x08, 0xff, 0xff, 0xff, 0xff, 0xff,
    0xff, 0xff, 0xff, 0x40,
    /* U+6642 "時" */
    0x00, 0x00, 0x00, 0x00, 0x00, 0x04, 0xb1, 0x00, 0x00, 0x03, 0x66, 0x66, 0x61, 0x00, 0x00, 0x6f,
    0x10, 0x00, 0x00, 0x7f, 0xff, 0xff, 0x30, 0x00, 0x06, 0xf1, 0x00, 0x00, 0x07, 0xe0, 0x03, 0xf3,
    0x9f, 0xff, 0xff, 0xff, 0xff, 0x70, 0x7e, 0x00, 0x3f, 0x33, 0x55, 0x59, 0xf6, 0x55, 0x52, 0x07,
    0xe0, 0x03, 0xf3, 0x00, 0x00, 0x6f, 0x10, 0x00, 0x00, 0x7e, 0x00, 0x3f, 0x30, 0x00, 0x06, 0xf1,
    0x00, 0x00, 0x07, 0xe0, 0x03, 0xfa, 0xff, 0xff, 0xff, 0xff, 0xff, 0xf4, 0x7f, 0xff, 0xff, 0x66,
    0x66, 0x66, 0x66, 0xdd, 0x66, 0x27, 0xe6, 0x67, 0xf3, 0x00, 0x00, 0x00, 0x0b, 0xb0, 0x00, 0x7e,
    0x00, 0x3f, 0x55, 0x55, 0x55, 0x55, 0xcc, 0x55, 0x07, 0xe0, 0x03, 0xf8, 0xff, 0xff, 0xff, 0xff,
    0xff, 0xf1, 0x7e, 0x00, 0x3f, 0x30, 0x01, 0x00, 0x00, 0xbb, 0x00, 0x07, 0xe0, 0x03, 0xf3, 0x0c,
    0xb0, 0x00, 0x0b, 0xb0, 0x00, 0x7f, 0xff, 0xff, 0x30, 0x5f, 0x80, 0x00, 0xbb, 0x00, 0x07, 0xe6,
    0x66, 0x61, 0x00, 0x8f, 0x30, 0x0b, 0xb0, 0x00, 0x7e, 0x00, 0x00, 0x00, 0x01, 0xd5, 0x00, 0xbb,
    0x00, 0x01, 0x10, 0x00, 0x00, 0x00, 0x00, 0x00, 0x0c, 0xb0, 0x00, 0x00, 0x00, 0x00, 0x00, 0x00,
    0x0a, 0xff, 0xf8, 0x00, 0x00, 0x00, 0x00, 0x00, 0x00, 0x00, 0x36, 0x53, 0x00, 0x00,
    /* U+665A "晚" */
    0x00, 0x00, 0x00, 0x00, 0x03, 0x92, 0x00, 0x00, 0x00, 0x00, 0x00, 0x00, 0x00, 0x00, 0xad, 0x00,
    0x00, 0x00, 0x00, 0x7f, 0xff, 0xff, 0x00, 0x3f, 0xff, 0xff, 0xe2, 0x00, 0x07, 0xe6, 0x69, 0xf0,
    0x0c, 0xd4, 0x44, 0xdc, 0x00, 0x00, 0x7d, 0x00, 0x5f, 0x09, 0xf4, 0x00, 0x5f, 0x40, 0x00, 0x07,
    0xd0, 0x05, 0xf6, 0xfd, 0x44, 0x4d, 0xc4, 0x44, 0x20, 0x7d, 0x00, 0x5f, 0xef, 0xff, 0xff, 0xff,
    0xff, 0xf6, 0x07, 0xd0, 0x05, 0xf3, 0xba, 0x00, 0x7e, 0x00, 0x0f, 0x60, 0x7f, 0xff, 0xff, 0x0a,
    0xa0, 0x09, 0xd0, 0x00, 0xf6, 0x07, 0xe5, 0x59, 0xf0, 0xaa, 0x00, 0xbb, 0x00, 0x0f, 0x60, 0x7d,
    0x00, 0x5f, 0x0a, 0xc4, 0x4d, 0xb4, 0x44, 0xf6, 0x07, 0xd0, 0x05, 0xf0, 0xaf, 0xff, 0xff, 0xff,
    0xff, 0x60, 0x7d, 0x00, 0x5f, 0x00, 0x00, 0x5f, 0xae, 0x00, 0x00, 0x07, 0xd0, 0x05, 0xf0, 0x00,
    0x0b, 0xd7, 0xe0, 0x00, 0x00, 0x7f, 0xff, 0xff, 0x00, 0x04, 0xf7, 0x7e, 0x00, 0x00, 0x07, 0xe6,
    0x66, 0x60, 0x01, 0xdc, 0x07, 0xe0, 0x00, 0xc2, 0x7d, 0x00, 0x00, 0x03, 0xde, 0x30, 0x7e, 0x00,
    0x1f, 0x32, 0x30, 0x00, 0x17, 0xee, 0x30, 0x07, 0xf1, 0x03, 0xf2, 0x00, 0x00, 0x6f, 0xfa, 0x20,
    0x00, 0x4f, 0xff, 0xfc, 0x00, 0x00, 0x02, 0x82, 0x00, 0x00, 0x00, 0x36, 0x65, 0x10,
    /* U+6691 "暑" */
    0x00, 0x0d, 0xff, 0xff, 0xff, 0xff, 0xff, 0xff, 0x80, 0x00, 0x00, 0xd9, 0x11, 0x11, 0x11, 0x11,
    0x11, 0xf8, 0x00, 0x00, 0x0d, 0x90, 0x00, 0x00, 0x00, 0x00, 0x0f, 0x80, 0x00, 0x00, 0xdf, 0xff,
    0xff, 0xff, 0xff, 0xff, 0xf8, 0x00, 0x00, 0x0d, 0x91, 0x11, 0x11, 0x11, 0x11, 0x1f, 0x80, 0x00,
    0x00, 0xdf, 0xff, 0xff, 0xff, 0xff, 0xff, 0xf9, 0x10, 0x00, 0x00, 0x00, 0x01, 0xe6, 0x00, 0x00,
    0x04, 0xec, 0x00, 0x05, 0xff, 0xff, 0xff, 0xff, 0xff, 0xfb, 0xfb, 0x10, 0x00, 0x12, 0x22, 0x23,
    0xf8, 0x22, 0x5d, 0xf8, 0x00, 0x00, 0x22, 0x22, 0x22, 0x3f, 0x82, 0x7f, 0xf7, 0x22, 0x22, 0x0b,
    0xff, 0xff, 0xff, 0xff, 0xff, 0xff, 0xff, 0xff, 0xb0, 0x00, 0x01, 0x59, 0xcf, 0xa5, 0x10, 0x00,
    0x00, 0x00, 0x04, 0x8c, 0xff, 0xff, 0xff, 0xff, 0xff, 0xff, 0xc0, 0x01, 0xef, 0xec, 0xf2, 0x11,
    0x11, 0x11, 0x11, 0xbc, 0x00, 0x07, 0x61, 0x5f, 0x10, 0x00, 0x00, 0x00, 0x0a, 0xc0, 0x00, 0x00,
    0x05, 0xff, 0xff, 0xff, 0xff, 0xff, 0xfc, 0x00, 0x00, 0x00, 0x5f, 0x10, 0x00, 0x00, 0x00, 0x0a,
    0xc0, 0x00, 0x00, 0x05, 0xff, 0xff, 0xff, 0xff, 0xff, 0xfc, 0x00, 0x00, 0x00, 0x4a, 0x21, 0x11,
    0x11, 0x11, 0x17, 0x80, 0x00,
    /* U+66F8 "書" */
    0x00, 0x00, 0x00, 0x00, 0x86, 0x00, 0x00, 0x00, 0x00, 0x00, 0x00, 0x00, 0x00, 0xca, 0x00, 0x00,
    0x00, 0x00, 0x00, 0xbf, 0xff, 0xff, 0xff, 0xff, 0xff, 0xf7, 0x00, 0x00, 0x00, 0x00, 0x00, 0xca,
    0x00, 0x01, 0xf7, 0x00, 0xdf, 0xff, 0xff, 0xff, 0xff, 0xff, 0xff, 0xff, 0xfd, 0x22, 0x22, 0x22,
    0x22, 0xdb, 0x22, 0x22, 0xf8, 0x22, 0x00, 0xff, 0xff, 0xff, 0xff, 0xff, 0xff, 0xf7, 0x00, 0x00,
    0x00, 0x00, 0x00, 0xca, 0x00, 0x00, 0x00, 0x00, 0x00, 0x00, 0x00, 0x00, 0xca, 0x00, 0x00, 0x00,
    0x00, 0x08, 0xff, 0xff, 0xff, 0xff, 0xff, 0xff, 0xff, 0x80, 0x00, 0x00, 0x00, 0x00, 0xca, 0x00,
    0x00, 0x00, 0x00, 0xef, 0xff, 0xff, 0xff, 0xff, 0xff, 0xff, 0xff, 0xfd, 0x22, 0x22, 0x22, 0x22,
    0x22, 0x22, 0x22, 0x22, 0x22, 0x00, 0x5f, 0xff, 0xff, 0xff, 0xff, 0xff, 0xf8, 0x00, 0x00, 0x5f,
    0x31, 0x11, 0x11, 0x11, 0x11, 0xf8, 0x00, 0x00, 0x5f, 0x20, 0x00, 0x00, 0x00, 0x00, 0xf8, 0x00,
    0x00, 0x5f, 0xff, 0xff, 0xff, 0xff, 0xff, 0xf8, 0x00, 0x00, 0x5f, 0x31, 0x11, 0x11, 0x11, 0x11,
    0xf8, 0x00, 0x00, 0x5f, 0xff, 0xff, 0xff, 0xff, 0xff, 0xf8, 0x00, 0x00, 0x4b, 0x10, 0x00, 0x00,
    0x00, 0x00, 0xa5, 0x00,
    /* U+6709 "有" */
    0x00, 0x00, 0x00, 0x03, 0x71, 0x00, 0x00, 0x00, 0x00, 0x00, 0x00, 0x00, 0x00, 0x9f, 0x10, 0x00,
    0x00, 0x00, 0x00, 0x00, 0x00, 0x00, 0x0d, 0xb0, 0x00, 0x00, 0x00, 0x00, 0x00, 0xbf, 0xff, 0xff,
    0xff, 0xff, 0xff, 0xff, 0xff, 0xfc, 0x05, 0x66, 0x66, 0xed, 0x66, 0x66, 0x66, 0x66, 0x66, 0x50,
    0x00, 0x00, 0x5f, 0x60, 0x00, 0x00, 0x00, 0x00, 0x00, 0x00, 0x00, 0x0d, 0xe1, 0x00, 0x00, 0x00,
    0x00, 0x00, 0x00, 0x00, 0x07, 0xff, 0xff, 0xff, 0xff, 0xff, 0xf7, 0x00, 0x00, 0x02, 0xef, 0xb6,
    0x66, 0x66, 0x66, 0x6f, 0x70, 0x00, 0x01, 0xce, 0xe9, 0x00, 0x00, 0x00, 0x01, 0xf7, 0x00, 0x01,
    0xbf, 0x4e, 0xa4, 0x44, 0x44, 0x44, 0x4f, 0x70, 0x01, 0xdf, 0x60, 0xef, 0xff, 0xff, 0xff, 0xff,
    0xf7, 0x00, 0x07, 0x40, 0x0e, 0x90, 0x00, 0x00, 0x00, 0x1f, 0x70, 0x00, 0x00, 0x00, 0xe9, 0x00,
    0x00, 0x00, 0x01, 0xf7, 0x00, 0x00, 0x00, 0x0e, 0xff, 0xff, 0xff, 0xff, 0xff, 0x70, 0x00, 0x00,
    0x00, 0xeb, 0x55, 0x55, 0x55, 0x55, 0xf7, 0x00, 0x00, 0x00, 0x0e, 0x90, 0x00, 0x00, 0x00, 0x1f,
    0x70, 0x00, 0x00, 0x00, 0xe9, 0x00, 0x00, 0x00, 0x01, 0xf6, 0x00, 0x00, 0x00, 0x0e, 0x90, 0x00,
    0x03, 0xff, 0xff, 0x30, 0x00, 0x00, 0x00, 0x74, 0x00, 0x00, 0x06, 0x65, 0x20, 0x00,
    /* U+670B "朋" */
    0x00, 0x36, 0x66, 0x66, 0x50, 0x05, 0x66, 0x66, 0x66, 0x00, 0x07, 0xff, 0xff, 0xff, 0x00, 0xdf,
    0xff, 0xff, 0xf1, 0x00, 0x7d, 0x00, 0x07, 0xf0, 0x0d, 0x90, 0x00, 0x5f, 0x10, 0x07, 0xd0, 0x00,
    0x7f, 0x00, 0xd9, 0x00, 0x05, 0xf1, 0x00, 0x7d, 0x00, 0x07, 0xf0, 0x0d, 0x90, 0x00, 0x5f, 0x10,
    0x07, 0xff, 0xff, 0xff, 0x00, 0xdf, 0xff, 0xff, 0xf1, 0x00, 0x7e, 0x55, 0x5a, 0xf0, 0x0d, 0xb5,
    0x55, 0x9f, 0x10, 0x08, 0xd0, 0x00, 0x7f, 0x00, 0xd9, 0x00, 0x05, 0xf1, 0x00, 0x8d, 0x00, 0x07,
    0xf0, 0x0d, 0x80, 0x00, 0x5f, 0x10, 0x09, 0xd0, 0x00, 0x7f, 0x00, 0xd8, 0x00, 0x05, 0xf1, 0x00,
    0xaf, 0xff, 0xff, 0xf0, 0x0e, 0xff, 0xff, 0xff, 0x10, 0x0b, 0xc6, 0x66, 0xaf, 0x01, 0xf9, 0x66,
    0x69, 0xf1, 0x00, 0xb9, 0x00, 0x07, 0xf0, 0x2f, 0x30, 0x00, 0x5f, 0x10, 0x0e, 0x70, 0x00, 0x7f,
    0x05, 0xf1, 0x00, 0x05, 0xf1, 0x02, 0xf4, 0x00, 0x07, 0xf0, 0x9d, 0x00, 0x00, 0x5f, 0x10, 0x5f,
    0x20, 0x00, 0x7f, 0x0d, 0x90, 0x00, 0x05, 0xf1, 0x0c, 0xc0, 0x00, 0x07, 0xe5, 0xf4, 0x00, 0x00,
    0x6f, 0x13, 0xf6, 0x00, 0xbf, 0xfb, 0xdc, 0x00, 0x2f, 0xff, 0xd0, 0x06, 0x00, 0x03, 0x54, 0x14,
    0x40, 0x00, 0x67, 0x61, 0x00,
    /* U+671D "朝" */
    0x00, 0x00, 0x29, 0x20, 0x00, 0x00, 0x00, 0x00, 0x00, 0x00, 0x00, 0x04, 0xf3, 0x00, 0x00, 0x45,
    0x55, 0x55, 0x52, 0x05, 0x55, 0x8f, 0x75, 0x55, 0x0c, 0xff, 0xff, 0xff, 0x50, 0xff, 0xff, 0xff,
    0xff, 0xf1, 0xca, 0x00, 0x02, 0xf5, 0x00, 0x00, 0x4f, 0x30, 0x00, 0x0c, 0xa0, 0x00, 0x2f, 0x50,
    0x13, 0x36, 0xf5, 0x33, 0x10, 0xca, 0x00, 0x02, 0xf5, 0x06, 0xff, 0xff, 0xff, 0xf8, 0x0c, 0xc5,
    0x55, 0x6f, 0x50, 0x6f, 0x00, 0x00, 0x0d, 0x80, 0xcf, 0xff, 0xff, 0xf5, 0x06, 0xf2, 0x22, 0x22,
    0xd8, 0x0c, 0xa0, 0x00, 0x2f, 0x50, 0x6f, 0xff, 0xff, 0xff, 0x80, 0xca, 0x00, 0x02, 0xf5, 0x06,
    0xf0, 0x00, 0x00, 0xd8, 0x0d, 0x90, 0x00, 0x2f, 0x50, 0x6f, 0x22, 0x22, 0x2d, 0x80, 0xdb, 0x66,
    0x67, 0xf5, 0x06, 0xff, 0xff, 0xff, 0xf8, 0x0f, 0xff, 0xff, 0xff, 0x50, 0x00, 0x04, 0xf3, 0x00,
    0x02, 0xf4, 0x00, 0x02, 0xf5, 0x15, 0x55, 0x7f, 0x75, 0x55, 0x6f, 0x10, 0x00, 0x2f, 0x53, 0xff,
    0xff, 0xff, 0xff, 0xfd, 0xc0, 0x00, 0x02, 0xf5, 0x00, 0x00, 0x4f, 0x30, 0x02, 0xf7, 0x00, 0x00,
    0x2f, 0x50, 0x00, 0x04, 0xf3, 0x00, 0xbe, 0x10, 0x00, 0x03, 0xf5, 0x00, 0x00, 0x4f, 0x30, 0x6f,
    0x60, 0x00, 0xaf, 0xff, 0x30, 0x00, 0x02, 0x92, 0x00, 0x50, 0x00, 0x03, 0x76, 0x30,
    /* U+6728 "木" */
    0x00, 0x00, 0x00, 0x00, 0x08, 0x80, 0x00, 0x00, 0x00, 0x00, 0x00, 0x00, 0x00, 0x00, 0x0c, 0xc0,
    0x00, 0x00, 0x00, 0x00, 0x00, 0x00, 0x00, 0x00, 0x0c, 0xc0, 0x00, 0x00, 0x00, 0x00, 0x00, 0x00,
    0x00, 0x00, 0x0c, 0xc0, 0x00, 0x00, 0x00, 0x00, 0x00, 0x00, 0x00, 0x00, 0x0c, 0xc0, 0x00, 0x00,
    0x00, 0x00, 0x05, 0x77, 0x77, 0x77, 0x7e, 0xd7, 0x77, 0x77, 0x77, 0x50, 0x0a, 0xff, 0xff, 0xff,
    0xff, 0xff, 0xff, 0xff, 0xff, 0xb0, 0x00, 0x00, 0x00, 0x00, 0xcf, 0xfb, 0x00, 0x00, 0x00, 0x00,
    0x00, 0x00, 0x00, 0x05, 0xff, 0xff, 0x50, 0x00, 0x00, 0x00, 0x00, 0x00, 0x00, 0x1d, 0xbc, 0xcb,
    0xd1, 0x00, 0x00, 0x00, 0x00, 0x00, 0x00, 0xaf, 0x2c, 0xc2, 0xea, 0x00, 0x00, 0x00, 0x00, 0x00,
    0x06, 0xf7, 0x0c, 0xc0, 0x6f, 0x70, 0x00, 0x00, 0x00, 0x00, 0x4f, 0xb0, 0x0c, 0xc0, 0x0a, 0xf5,
    0x00, 0x00, 0x00, 0x04, 0xed, 0x10, 0x0c, 0xc0, 0x01, 0xdf, 0x50, 0x00, 0x00, 0x5e, 0xd2, 0x00,
    0x0c, 0xc0, 0x00, 0x2d, 0xf6, 0x00, 0x19, 0xfd, 0x20, 0x00, 0x0c, 0xc0, 0x00, 0x02, 0xdf, 0xa1,
    0x2e, 0xb1, 0x00, 0x00, 0x0c, 0xc0, 0x00, 0x00, 0x1b, 0xd1, 0x02, 0x00, 0x00, 0x00, 0x0c, 0xc0,
    0x00, 0x00, 0x00, 0x20, 0x00, 0x00, 0x00, 0x00, 0x0c, 0xc0, 0x00, 0x00, 0x00, 0x00, 0x00, 0x00,
    0x00, 0x00, 0x08, 0x80, 0x00, 0x00, 0x00, 0x00,
    /* U+672C "本" */
    0x00, 0x00, 0x00, 0x00, 0x07, 0x70, 0x00, 0x00, 0x00, 0x00, 0x00, 0x00, 0x00, 0x00, 0x0c, 0xc0,
    0x00, 0x00, 0x00, 0x00, 0x00, 0x00, 0x00, 0x00, 0x0c, 0xc0, 0x00, 0x00, 0x00, 0x00, 0x00, 0x00,
    0x00, 0x00, 0x0c, 0xc0, 0x00, 0x00, 0x00, 0x00, 0x00, 0x00, 0x00, 0x00, 0x0c, 0xc0, 0x00, 0x00,
    0x00, 0x00, 0x0b, 0xff, 0xff, 0xff, 0xff, 0xff, 0xff, 0xff, 0xff, 0xb0, 0x06, 0x88, 0x88, 0x8e,
    0xde, 0xde, 0xd8, 0x88, 0x88, 0x60, 0x00, 0x00, 0x00, 0x3f, 0x6c, 0xc8, 0xe1, 0x00, 0x00, 0x00,
    0x00, 0x00, 0x00, 0xae, 0x0c, 0xc1, 0xe8, 0x00, 0x00, 0x00, 0x00, 0x00, 0x04, 0xf7, 0x0c, 0xc0,
    0x8f, 0x30, 0x00, 0x00, 0x00, 0x00, 0x1d, 0xc0, 0x0c, 0xc0, 0x1d, 0xc0, 0x00, 0x00, 0x00, 0x00,
    0xaf, 0x30, 0x0c, 0xc0, 0x04, 0xf9, 0x00, 0x00, 0x00, 0x08, 0xf7, 0x00, 0x0c, 0xc0, 0x00, 0x9f,
    0x80, 0x00, 0x00, 0x8f, 0xa0, 0x00, 0x0c, 0xc0, 0x00, 0x0b, 0xf9, 0x00, 0x1b, 0xfa, 0x8f, 0xff,
    0xff, 0xff, 0xff, 0xf7, 0xbf, 0xc1, 0x0b, 0x80, 0x48, 0x88, 0x8e, 0xd8, 0x88, 0x83, 0x09, 0x90,
    0x00, 0x00, 0x00, 0x00, 0x0c, 0xc0, 0x00, 0x00, 0x00, 0x00, 0x00, 0x00, 0x00, 0x00, 0x0c, 0xc0,
    0x00, 0x00, 0x00, 0x00, 0x00, 0x00, 0x00, 0x00, 0x0c, 0xc0, 0x00, 0x00, 0x00, 0x00, 0x00, 0x00,
    0x00, 0x00, 0x08, 0x70, 0x00, 0x00, 0x00, 0x00,
    /* U+6735 "朵" */
    0x00, 0x00, 0x06, 0xff, 0xff, 0xff, 0xff, 0x70, 0x00, 0x00, 0x00, 0x00, 0x06, 0xf8, 0x77, 0x77,
    0x7f, 0x70, 0x00, 0x00, 0x00, 0x00, 0x06, 0xf2, 0x00, 0x00, 0x1f, 0x70, 0x00, 0x00, 0x00, 0x00,
    0x08, 0xf0, 0x00, 0x00, 0x1f, 0x70, 0x00, 0x00, 0x00, 0x00, 0x0d, 0xc0, 0x00, 0x00, 0x1f, 0x70,
    0x00, 0x00, 0x00, 0x00, 0x9f, 0x50, 0x00, 0x00, 0x1f, 0x70, 0x00, 0x00, 0x00, 0x1a, 0xf9, 0x00,
    0x00, 0x00, 0x0f, 0xb6, 0x66, 0x50, 0x04, 0xef, 0x90, 0x00, 0x0b, 0x90, 0x08, 0xef, 0xff, 0xa0,
    0x00, 0x83, 0x00, 0x00, 0x0d, 0xb0, 0x00, 0x00, 0x00, 0x00, 0x04, 0x66, 0x66, 0x66, 0x6e, 0xd6,
    0x66, 0x66, 0x66, 0x40, 0x0b, 0xff, 0xff, 0xff, 0xff, 0xff, 0xff, 0xff, 0xff, 0xa0, 0x00, 0x00,
    0x00, 0x06, 0xff, 0xef, 0x50, 0x00, 0x00, 0x00, 0x00, 0x00, 0x00, 0x5f, 0x8d, 0xb7, 0xf5, 0x00,
    0x00, 0x00, 0x00, 0x00, 0x08, 0xf9, 0x0d, 0xb0, 0x9f, 0x80, 0x00, 0x00, 0x00, 0x03, 0xcf, 0x80,
    0x0d, 0xb0, 0x07, 0xfc, 0x40, 0x00, 0x02, 0x9f, 0xe5, 0x00, 0x0d, 0xb0, 0x00, 0x4d, 0xfb, 0x40,
    0x0d, 0xfa, 0x20, 0x00, 0x0d, 0xb0, 0x00, 0x01, 0x8e, 0xc1, 0x02, 0x30, 0x00, 0x00, 0x0d, 0xb0,
    0x00, 0x00, 0x01, 0x20, 0x00, 0x00, 0x00, 0x00, 0x08, 0x70, 0x00, 0x00, 0x00, 0x00,
    /* U+673A "机" */
    0x00, 0x00, 0x68, 0x00, 0x00, 0x00, 0x00, 0x00, 0x00, 0x00, 0x00, 0x00, 0xac, 0x00, 0x00, 0x66,
    0x66, 0x66, 0x40, 0x00, 0x00, 0x00, 0xac, 0x00, 0x01, 0xff, 0xff, 0xff, 0xa0, 0x00, 0x00, 0x00,
    0xac, 0x00, 0x01, 0xf6, 0x00, 0x0c, 0xa0, 0x00, 0x00, 0x00, 0xac, 0x00, 0x01, 0xf6, 0x00, 0x0c,
    0xa0, 0x00, 0x0f, 0xff, 0xff, 0xff, 0xc1, 0xf6, 0x00, 0x0c, 0xa0, 0x00, 0x07, 0x77, 0xfd, 0x77,
    0x51, 0xf6, 0x00, 0x0c, 0xa0, 0x00, 0x00, 0x03, 0xfc, 0x00, 0x01, 0xf6, 0x00, 0x0c, 0xa0, 0x00,
    0x00, 0x08, 0xfe, 0x10, 0x01, 0xf6, 0x00, 0x0c, 0xa0, 0x00, 0x00, 0x0e, 0xef, 0xc1, 0x01, 0xf6,
    0x00, 0x0c, 0xa0, 0x00, 0x00, 0x4e, 0xad, 0xdb, 0x02, 0xf5, 0x00, 0x0c, 0xa0, 0x00, 0x00, 0xb9,
    0xac, 0x3f, 0x83, 0xf4, 0x00, 0x0c, 0xa0, 0x00, 0x04, 0xf3, 0xac, 0x07, 0x65, 0xf2, 0x00, 0x0c,
    0xa0, 0x00, 0x0d, 0xb0, 0xac, 0x00, 0x08, 0xe0, 0x00, 0x0c, 0xa0, 0x00, 0x4f, 0x30, 0xac, 0x00,
    0x0c, 0xb0, 0x00, 0x0c, 0xa0, 0x64, 0x05, 0x00, 0xac, 0x00, 0x2f, 0x60, 0x00, 0x0c, 0xa0, 0x98,
    0x00, 0x00, 0xac, 0x00, 0x9f, 0x10, 0x00, 0x0c, 0xa0, 0x98, 0x00, 0x00, 0xac, 0x04, 0xf8, 0x00,
    0x00, 0x0c, 0xb0, 0xb7, 0x00, 0x00, 0xac, 0x0c, 0xd0, 0x00, 0x00, 0x09, 0xff, 0xf4, 0x00, 0x00,
    0x67, 0x02, 0x30, 0x00, 0x00, 0x00, 0x56, 0x30,
    /* U+6765 "来" */
    0x00, 0x00, 0x00, 0x00, 0x0a, 0xa0, 0x00, 0x00, 0x00, 0x00, 0x00, 0x00, 0x00, 0x00, 0x0c, 0xc0,
    0x00, 0x00, 0x00, 0x00, 0x00, 0x00, 0x00, 0x00, 0x0c, 0xc0, 0x00, 0x00, 0x00, 0x00, 0x00, 0xef,
    0xff, 0xff, 0xff, 0xff, 0xff, 0xff, 0xff, 0x10, 0x00, 0x66, 0xa7, 0x66, 0x6d, 0xd6, 0x66, 0x7d,
    0x86, 0x00, 0x00, 0x02, 0xf8, 0x00, 0x0c, 0xc0, 0x00, 0x5f, 0x60, 0x00, 0x00, 0x00, 0x9f, 0x20,
    0x0c, 0xc0, 0x00, 0xbd, 0x00, 0x00, 0x00, 0x00, 0x2f, 0x70, 0x0c, 0xc0, 0x03, 0xf6, 0x00, 0x00,
    0x00, 0x00, 0x0c, 0xb0, 0x0c, 0xc0, 0x0a, 0xd0, 0x00, 0x00, 0x06, 0x77, 0x78, 0x77, 0x7d, 0xd7,
    0x77, 0x97, 0x77, 0x60, 0x0d, 0xff, 0xff, 0xff, 0xff, 0xff, 0xff, 0xff, 0xff, 0xd0, 0x00, 0x00,
    0x00, 0x04, 0xff, 0xff, 0x40, 0x00, 0x00, 0x00, 0x00, 0x00, 0x00, 0x2e, 0xbc, 0xcb, 0xe2, 0x00,
    0x00, 0x00, 0x00, 0x00, 0x02, 0xdd, 0x1c, 0xc1, 0xdd, 0x20, 0x00, 0x00, 0x00, 0x00, 0x2d, 0xd2,
    0x0c, 0xc0, 0x2e, 0xd2, 0x00, 0x00, 0x00, 0x05, 0xee, 0x20, 0x0c, 0xc0, 0x03, 0xee, 0x50, 0x00,
    0x02, 0xaf, 0xc2, 0x00, 0x0c, 0xc0, 0x00, 0x2c, 0xf9, 0x10, 0x1e, 0xf9, 0x10, 0x00, 0x0c, 0xc0,
    0x00, 0x01, 0xaf, 0xe2, 0x05, 0x40, 0x00, 0x00, 0x0c, 0xc0, 0x00, 0x00, 0x04, 0x70, 0x00, 0x00,
    0x00, 0x00, 0x08, 0x70, 0x00, 0x00, 0x00, 0x00,
    /* U+679C "果" */
    0x00, 0x04, 0x44, 0x44, 0x44, 0x44, 0x44, 0x44, 0x40, 0x00, 0x00, 0x0c, 0xff, 0xff, 0xff, 0xff,
    0xff, 0xff, 0xe0, 0x00, 0x00, 0x0c, 0xb0, 0x00, 0x0c, 0xc0, 0x00, 0x0a, 0xe0, 0x00, 0x00, 0x0c,
    0xb0, 0x00, 0x0c, 0xc0, 0x00, 0x0a, 0xe0, 0x00, 0x00, 0x0c, 0xff, 0xff, 0xff, 0xff, 0xff, 0xff,
    0xe0, 0x00, 0x00, 0x0c, 0xc4, 0x44, 0x4d, 0xd4, 0x44, 0x4b, 0xe0, 0x00, 0x00, 0x0c, 0xb0, 0x00,
    0x0c, 0xc0, 0x00, 0x0a, 0xe0, 0x00, 0x00, 0x0c, 0xc4, 0x44, 0x4d, 0xd4, 0x44, 0x4c, 0xe0, 0x00,
    0x00, 0x0c, 0xff, 0xff, 0xff, 0xff, 0xff, 0xff, 0xe0, 0x00, 0x00, 0x00, 0x00, 0x00, 0x0c, 0xc0,
    0x00, 0x00, 0x00, 0x00, 0x04, 0x66, 0x66, 0x66, 0x6d, 0xd6, 0x66, 0x66, 0x66, 0x40, 0x0b, 0xff,
    0xff, 0xff, 0xff, 0xff, 0xff, 0xff, 0xff, 0xc0, 0x00, 0x00, 0x00, 0x08, 0xfe, 0xef, 0x80, 0x00,
    0x00, 0x00, 0x00, 0x00, 0x00, 0x9f, 0x6c, 0xc4, 0xfa, 0x10, 0x00, 0x00, 0x00, 0x00, 0x3c, 0xf6,
    0x0c, 0xc0, 0x4e, 0xd4, 0x00, 0x00, 0x00, 0x19, 0xfd, 0x30, 0x0c, 0xc0, 0x02, 0xcf, 0xb3, 0x00,
    0x19, 0xff, 0x91, 0x00, 0x0c, 0xc0, 0x00, 0x06, 0xef, 0xb1, 0x09, 0x93, 0x00, 0x00, 0x0c, 0xc0,
    0x00, 0x00, 0x18, 0x80, 0x00, 0x00, 0x00, 0x00, 0x08, 0x80, 0x00, 0x00, 0x00, 0x00,
    /* U+67E5 "查" */
    0x00, 0x00, 0x00, 0x00, 0x08, 0x70, 0x00, 0x00, 0x00, 0x00, 0x00, 0x00, 0x00, 0x00, 0x0c, 0xa0,
    0x00, 0x00, 0x00, 0x00, 0x00, 0x00, 0x00, 0x00, 0x0c, 0xa0, 0x00, 0x00, 0x00, 0x00, 0x0d, 0xff,
    0xff, 0xff, 0xff, 0xff, 0xff, 0xff, 0xff, 0xd0, 0x04, 0x55, 0x55, 0x5c, 0xee, 0xdf, 0xb5, 0x55,
    0x55, 0x40, 0x00, 0x00, 0x00, 0x7f, 0x5c, 0xa7, 0xf6, 0x00, 0x00, 0x00, 0x00, 0x00, 0x08, 0xf8,
    0x0c, 0xa0, 0x9f, 0x80, 0x00, 0x00, 0x00, 0x01, 0xbf, 0x80, 0x0c, 0xa0, 0x08, 0xfb, 0x20, 0x00,
    0x00, 0x6e, 0xe6, 0x00, 0x0c, 0xa0, 0x00, 0x5e, 0xf8, 0x10, 0x1d, 0xfc, 0x31, 0x11, 0x14, 0x31,
    0x11, 0x13, 0xbf, 0xe1, 0x06, 0x50, 0x9f, 0xff, 0xff, 0xff, 0xff, 0xf8, 0x03, 0x40, 0x00, 0x00,
    0x9d, 0x00, 0x00, 0x00, 0x00, 0xf8, 0x00, 0x00, 0x00, 0x00, 0x9f, 0xff, 0xff, 0xff, 0xff, 0xf8,
    0x00, 0x00, 0x00, 0x00, 0x9d, 0x11, 0x11, 0x11, 0x11, 0xf8, 0x00, 0x00, 0x00, 0x00, 0x9d, 0x00,
    0x00, 0x00, 0x00, 0xf8, 0x00, 0x00, 0x00, 0x00, 0x9f, 0xff, 0xff, 0xff, 0xff, 0xf8, 0x00, 0x00,
    0x00, 0x00, 0x11, 0x11, 0x11, 0x11, 0x11, 0x11, 0x00, 0x00, 0x03, 0x55, 0x55, 0x55, 0x55, 0x55,
    0x55, 0x55, 0x55, 0x30, 0x08, 0xff, 0xff, 0xff, 0xff, 0xff, 0xff, 0xff, 0xff, 0x90,
    /* U+6811 "树" */
    0x00, 0x07, 0x60, 0x00, 0x00, 0x00, 0x00, 0x00, 0x75, 0x00, 0x00, 0x0b, 0x90, 0x00, 0x00, 0x00,
    0x00, 0x00, 0xc9, 0x00, 0x00, 0x0b, 0x90, 0x00, 0x00, 0x00, 0x00, 0x00, 0xc9, 0x00, 0x00, 0x0b,
    0x90, 0x0d, 0xff, 0xfd, 0x00, 0x00, 0xc9, 0x00, 0x00, 0x0b, 0x90, 0x04, 0x55, 0xad, 0x00, 0x00,
    0xc9, 0x00, 0x0e, 0xff, 0xff, 0x60, 0x00, 0x9b, 0xbf, 0xff, 0xff, 0xf3, 0x06, 0x6e, 0xc6, 0x38,
    0x10, 0xc9, 0x46, 0x66, 0xdb, 0x61, 0x00, 0x1f, 0xc0, 0x0d, 0x80, 0xe7, 0x00, 0x00, 0xc9, 0x00,
    0x00, 0x5f, 0xf5, 0x05, 0xf4, 0xf4, 0x17, 0x00, 0xc9, 0x00, 0x00, 0x8f, 0xdd, 0x00, 0xbe, 0xf1,
    0x1e, 0x60, 0xc9, 0x00, 0x00, 0xcf, 0x9d, 0x70, 0x3f, 0xc0, 0x07, 0xd0, 0xc9, 0x00, 0x02, 0xfc,
    0x96, 0xa0, 0x0d, 0xd0, 0x01, 0xe5, 0xc9, 0x00, 0x07, 0xbb, 0x91, 0x20, 0x3f, 0xf6, 0x00, 0x9b,
    0xc9, 0x00, 0x0e, 0x6b, 0x90, 0x00, 0x9e, 0xad, 0x00, 0x21, 0xc9, 0x00, 0x3e, 0x1b, 0x90, 0x00,
    0xe8, 0x3f, 0x50, 0x00, 0xc9, 0x00, 0x04, 0x0b, 0x90, 0x06, 0xf2, 0x08, 0x10, 0x00, 0xc9, 0x00,
    0x00, 0x0b, 0x90, 0x1e, 0xa0, 0x00, 0x00, 0x00, 0xc9, 0x00, 0x00, 0x0b, 0x90, 0x8e, 0x10, 0x00,
    0x00, 0x00, 0xd9, 0x00, 0x00, 0x0b, 0x90, 0x13, 0x00, 0x00, 0x08, 0xff, 0xf5, 0x00, 0x00, 0x06,
    0x50, 0x00, 0x00, 0x00, 0x02, 0x66, 0x30, 0x00,
    /* U+6821 "校" */
    0x00, 0x01, 0x92, 0x00, 0x00, 0x02, 0x91, 0x00, 0x00, 0x00, 0x00, 0x02, 0xf3, 0x00, 0x00, 0x02,
    0xe9, 0x00, 0x00, 0x00, 0x00, 0x02, 0xf3, 0x00, 0x00, 0x00, 0x7f, 0x30, 0x00, 0x00, 0x00, 0x02,
    0xf3, 0x00, 0x66, 0x66, 0x7c, 0x66, 0x66, 0x60, 0x00, 0x02, 0xf3, 0x00, 0xff, 0xff, 0xff, 0xff,
    0xff, 0xf0, 0x0b, 0xff, 0xff, 0xf7, 0x00, 0x31, 0x00, 0x05, 0x00, 0x00, 0x05, 0x6a, 0xf8, 0x63,
    0x01, 0xdb, 0x00, 0x5f, 0x60, 0x00, 0x00, 0x0b, 0xf6, 0x00, 0x08, 0xf3, 0x00, 0x08, 0xf5, 0x00,
    0x00, 0x1f, 0xfe, 0x10, 0x5f, 0x70, 0x00, 0x00, 0xae, 0x20, 0x00, 0x4f, 0xfd, 0x94, 0xfb, 0x81,
    0x00, 0x0a, 0x6e, 0xb0, 0x00, 0x9a, 0xf6, 0xf4, 0x92, 0xf6, 0x00, 0x4f, 0x54, 0x30, 0x01, 0xe5,
    0xf3, 0xb6, 0x00, 0xad, 0x00, 0x9e, 0x00, 0x00, 0x06, 0xd2, 0xf3, 0x20, 0x00, 0x3f, 0x72, 0xf8,
    0x00, 0x00, 0x1d, 0x82, 0xf3, 0x00, 0x00, 0x09, 0xec, 0xe1, 0x00, 0x00, 0x4f, 0x22, 0xf3, 0x00,
    0x00, 0x01, 0xef, 0x60, 0x00, 0x00, 0x05, 0x02, 0xf3, 0x00, 0x00, 0x07, 0xff, 0xc2, 0x00, 0x00,
    0x00, 0x02, 0xf3, 0x00, 0x00, 0x8f, 0xa5, 0xee, 0x40, 0x00, 0x00, 0x02, 0xf3, 0x00, 0x3c, 0xf8,
    0x00, 0x3e, 0xfb, 0x30, 0x00, 0x02, 0xf3, 0x07, 0xfd, 0x50, 0x00, 0x02, 0x9f, 0xe1, 0x00, 0x01,
    0xa2, 0x01, 0x70, 0x00, 0x00, 0x00, 0x02, 0x40,
    /* U+6848 "案" */
    0x00, 0x00, 0x00, 0x00, 0x29, 0x10, 0x00, 0x00, 0x00, 0x00, 0x00, 0x00, 0x00, 0x00, 0x1e, 0x90,
    0x00, 0x00, 0x00, 0x00, 0x06, 0xff, 0xff, 0xff, 0xff, 0xff, 0xff, 0xff, 0xff, 0x70, 0x06, 0xf4,
    0x44, 0x44, 0x85, 0x44, 0x44, 0x44, 0x4f, 0x70, 0x06, 0xf0, 0x00, 0x03, 0xf7, 0x00, 0x00, 0x00,
    0x0f, 0x70, 0x04, 0x63, 0x33, 0x3c, 0xe4, 0x33, 0x33, 0x33, 0x36, 0x40, 0x0b, 0xff, 0xff, 0xff,
    0xff, 0xff, 0xff, 0xff, 0xff, 0xc0, 0x00, 0x00, 0x08, 0xd2, 0x00, 0x00, 0x4f, 0x80, 0x00, 0x00,
    0x00, 0x00, 0x8f, 0xa5, 0x30, 0x07, 0xf9, 0x00, 0x00, 0x00, 0x00, 0x00, 0x46, 0x9b, 0xff, 0xef,
    0xc3, 0x00, 0x00, 0x00, 0x00, 0x23, 0x47, 0xad, 0xfb, 0x78, 0xcf, 0xfb, 0x73, 0x00, 0x07, 0xed,
    0xb9, 0x74, 0x18, 0x60, 0x01, 0x49, 0xeb, 0x10, 0x00, 0x00, 0x00, 0x00, 0x0c, 0xa0, 0x00, 0x00,
    0x00, 0x00, 0x0f, 0xff, 0xff, 0xff, 0xff, 0xff, 0xff, 0xff, 0xff, 0xf0, 0x04, 0x44, 0x44, 0x49,
    0xff, 0xef, 0x94, 0x44, 0x44, 0x40, 0x00, 0x00, 0x01, 0x8f, 0x7c, 0xa7, 0xf8, 0x10, 0x00, 0x00,
    0x00, 0x00, 0x6d, 0xe5, 0x0c, 0xa0, 0x5e, 0xe6, 0x10, 0x00, 0x04, 0x8e, 0xfa, 0x10, 0x0c, 0xa0,
    0x01, 0xaf, 0xe9, 0x40, 0x1e, 0xea, 0x30, 0x00, 0x0c, 0xa0, 0x00, 0x03, 0xae, 0xe2, 0x02, 0x10,
    0x00, 0x00, 0x07, 0x60, 0x00, 0x00, 0x01, 0x30,
    /* U+684C "桌" */
    0x00, 0x00, 0x00, 0x00, 0x0a, 0x60, 0x00, 0x00, 0x00, 0x00, 0x00, 0x00, 0x00, 0x00, 0x0f, 0xa3,
    0x33, 0x33, 0x33, 0x00, 0x00, 0x00, 0x00, 0x00, 0x0f, 0xff, 0xff, 0xff, 0xff, 0x20, 0x00, 0x00,
    0x00, 0x00, 0x0f, 0x80, 0x00, 0x00, 0x00, 0x00, 0x00, 0x02, 0x22, 0x22, 0x2f, 0x92, 0x22, 0x22,
    0x20, 0x00, 0x00, 0x0b, 0xff, 0xff, 0xff, 0xff, 0xff, 0xff, 0xb0, 0x00, 0x00, 0x0b, 0xb0, 0x00,
    0x00, 0x00, 0x00, 0x0c, 0xb0, 0x00, 0x00, 0x0b, 0xff, 0xff, 0xff, 0xff, 0xff, 0xff, 0xb0, 0x00,
    0x00, 0x0b, 0xb2, 0x22, 0x22, 0x22, 0x22, 0x2c, 0xb0, 0x00, 0x00, 0x0b, 0xb0, 0x00, 0x00, 0x00,
    0x00, 0x0c, 0xb0, 0x00, 0x00, 0x0b, 0xff, 0xff, 0xff, 0xff, 0xff, 0xff, 0xb0, 0x00, 0x00, 0x02,
    0x22, 0x22, 0x2d, 0xb2, 0x22, 0x22, 0x20, 0x00, 0x00, 0x00, 0x00, 0x00, 0x0c, 0xb0, 0x00, 0x00,
    0x00, 0x00, 0x0e, 0xff, 0xff, 0xff, 0xff, 0xff, 0xff, 0xff, 0xff, 0xe0, 0x04, 0x44, 0x44, 0x4a,
    0xfe, 0xef, 0xa4, 0x44, 0x44, 0x40, 0x00, 0x00, 0x01, 0x9e, 0x4c, 0xb5, 0xf8, 0x10, 0x00, 0x00,
    0x00, 0x00, 0x6e, 0xd3, 0x0c, 0xb0, 0x4e, 0xd5, 0x00, 0x00, 0x02, 0x8e, 0xf9, 0x10, 0x0c, 0xb0,
    0x01, 0xaf, 0xd7, 0x20, 0x1e, 0xfa, 0x20, 0x00, 0x0c, 0xb0, 0x00, 0x03, 0xaf, 0xd1, 0x03, 0x20,
    0x00, 0x00, 0x08, 0x70, 0x00, 0x00, 0x01, 0x20,
    /* U+68D2 "棒" */
    0x00, 0x04, 0xa0, 0x00, 0x00, 0x00, 0x49, 0x10, 0x00, 0x00, 0x00, 0x06, 0xe0, 0x00, 0x00, 0x00,
    0x8e, 0x00, 0x00, 0x00, 0x00, 0x06, 0xe0, 0x05, 0xff, 0xff, 0xff, 0xff, 0xff, 0x50, 0x00, 0x06,
    0xe0, 0x01, 0x33, 0x34, 0xf9, 0x33, 0x33, 0x10, 0x00, 0x06, 0xe0, 0x00, 0x00, 0x03, 0xf5, 0x00,
    0x00, 0x00, 0x0c, 0xff, 0xff, 0xf1, 0xbf, 0xff, 0xff, 0xff, 0xfb, 0x00, 0x05, 0x6c, 0xf6, 0x60,
    0x23, 0x3d, 0xa3, 0x33, 0x32, 0x00, 0x00, 0x0d, 0xf7, 0x03, 0x44, 0x6f, 0x74, 0x44, 0x44, 0x30,
    0x00, 0x2f, 0xfe, 0x2c, 0xff, 0xff, 0xff, 0xff, 0xff, 0xc0, 0x00, 0x6f, 0xe9, 0xa0, 0x07, 0xf3,
    0x33, 0x1e, 0x50, 0x00, 0x00, 0xad, 0xe2, 0xe1, 0x3f, 0x80, 0xbb, 0x06, 0xe2, 0x00, 0x01, 0xe8,
    0xe0, 0x34, 0xee, 0x43, 0xcc, 0x33, 0xcc, 0x20, 0x06, 0xd6, 0xe0, 0x3f, 0xc7, 0xff, 0xff, 0xfe,
    0x1d, 0xe3, 0x0d, 0x76, 0xe0, 0x19, 0x10, 0x00, 0xbb, 0x00, 0x01, 0x70, 0x2e, 0x16, 0xe0, 0x00,
    0x00, 0x00, 0xbb, 0x00, 0x00, 0x00, 0x04, 0x06, 0xe0, 0x02, 0xff, 0xff, 0xff, 0xff, 0xfa, 0x00,
    0x00, 0x06, 0xe0, 0x00, 0x44, 0x44, 0xcc, 0x44, 0x43, 0x00, 0x00, 0x06, 0xe0, 0x00, 0x00, 0x00,
    0xbb, 0x00, 0x00, 0x00, 0x00, 0x06, 0xe0, 0x00, 0x00, 0x00, 0xbb, 0x00, 0x00, 0x00, 0x00, 0x04,
    0x90, 0x00, 0x00, 0x00, 0x87, 0x00, 0x00, 0x00,
    /* U+6905 "椅" */
    0x00, 0x03, 0xb1, 0x00, 0x00, 0x00, 0x2b, 0x30, 0x00, 0x00, 0x00, 0x04, 0xf2, 0x00, 0x00, 0x00,
    0x4f, 0x20, 0x00, 0x00, 0x00, 0x04, 0xf2, 0x00, 0xaf, 0xff, 0xff, 0xff, 0xff, 0x60, 0x00, 0x04,
    0xf2, 0x00, 0x24, 0x44, 0xdd, 0x44, 0x44, 0x20, 0x06, 0x68, 0xf7, 0x62, 0x00, 0x02, 0xfe, 0x60,
    0x00, 0x00, 0x0f, 0xff, 0xff, 0xf4, 0x00, 0x1d, 0xea, 0xfc, 0x40, 0x00, 0x00, 0x09, 0xf2, 0x00,
    0x38, 0xed, 0x30, 0x3b, 0xfa, 0x20, 0x00, 0x0d, 0xf8, 0x00, 0xcb, 0x61, 0x00, 0x00, 0x4c, 0x20,
    0x00, 0x3f, 0xff, 0x37, 0xff, 0xff, 0xff, 0xff, 0xff, 0xf2, 0x00, 0x7e, 0xfa, 0xc2, 0x44, 0x44,
    0x44, 0x44, 0xdb, 0x41, 0x00, 0xc9, 0xf3, 0xf3, 0x00, 0x00, 0x00, 0x00, 0xca, 0x00, 0x03, 0xf5,
    0xf2, 0x40, 0x3f, 0xff, 0xff, 0x40, 0xca, 0x00, 0x0a, 0xb4, 0xf2, 0x00, 0x3f, 0x32, 0x2f, 0x40,
    0xca, 0x00, 0x3f, 0x54, 0xf2, 0x00, 0x3f, 0x20, 0x0f, 0x40, 0xca, 0x00, 0x1d, 0x04, 0xf2, 0x00,
    0x3f, 0x32, 0x2f, 0x40, 0xca, 0x00, 0x02, 0x04, 0xf2, 0x00, 0x3f, 0xff, 0xff, 0x40, 0xca, 0x00,
    0x00, 0x04, 0xf2, 0x00, 0x3f, 0x20, 0x00, 0x00, 0xca, 0x00, 0x00, 0x04, 0xf2, 0x00, 0x01, 0x00,
    0x00, 0x00, 0xca, 0x00, 0x00, 0x04, 0xf2, 0x00, 0x00, 0x00, 0x0c, 0xff, 0xf6, 0x00, 0x00, 0x01,
    0x51, 0x00, 0x00, 0x00, 0x03, 0x54, 0x20, 0x00,
    /* U+697D "楽" */
    0x00, 0x00, 0x00, 0x00, 0x06, 0x50, 0x00, 0x00, 0x00, 0x00, 0x00, 0x00, 0x00, 0x00, 0x0e, 0xb0,
    0x00, 0x00, 0x03, 0x00, 0x04, 0xe4, 0x00, 0x23, 0x4f, 0x83, 0x32, 0x00, 0x7f, 0x40, 0x01, 0xbf,
    0x60, 0xbf, 0xff, 0xff, 0xfb, 0x06, 0xf9, 0x00, 0x00, 0x09, 0xf5, 0xba, 0x00, 0x00, 0xbb, 0x7f,
    0x80, 0x00, 0x00, 0x00, 0x82, 0xbb, 0x22, 0x22, 0xbb, 0x55, 0x00, 0x00, 0x00, 0x00, 0x01, 0xbf,
    0xff, 0xff, 0xfb, 0x31, 0x00, 0x00, 0x00, 0x03, 0xbc, 0xba, 0x00, 0x00, 0xbc, 0xde, 0x70, 0x00,
    0x02, 0x9f, 0xc3, 0xba, 0x00, 0x00, 0xbb, 0x18, 0xfc, 0x30, 0x1e, 0xe6, 0x00, 0xbf, 0xff, 0xff,
    0xfb, 0x00, 0x3c, 0xe1, 0x05, 0x10, 0x00, 0x23, 0x3d, 0xc3, 0x32, 0x00, 0x01, 0x30, 0x00, 0x00,
    0x00, 0x00, 0x0c, 0xb0, 0x00, 0x00, 0x00, 0x00, 0x0d, 0xff, 0xff, 0xff, 0xff, 0xff, 0xff, 0xff,
    0xff, 0xd0, 0x04, 0x55, 0x55, 0x5b, 0xff, 0xff, 0xa5, 0x55, 0x55, 0x50, 0x00, 0x00, 0x00, 0x7f,
    0x8c, 0xba, 0xf5, 0x00, 0x00, 0x00, 0x00, 0x00, 0x1a, 0xf9, 0x0c, 0xb0, 0xaf, 0xa1, 0x00, 0x00,
    0x00, 0x06, 0xef, 0x60, 0x0c, 0xb0, 0x07, 0xfe, 0x70, 0x00, 0x17, 0xdf, 0xc3, 0x00, 0x0c, 0xb0,
    0x00, 0x3c, 0xfe, 0x91, 0x0c, 0xd6, 0x00, 0x00, 0x0c, 0xb0, 0x00, 0x00, 0x5b, 0xa0, 0x01, 0x00,
    0x00, 0x00, 0x07, 0x60, 0x00, 0x00, 0x00, 0x00,
    /* U+6B22 "欢" */
    0x00, 0x00, 0x00, 0x00, 0x00, 0x18, 0x20, 0x00, 0x00, 0x00, 0x00, 0x00, 0x00, 0x00, 0x00, 0x4f,
    0x30, 0x00, 0x00, 0x00, 0x05, 0x55, 0x55, 0x55, 0x20, 0x7f, 0x10, 0x00, 0x00, 0x00, 0x0f, 0xff,
    0xff, 0xff, 0x70, 0xae, 0x66, 0x66, 0x66, 0x40, 0x00, 0x00, 0x00, 0x2f, 0x40, 0xdf, 0xff, 0xff,
    0xff, 0xc0, 0x02, 0x30, 0x00, 0x5f, 0x13, 0xf5, 0x00, 0x00, 0x0d, 0x80, 0x0b, 0xc0, 0x00, 0x8d,
    0x08, 0xe1, 0x4b, 0x10, 0x2f, 0x30, 0x02, 0xf8, 0x00, 0xca, 0x1e, 0x90, 0x5f, 0x10, 0x7d, 0x00,
    0x00, 0x7f, 0x42, 0xf6, 0x3d, 0x20, 0x6f, 0x00, 0x13, 0x00, 0x00, 0x0c, 0xd7, 0xf1, 0x00, 0x00,
    0x7f, 0x20, 0x00, 0x00, 0x00, 0x03, 0xff, 0xa0, 0x00, 0x00, 0x8f, 0x50, 0x00, 0x00, 0x00, 0x00,
    0x9f, 0x60, 0x00, 0x00, 0xcf, 0x90, 0x00, 0x00, 0x00, 0x00, 0xcf, 0xb0, 0x00, 0x01, 0xfe, 0xd0,
    0x00, 0x00, 0x00, 0x06, 0xfb, 0xf4, 0x00, 0x06, 0xf6, 0xf4, 0x00, 0x00, 0x00, 0x1e, 0xb0, 0xec,
    0x00, 0x0d, 0xc0, 0xdb, 0x00, 0x00, 0x01, 0xce, 0x20, 0x7d, 0x10, 0x8f, 0x40, 0x6f, 0x50, 0x00,
    0x2d, 0xf4, 0x00, 0x11, 0x05, 0xf9, 0x00, 0x0c, 0xe2, 0x00, 0x2e, 0x40, 0x00, 0x00, 0x6f, 0xb0,
    0x00, 0x02, 0xee, 0x50, 0x01, 0x00, 0x00, 0x08, 0xfa, 0x10, 0x00, 0x00, 0x4e, 0xf3, 0x00, 0x00,
    0x00, 0x02, 0x70, 0x00, 0x00, 0x00, 0x02, 0x60,
    /* U+6B63 "正" */
    0x3f, 0xff, 0xff, 0xff, 0xff, 0xff, 0xff, 0xff, 0xf5, 0x17, 0x77, 0x77, 0x77, 0x9f, 0xa7, 0x77,
    0x77, 0x72, 0x00, 0x00, 0x00, 0x00, 0x4f, 0x40, 0x00, 0x00, 0x00, 0x00, 0x00, 0x00, 0x00, 0x4f,
    0x40, 0x00, 0x00, 0x00, 0x00, 0x00, 0x00, 0x00, 0x4f, 0x40, 0x00, 0x00, 0x00, 0x00, 0x3b, 0x30,
    0x00, 0x4f, 0x40, 0x00, 0x00, 0x00, 0x00, 0x4f, 0x40, 0x00, 0x4f, 0x40, 0x00, 0x00, 0x00, 0x00,
    0x4f, 0x40, 0x00, 0x4f, 0xff, 0xff, 0xff, 0x80, 0x00, 0x4f, 0x40, 0x00, 0x4f, 0x97, 0x77, 0x77,
    0x40, 0x00, 0x4f, 0x40, 0x00, 0x4f, 0x40, 0x00, 0x00, 0x00, 0x00, 0x4f, 0x40, 0x00, 0x4f, 0x40,
    0x00, 0x00, 0x00, 0x00, 0x4f, 0x40, 0x00, 0x4f, 0x40, 0x00, 0x00, 0x00, 0x00, 0x4f, 0x40, 0x00,
    0x4f, 0x40, 0x00, 0x00, 0x00, 0x00, 0x4f, 0x40, 0x00, 0x4f, 0x40, 0x00, 0x00, 0x00, 0x00, 0x4f,
    0x40, 0x00, 0x4f, 0x40, 0x00, 0x00, 0x00, 0xff, 0xff, 0xff, 0xff, 0xff, 0xff, 0xff, 0xff, 0xff,
    0x77, 0x77, 0x77, 0x77, 0x77, 0x77, 0x77, 0x77, 0x77,
    /* U+6B6F "歯" */
    0x00, 0x00, 0x00, 0x00, 0x78, 0x00, 0x00, 0x00, 0x00, 0x00, 0x00, 0x85, 0x00, 0x0b, 0xc0, 0x00,
    0x00, 0x00, 0x00, 0x00, 0x0d, 0x90, 0x00, 0xbf, 0xff, 0xff, 0xff, 0x30, 0x00, 0x00, 0xd9, 0x00,
    0x0b, 0xd4, 0x44, 0x44, 0x41, 0x00, 0x00, 0x0d, 0x90, 0x00, 0xbc, 0x00, 0x00, 0x00, 0x00, 0x0e,
    0xff, 0xff, 0xff, 0xff, 0xff, 0xff, 0xff, 0xff, 0xf0, 0x55, 0x55, 0x55, 0x55, 0x55, 0x55, 0x55,
    0x55, 0x55, 0x00, 0x77, 0x02, 0x40, 0x08, 0x70, 0x05, 0x20, 0x68, 0x00, 0x0b, 0xb0, 0x4e, 0x20,
    0xb9, 0x02, 0xf4, 0x0a, 0xc0, 0x00, 0xbb, 0x00, 0xab, 0x0b, 0x90, 0xaa, 0x00, 0xac, 0x00, 0x0b,
    0xb1, 0x34, 0x53, 0xca, 0x38, 0x43, 0x2a, 0xc0, 0x00, 0xbb, 0x7f, 0xff, 0xff, 0xff, 0xff, 0xf9,
    0xac, 0x00, 0x0b, 0xb0, 0x00, 0x1b, 0xf9, 0x83, 0x00, 0x0a, 0xc0, 0x00, 0xbb, 0x00, 0x0b, 0xcc,
    0x98, 0xe5, 0x00, 0xac, 0x00, 0x0b, 0xb0, 0x2b, 0xd2, 0xb9, 0x06, 0xf6, 0x0a, 0xc0, 0x00, 0xbb,
    0x4f, 0xc2, 0x0b, 0x90, 0x05, 0x80, 0xac, 0x00, 0x0b, 0xb1, 0x70, 0x00, 0xb9, 0x00, 0x00, 0x0a,
    0xc0, 0x00, 0xbc, 0x55, 0x55, 0x56, 0x65, 0x55, 0x55, 0xbc, 0x00, 0x0b, 0xff, 0xff, 0xff, 0xff,
    0xff, 0xff, 0xff, 0xc0, 0x00, 0x00, 0x00, 0x00, 0x00, 0x00, 0x00, 0x00, 0x8a, 0x00,
    /* U+6BCD "母" */
    0x00, 0x03, 0x66, 0x66, 0x66, 0x66, 0x66, 0x65, 0x00, 0x00, 0x09, 0xff, 0xff, 0xff, 0xff, 0xff,
    0xfe, 0x00, 0x00, 0x0a, 0xd0, 0x01, 0x00, 0x00, 0x00, 0x9e, 0x00, 0x00, 0x0c, 0xb0, 0x0c, 0xc3,
    0x00, 0x00, 0xad, 0x00, 0x00, 0x0e, 0x90, 0x02, 0xaf, 0x90, 0x00, 0xac, 0x00, 0x00, 0x1f, 0x60,
    0x00, 0x05, 0xe7, 0x00, 0xbc, 0x00, 0x00, 0x3f, 0x40, 0x00, 0x00, 0x20, 0x00, 0xcb, 0x00, 0xdf,
    0xff, 0xff, 0xff, 0xff, 0xff, 0xff, 0xff, 0xfd, 0x66, 0xbf, 0x66, 0x66, 0x66, 0x66, 0x66, 0xeb,
    0x65, 0x00, 0xad, 0x00, 0x48, 0x10, 0x00, 0x00, 0xf8, 0x00, 0x00, 0xdb, 0x00, 0x5e, 0xd5, 0x00,
    0x01, 0xf7, 0x00, 0x00, 0xf8, 0x00, 0x01, 0xaf, 0x90, 0x02, 0xf6, 0x00, 0x02, 0xf6, 0x00, 0x00,
    0x06, 0xd1, 0x04, 0xf4, 0x00, 0x05, 0xf8, 0x66, 0x66, 0x66, 0x66, 0x69, 0xf8, 0x62, 0x08, 0xff,
    0xff, 0xff, 0xff, 0xff, 0xff, 0xff, 0xf4, 0x00, 0x00, 0x00, 0x00, 0x00, 0x00, 0x0b, 0xd0, 0x00,
    0x00, 0x00, 0x00, 0x00, 0x01, 0x00, 0x3f, 0x80, 0x00, 0x00, 0x00, 0x00, 0x00, 0x0c, 0xff, 0xfd,
    0x10, 0x00, 0x00, 0x00, 0x00, 0x00, 0x02, 0x55, 0x41, 0x00, 0x00,
    /* U+6BCE "毎" */
    0x00, 0x00, 0x04, 0x71, 0x00, 0x00, 0x00, 0x00, 0x00, 0x00, 0x00, 0x00, 0x0d, 0xd0, 0x00, 0x00,
    0x00, 0x00, 0x00, 0x00, 0x00, 0x00, 0x6f, 0xa5, 0x55, 0x55, 0x55, 0x55, 0x55, 0x10, 0x00, 0x01,
    0xef, 0xff, 0xff, 0xff, 0xff, 0xff, 0xff, 0x30, 0x00, 0x0a, 0xf3, 0x00, 0x00, 0x00, 0x00, 0x00,
    0x00, 0x00, 0x00, 0x8f, 0x70, 0x00, 0x00, 0x00, 0x00, 0x00, 0x00, 0x00, 0x06, 0xf9, 0x5f, 0xff,
    0xff, 0xff, 0xff, 0xff, 0x90, 0x00, 0x01, 0x80, 0x7f, 0x55, 0x58, 0xf6, 0x55, 0x5e, 0x80, 0x00,
    0x00, 0x00, 0x9e, 0x00, 0x05, 0xf1, 0x00, 0x0f, 0x70, 0x00, 0x00, 0x00, 0xbc, 0x00, 0x07, 0xe0,
    0x00, 0x0f, 0x70, 0x00, 0x15, 0x55, 0xdc, 0x55, 0x5b, 0xe5, 0x55, 0x6f, 0x95, 0x51, 0x2f, 0xff,
    0xff, 0xff, 0xff, 0xff, 0xff, 0xff, 0xff, 0xf3, 0x00, 0x03, 0xf5, 0x00, 0x0c, 0x90, 0x00, 0x3f,
    0x40, 0x00, 0x00, 0x05, 0xf3, 0x00, 0x0d, 0x70, 0x00, 0x5f, 0x20, 0x00, 0x00, 0x07, 0xf0, 0x00,
    0x0f, 0x50, 0x00, 0x6f, 0x10, 0x00, 0x00, 0x09, 0xe5, 0x55, 0x6f, 0x85, 0x55, 0xaf, 0x55, 0x30,
    0x00, 0x0c, 0xff, 0xff, 0xff, 0xff, 0xff, 0xff, 0xff, 0xa0, 0x00, 0x0f, 0x80, 0x00, 0x00, 0x00,
    0x00, 0xe9, 0x00, 0x00, 0x00, 0x17, 0x30, 0x00, 0x00, 0x22, 0x15, 0xf5, 0x00, 0x00, 0x00, 0x00,
    0x00, 0x00, 0x00, 0x7f, 0xff, 0xa0, 0x00, 0x00, 0x00, 0x00, 0x00, 0x00, 0x00, 0x00, 0x10, 0x00,
    0x00, 0x00,
    /* U+6BCF "每" */
    0x00, 0x00, 0x08, 0x50, 0x00, 0x00, 0x00, 0x00, 0x00, 0x00, 0x00, 0x00, 0x3f, 0x80, 0x00, 0x00,
    0x00, 0x00, 0x00, 0x00, 0x00, 0x00, 0xbf, 0x75, 0x55, 0x55, 0x55, 0x55, 0x55, 0x30, 0x00, 0x04,
    0xff, 0xff, 0xff, 0xff, 0xff, 0xff, 0xff, 0x70, 0x00, 0x0c, 0xd1, 0x00, 0x00, 0x00, 0x00, 0x00,
    0x00, 0x00, 0x00, 0x9f, 0x40, 0x00, 0x00, 0x00, 0x00, 0x00, 0x00, 0x00, 0x08, 0xf8, 0x9f, 0xff,
    0xff, 0xff, 0xff, 0xff, 0x80, 0x00, 0x1b, 0xa0, 0xbd, 0x55, 0xa7, 0x55, 0x55, 0x5f, 0x70, 0x00,
    0x00, 0x00, 0xda, 0x00, 0xaf, 0x91, 0x00, 0x1f, 0x70, 0x00, 0x00, 0x00, 0xe8, 0x00, 0x04, 0xec,
    0x10, 0x1f, 0x60, 0x00, 0x15, 0x56, 0xf9, 0x44, 0x44, 0x6c, 0x54, 0x6f, 0x95, 0x51, 0x2f, 0xff,
    0xff, 0xff, 0xff, 0xff, 0xff, 0xff, 0xff, 0xf3, 0x00, 0x05, 0xf2, 0x05, 0xc3, 0x00, 0x00, 0x3f,
    0x40, 0x00, 0x00, 0x07, 0xf0, 0x02, 0xbf, 0x70, 0x00, 0x4f, 0x30, 0x00, 0x00, 0x0a, 0xd0, 0x00,
    0x07, 0xf9, 0x00, 0x5f, 0x20, 0x00, 0x00, 0x0c, 0xc5, 0x55, 0x55, 0xaa, 0x55, 0x9f, 0x65, 0x20,
    0x00, 0x0f, 0xff, 0xff, 0xff, 0xff, 0xff, 0xff, 0xff, 0x70, 0x00, 0x00, 0x00, 0x00, 0x00, 0x00,
    0x00, 0xbc, 0x00, 0x00, 0x00, 0x00, 0x00, 0x00, 0x00, 0x03, 0x23, 0xe9, 0x00, 0x00, 0x00, 0x00,
    0x00, 0x00, 0x00, 0x0d, 0xff, 0xd2, 0x00, 0x00, 0x00, 0x00, 0x00, 0x00, 0x00, 0x00, 0x00, 0x00,
    0x00, 0x00,
    /* U+6C14 "气" */
    0x00, 0x00, 0x09, 0x30, 0x00, 0x00, 0x00, 0x00, 0x00, 0x00, 0x00, 0x00, 0x6f, 0x50, 0x00, 0x00,
    0x00, 0x00, 0x00, 0x00, 0x00, 0x00, 0xcf, 0x55, 0x55, 0x55, 0x55, 0x55, 0x55, 0x20, 0x00, 0x04,
    0xff, 0xff, 0xff, 0xff, 0xff, 0xff, 0xff, 0x80, 0x00, 0x0a, 0xe1, 0x00, 0x00, 0x00, 0x00, 0x00,
    0x00, 0x00, 0x00, 0x4f, 0x63, 0x44, 0x44, 0x44, 0x44, 0x44, 0x40, 0x00, 0x01, 0xdd, 0x0e, 0xff,
    0xff, 0xff, 0xff, 0xff, 0xf1, 0x00, 0x1c, 0xf3, 0x00, 0x00, 0x00, 0x00, 0x00, 0x00, 0x00, 0x00,
    0x2d, 0x64, 0x55, 0x55, 0x55, 0x55, 0x55, 0x52, 0x00, 0x00, 0x00, 0x0e, 0xff, 0xff, 0xff, 0xff,
    0xff, 0xf7, 0x00, 0x00, 0x00, 0x00, 0x00, 0x00, 0x00, 0x00, 0x00, 0xf8, 0x00, 0x00, 0x00, 0x00,
    0x00, 0x00, 0x00, 0x00, 0x00, 0xe9, 0x00, 0x00, 0x00, 0x00, 0x00, 0x00, 0x00, 0x00, 0x00, 0xda,
    0x00, 0x00, 0x00, 0x00, 0x00, 0x00, 0x00, 0x00, 0x00, 0xcc, 0x00, 0x00, 0x00, 0x00, 0x00, 0x00,
    0x00, 0x00, 0x00, 0x9e, 0x00, 0x00, 0x00, 0x00, 0x00, 0x00, 0x00, 0x00, 0x00, 0x6f, 0x20, 0x60,
    0x00, 0x00, 0x00, 0x00, 0x00, 0x00, 0x00, 0x3f, 0x60, 0xd3, 0x00, 0x00, 0x00, 0x00, 0x00, 0x00,
    0x00, 0x0d, 0xd2, 0xf2, 0x00, 0x00, 0x00, 0x00, 0x00, 0x00, 0x00, 0x04, 0xff, 0xd0, 0x00, 0x00,
    0x00, 0x00, 0x00, 0x00, 0x00, 0x00, 0x36, 0x20,
    /* U+6C17 "気" */
    0x00, 0x00, 0x18, 0x30, 0x00, 0x00, 0x00, 0x00, 0x00, 0x00, 0x00, 0x00, 0x6f, 0x60, 0x00, 0x00,
    0x00, 0x00, 0x00, 0x00, 0x00, 0x00, 0xcf, 0x54, 0x44, 0x44, 0x44, 0x44, 0x44, 0x20, 0x00, 0x03,
    0xff, 0xff, 0xff, 0xff, 0xff, 0xff, 0xff, 0x80, 0x00, 0x0a, 0xf2, 0x00, 0x00, 0x00, 0x00, 0x00,
    0x00, 0x00, 0x00, 0x5f, 0x84, 0x44, 0x44, 0x44, 0x44, 0x44, 0x20, 0x00, 0x02, 0xee, 0x1f, 0xff,
    0xff, 0xff, 0xff, 0xff, 0x90, 0x00, 0x1d, 0xf3, 0x00, 0x00, 0x00, 0x00, 0x00, 0x00, 0x00, 0x00,
    0x05, 0x64, 0x44, 0x44, 0x44, 0x44, 0x44, 0x43, 0x00, 0x00, 0x00, 0x4f, 0xff, 0xff, 0xff, 0xff,
    0xff, 0xfb, 0x00, 0x00, 0x00, 0x00, 0x00, 0x00, 0x00, 0x64, 0x00, 0xbc, 0x00, 0x00, 0x00, 0x02,
    0x91, 0x00, 0x05, 0xf6, 0x00, 0xac, 0x00, 0x00, 0x00, 0x05, 0xee, 0x60, 0x2e, 0xb0, 0x00, 0xad,
    0x00, 0x00, 0x00, 0x00, 0x2a, 0xfc, 0xce, 0x10, 0x00, 0x9e, 0x00, 0x00, 0x00, 0x00, 0x00, 0x6f,
    0xf8, 0x00, 0x00, 0x7f, 0x00, 0x00, 0x00, 0x00, 0x02, 0xce, 0xcf, 0x90, 0x00, 0x5f, 0x20, 0x70,
    0x00, 0x00, 0x5e, 0xd3, 0x09, 0xfb, 0x10, 0x2f, 0x60, 0xe2, 0x00, 0x3b, 0xfc, 0x10, 0x00, 0x8f,
    0xa0, 0x0d, 0xc3, 0xf0, 0x06, 0xfe, 0x60, 0x00, 0x00, 0x07, 0x20, 0x05, 0xff, 0xb0, 0x00, 0x71,
    0x00, 0x00, 0x00, 0x00, 0x00, 0x00, 0x36, 0x20,
    /* U+6C34 "水" */
    0x00, 0x00, 0x00, 0x00, 0x06, 0x70, 0x00, 0x00, 0x00, 0x00, 0x00, 0x00, 0x00, 0x00, 0x0b, 0xc0,
    0x00, 0x00, 0x00, 0x00, 0x00, 0x00, 0x00, 0x00, 0x0b, 0xc0, 0x00, 0x00, 0x00, 0x00, 0x00, 0x00,
    0x00, 0x00, 0x0b, 0xc0, 0x00, 0x00, 0x00, 0x00, 0x00, 0x00, 0x00, 0x00, 0x0b, 0xc0, 0x00, 0x00,
    0x40, 0x00, 0x00, 0x00, 0x00, 0x00, 0x0b, 0xd0, 0x00, 0x06, 0xf6, 0x00, 0x09, 0xff, 0xff, 0xfe,
    0x1b, 0xf3, 0x00, 0x3f, 0xc1, 0x00, 0x05, 0x88, 0x88, 0xdd, 0x0b, 0xfa, 0x02, 0xed, 0x10, 0x00,
    0x00, 0x00, 0x00, 0xe9, 0x0b, 0xff, 0x4d, 0xd2, 0x00, 0x00, 0x00, 0x00, 0x04, 0xf5, 0x0b, 0xdc,
    0xfd, 0x10, 0x00, 0x00, 0x00, 0x00, 0x0a, 0xe1, 0x0b, 0xc3, 0xf7, 0x00, 0x00, 0x00, 0x00, 0x00,
    0x2f, 0x80, 0x0b, 0xc0, 0xaf, 0x40, 0x00, 0x00, 0x00, 0x00, 0xaf, 0x20, 0x0b, 0xc0, 0x1d, 0xe2,
    0x00, 0x00, 0x00, 0x05, 0xf8, 0x00, 0x0b, 0xc0, 0x03, 0xfd, 0x10, 0x00, 0x00, 0x2e, 0xd1, 0x00,
    0x0b, 0xc0, 0x00, 0x5f, 0xd3, 0x00, 0x03, 0xef, 0x30, 0x00, 0x0b, 0xc0, 0x00, 0x05, 0xfe, 0x70,
    0x1e, 0xe4, 0x00, 0x00, 0x0b, 0xc0, 0x00, 0x00, 0x4d, 0xf3, 0x03, 0x30, 0x00, 0x00, 0x0c, 0xc0,
    0x00, 0x00, 0x01, 0x40, 0x00, 0x00, 0x00, 0x8f, 0xff, 0xa0, 0x00, 0x00, 0x00, 0x00, 0x00, 0x00,
    0x00, 0x29, 0x97, 0x10, 0x00, 0x00, 0x00, 0x00,
    /* U+6C47 "汇" */
    0x00, 0x10, 0x00, 0x00, 0x00, 0x00, 0x00, 0x00, 0x00, 0x00, 0x00, 0xdb, 0x20, 0x17, 0x77, 0x77,
    0x77, 0x77, 0x77, 0x50, 0x00, 0x4e, 0xe5, 0x2f, 0xff, 0xff, 0xff, 0xff, 0xff, 0xa0, 0x00, 0x01,
    0xcd, 0x2f, 0x70, 0x00, 0x00, 0x00, 0x00, 0x00, 0x00, 0x00, 0x12, 0x2f, 0x70, 0x00, 0x00, 0x00,
    0x00, 0x00, 0x00, 0x00, 0x00, 0x2f, 0x70, 0x00, 0x00, 0x00, 0x00, 0x00, 0x03, 0x20, 0x00, 0x2f,
    0x70, 0x00, 0x00, 0x00, 0x00, 0x00, 0x0d, 0xe7, 0x00, 0x2f, 0x70, 0x00, 0x00, 0x00, 0x00, 0x00,
    0x01, 0x9f, 0xc1, 0x2f, 0x70, 0x00, 0x00, 0x00, 0x00, 0x00, 0x00, 0x05, 0xa0, 0x2f, 0x70, 0x00,
    0x00, 0x00, 0x00, 0x00, 0x00, 0x00, 0x00, 0x2f, 0x70, 0x00, 0x00, 0x00, 0x00, 0x00, 0x00, 0x00,
    0x10, 0x2f, 0x70, 0x00, 0x00, 0x00, 0x00, 0x00, 0x00, 0x00, 0x9a, 0x2f, 0x70, 0x00, 0x00, 0x00,
    0x00, 0x00, 0x00, 0x02, 0xf8, 0x2f, 0x70, 0x00, 0x00, 0x00, 0x00, 0x00, 0x00, 0x0a, 0xe1, 0x2f,
    0x70, 0x00, 0x00, 0x00, 0x00, 0x00, 0x00, 0x3f, 0x80, 0x2f, 0x70, 0x00, 0x00, 0x00, 0x00, 0x00,
    0x00, 0xbe, 0x10, 0x2f, 0x70, 0x00, 0x00, 0x00, 0x00, 0x00, 0x06, 0xf7, 0x00, 0x2f, 0xff, 0xff,
    0xff, 0xff, 0xff, 0xf1, 0x05, 0xd0, 0x00, 0x18, 0x88, 0x88, 0x88, 0x88, 0x88, 0x80, 0x00, 0x00,
    0x00, 0x00, 0x00, 0x00, 0x00, 0x00, 0x00, 0x00,
    /* U+6C7D "汽" */
    0x00, 0x00, 0x00, 0x00, 0x07, 0x30, 0x00, 0x00, 0x00, 0x00, 0x00, 0xab, 0x20, 0x00, 0x4f, 0x60,
    0x00, 0x00, 0x00, 0x00, 0x00, 0x6e, 0xe6, 0x00, 0xae, 0x10, 0x00, 0x00, 0x00, 0x00, 0x00, 0x01,
    0xbd, 0x12, 0xff, 0xff, 0xff, 0xff, 0xff, 0xf3, 0x00, 0x00, 0x02, 0x0a, 0xe5, 0x55, 0x55, 0x55,
    0x55, 0x51, 0x00, 0x00, 0x00, 0x6f, 0x60, 0x00, 0x00, 0x00, 0x00, 0x00, 0x03, 0x10, 0x01, 0xea,
    0x7f, 0xff, 0xff, 0xff, 0xf7, 0x00, 0x1e, 0xe7, 0x00, 0x31, 0x24, 0x44, 0x44, 0x44, 0x42, 0x00,
    0x02, 0xaf, 0xc0, 0x00, 0x00, 0x00, 0x00, 0x00, 0x00, 0x00, 0x00, 0x04, 0x50, 0x5f, 0xff, 0xff,
    0xff, 0xff, 0xc0, 0x00, 0x00, 0x00, 0x00, 0x26, 0x66, 0x66, 0x66, 0x6b, 0xd0, 0x00, 0x00, 0x00,
    0x10, 0x00, 0x00, 0x00, 0x00, 0x09, 0xd0, 0x00, 0x00, 0x00, 0xb9, 0x00, 0x00, 0x00, 0x00, 0x08,
    0xd0, 0x00, 0x00, 0x03, 0xf7, 0x00, 0x00, 0x00, 0x00, 0x08, 0xe0, 0x00, 0x00, 0x0b, 0xe1, 0x00,
    0x00, 0x00, 0x00, 0x07, 0xf0, 0x00, 0x00, 0x3f, 0x80, 0x00, 0x00, 0x00, 0x00, 0x05, 0xf1, 0x50,
    0x00, 0xce, 0x10, 0x00, 0x00, 0x00, 0x00, 0x03, 0xf3, 0xa5, 0x05, 0xf7, 0x00, 0x00, 0x00, 0x00,
    0x00, 0x00, 0xe8, 0xc3, 0x02, 0xa0, 0x00, 0x00, 0x00, 0x00, 0x00, 0x00, 0x8f, 0xe1, 0x00, 0x00,
    0x00, 0x00, 0x00, 0x00, 0x00, 0x00, 0x05, 0x30,
    /* U+6CA1 "没" */
    0x00, 0x30, 0x00, 0x00, 0x00, 0x00, 0x00, 0x00, 0x00, 0x00, 0x01, 0xed, 0x50, 0x00, 0x2f, 0xff,
    0xff, 0xfc, 0x00, 0x00, 0x00, 0x3c, 0xfa, 0x00, 0x2f, 0x96, 0x66, 0xdc, 0x00, 0x00, 0x00, 0x00,
    0x8a, 0x00, 0x2f, 0x50, 0x00, 0xbc, 0x00, 0x00, 0x00, 0x00, 0x00, 0x00, 0x3f, 0x40, 0x00, 0xbc,
    0x00, 0x00, 0x00, 0x00, 0x00, 0x00, 0x8f, 0x10, 0x00, 0xbc, 0x00, 0x00, 0x07, 0x30, 0x00, 0x03,
    0xea, 0x00, 0x00, 0xae, 0x77, 0x80, 0x1d, 0xfa, 0x20, 0x6e, 0xe1, 0x00, 0x00, 0x4e, 0xff, 0xe1,
    0x00, 0x7e, 0xe2, 0xcc, 0x20, 0x00, 0x00, 0x00, 0x00, 0x00, 0x00, 0x02, 0x60, 0x26, 0x66, 0x66,
    0x66, 0x66, 0x62, 0x00, 0x00, 0x00, 0x00, 0x3f, 0xff, 0xff, 0xff, 0xff, 0xf7, 0x00, 0x00, 0x00,
    0x22, 0x02, 0xf7, 0x00, 0x00, 0x0a, 0xe1, 0x00, 0x00, 0x00, 0x9c, 0x00, 0x8f, 0x20, 0x00, 0x4f,
    0x70, 0x00, 0x00, 0x02, 0xf8, 0x00, 0x1e, 0xc1, 0x02, 0xdd, 0x10, 0x00, 0x00, 0x09, 0xe1, 0x00,
    0x04, 0xfc, 0x3d, 0xd2, 0x00, 0x00, 0x00, 0x2f, 0x90, 0x00, 0x00, 0x5f, 0xfe, 0x20, 0x00, 0x00,
    0x00, 0xaf, 0x20, 0x00, 0x04, 0xbf, 0xff, 0x92, 0x00, 0x00, 0x03, 0xf8, 0x00, 0x27, 0xcf, 0xe6,
    0x2a, 0xff, 0x95, 0x10, 0x06, 0xe1, 0x07, 0xff, 0xd7, 0x10, 0x00, 0x4b, 0xff, 0xe1, 0x00, 0x20,
    0x01, 0x73, 0x00, 0x00, 0x00, 0x00, 0x16, 0x50,
    /* U+6CB3 "河" */
    0x00, 0x30, 0x00, 0x00, 0x00, 0x00, 0x00, 0x00, 0x00, 0x00, 0x02, 0xfd, 0x50, 0x67, 0x77, 0x77,
    0x77, 0x77, 0x77, 0x72, 0x00, 0x3c, 0xfb, 0xdf, 0xff, 0xff, 0xff, 0xff, 0xff, 0xf4, 0x00, 0x00,
    0x79, 0x00, 0x00, 0x00, 0x00, 0x00, 0xcb, 0x00, 0x00, 0x00, 0x00, 0x00, 0x00, 0x00, 0x00, 0x00,
    0xcb, 0x00, 0x00, 0x00, 0x00, 0x00, 0x00, 0x00, 0x00, 0x00, 0xcb, 0x00, 0x08, 0x30, 0x00, 0x09,
    0xff, 0xff, 0xfa, 0x00, 0xcb, 0x00, 0x2d, 0xfa, 0x10, 0x09, 0xd6, 0x66, 0xca, 0x00, 0xcb, 0x00,
    0x01, 0x8f, 0xe0, 0x09, 0xc0, 0x00, 0xaa, 0x00, 0xcb, 0x00, 0x00, 0x04, 0x70, 0x09, 0xc0, 0x00,
    0xaa, 0x00, 0xcb, 0x00, 0x00, 0x00, 0x00, 0x09, 0xc0, 0x00, 0xaa, 0x00, 0xcb, 0x00, 0x00, 0x00,
    0x00, 0x09, 0xc0, 0x00, 0xaa, 0x00, 0xcb, 0x00, 0x00, 0x00, 0x5b, 0x09, 0xd5, 0x55, 0xca, 0x00,
    0xcb, 0x00, 0x00, 0x00, 0xdc, 0x09, 0xff, 0xff, 0xfa, 0x00, 0xcb, 0x00, 0x00, 0x06, 0xf4, 0x09,
    0xc0, 0x00, 0x00, 0x00, 0xcb, 0x00, 0x00, 0x1e, 0xb0, 0x04, 0x50, 0x00, 0x00, 0x00, 0xcb, 0x00,
    0x00, 0x9f, 0x30, 0x00, 0x00, 0x00, 0x00, 0x00, 0xcb, 0x00, 0x03, 0xf9, 0x00, 0x00, 0x00, 0x00,
    0x00, 0x00, 0xda, 0x00, 0x07, 0xe1, 0x00, 0x00, 0x00, 0x03, 0xff, 0xff, 0xf7, 0x00, 0x00, 0x20,
    0x00, 0x00, 0x00, 0x00, 0x88, 0x87, 0x40, 0x00,
    /* U+6CB9 "油" */
    0x00, 0x31, 0x00, 0x00, 0x00, 0x00, 0x95, 0x00, 0x00, 0x00, 0x0d, 0xe8, 0x10, 0x00, 0x00, 0x0e,
    0x80, 0x00, 0x00, 0x00, 0x18, 0xfe, 0x40, 0x00, 0x00, 0xe8, 0x00, 0x00, 0x00, 0x00, 0x03, 0xb2,
    0x00, 0x00, 0x0e, 0x80, 0x00, 0x00, 0x00, 0x00, 0x00, 0x05, 0x77, 0x77, 0xfb, 0x77, 0x77, 0x30,
    0x00, 0x00, 0x00, 0xaf, 0xff, 0xff, 0xff, 0xff, 0xf6, 0x09, 0x71, 0x00, 0x0a, 0xb0, 0x00, 0xe8,
    0x00, 0x1f, 0x60, 0xaf, 0xd5, 0x00, 0xab, 0x00, 0x0e, 0x80, 0x01, 0xf6, 0x00, 0x3d, 0xf3, 0x0a,
    0xb0, 0x00, 0xe8, 0x00, 0x1f, 0x60, 0x00, 0x16, 0x00, 0xab, 0x00, 0x0e, 0x80, 0x01, 0xf6, 0x00,
    0x00, 0x00, 0x0a, 0xd7, 0x77, 0xfb, 0x77, 0x7f, 0x60, 0x00, 0x00, 0x00, 0xaf, 0xff, 0xff, 0xff,
    0xff, 0xf6, 0x00, 0x00, 0x53, 0x0a, 0xb0, 0x00, 0xe8, 0x00, 0x1f, 0x60, 0x00, 0x0d, 0xc0, 0xab,
    0x00, 0x0e, 0x80, 0x01, 0xf6, 0x00, 0x05, 0xf5, 0x0a, 0xb0, 0x00, 0xe8, 0x00, 0x1f, 0x60, 0x00,
    0xcd, 0x00, 0xab, 0x00, 0x0e, 0x80, 0x01, 0xf6, 0x00, 0x5f, 0x60, 0x0a, 0xb0, 0x00, 0xe8, 0x00,
    0x1f, 0x60, 0x1d, 0xc0, 0x00, 0xaf, 0xff, 0xff, 0xff, 0xff, 0xf6, 0x04, 0xf4, 0x00, 0x0a, 0xd7,
    0x77, 0x77, 0x77, 0x7f, 0x60, 0x02, 0x00, 0x00, 0x67, 0x00, 0x00, 0x00, 0x00, 0x83,
    /* U+6CD5 "法" */
    0x00, 0x21, 0x00, 0x00, 0x00, 0x00, 0xa4, 0x00, 0x00, 0x00, 0x0d, 0xe8, 0x10, 0x00, 0x00, 0x1f,
    0x70, 0x00, 0x00, 0x00, 0x29, 0xfd, 0x30, 0x00, 0x01, 0xf7, 0x00, 0x00, 0x00, 0x00, 0x04, 0xd2,
    0x00, 0x00, 0x1f, 0x70, 0x00, 0x00, 0x00, 0x00, 0x00, 0x05, 0xff, 0xff, 0xff, 0xff, 0xfe, 0x00,
    0x00, 0x00, 0x00, 0x26, 0x66, 0x7f, 0xa6, 0x66, 0x60, 0x08, 0x60, 0x00, 0x00, 0x00, 0x01, 0xf7,
    0x00, 0x00, 0x00, 0x9f, 0xe5, 0x00, 0x00, 0x00, 0x1f, 0x70, 0x00, 0x00, 0x00, 0x2b, 0xf2, 0x00,
    0x00, 0x01, 0xf7, 0x00, 0x00, 0x00, 0x00, 0x03, 0x03, 0xff, 0xff, 0xff, 0xff, 0xff, 0xfb, 0x00,
    0x00, 0x00, 0x16, 0x66, 0x6e, 0xe6, 0x66, 0x66, 0x50, 0x00, 0x00, 0x60, 0x00, 0x04, 0xf8, 0x00,
    0x00, 0x00, 0x00, 0x00, 0x5f, 0x40, 0x00, 0xbe, 0x10, 0x01, 0x00, 0x00, 0x00, 0x0c, 0xc0, 0x00,
    0x3f, 0x80, 0x0a, 0xc0, 0x00, 0x00, 0x05, 0xf5, 0x00, 0x0b, 0xe1, 0x00, 0x3f, 0x70, 0x00, 0x00,
    0xdd, 0x00, 0x05, 0xf5, 0x00, 0x00, 0x8e, 0x20, 0x00, 0x7f, 0x50, 0x01, 0xec, 0x35, 0x79, 0xbd,
    0xfa, 0x00, 0x1e, 0xc0, 0x00, 0xaf, 0xff, 0xff, 0xdb, 0x9a, 0xf3, 0x03, 0xe4, 0x00, 0x05, 0xa7,
    0x52, 0x00, 0x00, 0x1e, 0x90, 0x02, 0x00, 0x00, 0x00, 0x00, 0x00, 0x00, 0x00, 0x51,
    /* U+6D4A "浊" */
    0x00, 0x10, 0x00, 0x00, 0x00, 0x04, 0x91, 0x00, 0x00, 0x00, 0x00, 0xbd, 0x40, 0x00, 0x00, 0x07,
    0xf1, 0x00, 0x00, 0x00, 0x00, 0x4d, 0xf6, 0x00, 0x00, 0x07, 0xf1, 0x00, 0x00, 0x00, 0x00, 0x01,
    0xbf, 0x20, 0x00, 0x07, 0xf1, 0x00, 0x00, 0x00, 0x00, 0x00, 0x04, 0x15, 0x55, 0x59, 0xf5, 0x55,
    0x54, 0x00, 0x00, 0x00, 0x00, 0x2f, 0xff, 0xff, 0xff, 0xff, 0xfe, 0x00, 0x03, 0x10, 0x00, 0x2f,
    0x50, 0x07, 0xf1, 0x00, 0x9e, 0x00, 0x0d, 0xe6, 0x00, 0x2f, 0x50, 0x07, 0xf1, 0x00, 0x9e, 0x00,
    0x02, 0xbf, 0x90, 0x2f, 0x50, 0x07, 0xf1, 0x00, 0x9e, 0x00, 0x00, 0x08, 0xa0, 0x2f, 0x50, 0x07,
    0xf1, 0x00, 0x9e, 0x00, 0x00, 0x00, 0x00, 0x2f, 0x50, 0x07, 0xf1, 0x00, 0x9e, 0x00, 0x00, 0x00,
    0x02, 0x2f, 0xff, 0xff, 0xff, 0xff, 0xfe, 0x00, 0x00, 0x00, 0x5e, 0x25, 0x55, 0x5a, 0xf6, 0x55,
    0x55, 0x00, 0x00, 0x00, 0xdc, 0x00, 0x00, 0x07, 0xf1, 0x05, 0xa0, 0x00, 0x00, 0x05, 0xf5, 0x00,
    0x00, 0x07, 0xf1, 0x04, 0xf5, 0x00, 0x00, 0x0d, 0xd0, 0x00, 0x00, 0x07, 0xf1, 0x00, 0xcc, 0x00,
    0x00, 0x6f, 0x50, 0x00, 0x01, 0x39, 0xf8, 0x9b, 0xef, 0x40, 0x01, 0xec, 0x04, 0xbd, 0xef, 0xff,
    0xff, 0xec, 0xbe, 0xa0, 0x03, 0xe4, 0x04, 0xdc, 0xa8, 0x64, 0x31, 0x00, 0x09, 0xf1, 0x00, 0x20,
    0x00, 0x00, 0x00, 0x00, 0x00, 0x00, 0x03, 0x40,
    /* U+6D4B "测" */
    0x00, 0x10, 0x00, 0x00, 0x00, 0x00, 0x00, 0x00, 0x02, 0x20, 0x2e, 0x91, 0x02, 0x22, 0x22, 0x22,
    0x00, 0x00, 0xa9, 0x01, 0x8f, 0xd4, 0xbf, 0xff, 0xff, 0xf0, 0x36, 0x0a, 0x90, 0x00, 0x3d, 0x5b,
    0x60, 0x00, 0x4f, 0x06, 0xc0, 0xa9, 0x00, 0x00, 0x10, 0xb6, 0x18, 0x14, 0xf0, 0x6c, 0x0a, 0x90,
    0x00, 0x00, 0x0b, 0x61, 0xf1, 0x4f, 0x06, 0xc0, 0xa9, 0x06, 0x20, 0x00, 0xb6, 0x1f, 0x14, 0xf0,
    0x6c, 0x0a, 0x91, 0xdf, 0x81, 0x0b, 0x61, 0xf1, 0x4f, 0x06, 0xc0, 0xa9, 0x00, 0x8f, 0xa0, 0xb6,
    0x1f, 0x14, 0xf0, 0x6c, 0x0a, 0x90, 0x00, 0x32, 0x0b, 0x61, 0xf1, 0x4f, 0x06, 0xc0, 0xa9, 0x00,
    0x00, 0x00, 0xb6, 0x1f, 0x14, 0xf0, 0x6c, 0x0a, 0x90, 0x00, 0x00, 0x0b, 0x61, 0xf1, 0x4f, 0x06,
    0xc0, 0xa9, 0x00, 0x06, 0xc0, 0xb6, 0x2f, 0x04, 0xf0, 0x6c, 0x0a, 0x90, 0x00, 0xcb, 0x0b, 0x63,
    0xe0, 0x4f, 0x06, 0xc0, 0xa9, 0x00, 0x3f, 0x60, 0x74, 0x7b, 0x02, 0x80, 0x48, 0x0a, 0x90, 0x09,
    0xe1, 0x00, 0x0c, 0x78, 0x10, 0x00, 0x00, 0xa9, 0x01, 0xe9, 0x00, 0x08, 0xd1, 0xbb, 0x00, 0x00,
    0x0a, 0x90, 0x7f, 0x30, 0x07, 0xf4, 0x01, 0xca, 0x00, 0x00, 0xb8, 0x06, 0xb0, 0x08, 0xe4, 0x00,
    0x02, 0xe3, 0x3f, 0xff, 0x50, 0x00, 0x00, 0x11, 0x00, 0x00, 0x01, 0x00, 0x44, 0x20,
    /* U+6D77 "海" */
    0x00, 0x21, 0x00, 0x00, 0x38, 0x10, 0x00, 0x00, 0x00, 0x00, 0x00, 0xce, 0x70, 0x00, 0xae, 0x10,
    0x00, 0x00, 0x00, 0x00, 0x00, 0x18, 0xfc, 0x11, 0xfc, 0x66, 0x66, 0x66, 0x66, 0x40, 0x00, 0x00,
    0x38, 0x07, 0xff, 0xff, 0xff, 0xff, 0xff, 0xb0, 0x00, 0x00, 0x00, 0x2e, 0xa0, 0x00, 0x00, 0x00,
    0x00, 0x00, 0x00, 0x00, 0x00, 0xaf, 0x20, 0x00, 0x00, 0x00, 0x00, 0x00, 0x03, 0x10, 0x05, 0xf9,
    0xcf, 0xff, 0xff, 0xff, 0xfd, 0x00, 0x0d, 0xe6, 0x00, 0x71, 0xe9, 0x59, 0x85, 0x55, 0xbc, 0x00,
    0x02, 0xbf, 0x90, 0x00, 0xf6, 0x05, 0xe3, 0x00, 0x9b, 0x00, 0x00, 0x08, 0x70, 0x02, 0xf4, 0x00,
    0x7d, 0x10, 0xab, 0x00, 0x00, 0x00, 0x02, 0x68, 0xf7, 0x66, 0x6c, 0x66, 0xcc, 0x61, 0x00, 0x00,
    0x15, 0xff, 0xff, 0xff, 0xff, 0xff, 0xff, 0xf4, 0x00, 0x02, 0xe3, 0x08, 0xd0, 0x1b, 0x20, 0x00,
    0xd8, 0x00, 0x00, 0x08, 0xe0, 0x0a, 0xb0, 0x06, 0xe3, 0x00, 0xe7, 0x00, 0x00, 0x0e, 0x90, 0x0d,
    0x90, 0x00, 0x69, 0x00, 0xf6, 0x00, 0x00, 0x5f, 0x30, 0x1f, 0xff, 0xff, 0xff, 0xff, 0xff, 0xb0,
    0x00, 0xcc, 0x00, 0x15, 0x55, 0x55, 0x55, 0x58, 0xf6, 0x30, 0x03, 0xf6, 0x00, 0x00, 0x00, 0x00,
    0x10, 0x1b, 0xe0, 0x00, 0x03, 0xc1, 0x00, 0x00, 0x00, 0x00, 0xaf, 0xff, 0x60, 0x00, 0x00, 0x00,
    0x00, 0x00, 0x00, 0x00, 0x14, 0x42, 0x00, 0x00,
    /* U+6E05 "清" */
    0x00, 0x10, 0x00, 0x00, 0x00, 0x05, 0x90, 0x00, 0x00, 0x00, 0x2e, 0xb2, 0x00, 0x00, 0x00, 0x7f,
    0x00, 0x00, 0x00, 0x00, 0x6e, 0xe5, 0x9f, 0xff, 0xff, 0xff, 0xff, 0xff, 0x40, 0x00, 0x2d, 0x52,
    0x33, 0x33, 0x9f, 0x33, 0x33, 0x31, 0x00, 0x00, 0x10, 0x01, 0x11, 0x18, 0xf1, 0x11, 0x11, 0x00,
    0x00, 0x00, 0x02, 0xff, 0xff, 0xff, 0xff, 0xff, 0xb0, 0x06, 0x30, 0x00, 0x00, 0x00, 0x07, 0xf0,
    0x00, 0x00, 0x01, 0xbf, 0xa1, 0x6f, 0xff, 0xff, 0xff, 0xff, 0xff, 0xff, 0x00, 0x7f, 0xb1, 0x33,
    0x33, 0x33, 0x33, 0x33, 0x33, 0x30, 0x00, 0x74, 0x00, 0x22, 0x22, 0x22, 0x22, 0x22, 0x10, 0x00,
    0x00, 0x00, 0x0c, 0xff, 0xff, 0xff, 0xff, 0xf4, 0x00, 0x00, 0x04, 0x10, 0xc9, 0x00, 0x00, 0x00,
    0x2f, 0x40, 0x00, 0x01, 0xe7, 0x0c, 0xff, 0xff, 0xff, 0xff, 0xf4, 0x00, 0x00, 0x7f, 0x20, 0xca,
    0x22, 0x22, 0x22, 0x4f, 0x40, 0x00, 0x0d, 0xb0, 0x0c, 0x90, 0x00, 0x00, 0x02, 0xf4, 0x00, 0x05,
    0xf5, 0x00, 0xcf, 0xff, 0xff, 0xff, 0xff, 0x40, 0x00, 0xcd, 0x00, 0x0c, 0xa2, 0x22, 0x22, 0x24,
    0xf4, 0x00, 0x5f, 0x60, 0x00, 0xc9, 0x00, 0x00, 0x00, 0x3f, 0x40, 0x04, 0xc1, 0x00, 0x0c, 0x90,
    0x00, 0x09, 0xff, 0xe2, 0x00, 0x00, 0x00, 0x00, 0x54, 0x00, 0x00, 0x24, 0x41, 0x00,
    /* U+6F02 "漂" */
    0x00, 0x30, 0x00, 0x00, 0x00, 0x00, 0x00, 0x00, 0x00, 0x00, 0x01, 0xed, 0x40, 0xcf, 0xff, 0xff,
    0xff, 0xff, 0xff, 0xe0, 0x00, 0x2c, 0xf7, 0x34, 0x44, 0xc9, 0x49, 0xd4, 0x44, 0x30, 0x00, 0x00,
    0x95, 0x00, 0x00, 0xb7, 0x07, 0xc0, 0x00, 0x00, 0x00, 0x00, 0x00, 0x1f, 0xff, 0xff, 0xff, 0xff,
    0xff, 0x50, 0x00, 0x00, 0x00, 0x1f, 0x53, 0xc9, 0x38, 0xd3, 0x4f, 0x50, 0x08, 0x20, 0x00, 0x1f,
    0x30, 0xb7, 0x07, 0xc0, 0x1f, 0x50, 0x1d, 0xf8, 0x00, 0x1f, 0x52, 0xc9, 0x28, 0xd2, 0x3f, 0x50,
    0x00, 0x8f, 0x90, 0x1f, 0xff, 0xff, 0xff, 0xff, 0xff, 0x50, 0x00, 0x03, 0x20, 0x00, 0x00, 0x00,
    0x00, 0x00, 0x00, 0x00, 0x00, 0x00, 0x00, 0x08, 0xff, 0xff, 0xff, 0xff, 0xfd, 0x00, 0x00, 0x00,
    0x70, 0x02, 0x33, 0x33, 0x33, 0x33, 0x32, 0x00, 0x00, 0x02, 0xf5, 0x00, 0x00, 0x00, 0x00, 0x00,
    0x00, 0x00, 0x00, 0x09, 0xe0, 0xcf, 0xff, 0xff, 0xff, 0xff, 0xff, 0xf3, 0x00, 0x1e, 0x80, 0x34,
    0x54, 0x46, 0xf7, 0x45, 0x44, 0x41, 0x00, 0x7f, 0x20, 0x01, 0xd9, 0x03, 0xf4, 0x1d, 0x90, 0x00,
    0x00, 0xda, 0x00, 0x1b, 0xd1, 0x03, 0xf4, 0x04, 0xfa, 0x00, 0x06, 0xf3, 0x01, 0xce, 0x30, 0x03,
    0xf4, 0x00, 0x4f, 0x80, 0x06, 0xb0, 0x05, 0xe3, 0x05, 0xff, 0xf2, 0x00, 0x06, 0xb1, 0x00, 0x10,
    0x00, 0x10, 0x01, 0x44, 0x10, 0x00, 0x00, 0x00,
    /* U+70ED "热" */
    0x00, 0x00, 0x66, 0x00, 0x00, 0x06, 0x70, 0x00, 0x00, 0x00, 0x00, 0x00, 0xab, 0x00, 0x00, 0x0a,
    0xb0, 0x00, 0x00, 0x00, 0x00, 0x00, 0xab, 0x00, 0x00, 0x0b, 0xb0, 0x00, 0x00, 0x00, 0x04, 0x66,
    0xcc, 0x66, 0x24, 0x4c, 0xc4, 0x44, 0x30, 0x00, 0x0a, 0xff, 0xff, 0xff, 0x7f, 0xff, 0xff, 0xff,
    0xb0, 0x00, 0x00, 0x00, 0xab, 0x00, 0x00, 0x0d, 0x90, 0x0a, 0xb0, 0x00, 0x00, 0x00, 0xab, 0x00,
    0x00, 0x0e, 0x80, 0x0a, 0xb0, 0x00, 0x00, 0x00, 0xac, 0x7b, 0x34, 0x1f, 0x60, 0x0a, 0xa0, 0x00,
    0x02, 0x6a, 0xef, 0xea, 0x7f, 0xcf, 0x30, 0x0a, 0xa0, 0x00, 0x0e, 0xfd, 0xdb, 0x00, 0x03, 0xdf,
    0x80, 0x0a, 0xb0, 0x00, 0x05, 0x20, 0xab, 0x00, 0x01, 0xec, 0xec, 0x29, 0xb0, 0x00, 0x00, 0x00,
    0xab, 0x00, 0x0a, 0xe2, 0x2c, 0x87, 0xd0, 0xb4, 0x00, 0x00, 0xbb, 0x01, 0xbf, 0x60, 0x01, 0x04,
    0xf3, 0xe4, 0x00, 0xdf, 0xf8, 0x05, 0xe5, 0x00, 0x00, 0x00, 0xcf, 0xe1, 0x00, 0x35, 0x30, 0x00,
    0x10, 0x00, 0x00, 0x00, 0x24, 0x20, 0x00, 0x0c, 0x80, 0x17, 0x20, 0x08, 0x60, 0x09, 0xd1, 0x00,
    0x00, 0x6f, 0x40, 0x0f, 0x60, 0x0a, 0xd0, 0x03, 0xf9, 0x00, 0x01, 0xeb, 0x00, 0x0d, 0x90, 0x05,
    0xf3, 0x00, 0x7f, 0x40, 0x0b, 0xe2, 0x00, 0x0c, 0xa0, 0x01, 0xf7, 0x00, 0x1d, 0xc0, 0x06, 0x50,
    0x00, 0x05, 0x40, 0x00, 0x52, 0x00, 0x05, 0x50,
    /* U+7136 "然" */
    0x00, 0x00, 0x1b, 0x40, 0x00, 0x00, 0x05, 0x50, 0x20, 0x00, 0x00, 0x00, 0x5f, 0x30, 0x00, 0x00,
    0x0b, 0xb6, 0xe3, 0x00, 0x00, 0x00, 0xcf, 0xff, 0xfe, 0x30, 0x0b, 0xb0, 0xbd, 0x10, 0x00, 0x04,
    0xf6, 0x44, 0x9f, 0x10, 0x0b, 0xb0, 0x2e, 0x50, 0x00, 0x0c, 0xb0, 0x00, 0x9c, 0x00, 0x0b, 0xb0,
    0x02, 0x00, 0x00, 0x7f, 0x4b, 0x50, 0xe8, 0xff, 0xff, 0xff, 0xff, 0xd0, 0x03, 0xe9, 0x06, 0xed,
    0xf2, 0x77, 0x7e, 0xe7, 0x77, 0x60, 0x2e, 0xb3, 0x00, 0x1e, 0xa0, 0x00, 0x1f, 0xf1, 0x00, 0x00,
    0x07, 0x1c, 0xc3, 0x6f, 0x20, 0x00, 0x5f, 0xf6, 0x00, 0x00, 0x00, 0x01, 0xaf, 0xe9, 0x00, 0x00,
    0xcd, 0x9d, 0x00, 0x00, 0x00, 0x00, 0x2e, 0xc1, 0x00, 0x06, 0xf6, 0x2f, 0x60, 0x00, 0x00, 0x04,
    0xed, 0x10, 0x00, 0x4f, 0xb0, 0x09, 0xe3, 0x00, 0x02, 0x9f, 0xd2, 0x00, 0x07, 0xfc, 0x10, 0x02,
    0xed, 0x30, 0x08, 0xf8, 0x00, 0x00, 0xbf, 0xb1, 0x00, 0x00, 0x3e, 0xd0, 0x00, 0x20, 0x00, 0x00,
    0x36, 0x00, 0x00, 0x00, 0x02, 0x30, 0x00, 0x0b, 0x70, 0x06, 0x20, 0x07, 0x50, 0x07, 0xc1, 0x00,
    0x00, 0x6f, 0x40, 0x0f, 0x60, 0x0a, 0xd0, 0x03, 0xf9, 0x00, 0x01, 0xeb, 0x00, 0x0d, 0x90, 0x05,
    0xf3, 0x00, 0x7f, 0x40, 0x0b, 0xe2, 0x00, 0x0c, 0xb0, 0x01, 0xf8, 0x00, 0x0d, 0xd0, 0x06, 0x40,
    0x00, 0x05, 0x40, 0x00, 0x52, 0x00, 0x05, 0x50,
    /* U+7167 "照" */
    0x00, 0x00, 0x00, 0x00, 0x00, 0x00, 0x00, 0x00, 0x00, 0x00, 0x02, 0xff, 0xff, 0xfa, 0x7f, 0xff,
    0xff, 0xff, 0xff, 0x70, 0x02, 0xf8, 0x55, 0xca, 0x25, 0x57, 0xf8, 0x55, 0x5f, 0x60, 0x02, 0xf4,
    0x00, 0xba, 0x00, 0x07, 0xf1, 0x00, 0x2f, 0x40, 0x02, 0xf4, 0x00, 0xba, 0x00, 0x1e, 0xb0, 0x00,
    0x4f, 0x30, 0x02, 0xf4, 0x00, 0xba, 0x02, 0xce, 0x31, 0x32, 0x9f, 0x10, 0x02, 0xf7, 0x55, 0xca,
    0x9f, 0xe3, 0x00, 0xef, 0xe8, 0x00, 0x02, 0xff, 0xff, 0xfa, 0x66, 0x10, 0x00, 0x01, 0x00, 0x00,
    0x02, 0xf4, 0x00, 0xba, 0x0d, 0xff, 0xff, 0xff, 0xfd, 0x00, 0x02, 0xf4, 0x00, 0xba, 0x0d, 0xa4,
    0x44, 0x44, 0xad, 0x00, 0x02, 0xf4, 0x00, 0xba, 0x0d, 0x80, 0x00, 0x00, 0x9d, 0x00, 0x02, 0xf4,
    0x00, 0xba, 0x0d, 0x80, 0x00, 0x00, 0x9d, 0x00, 0x02, 0xff, 0xff, 0xfa, 0x0d, 0xa4, 0x44, 0x44,
    0xad, 0x00, 0x02, 0xf8, 0x66, 0x64, 0x0d, 0xff, 0xff, 0xff, 0xfd, 0x00, 0x01, 0x64, 0x10, 0x00,
    0x00, 0x00, 0x00, 0x01, 0x40, 0x00, 0x00, 0x1e, 0xa0, 0x1a, 0x30, 0x0b, 0xa0, 0x09, 0xf2, 0x00,
    0x00, 0x7f, 0x30, 0x1f, 0x60, 0x08, 0xf1, 0x01, 0xeb, 0x00, 0x02, 0xeb, 0x00, 0x0e, 0x80, 0x03,
    0xf5, 0x00, 0x6f, 0x50, 0x0b, 0xe2, 0x00, 0x0d, 0x90, 0x00, 0xe9, 0x00, 0x0d, 0xc0, 0x06, 0x60,
    0x00, 0x06, 0x40, 0x00, 0x53, 0x00, 0x05, 0x50,
    /* U+7236 "父" */
    0x00, 0x00, 0x00, 0xb8, 0x00, 0x00, 0x8a, 0x00, 0x00, 0x00, 0x00, 0x00, 0x07, 0xf5, 0x00, 0x00,
    0x6f, 0xa0, 0x00, 0x00, 0x00, 0x00, 0x4f, 0x90, 0x00, 0x00, 0x07, 0xfb, 0x00, 0x00, 0x00, 0x03,
    0xed, 0x10, 0x00, 0x00, 0x00, 0x7f, 0xb0, 0x00, 0x00, 0x4e, 0xe3, 0x00, 0x00, 0x00, 0x00, 0x08,
    0xf9, 0x00, 0x05, 0xfe, 0x31, 0x30, 0x00, 0x00, 0x04, 0x40, 0xbf, 0x60, 0x04, 0xd3, 0x0a, 0xe1,
    0x00, 0x00, 0x0e, 0xd0, 0x1d, 0x50, 0x00, 0x10, 0x04, 0xf7, 0x00, 0x00, 0x6f, 0x60, 0x00, 0x00,
    0x00, 0x00, 0x00, 0xcd, 0x00, 0x00, 0xce, 0x00, 0x00, 0x00, 0x00, 0x00, 0x00, 0x4f, 0x90, 0x07,
    0xf7, 0x00, 0x00, 0x00, 0x00, 0x00, 0x00, 0x09, 0xf5, 0x3f, 0xc0, 0x00, 0x00, 0x00, 0x00, 0x00,
    0x00, 0x01, 0xde, 0xde, 0x20, 0x00, 0x00, 0x00, 0x00, 0x00, 0x00, 0x00, 0x5f, 0xf7, 0x00, 0x00,
    0x00, 0x00, 0x00, 0x00, 0x00, 0x05, 0xef, 0xff, 0x70, 0x00, 0x00, 0x00, 0x00, 0x00, 0x01, 0xaf,
    0xd3, 0x3c, 0xfc, 0x20, 0x00, 0x00, 0x00, 0x03, 0x8e, 0xf9, 0x10, 0x00, 0x9f, 0xfa, 0x50, 0x00,
    0x16, 0xcf, 0xfc, 0x40, 0x00, 0x00, 0x04, 0xbf, 0xfe, 0x91, 0x1d, 0xe9, 0x30, 0x00, 0x00, 0x00,
    0x00, 0x02, 0x8d, 0xb0, 0x02, 0x10, 0x00, 0x00, 0x00, 0x00, 0x00, 0x00, 0x00, 0x10,
    /* U+7247 "片" */
    0x00, 0x00, 0x10, 0x00, 0x00, 0x29, 0x40, 0x00, 0x00, 0x00, 0x00, 0x6f, 0x20, 0x00, 0x03, 0xf6,
    0x00, 0x00, 0x00, 0x00, 0x06, 0xf2, 0x00, 0x00, 0x3f, 0x60, 0x00, 0x00, 0x00, 0x00, 0x6f, 0x20,
    0x00, 0x03, 0xf6, 0x00, 0x00, 0x00, 0x00, 0x06, 0xf2, 0x00, 0x00, 0x3f, 0x60, 0x00, 0x00, 0x00,
    0x00, 0x6f, 0x20, 0x00, 0x03, 0xf6, 0x00, 0x00, 0x00, 0x00, 0x06, 0xff, 0xff, 0xff, 0xff, 0xff,
    0xff, 0xff, 0x10, 0x00, 0x6f, 0x98, 0x88, 0x88, 0x88, 0x88, 0x88, 0x80, 0x00, 0x06, 0xf2, 0x00,
    0x00, 0x00, 0x00, 0x00, 0x00, 0x00, 0x00, 0x7f, 0x20, 0x00, 0x00, 0x00, 0x00, 0x00, 0x00, 0x00,
    0x07, 0xf1, 0x00, 0x00, 0x00, 0x00, 0x00, 0x00, 0x00, 0x00, 0x9f, 0xff, 0xff, 0xff, 0xff, 0xff,
    0x00, 0x00, 0x00, 0x0b, 0xe8, 0x88, 0x88, 0x88, 0x8d, 0xf0, 0x00, 0x00, 0x00, 0xdb, 0x00, 0x00,
    0x00, 0x00, 0xaf, 0x00, 0x00, 0x00, 0x2f, 0x80, 0x00, 0x00, 0x00, 0x0a, 0xf0, 0x00, 0x00, 0x08,
    0xf4, 0x00, 0x00, 0x00, 0x00, 0xaf, 0x00, 0x00, 0x01, 0xdd, 0x00, 0x00, 0x00, 0x00, 0x0a, 0xf0,
    0x00, 0x00, 0x9f, 0x60, 0x00, 0x00, 0x00, 0x00, 0xaf, 0x00, 0x00, 0x1f, 0xc0, 0x00, 0x00, 0x00,
    0x00, 0x0a, 0xf0, 0x00, 0x00, 0x52, 0x00, 0x00, 0x00, 0x00, 0x00, 0x7a, 0x00, 0x00,
    /* U+7259 "牙" */
    0x00, 0x47, 0x77, 0x77, 0x77, 0x77, 0x77, 0x77, 0x76, 0x00, 0x09, 0xff, 0xff, 0xff, 0xff, 0xff,
    0xff, 0xff, 0xd0, 0x00, 0x00, 0x00, 0x00, 0x00, 0x00, 0x4f, 0x40, 0x00, 0x00, 0x00, 0x0d, 0x90,
    0x00, 0x00, 0x04, 0xf4, 0x00, 0x00, 0x00, 0x02, 0xf6, 0x00, 0x00, 0x00, 0x4f, 0x40, 0x00, 0x00,
    0x00, 0x5f, 0x20, 0x00, 0x00, 0x04, 0xf4, 0x00, 0x00, 0x00, 0x09, 0xe0, 0x00, 0x00, 0x00, 0x4f,
    0x40, 0x00, 0x00, 0x00, 0xdd, 0x77, 0x77, 0x77, 0x79, 0xf9, 0x77, 0x75, 0x00, 0x3f, 0xff, 0xff,
    0xff, 0xff, 0xff, 0xff, 0xff, 0xc0, 0x00, 0x00, 0x00, 0x00, 0x08, 0xfa, 0xf4, 0x00, 0x00, 0x00,
    0x00, 0x00, 0x00, 0x08, 0xf8, 0x4f, 0x40, 0x00, 0x00, 0x00, 0x00, 0x00, 0x09, 0xfa, 0x04, 0xf4,
    0x00, 0x00, 0x00, 0x00, 0x00, 0x2c, 0xf8, 0x00, 0x4f, 0x40, 0x00, 0x00, 0x00, 0x00, 0x5e, 0xf6,
    0x00, 0x04, 0xf4, 0x00, 0x00, 0x00, 0x02, 0xbf, 0xd3, 0x00, 0x00, 0x4f, 0x40, 0x00, 0x00, 0x4a,
    0xff, 0x80, 0x00, 0x00, 0x04, 0xf4, 0x00, 0x00, 0x0b, 0xfa, 0x20, 0x00, 0x00, 0x00, 0x5f, 0x30,
    0x00, 0x00, 0x12, 0x00, 0x00, 0x00, 0x7f, 0xef, 0xe1, 0x00, 0x00, 0x00, 0x00, 0x00, 0x00, 0x02,
    0x87, 0x62, 0x00, 0x00, 0x00,
    /* U+725B "牛" */
    0x00, 0x01, 0x00, 0x00, 0x6a, 0x00, 0x00, 0x00, 0x00, 0x00, 0x09, 0xe1, 0x00, 0x8f, 0x00, 0x00,
    0x00, 0x00, 0x00, 0x0e, 0xb0, 0x00, 0x8f, 0x00, 0x00, 0x00, 0x00, 0x00, 0x5f, 0x50, 0x00, 0x8f,
    0x00, 0x00, 0x00, 0x00, 0x00, 0xbf, 0xff, 0xff, 0xff, 0xff, 0xff, 0xff, 0xd0, 0x03, 0xfa, 0x77,
    0x77, 0xcf, 0x77, 0x77, 0x77, 0x60, 0x0b, 0xe1, 0x00, 0x00, 0x8f, 0x00, 0x00, 0x00, 0x00, 0x5f,
    0x80, 0x00, 0x00, 0x8f, 0x00, 0x00, 0x00, 0x00, 0x9d, 0x10, 0x00, 0x00, 0x8f, 0x00, 0x00, 0x00,
    0x00, 0x02, 0x00, 0x00, 0x00, 0x8f, 0x00, 0x00, 0x00, 0x00, 0x00, 0x00, 0x00, 0x00, 0x8f, 0x00,
    0x00, 0x00, 0x00, 0xff, 0xff, 0xff, 0xff, 0xff, 0xff, 0xff, 0xff, 0xff, 0x77, 0x77, 0x77, 0x77,
    0xcf, 0x77, 0x77, 0x77, 0x77, 0x00, 0x00, 0x00, 0x00, 0x8f, 0x00, 0x00, 0x00, 0x00, 0x00, 0x00,
    0x00, 0x00, 0x8f, 0x00, 0x00, 0x00, 0x00, 0x00, 0x00, 0x00, 0x00, 0x8f, 0x00, 0x00, 0x00, 0x00,
    0x00, 0x00, 0x00, 0x00, 0x8f, 0x00, 0x00, 0x00, 0x00, 0x00, 0x00, 0x00, 0x00, 0x8f, 0x00, 0x00,
    0x00, 0x00, 0x00, 0x00, 0x00, 0x00, 0x8f, 0x00, 0x00, 0x00, 0x00, 0x00, 0x00, 0x00, 0x00, 0x6a,
    0x00, 0x00, 0x00, 0x00,
    /* U+7269 "物" */
    0x00, 0x00, 0x58, 0x00, 0x00, 0x47, 0x00, 0x00, 0x00, 0x00, 0x16, 0x18, 0xc0, 0x00, 0x0a, 0xc0,
    0x00, 0x00, 0x00, 0x03, 0xf2, 0x8c, 0x00, 0x00, 0xe8, 0x00, 0x00, 0x00, 0x00, 0x5f, 0x08, 0xc0,
    0x00, 0x4f, 0x40, 0x00, 0x00, 0x00, 0x07, 0xe7, 0xbe, 0x76, 0x09, 0xff, 0xff, 0xff, 0xff, 0xf0,
    0x9f, 0xff, 0xff, 0xd1, 0xea, 0x6d, 0xb6, 0xdb, 0xbe, 0x0d, 0x70, 0x8c, 0x00, 0x7e, 0x11, 0xf4,
    0x1f, 0x58, 0xd2, 0xf4, 0x08, 0xc0, 0x2e, 0x80, 0x6e, 0x04, 0xf1, 0x9c, 0x3d, 0x00, 0x8c, 0x09,
    0xd1, 0x0c, 0x90, 0x8d, 0x0a, 0xc0, 0x00, 0x08, 0xc0, 0x23, 0x04, 0xf3, 0x0c, 0x90, 0xbb, 0x00,
    0x00, 0x9e, 0xcf, 0x40, 0xbb, 0x03, 0xf3, 0x0c, 0xa0, 0x49, 0xdf, 0xfa, 0x51, 0x6f, 0x30, 0x9d,
    0x00, 0xd9, 0x3f, 0xfa, 0xbc, 0x00, 0x2e, 0x90, 0x0e, 0x70, 0x0e, 0x70, 0x51, 0x08, 0xc0, 0x1d,
    0xd1, 0x07, 0xf2, 0x01, 0xf6, 0x00, 0x00, 0x8c, 0x02, 0xb2, 0x01, 0xe8, 0x00, 0x2f, 0x50, 0x00,
    0x08, 0xc0, 0x00, 0x00, 0xae, 0x10, 0x05, 0xf3, 0x00, 0x00, 0x8c, 0x00, 0x00, 0x6f, 0x70, 0x00,
    0x8f, 0x00, 0x00, 0x08, 0xc0, 0x00, 0x6f, 0xa0, 0x10, 0x2d, 0xc0, 0x00, 0x00, 0x8c, 0x00, 0x1d,
    0xb0, 0x0a, 0xff, 0xf5, 0x00, 0x00, 0x06, 0x80, 0x00, 0x11, 0x00, 0x37, 0x63, 0x00,
    /* U+72AC "犬" */
    0x00, 0x00, 0x00, 0x00, 0x08, 0x80, 0x00, 0x00, 0x00, 0x00, 0x00, 0x00, 0x00, 0x00, 0x0c, 0xb0,
    0x2d, 0x60, 0x00, 0x00, 0x00, 0x00, 0x00, 0x00, 0x0d, 0xb0, 0x09, 0xf9, 0x00, 0x00, 0x00, 0x00,
    0x00, 0x00, 0x0d, 0xa0, 0x00, 0x6f, 0xb1, 0x00, 0x00, 0x00, 0x00, 0x00, 0x0e, 0x90, 0x00, 0x05,
    0xf5, 0x00, 0x00, 0x00, 0x00, 0x00, 0x0f, 0x90, 0x00, 0x00, 0x20, 0x00, 0x07, 0x88, 0x88, 0x88,
    0x8f, 0xc8, 0x88, 0x88, 0x88, 0x70, 0x0e, 0xff, 0xff, 0xff, 0xff, 0xff, 0xff, 0xff, 0xff, 0xe0,
    0x00, 0x00, 0x00, 0x00, 0x7f, 0xf6, 0x00, 0x00, 0x00, 0x00, 0x00, 0x00, 0x00, 0x00, 0xbe, 0xdb,
    0x00, 0x00, 0x00, 0x00, 0x00, 0x00, 0x00, 0x00, 0xea, 0x7f, 0x20, 0x00, 0x00, 0x00, 0x00, 0x00,
    0x00, 0x06, 0xf5, 0x2f, 0x80, 0x00, 0x00, 0x00, 0x00, 0x00, 0x00, 0x0d, 0xe1, 0x0a, 0xf3, 0x00,
    0x00, 0x00, 0x00, 0x00, 0x00, 0x7f, 0x70, 0x02, 0xfb, 0x00, 0x00, 0x00, 0x00, 0x00, 0x04, 0xfd,
    0x00, 0x00, 0x8f, 0x70, 0x00, 0x00, 0x00, 0x00, 0x3e, 0xe3, 0x00, 0x00, 0x0d, 0xf7, 0x00, 0x00,
    0x00, 0x04, 0xef, 0x40, 0x00, 0x00, 0x02, 0xdf, 0x80, 0x00, 0x02, 0x9f, 0xe5, 0x00, 0x00, 0x00,
    0x00, 0x2d, 0xfd, 0x50, 0x0d, 0xfc, 0x20, 0x00, 0x00, 0x00, 0x00, 0x01, 0x9f, 0xe2, 0x03, 0x50,
    0x00, 0x00, 0x00, 0x00, 0x00, 0x00, 0x03, 0x40,
    /* U+72D7 "狗" */
    0x01, 0x20, 0x02, 0x30, 0x00, 0x72, 0x00, 0x00, 0x00, 0x00, 0xbd, 0x20, 0xae, 0x10, 0x4f, 0x40,
    0x00, 0x00, 0x00, 0x02, 0xdc, 0x5f, 0x70, 0x0a, 0xe0, 0x00, 0x00, 0x00, 0x00, 0x03, 0xff, 0xc0,
    0x01, 0xec, 0x66, 0x66, 0x66, 0x63, 0x00, 0x1d, 0xf4, 0x00, 0x6f, 0xff, 0xff, 0xff, 0xff, 0x80,
    0x1c, 0xee, 0x80, 0x0d, 0xb0, 0x00, 0x00, 0x00, 0xe8, 0x1d, 0xe4, 0xad, 0x07, 0xf3, 0x00, 0x00,
    0x00, 0x0e, 0x70, 0x83, 0x06, 0xf4, 0xfb, 0x44, 0x44, 0x43, 0x00, 0xf7, 0x00, 0x00, 0x4f, 0x5a,
    0x4f, 0xff, 0xff, 0xa0, 0x0f, 0x60, 0x00, 0x0c, 0xf5, 0x03, 0xf3, 0x00, 0xaa, 0x01, 0xf6, 0x00,
    0x08, 0xff, 0x60, 0x3f, 0x30, 0x0a, 0xa0, 0x1f, 0x50, 0x05, 0xf7, 0xf7, 0x03, 0xf3, 0x00, 0xaa,
    0x02, 0xf5, 0x05, 0xfa, 0x0f, 0x60, 0x3f, 0x30, 0x0a, 0xa0, 0x3f, 0x40, 0xdb, 0x11, 0xf6, 0x03,
    0xff, 0xff, 0xfa, 0x04, 0xf3, 0x02, 0x10, 0x1f, 0x50, 0x3f, 0x75, 0x55, 0x30, 0x5f, 0x20, 0x00,
    0x03, 0xf4, 0x02, 0xe3, 0x00, 0x00, 0x07, 0xf1, 0x00, 0x00, 0x5f, 0x20, 0x00, 0x00, 0x00, 0x00,
    0xae, 0x00, 0x00, 0x0b, 0xe0, 0x00, 0x00, 0x00, 0x10, 0x1e, 0xb0, 0x08, 0xef, 0xf7, 0x00, 0x00,
    0x00, 0x3f, 0xff, 0xf5, 0x00, 0x27, 0x63, 0x00, 0x00, 0x00, 0x00, 0x67, 0x63, 0x00,
    /* U+732B "猫" */
    0x00, 0x00, 0x00, 0x00, 0x02, 0x92, 0x00, 0x29, 0x20, 0x00, 0x5d, 0x10, 0x99, 0x00, 0x3f, 0x30,
    0x04, 0xf3, 0x00, 0x01, 0xdc, 0x5f, 0x70, 0x03, 0xf3, 0x00, 0x4f, 0x30, 0x00, 0x03, 0xff, 0xb0,
    0x55, 0x7f, 0x75, 0x58, 0xf7, 0x55, 0x00, 0x1d, 0xf4, 0x1f, 0xff, 0xff, 0xff, 0xff, 0xff, 0xe0,
    0x2d, 0xee, 0x80, 0x00, 0x3f, 0x30, 0x04, 0xf3, 0x00, 0x1d, 0xe4, 0xbd, 0x00, 0x03, 0xf3, 0x00,
    0x4f, 0x30, 0x00, 0x93, 0x07, 0xf1, 0x00, 0x00, 0x00, 0x00, 0x00, 0x00, 0x00, 0x00, 0x5f, 0x41,
    0x55, 0x55, 0x55, 0x55, 0x55, 0x10, 0x00, 0x1d, 0xf5, 0x3f, 0xff, 0xff, 0xff, 0xff, 0xf3, 0x00,
    0x09, 0xef, 0x53, 0xf3, 0x00, 0xba, 0x00, 0x4f, 0x30, 0x06, 0xf5, 0xf6, 0x3f, 0x30, 0x0b, 0xa0,
    0x04, 0xf3, 0x07, 0xf8, 0x0f, 0x73, 0xf7, 0x55, 0xcb, 0x55, 0x7f, 0x31, 0xd9, 0x01, 0xf6, 0x3f,
    0xff, 0xff, 0xff, 0xff, 0xf3, 0x01, 0x00, 0x2f, 0x53, 0xf3, 0x00, 0xba, 0x00, 0x4f, 0x30, 0x00,
    0x03, 0xf4, 0x3f, 0x30, 0x0b, 0xa0, 0x04, 0xf3, 0x00, 0x00, 0x6f, 0x23, 0xf3, 0x00, 0xba, 0x00,
    0x4f, 0x30, 0x00, 0x0b, 0xe0, 0x3f, 0xff, 0xff, 0xff, 0xff, 0xf3, 0x04, 0xef, 0xf7, 0x03, 0xf7,
    0x55, 0x55, 0x55, 0x8f, 0x30, 0x07, 0x64, 0x00, 0x18, 0x10, 0x00, 0x00, 0x02, 0x61,
    /* U+73B0 "现" */
    0x00, 0x00, 0x00, 0x00, 0x25, 0x55, 0x55, 0x55, 0x53, 0x00, 0x0e, 0xff, 0xff, 0xfb, 0x5f, 0xff,
    0xff, 0xff, 0xf9, 0x00, 0x06, 0x68, 0xf8, 0x64, 0x5f, 0x10, 0x00, 0x00, 0xd9, 0x00, 0x00, 0x03,
    0xf3, 0x00, 0x5f, 0x10, 0x23, 0x00, 0xd9, 0x00, 0x00, 0x03, 0xf3, 0x00, 0x5f, 0x10, 0xab, 0x00,
    0xd9, 0x00, 0x00, 0x03, 0xf3, 0x00, 0x5f, 0x10, 0xab, 0x00, 0xd9, 0x00, 0x00, 0x03, 0xf3, 0x00,
    0x5f, 0x10, 0xab, 0x00, 0xd9, 0x00, 0x09, 0xff, 0xff, 0xf5, 0x5f, 0x10, 0xab, 0x00, 0xd9, 0x00,
    0x04, 0x68, 0xf8, 0x62, 0x5f, 0x10, 0xba, 0x00, 0xd9, 0x00, 0x00, 0x03, 0xf3, 0x00, 0x5f, 0x10,
    0xc8, 0x00, 0xd9, 0x00, 0x00, 0x03, 0xf3, 0x00, 0x5f, 0x10, 0xe7, 0x00, 0xd9, 0x00, 0x00, 0x03,
    0xf3, 0x00, 0x3a, 0x13, 0xfc, 0x60, 0x86, 0x00, 0x00, 0x03, 0xf3, 0x00, 0x00, 0x08, 0xed, 0x90,
    0x00, 0x00, 0x00, 0x03, 0xf8, 0xad, 0x00, 0x1e, 0x9c, 0x90, 0x01, 0x30, 0x03, 0x7c, 0xff, 0xd8,
    0x00, 0x9e, 0x2c, 0x90, 0x03, 0xf1, 0x1f, 0xfc, 0x72, 0x00, 0x07, 0xf6, 0x0c, 0x90, 0x04, 0xf0,
    0x05, 0x10, 0x00, 0x01, 0x9f, 0x80, 0x0c, 0xa0, 0x07, 0xc0, 0x00, 0x00, 0x00, 0x2d, 0xf7, 0x00,
    0x08, 0xff, 0xff, 0x60, 0x00, 0x00, 0x00, 0x07, 0x20, 0x00, 0x00, 0x12, 0x21, 0x00,
    /* U+751F "生" */
    0x00, 0x01, 0x20, 0x00, 0x78, 0x00, 0x00, 0x00, 0x00, 0x00, 0x08, 0xf2, 0x00, 0xbc, 0x00, 0x00,
    0x00, 0x00, 0x00, 0x0d, 0xd0, 0x00, 0xbc, 0x00, 0x00, 0x00, 0x00, 0x00, 0x3f, 0x80, 0x00, 0xbc,
    0x00, 0x00, 0x00, 0x00, 0x00, 0x8f, 0x97, 0x77, 0xdd, 0x77, 0x77, 0x77, 0x70, 0x01, 0xef, 0xff,
    0xff, 0xff, 0xff, 0xff, 0xff, 0xf0, 0x08, 0xf4, 0x00, 0x00, 0xbc, 0x00, 0x00, 0x00, 0x00, 0x3f,
    0xa0, 0x00, 0x00, 0xbc, 0x00, 0x00, 0x00, 0x00, 0xae, 0x20, 0x00, 0x00, 0xbc, 0x00, 0x00, 0x00,
    0x00, 0x02, 0x00, 0x00, 0x00, 0xbc, 0x00, 0x00, 0x00, 0x00, 0x00, 0x57, 0x77, 0x77, 0xdd, 0x77,
    0x77, 0x77, 0x20, 0x00, 0xbf, 0xff, 0xff, 0xff, 0xff, 0xff, 0xff, 0x40, 0x00, 0x00, 0x00, 0x00,
    0xbc, 0x00, 0x00, 0x00, 0x00, 0x00, 0x00, 0x00, 0x00, 0xbc, 0x00, 0x00, 0x00, 0x00, 0x00, 0x00,
    0x00, 0x00, 0xbc, 0x00, 0x00, 0x00, 0x00, 0x00, 0x00, 0x00, 0x00, 0xbc, 0x00, 0x00, 0x00, 0x00,
    0x00, 0x00, 0x00, 0x00, 0xbc, 0x00, 0x00, 0x00, 0x00, 0x67, 0x77, 0x77, 0x77, 0xdd, 0x77, 0x77,
    0x77, 0x77, 0xef, 0xff, 0xff, 0xff, 0xff, 0xff, 0xff, 0xff, 0xff,
    /* U+7528 "用" */
    0x00, 0x0e, 0xff, 0xff, 0xff, 0xff, 0xff, 0xff, 0xfb, 0x00, 0x0e, 0xb7, 0x77, 0x7c, 0xe7, 0x77,
    0x77, 0xdb, 0x00, 0x0e, 0x80, 0x00, 0x0a, 0xd0, 0x00, 0x00, 0xbb, 0x00, 0x0e, 0x80, 0x00, 0x0a,
    0xd0, 0x00, 0x00, 0xbb, 0x00, 0x0e, 0xb6, 0x66, 0x6c, 0xe6, 0x66, 0x66, 0xdb, 0x00, 0x0e, 0xff,
    0xff, 0xff, 0xff, 0xff, 0xff, 0xfb, 0x00, 0x0e, 0x80, 0x00, 0x0a, 0xd0, 0x00, 0x00, 0xbb, 0x00,
    0x0e, 0x80, 0x00, 0x0a, 0xd0, 0x00, 0x00, 0xbb, 0x00, 0x0f, 0x70, 0x00, 0x0a, 0xd0, 0x00, 0x00,
    0xbb, 0x00, 0x0f, 0xa6, 0x66, 0x6c, 0xe6, 0x66, 0x66, 0xdb, 0x00, 0x2f, 0xff, 0xff, 0xff, 0xff,
    0xff, 0xff, 0xfb, 0x00, 0x4f, 0x30, 0x00, 0x0a, 0xd0, 0x00, 0x00, 0xbb, 0x00, 0x7e, 0x00, 0x00,
    0x0a, 0xd0, 0x00, 0x00, 0xbb, 0x00, 0xbb, 0x00, 0x00, 0x0a, 0xd0, 0x00, 0x00, 0xbb, 0x02, 0xf8,
    0x00, 0x00, 0x0a, 0xd0, 0x00, 0x00, 0xbb, 0x0a, 0xf2, 0x00, 0x00, 0x0a, 0xd0, 0x00, 0x00, 0xcb,
    0x2f, 0x90, 0x00, 0x00, 0x0a, 0xd0, 0x4f, 0xef, 0xf7, 0x05, 0x10, 0x00, 0x00, 0x04, 0x50, 0x07,
    0x76, 0x40,
    /* U+7535 "电" */
    0x00, 0x00, 0x00, 0x08, 0x50, 0x00, 0x00, 0x00, 0x00, 0x00, 0x00, 0x00, 0x0f, 0x90, 0x00, 0x00,
    0x00, 0x00, 0x00, 0x00, 0x00, 0x0f, 0x90, 0x00, 0x00, 0x00, 0x00, 0x37, 0x77, 0x77, 0x7f, 0xc7,
    0x77, 0x77, 0x72, 0x00, 0x7f, 0xff, 0xff, 0xff, 0xff, 0xff, 0xff, 0xf4, 0x00, 0x7f, 0x10, 0x00,
    0x0f, 0x90, 0x00, 0x04, 0xf4, 0x00, 0x7f, 0x10, 0x00, 0x0f, 0x90, 0x00, 0x04, 0xf4, 0x00, 0x7f,
    0x10, 0x00, 0x0f, 0x90, 0x00, 0x04, 0xf4, 0x00, 0x7f, 0xff, 0xff, 0xff, 0xff, 0xff, 0xff, 0xf4,
    0x00, 0x7f, 0x76, 0x66, 0x6f, 0xc6, 0x66, 0x68, 0xf4, 0x00, 0x7f, 0x10, 0x00, 0x0f, 0x90, 0x00,
    0x04, 0xf4, 0x00, 0x7f, 0x10, 0x00, 0x0f, 0x90, 0x00, 0x04, 0xf4, 0x00, 0x7f, 0x77, 0x77, 0x7f,
    0xc7, 0x77, 0x79, 0xf4, 0x00, 0x7f, 0xff, 0xff, 0xff, 0xff, 0xff, 0xff, 0xf4, 0x00, 0x7f, 0x10,
    0x00, 0x0f, 0x90, 0x00, 0x00, 0x03, 0x40, 0x36, 0x00, 0x00, 0x0f, 0x90, 0x00, 0x00, 0x05, 0xf3,
    0x00, 0x00, 0x00, 0x0e, 0x90, 0x00, 0x00, 0x07, 0xf1, 0x00, 0x00, 0x00, 0x0d, 0xc1, 0x00, 0x00,
    0x1c, 0xd0, 0x00, 0x00, 0x00, 0x08, 0xff, 0xff, 0xff, 0xff, 0x70, 0x00, 0x00, 0x00, 0x00, 0x57,
    0x88, 0x88, 0x75, 0x00,
    /* U+753A "町" */
    0x9f, 0xff, 0xff, 0xff, 0x26, 0x77, 0x77, 0x77, 0x77, 0x29, 0xc5, 0x9d, 0x57, 0xf2, 0xef, 0xff,
    0xff, 0xff, 0xf3, 0x9a, 0x06, 0xc0, 0x3f, 0x20, 0x00, 0x02, 0xf5, 0x00, 0x09, 0xa0, 0x6c, 0x03,
    0xf2, 0x00, 0x00, 0x2f, 0x50, 0x00, 0x9a, 0x06, 0xc0, 0x3f, 0x20, 0x00, 0x02, 0xf5, 0x00, 0x09,
    0xa0, 0x6c, 0x03, 0xf2, 0x00, 0x00, 0x2f, 0x50, 0x00, 0x9c, 0x59, 0xd5, 0x7f, 0x20, 0x00, 0x02,
    0xf5, 0x00, 0x09, 0xff, 0xff, 0xff, 0xf2, 0x00, 0x00, 0x2f, 0x50, 0x00, 0x9a, 0x06, 0xc0, 0x3f,
    0x20, 0x00, 0x02, 0xf5, 0x00, 0x09, 0xa0, 0x6c, 0x03, 0xf2, 0x00, 0x00, 0x2f, 0x50, 0x00, 0x9a,
    0x06, 0xc0, 0x3f, 0x20, 0x00, 0x02, 0xf5, 0x00, 0x09, 0xa0, 0x6c, 0x03, 0xf2, 0x00, 0x00, 0x2f,
    0x50, 0x00, 0x9a, 0x06, 0xc0, 0x3f, 0x20, 0x00, 0x02, 0xf5, 0x00, 0x09, 0xff, 0xff, 0xff, 0xf2,
    0x00, 0x00, 0x2f, 0x50, 0x00, 0x9c, 0x55, 0x55, 0x55, 0x10, 0x00, 0x02, 0xf5, 0x00, 0x09, 0xa0,
    0x00, 0x00, 0x00, 0x00, 0x00, 0x3f, 0x50, 0x00, 0x00, 0x00, 0x00, 0x00, 0x00, 0xce, 0xef, 0xf2,
    0x00, 0x00, 0x00, 0x00, 0x00, 0x00, 0x04, 0x77, 0x62, 0x00, 0x00,
    /* U+75C5 "病" */
    0x00, 0x00, 0x00, 0x00, 0x00, 0x39, 0x20, 0x00, 0x00, 0x00, 0x00, 0x00, 0x00, 0x00, 0x00, 0x4f,
    0x70, 0x00, 0x00, 0x00, 0x00, 0x00, 0x56, 0x66, 0x66, 0x6f, 0xd6, 0x66, 0x66, 0x61, 0x00, 0x00,
    0xef, 0xff, 0xff, 0xff, 0xff, 0xff, 0xff, 0xf3, 0x06, 0x30, 0xe7, 0x00, 0x00, 0x00, 0x00, 0x00,
    0x00, 0x00, 0x0c, 0xa0, 0xe7, 0x00, 0x00, 0x00, 0x00, 0x00, 0x00, 0x00, 0x05, 0xf2, 0xe7, 0xaf,
    0xff, 0xff, 0xff, 0xff, 0xff, 0xf0, 0x00, 0xe7, 0xe7, 0x35, 0x55, 0x58, 0xf6, 0x55, 0x55, 0x50,
    0x00, 0x96, 0xe7, 0x00, 0x00, 0x04, 0xf2, 0x00, 0x00, 0x00, 0x00, 0x00, 0xe7, 0x14, 0x44, 0x47,
    0xf6, 0x44, 0x44, 0x20, 0x00, 0x00, 0xf6, 0x3f, 0xff, 0xff, 0xff, 0xff, 0xff, 0x60, 0x00, 0x3b,
    0xf5, 0x3f, 0x20, 0x06, 0xf0, 0x00, 0x0f, 0x60, 0x2b, 0xfd, 0xf3, 0x3f, 0x20, 0x0a, 0xf5, 0x00,
    0x0f, 0x60, 0x1d, 0x56, 0xf1, 0x3f, 0x20, 0x2f, 0xaf, 0x60, 0x0f, 0x60, 0x00, 0x0a, 0xd0, 0x3f,
    0x21, 0xcc, 0x05, 0xf6, 0x0f, 0x60, 0x00, 0x0e, 0x80, 0x3f, 0x6e, 0xd2, 0x00, 0x6f, 0x4f, 0x60,
    0x00, 0x6f, 0x30, 0x3f, 0x38, 0x10, 0x00, 0x05, 0x1f, 0x60, 0x02, 0xea, 0x00, 0x3f, 0x20, 0x00,
    0x00, 0x00, 0x1f, 0x60, 0x08, 0xd1, 0x00, 0x3f, 0x20, 0x00, 0x00, 0x7f, 0xff, 0x30, 0x00, 0x20,
    0x00, 0x16, 0x10, 0x00, 0x00, 0x15, 0x52, 0x00,
    /* U+767D "白" */
    0x00, 0x00, 0x00, 0x28, 0x40, 0x00, 0x00, 0x00, 0x00, 0x00, 0x00, 0x7f, 0x70, 0x00, 0x00, 0x00,
    0x00, 0x00, 0x00, 0xbf, 0x10, 0x00, 0x00, 0x00, 0x00, 0x00, 0x01, 0xfa, 0x00, 0x00, 0x00, 0x00,
    0x2f, 0xff, 0xff, 0xff, 0xff, 0xff, 0xff, 0xf2, 0x2f, 0xb8, 0x88, 0x88, 0x88, 0x88, 0x8b, 0xf2,
    0x2f, 0x60, 0x00, 0x00, 0x00, 0x00, 0x06, 0xf2, 0x2f, 0x60, 0x00, 0x00, 0x00, 0x00, 0x06, 0xf2,
    0x2f, 0x60, 0x00, 0x00, 0x00, 0x00, 0x06, 0xf2, 0x2f, 0x60, 0x00, 0x00, 0x00, 0x00, 0x06, 0xf2,
    0x2f, 0xff, 0xff, 0xff, 0xff, 0xff, 0xff, 0xf2, 0x2f, 0xa7, 0x77, 0x77, 0x77, 0x77, 0x7a, 0xf2,
    0x2f, 0x60, 0x00, 0x00, 0x00, 0x00, 0x06, 0xf2, 0x2f, 0x60, 0x00, 0x00, 0x00, 0x00, 0x06, 0xf2,
    0x2f, 0x60, 0x00, 0x00, 0x00, 0x00, 0x06, 0xf2, 0x2f, 0x60, 0x00, 0x00, 0x00, 0x00, 0x06, 0xf2,
    0x2f, 0xa7, 0x77, 0x77, 0x77, 0x77, 0x7b, 0xf2, 0x2f, 0xff, 0xff, 0xff, 0xff, 0xff, 0xff, 0xf2,
    0x2f, 0x60, 0x00, 0x00, 0x00, 0x00, 0x06, 0xf2, 0x19, 0x30, 0x00, 0x00, 0x00, 0x00, 0x03, 0x81,
    /* U+767E "百" */
    0x57, 0x77, 0x77, 0x77, 0x77, 0x77, 0x77, 0x77, 0x75, 0xbf, 0xff, 0xff, 0xff, 0xff, 0xff, 0xff,
    0xff, 0xfb, 0x00, 0x00, 0x00, 0x02, 0xf9, 0x00, 0x00, 0x00, 0x00, 0x00, 0x00, 0x00, 0x05, 0xf5,
    0x00, 0x00, 0x00, 0x00, 0x00, 0x00, 0x00, 0x08, 0xf1, 0x00, 0x00, 0x00, 0x00, 0x00, 0x7f, 0xff,
    0xff, 0xff, 0xff, 0xff, 0xfb, 0x00, 0x00, 0x7f, 0x76, 0x66, 0x66, 0x66, 0x66, 0xdb, 0x00, 0x00,
    0x7f, 0x10, 0x00, 0x00, 0x00, 0x00, 0xcb, 0x00, 0x00, 0x7f, 0x10, 0x00, 0x00, 0x00, 0x00, 0xcb,
    0x00, 0x00, 0x7f, 0x10, 0x00, 0x00, 0x00, 0x00, 0xcb, 0x00, 0x00, 0x7f, 0x66, 0x66, 0x66, 0x66,
    0x66, 0xdb, 0x00, 0x00, 0x7f, 0xff, 0xff, 0xff, 0xff, 0xff, 0xfb, 0x00, 0x00, 0x7f, 0x10, 0x00,
    0x00, 0x00, 0x00, 0xcb, 0x00, 0x00, 0x7f, 0x10, 0x00, 0x00, 0x00, 0x00, 0xcb, 0x00, 0x00, 0x7f,
    0x10, 0x00, 0x00, 0x00, 0x00, 0xcb, 0x00, 0x00, 0x7f, 0x10, 0x00, 0x00, 0x00, 0x00, 0xcb, 0x00,
    0x00, 0x7f, 0xff, 0xff, 0xff, 0xff, 0xff, 0xfb, 0x00, 0x00, 0x7f, 0x76, 0x66, 0x66, 0x66, 0x66,
    0xdb, 0x00, 0x00, 0x5b, 0x00, 0x00, 0x00, 0x00, 0x00, 0x98, 0x00,
    /* U+7684 "的" */
    0x00, 0x03, 0x92, 0x00, 0x00, 0x29, 0x20, 0x00, 0x00, 0x00, 0x07, 0xf2, 0x00, 0x00, 0x6f, 0x20,
    0x00, 0x00, 0x00, 0x0b, 0xb0, 0x00, 0x00, 0xbd, 0x00, 0x00, 0x00, 0x15, 0x5e, 0xa5, 0x53, 0x01,
    0xfc, 0x66, 0x66, 0x63, 0x4f, 0xff, 0xff, 0xfa, 0x05, 0xff, 0xff, 0xff, 0xf8, 0x4f, 0x20, 0x00,
    0xaa, 0x0c, 0xc0, 0x00, 0x00, 0xe8, 0x4f, 0x20, 0x00, 0xaa, 0x4f, 0x50, 0x00, 0x00, 0xe7, 0x4f,
    0x20, 0x00, 0xab, 0xdd, 0x00, 0x00, 0x00, 0xf7, 0x4f, 0x20, 0x00, 0xaa, 0x75, 0x23, 0x00, 0x00,
    0xf6, 0x4f, 0x65, 0x55, 0xca, 0x00, 0xbd, 0x10, 0x01, 0xf5, 0x4f, 0xff, 0xff, 0xfa, 0x00, 0x2e,
    0x90, 0x01, 0xf5, 0x4f, 0x20, 0x00, 0xaa, 0x00, 0x06, 0xf4, 0x02, 0xf4, 0x4f, 0x20, 0x00, 0xaa,
    0x00, 0x00, 0xcd, 0x13, 0xf3, 0x4f, 0x20, 0x00, 0xaa, 0x00, 0x00, 0x3b, 0x14, 0xf2, 0x4f, 0x20,
    0x00, 0xaa, 0x00, 0x00, 0x00, 0x05, 0xf1, 0x4f, 0x20, 0x00, 0xaa, 0x00, 0x00, 0x00, 0x07, 0xe0,
    0x4f, 0xff, 0xff, 0xfa, 0x00, 0x00, 0x00, 0x0a, 0xc0, 0x4f, 0x76, 0x66, 0x64, 0x00, 0x01, 0x10,
    0x2e, 0x90, 0x4f, 0x20, 0x00, 0x00, 0x00, 0x0b, 0xff, 0xfe, 0x30, 0x01, 0x00, 0x00, 0x00, 0x00,
    0x02, 0x56, 0x52, 0x00,
    /* U+76EE "目" */
    0x67, 0x77, 0x77, 0x77, 0x77, 0x77, 0x75, 0xdf, 0xff, 0xff, 0xff, 0xff, 0xff, 0xfb, 0xda, 0x00,
    0x00, 0x00, 0x00, 0x00, 0xcb, 0xda, 0x00, 0x00, 0x00, 0x00, 0x00, 0xcb, 0xda, 0x00, 0x00, 0x00,
    0x00, 0x00, 0xcb, 0xdc, 0x77, 0x77, 0x77, 0x77, 0x77, 0xeb, 0xdf, 0xff, 0xff, 0xff, 0xff, 0xff,
    0xfb, 0xda, 0x00, 0x00, 0x00, 0x00, 0x00, 0xcb, 0xda, 0x00, 0x00, 0x00, 0x00, 0x00, 0xcb, 0xda,
    0x00, 0x00, 0x00, 0x00, 0x00, 0xcb, 0xdc, 0x77, 0x77, 0x77, 0x77, 0x77, 0xeb, 0xdf, 0xff, 0xff,
    0xff, 0xff, 0xff, 0xfb, 0xda, 0x00, 0x00, 0x00, 0x00, 0x00, 0xcb, 0xda, 0x00, 0x00, 0x00, 0x00,
    0x00, 0xcb, 0xda, 0x00, 0x00, 0x00, 0x00, 0x00, 0xcb, 0xdc, 0x77, 0x77, 0x77, 0x77, 0x77, 0xeb,
    0xdf, 0xff, 0xff, 0xff, 0xff, 0xff, 0xfb, 0xda, 0x00, 0x00, 0x00, 0x00, 0x00, 0xcb, 0x65, 0x00,
    0x00, 0x00, 0x00, 0x00, 0x65,
    /* U+770B "看" */
    0x00, 0x00, 0x00, 0x00, 0x00, 0x00, 0x00, 0x02, 0x30, 0x00, 0x02, 0x34, 0x45, 0x66, 0x78, 0x9b,
    0xdf, 0xff, 0x20, 0x00, 0x7f, 0xee, 0xed, 0xfe, 0xba, 0x87, 0x53, 0x10, 0x00, 0x00, 0x00, 0x00,
    0x1f, 0x80, 0x00, 0x00, 0x00, 0x00, 0x00, 0x6f, 0xff, 0xff, 0xff, 0xff, 0xff, 0xff, 0xfa, 0x00,
    0x01, 0x33, 0x33, 0xdc, 0x33, 0x33, 0x33, 0x33, 0x20, 0x00, 0x00, 0x00, 0x3f, 0x70, 0x00, 0x00,
    0x00, 0x00, 0x00, 0xcf, 0xff, 0xff, 0xff, 0xff, 0xff, 0xff, 0xff, 0xfc, 0x03, 0x44, 0x48, 0xf9,
    0x44, 0x44, 0x44, 0x44, 0x44, 0x30, 0x00, 0x02, 0xee, 0x43, 0x33, 0x33, 0x33, 0x32, 0x00, 0x00,
    0x00, 0xcf, 0xff, 0xff, 0xff, 0xff, 0xff, 0xd0, 0x00, 0x01, 0xbf, 0xea, 0x00, 0x00, 0x00, 0x00,
    0xad, 0x00, 0x03, 0xdf, 0x6c, 0xff, 0xff, 0xff, 0xff, 0xff, 0xd0, 0x02, 0xff, 0x50, 0xca, 0x11,
    0x11, 0x11, 0x11, 0xad, 0x00, 0x0a, 0x40, 0x0c, 0xa0, 0x00, 0x00, 0x00, 0x0a, 0xd0, 0x00, 0x00,
    0x00, 0xcf, 0xff, 0xff, 0xff, 0xff, 0xfd, 0x00, 0x00, 0x00, 0x0c, 0xa1, 0x11, 0x11, 0x11, 0x1a,
    0xd0, 0x00, 0x00, 0x00, 0xcb, 0x33, 0x33, 0x33, 0x33, 0xbd, 0x00, 0x00, 0x00, 0x0c, 0xff, 0xff,
    0xff, 0xff, 0xff, 0xd0, 0x00, 0x00, 0x00, 0xa8, 0x00, 0x00, 0x00, 0x00, 0x8a, 0x00,
    /* U+771F "真" */
    0x00, 0x00, 0x00, 0x00, 0x78, 0x00, 0x00, 0x00, 0x00, 0x00, 0x00, 0x00, 0x00, 0xbc, 0x00, 0x00,
    0x00, 0x00, 0x5f, 0xff, 0xff, 0xff, 0xff, 0xff, 0xff, 0xff, 0xf6, 0x14, 0x44, 0x44, 0x44, 0xf9,
    0x44, 0x44, 0x44, 0x42, 0x00, 0x01, 0x11, 0x12, 0xf6, 0x11, 0x11, 0x10, 0x00, 0x00, 0x0f, 0xff,
    0xff, 0xff, 0xff, 0xff, 0xf1, 0x00, 0x00, 0x0f, 0x70, 0x00, 0x00, 0x00, 0x07, 0xf1, 0x00, 0x00,
    0x0f, 0xff, 0xff, 0xff, 0xff, 0xff, 0xf1, 0x00, 0x00, 0x0f, 0x70, 0x00, 0x00, 0x00, 0x07, 0xf1,
    0x00, 0x00, 0x0f, 0x70, 0x00, 0x00, 0x00, 0x07, 0xf1, 0x00, 0x00, 0x0f, 0xff, 0xff, 0xff, 0xff,
    0xff, 0xf1, 0x00, 0x00, 0x0f, 0x70, 0x00, 0x00, 0x00, 0x07, 0xf1, 0x00, 0x00, 0x0f, 0xff, 0xff,
    0xff, 0xff, 0xff, 0xf1, 0x00, 0x00, 0x0f, 0x70, 0x00, 0x00, 0x00, 0x07, 0xf1, 0x00, 0xdf, 0xff,
    0xff, 0xff, 0xff, 0xff, 0xff, 0xff, 0xfd, 0x34, 0x44, 0x45, 0x44, 0x44, 0x46, 0x54, 0x44, 0x44,
    0x00, 0x00, 0x6e, 0xc1, 0x00, 0x0c, 0xfa, 0x40, 0x00, 0x02, 0x7d, 0xfb, 0x20, 0x00, 0x01, 0x7d,
    0xfc, 0x50, 0x8f, 0xfa, 0x40, 0x00, 0x00, 0x00, 0x00, 0x5d, 0xf9, 0x17, 0x10, 0x00, 0x00, 0x00,
    0x00, 0x00, 0x00, 0x61,
    /* U+773C "眼" */
    0x35, 0x55, 0x55, 0x04, 0xff, 0xff, 0xff, 0xff, 0xd0, 0x08, 0xff, 0xff, 0xf0, 0x4f, 0x75, 0x55,
    0x55, 0xbd, 0x00, 0x8c, 0x00, 0x4f, 0x04, 0xf3, 0x00, 0x00, 0x09, 0xd0, 0x08, 0xc0, 0x04, 0xf0,
    0x4f, 0x30, 0x00, 0x00, 0x9d, 0x00, 0x8c, 0x00, 0x4f, 0x04, 0xff, 0xff, 0xff, 0xff, 0xd0, 0x08,
    0xff, 0xff, 0xf0, 0x4f, 0x64, 0x44, 0x44, 0xad, 0x00, 0x8d, 0x55, 0x8f, 0x04, 0xf3, 0x00, 0x00,
    0x09, 0xd0, 0x08, 0xc0, 0x04, 0xf0, 0x4f, 0x30, 0x00, 0x00, 0x9d, 0x00, 0x8c, 0x00, 0x4f, 0x04,
    0xff, 0xff, 0xff, 0xff, 0xd0, 0x08, 0xd4, 0x47, 0xf0, 0x4f, 0x75, 0xbd, 0x55, 0x54, 0x00, 0x8f,
    0xff, 0xff, 0x04, 0xf3, 0x05, 0xf1, 0x00, 0x86, 0x08, 0xc0, 0x04, 0xf0, 0x4f, 0x30, 0x1f, 0x61,
    0xbf, 0x70, 0x8c, 0x00, 0x4f, 0x04, 0xf3, 0x00, 0xad, 0xdd, 0x30, 0x08, 0xd5, 0x58, 0xf0, 0x4f,
    0x30, 0x03, 0xfb, 0x10, 0x00, 0x8f, 0xff, 0xff, 0x04, 0xf3, 0x00, 0x0b, 0xe3, 0x00, 0x08, 0xc0,
    0x00, 0x00, 0x4f, 0x30, 0x35, 0x2e, 0xd2, 0x00, 0x7b, 0x00, 0x00, 0x07, 0xfb, 0xef, 0xc0, 0x4f,
    0xe6, 0x00, 0x00, 0x00, 0x00, 0xdf, 0xe9, 0x51, 0x00, 0x4d, 0xd1, 0x00, 0x00, 0x00, 0x05, 0x40,
    0x00, 0x00, 0x00, 0x13, 0x00,
    /* U+775B "睛" */
    0x00, 0x00, 0x00, 0x00, 0x00, 0x07, 0x70, 0x00, 0x00, 0x03, 0x55, 0x55, 0x30, 0x00, 0x00, 0xbb,
    0x00, 0x00, 0x00, 0x8f, 0xff, 0xfa, 0x3f, 0xff, 0xff, 0xff, 0xff, 0xf8, 0x08, 0xc0, 0x0b, 0xa0,
    0x33, 0x33, 0xbc, 0x33, 0x33, 0x10, 0x8c, 0x00, 0xba, 0x01, 0x11, 0x1b, 0xb1, 0x11, 0x10, 0x08,
    0xc0, 0x0b, 0xa0, 0xaf, 0xff, 0xff, 0xff, 0xff, 0x10, 0x8f, 0xff, 0xfa, 0x00, 0x00, 0x0b, 0xb0,
    0x00, 0x00, 0x08, 0xd5, 0x5c, 0xab, 0xff, 0xff, 0xff, 0xff, 0xff, 0xf0, 0x8c, 0x00, 0xba, 0x23,
    0x33, 0x33, 0x33, 0x33, 0x33, 0x08, 0xc0, 0x0b, 0xa0, 0x12, 0x22, 0x22, 0x22, 0x21, 0x00, 0x8f,
    0xff, 0xfa, 0x05, 0xff, 0xff, 0xff, 0xff, 0x80, 0x08, 0xd5, 0x5c, 0xa0, 0x5f, 0x10, 0x00, 0x00,
    0xd8, 0x00, 0x8c, 0x00, 0xba, 0x05, 0xff, 0xff, 0xff, 0xff, 0x80, 0x08, 0xc0, 0x0b, 0xa0, 0x5f,
    0x21, 0x11, 0x11, 0xd8, 0x00, 0x8d, 0x55, 0xca, 0x05, 0xf1, 0x00, 0x00, 0x0d, 0x80, 0x08, 0xff,
    0xff, 0xa0, 0x5f, 0xff, 0xff, 0xff, 0xf8, 0x00, 0x8c, 0x00, 0x00, 0x05, 0xf2, 0x11, 0x11, 0x1d,
    0x80, 0x07, 0xb0, 0x00, 0x00, 0x5f, 0x10, 0x00, 0x00, 0xd8, 0x00, 0x00, 0x00, 0x00, 0x05, 0xf1,
    0x00, 0x1e, 0xff, 0x50, 0x00, 0x00, 0x00, 0x00, 0x14, 0x00, 0x00, 0x33, 0x10, 0x00,
    /* U+7761 "睡" */
    0x00, 0x00, 0x00, 0x00, 0x00, 0x00, 0x00, 0x14, 0x00, 0x03, 0x55, 0x55, 0x20, 0x45, 0x68, 0x9b,
    0xdf, 0xf7, 0x00, 0x7f, 0xff, 0xf6, 0x0d, 0xed, 0xce, 0xe8, 0x63, 0x10, 0x07, 0xb0, 0x0d, 0x60,
    0x00, 0x00, 0x9c, 0x00, 0x00, 0x00, 0x7b, 0x00, 0xd6, 0x00, 0x00, 0x09, 0xc0, 0x00, 0x00, 0x07,
    0xb0, 0x0d, 0x69, 0xff, 0xff, 0xff, 0xff, 0xff, 0xa0, 0x7f, 0xff, 0xf6, 0x46, 0xf9, 0x6c, 0xd6,
    0x8f, 0x74, 0x07, 0xc5, 0x5d, 0x60, 0x0f, 0x40, 0x9c, 0x03, 0xf1, 0x00, 0x7b, 0x00, 0xd6, 0x00,
    0xf4, 0x09, 0xc0, 0x3f, 0x10, 0x07, 0xb0, 0x0d, 0x66, 0x7f, 0x97, 0xcd, 0x78, 0xf7, 0x71, 0x7f,
    0xff, 0xf6, 0xef, 0xff, 0xff, 0xff, 0xff, 0xff, 0x17, 0xc5, 0x5d, 0x60, 0x0f, 0x40, 0x9c, 0x03,
    0xf1, 0x00, 0x7b, 0x00, 0xd6, 0x00, 0xf4, 0x09, 0xc0, 0x3f, 0x10, 0x07, 0xb0, 0x0d, 0x64, 0x6f,
    0x96, 0xcd, 0x68, 0xf7, 0x40, 0x7c, 0x55, 0xd6, 0xaf, 0xff, 0xff, 0xff, 0xff, 0xfa, 0x07, 0xff,
    0xff, 0x60, 0x00, 0x00, 0x9c, 0x00, 0x00, 0x00, 0x7b, 0x00, 0x00, 0x00, 0x00, 0x09, 0xc0, 0x00,
    0x00, 0x07, 0xb0, 0x00, 0x00, 0x55, 0x55, 0xbd, 0x55, 0x55, 0x00, 0x00, 0x00, 0x00, 0x0f, 0xff,
    0xff, 0xff, 0xff, 0xf0, 0x00,
    /* U+786E "确" */
    0x00, 0x00, 0x00, 0x00, 0x00, 0x29, 0x20, 0x00, 0x00, 0x00, 0x56, 0x66, 0x66, 0x50, 0x08, 0xe1,
    0x00, 0x00, 0x00, 0x0d, 0xff, 0xff, 0xfd, 0x01, 0xef, 0xff, 0xff, 0x70, 0x00, 0x00, 0x9c, 0x00,
    0x00, 0x8e, 0x44, 0x49, 0xf4, 0x00, 0x00, 0x0d, 0x90, 0x00, 0x2e, 0x70, 0x01, 0xe9, 0x00, 0x00,
    0x02, 0xf5, 0x00, 0x1c, 0xf5, 0x44, 0xaf, 0x64, 0x42, 0x00, 0x5f, 0x10, 0x0b, 0xff, 0xff, 0xff,
    0xff, 0xff, 0x80, 0x09, 0xd0, 0x00, 0x99, 0xf4, 0x02, 0xf3, 0x00, 0xe8, 0x01, 0xef, 0xff, 0xf4,
    0x2f, 0x40, 0x2f, 0x30, 0x0e, 0x80, 0x6f, 0xc6, 0x6f, 0x32, 0xf6, 0x34, 0xf5, 0x33, 0xe8, 0x1e,
    0xfb, 0x01, 0xf3, 0x2f, 0xff, 0xff, 0xff, 0xff, 0x82, 0xfc, 0xb0, 0x1f, 0x32, 0xf4, 0x02, 0xf3,
    0x00, 0xe8, 0x05, 0x9b, 0x01, 0xf3, 0x3f, 0x30, 0x2f, 0x30, 0x0e, 0x80, 0x09, 0xb0, 0x1f, 0x34,
    0xff, 0xff, 0xff, 0xff, 0xf8, 0x00, 0x9b, 0x01, 0xf3, 0x6e, 0x55, 0x6f, 0x75, 0x5e, 0x80, 0x09,
    0xc5, 0x6f, 0x3a, 0xb0, 0x02, 0xf3, 0x00, 0xe8, 0x00, 0x9f, 0xff, 0xf4, 0xe7, 0x00, 0x2f, 0x30,
    0x0e, 0x80, 0x09, 0xb0, 0x00, 0x8f, 0x20, 0x02, 0xf3, 0x00, 0xe8, 0x00, 0x67, 0x00, 0x2f, 0x70,
    0x00, 0x1b, 0x3e, 0xff, 0x50, 0x00, 0x00, 0x00, 0x40, 0x00, 0x00, 0x00, 0x44, 0x20,
    /* U+793E "社" */
    0x00, 0x03, 0x50, 0x00, 0x00, 0x00, 0x0b, 0x50, 0x00, 0x00, 0x00, 0x07, 0xf4, 0x00, 0x00, 0x00,
    0x0f, 0x70, 0x00, 0x00, 0x00, 0x00, 0xbd, 0x10, 0x00, 0x00, 0x0f, 0x70, 0x00, 0x00, 0x00, 0x00,
    0x39, 0x10, 0x00, 0x00, 0x0f, 0x70, 0x00, 0x00, 0x0e, 0xff, 0xff, 0xfe, 0x10, 0x00, 0x0f, 0x70,
    0x00, 0x00, 0x06, 0x66, 0x66, 0xdc, 0x00, 0x00, 0x0f, 0x70, 0x00, 0x00, 0x00, 0x00, 0x04, 0xf4,
    0x00, 0x00, 0x0f, 0x70, 0x00, 0x00, 0x00, 0x00, 0x1d, 0xa0, 0x6f, 0xff, 0xff, 0xff, 0xff, 0xb0,
    0x00, 0x00, 0xae, 0x20, 0x37, 0x77, 0x7f, 0xb7, 0x77, 0x50, 0x00, 0x08, 0xfe, 0x30, 0x00, 0x00,
    0x0f, 0x70, 0x00, 0x00, 0x00, 0x8f, 0xfe, 0xe3, 0x00, 0x00, 0x0f, 0x70, 0x00, 0x00, 0x1b, 0xf8,
    0xf7, 0xce, 0x20, 0x00, 0x0f, 0x70, 0x00, 0x00, 0x4f, 0x70, 0xf7, 0x2e, 0x30, 0x00, 0x0f, 0x70,
    0x00, 0x00, 0x04, 0x00, 0xf7, 0x01, 0x00, 0x00, 0x0f, 0x70, 0x00, 0x00, 0x00, 0x00, 0xf7, 0x00,
    0x00, 0x00, 0x0f, 0x70, 0x00, 0x00, 0x00, 0x00, 0xf7, 0x00, 0x00, 0x00, 0x0f, 0x70, 0x00, 0x00,
    0x00, 0x00, 0xf7, 0x00, 0x00, 0x00, 0x0f, 0x70, 0x00, 0x00, 0x00, 0x00, 0xf7, 0x02, 0x77, 0x77,
    0x7f, 0xb7, 0x77, 0x71, 0x00, 0x00, 0xf7, 0x05, 0xff, 0xff, 0xff, 0xff, 0xff, 0xf3, 0x00, 0x00,
    0xb5, 0x00, 0x00, 0x00, 0x00, 0x00, 0x00, 0x00,
    /* U+795E "神" */
    0x00, 0x03, 0x40, 0x00, 0x00, 0x00, 0x3a, 0x20, 0x00, 0x00, 0x00, 0x9e, 0x30, 0x00, 0x00, 0x04,
    0xf3, 0x00, 0x00, 0x00, 0x00, 0xdc, 0x00, 0x00, 0x00, 0x4f, 0x30, 0x00, 0x00, 0x00, 0x04, 0x60,
    0x02, 0x55, 0x58, 0xf7, 0x55, 0x53, 0x0f, 0xff, 0xff, 0xfa, 0x7f, 0xff, 0xff, 0xff, 0xff, 0x70,
    0x66, 0x66, 0x7f, 0x77, 0xe0, 0x04, 0xf3, 0x00, 0xe7, 0x00, 0x00, 0x08, 0xe1, 0x7e, 0x00, 0x4f,
    0x30, 0x0e, 0x70, 0x00, 0x02, 0xe6, 0x07, 0xe0, 0x04, 0xf3, 0x00, 0xe7, 0x00, 0x00, 0xcc, 0x00,
    0x7f, 0xff, 0xff, 0xff, 0xff, 0x70, 0x00, 0xaf, 0xc1, 0x07, 0xe5, 0x58, 0xf7, 0x55, 0xe7, 0x00,
    0x9f, 0xfe, 0xc1, 0x7e, 0x00, 0x4f, 0x30, 0x0e, 0x71, 0xbf, 0x9f, 0x5e, 0xb7, 0xe0, 0x04, 0xf3,
    0x00, 0xe7, 0x2e, 0x53, 0xf3, 0x4b, 0x7e, 0x55, 0x8f, 0x75, 0x5e, 0x70, 0x20, 0x3f, 0x30, 0x07,
    0xff, 0xff, 0xff, 0xff, 0xf7, 0x00, 0x03, 0xf3, 0x00, 0x7e, 0x00, 0x4f, 0x30, 0x0c, 0x60, 0x00,
    0x3f, 0x30, 0x00, 0x00, 0x04, 0xf3, 0x00, 0x00, 0x00, 0x03, 0xf3, 0x00, 0x00, 0x00, 0x4f, 0x30,
    0x00, 0x00, 0x00, 0x3f, 0x30, 0x00, 0x00, 0x04, 0xf3, 0x00, 0x00, 0x00, 0x03, 0xf3, 0x00, 0x00,
    0x00, 0x4f, 0x30, 0x00, 0x00, 0x00, 0x2a, 0x20, 0x00, 0x00, 0x03, 0xa2, 0x00, 0x00,
    /* U+79BB "离" */
    0x00, 0x00, 0x00, 0x02, 0xb2, 0x00, 0x00, 0x00, 0x00, 0x00, 0x00, 0x00, 0x00, 0xd9, 0x00, 0x00,
    0x00, 0x00, 0xbf, 0xff, 0xff, 0xff, 0xff, 0xff, 0xff, 0xff, 0xfb, 0x45, 0x55, 0x55, 0x65, 0x55,
    0x57, 0x55, 0x55, 0x54, 0x00, 0x8c, 0x05, 0xe6, 0x00, 0x7e, 0x40, 0xc9, 0x00, 0x00, 0x8d, 0x00,
    0x3c, 0xdb, 0xc2, 0x00, 0xda, 0x00, 0x00, 0x8d, 0x00, 0x18, 0xfd, 0xc4, 0x00, 0xda, 0x00, 0x00,
    0x8d, 0x08, 0xea, 0x20, 0x7e, 0x90, 0xda, 0x00, 0x00, 0x8d, 0x07, 0x40, 0x00, 0x02, 0x50, 0xda,
    0x00, 0x00, 0x8f, 0xff, 0xff, 0xff, 0xff, 0xff, 0xfa, 0x00, 0x00, 0x23, 0x33, 0x34, 0xec, 0x33,
    0x33, 0x32, 0x00, 0x04, 0x44, 0x44, 0x48, 0xf8, 0x44, 0x44, 0x44, 0x40, 0x0d, 0xff, 0xff, 0xff,
    0xff, 0xff, 0xff, 0xff, 0xd0, 0x0d, 0x90, 0x00, 0x9e, 0x20, 0x38, 0x00, 0x09, 0xd0, 0x0d, 0x90,
    0x04, 0xf5, 0x00, 0x2e, 0x60, 0x09, 0xd0, 0x0d, 0x90, 0x4e, 0xd7, 0x9a, 0xce, 0xf2, 0x09, 0xd0,
    0x0d, 0x90, 0x5f, 0xdb, 0xa8, 0x65, 0xa9, 0x09, 0xd0, 0x0d, 0x90, 0x01, 0x00, 0x00, 0x00, 0x10,
    0x0a, 0xd0, 0x0d, 0x90, 0x00, 0x00, 0x00, 0x00, 0x5f, 0xef, 0x90, 0x04, 0x30, 0x00, 0x00, 0x00,
    0x00, 0x03, 0x21, 0x00,
    /* U+79C1 "私" */
    0x00, 0x00, 0x00, 0x02, 0x30, 0x00, 0x01, 0x00, 0x00, 0x00, 0x00, 0x01, 0x48, 0xcf, 0xe1, 0x00,
    0x5f, 0x40, 0x00, 0x00, 0x09, 0xef, 0xff, 0xa5, 0x10, 0x00, 0x8f, 0x10, 0x00, 0x00, 0x04, 0x63,
    0x5f, 0x20, 0x00, 0x00, 0xbd, 0x00, 0x00, 0x00, 0x00, 0x00, 0x4f, 0x20, 0x00, 0x00, 0xea, 0x00,
    0x00, 0x00, 0x00, 0x00, 0x4f, 0x20, 0x00, 0x02, 0xf6, 0x00, 0x00, 0x00, 0x0c, 0xff, 0xff, 0xff,
    0xf7, 0x06, 0xf3, 0x00, 0x00, 0x00, 0x05, 0x66, 0xcf, 0x86, 0x63, 0x09, 0xf0, 0x00, 0x00, 0x00,
    0x00, 0x01, 0xef, 0xd1, 0x00, 0x0d, 0xc0, 0x02, 0x00, 0x00, 0x00, 0x08, 0xff, 0xcb, 0x00, 0x2f,
    0x80, 0x7e, 0x10, 0x00, 0x00, 0x1e, 0xaf, 0x4e, 0x90, 0x6f, 0x40, 0x3f, 0x60, 0x00, 0x00, 0x8d,
    0x4f, 0x25, 0xf2, 0xae, 0x00, 0x0c, 0xc0, 0x00, 0x03, 0xf6, 0x4f, 0x20, 0x50, 0xea, 0x00, 0x06,
    0xf3, 0x00, 0x1d, 0xc0, 0x4f, 0x20, 0x04, 0xf6, 0x00, 0x01, 0xf9, 0x00, 0x5f, 0x30, 0x4f, 0x20,
    0x09, 0xf1, 0x00, 0x00, 0xae, 0x00, 0x05, 0x00, 0x4f, 0x20, 0x1e, 0xb0, 0x24, 0x79, 0xdf, 0x50,
    0x00, 0x00, 0x4f, 0x20, 0x8f, 0xef, 0xff, 0xfe, 0xcf, 0xa0, 0x00, 0x00, 0x4f, 0x20, 0x8f, 0xda,
    0x74, 0x20, 0x0b, 0xe0, 0x00, 0x00, 0x4f, 0x20, 0x21, 0x00, 0x00, 0x00, 0x07, 0x91, 0x00, 0x00,
    0x39, 0x10, 0x00, 0x00, 0x00, 0x00, 0x00, 0x00,
    /* U+7A7A "空" */
    0x00, 0x00, 0x00, 0x03, 0x92, 0x00, 0x00, 0x00, 0x00, 0x00, 0x00, 0x00, 0x03, 0xf9, 0x00, 0x00,
    0x00, 0x00, 0x00, 0x00, 0x00, 0x00, 0xcf, 0x10, 0x00, 0x00, 0x00, 0x7f, 0xff, 0xff, 0xff, 0xff,
    0xff, 0xff, 0xff, 0xf8, 0x7f, 0x66, 0x66, 0x66, 0x66, 0x66, 0x66, 0x66, 0xf8, 0x7f, 0x00, 0x00,
    0x30, 0x00, 0x02, 0x00, 0x00, 0xf8, 0x7f, 0x00, 0x08, 0xf6, 0x00, 0x6f, 0xa2, 0x00, 0xf8, 0x49,
    0x02, 0xcf, 0x70, 0x00, 0x06, 0xdf, 0x81, 0x00, 0x03, 0xaf, 0xd4, 0x00, 0x00, 0x00, 0x18, 0xfe,
    0x60, 0x1e, 0xe7, 0x10, 0x00, 0x00, 0x00, 0x00, 0x2b, 0xe2, 0x04, 0x35, 0x55, 0x55, 0x55, 0x55,
    0x55, 0x53, 0x20, 0x00, 0x5f, 0xff, 0xff, 0xff, 0xff, 0xff, 0xf7, 0x00, 0x00, 0x00, 0x00, 0x00,
    0xcb, 0x00, 0x00, 0x00, 0x00, 0x00, 0x00, 0x00, 0x00, 0xcb, 0x00, 0x00, 0x00, 0x00, 0x00, 0x00,
    0x00, 0x00, 0xcb, 0x00, 0x00, 0x00, 0x00, 0x00, 0x00, 0x00, 0x00, 0xcb, 0x00, 0x00, 0x00, 0x00,
    0x00, 0x00, 0x00, 0x00, 0xcb, 0x00, 0x00, 0x00, 0x00, 0x35, 0x55, 0x55, 0x55, 0xdd, 0x55, 0x55,
    0x55, 0x53, 0x7f, 0xff, 0xff, 0xff, 0xff, 0xff, 0xff, 0xff, 0xf8,
    /* U+7A93 "窓" */
    0x00, 0x00, 0x00, 0x01, 0x95, 0x00, 0x00, 0x00, 0x00, 0x00, 0x00, 0x00, 0x00, 0xcd, 0x00, 0x00,
    0x00, 0x00, 0x7f, 0xff, 0xff, 0xff, 0xff, 0xff, 0xff, 0xff, 0xf8, 0x7f, 0x22, 0x22, 0x32, 0x22,
    0x22, 0x22, 0x22, 0xf8, 0x7f, 0x00, 0x06, 0xf5, 0x00, 0x7c, 0x40, 0x00, 0xf8, 0x25, 0x02, 0xaf,
    0x70, 0x00, 0x18, 0xfc, 0x30, 0x32, 0x02, 0x9f, 0xd4, 0x09, 0x80, 0x00, 0x2a, 0xf9, 0x10, 0x09,
    0xe7, 0x00, 0x8f, 0x70, 0x03, 0x00, 0x5d, 0x20, 0x01, 0x10, 0x06, 0xf8, 0x00, 0x3f, 0xa1, 0x00,
    0x00, 0x00, 0x00, 0x7f, 0x70, 0x00, 0x04, 0xec, 0x20, 0x00, 0x00, 0x2a, 0xfc, 0x89, 0xab, 0xcd,
    0xef, 0xe3, 0x00, 0x00, 0x4f, 0xfd, 0xcb, 0xa9, 0x87, 0x65, 0xdd, 0x10, 0x00, 0x02, 0x00, 0x01,
    0x60, 0x00, 0x00, 0x23, 0x00, 0x01, 0x10, 0x54, 0x03, 0xf9, 0x00, 0x01, 0xa3, 0x00, 0x06, 0xe1,
    0xda, 0x00, 0x5f, 0x70, 0x00, 0xcd, 0x10, 0x0c, 0xb0, 0xda, 0x00, 0x09, 0xf3, 0x03, 0x3f, 0xa0,
    0x3f, 0x50, 0xda, 0x00, 0x01, 0x71, 0x0f, 0x68, 0xf3, 0xbd, 0x00, 0xcc, 0x10, 0x00, 0x00, 0x5f,
    0x41, 0xea, 0x65, 0x00, 0x8f, 0xff, 0xff, 0xff, 0xfc, 0x00, 0x30, 0x00, 0x00, 0x02, 0x45, 0x55,
    0x55, 0x40, 0x00, 0x00,
    /* U+7A97 "窗" */
    0x00, 0x00, 0x00, 0x03, 0xa3, 0x00, 0x00, 0x00, 0x00, 0x00, 0x00, 0x00, 0x01, 0xeb, 0x00, 0x00,
    0x00, 0x00, 0x7f, 0xff, 0xff, 0xff, 0xff, 0xff, 0xff, 0xff, 0xf7, 0x7f, 0x33, 0x33, 0x53, 0x33,
    0x36, 0x33, 0x35, 0xf7, 0x7f, 0x00, 0x2b, 0xf3, 0x00, 0x3f, 0xc5, 0x02, 0xf7, 0x24, 0x17, 0xed,
    0x31, 0x00, 0x02, 0x9f, 0xc4, 0x31, 0x1a, 0xfe, 0x81, 0x0b, 0xd1, 0x00, 0x02, 0xbf, 0xa1, 0x0a,
    0x71, 0x00, 0x6f, 0x40, 0x00, 0x00, 0x06, 0xc2, 0x00, 0xbf, 0xff, 0xff, 0xff, 0xff, 0xff, 0xfe,
    0x00, 0x00, 0xbc, 0x22, 0x36, 0x22, 0x22, 0x22, 0xae, 0x00, 0x00, 0xbb, 0x00, 0x9b, 0x00, 0x00,
    0x00, 0x9e, 0x00, 0x00, 0xbb, 0x04, 0xff, 0xff, 0xff, 0xd0, 0x9e, 0x00, 0x00, 0xbb, 0x3e, 0x72,
    0x00, 0x1d, 0x70, 0x9e, 0x00, 0x00, 0xbb, 0x16, 0x5e, 0xa3, 0xcb, 0x00, 0x9e, 0x00, 0x00, 0xbb,
    0x00, 0x01, 0xaf, 0xf3, 0x00, 0x9e, 0x00, 0x00, 0xbb, 0x00, 0x29, 0xf9, 0xbe, 0x60, 0x9e, 0x00,
    0x00, 0xbb, 0x3d, 0xfa, 0x20, 0x06, 0xd1, 0x9e, 0x00, 0x00, 0xbc, 0x27, 0x32, 0x22, 0x22, 0x22,
    0xae, 0x00, 0x00, 0xbf, 0xff, 0xff, 0xff, 0xff, 0xff, 0xfe, 0x00, 0x00, 0x99, 0x00, 0x00, 0x00,
    0x00, 0x00, 0x6a, 0x00,
    /* U+7AD9 "站" */
    0x00, 0x01, 0x50, 0x00, 0x00, 0x00, 0x4a, 0x10, 0x00, 0x00, 0x00, 0x04, 0xf4, 0x00, 0x00, 0x00,
    0x6f, 0x20, 0x00, 0x00, 0x00, 0x00, 0xcb, 0x00, 0x00, 0x00, 0x6f, 0x20, 0x00, 0x00, 0x00, 0x00,
    0x7f, 0x10, 0x00, 0x00, 0x6f, 0x20, 0x00, 0x00, 0x05, 0x66, 0x78, 0x66, 0x50, 0x00, 0x6f, 0x77,
    0x77, 0x71, 0x0d, 0xff, 0xff, 0xff, 0xe0, 0x00, 0x6f, 0xff, 0xff, 0xf3, 0x00, 0x00, 0x00, 0x22,
    0x00, 0x00, 0x6f, 0x20, 0x00, 0x00, 0x00, 0xd4, 0x00, 0x8e, 0x00, 0x00, 0x6f, 0x20, 0x00, 0x00,
    0x00, 0xd6, 0x00, 0xab, 0x00, 0x00, 0x6f, 0x20, 0x00, 0x00, 0x00, 0xa9, 0x00, 0xc8, 0x00, 0x00,
    0x6f, 0x20, 0x00, 0x00, 0x00, 0x8b, 0x00, 0xe6, 0x04, 0x66, 0xaf, 0x76, 0x66, 0x20, 0x00, 0x6d,
    0x01, 0xf3, 0x0a, 0xff, 0xff, 0xff, 0xff, 0x50, 0x00, 0x4f, 0x03, 0xf0, 0x0a, 0xc0, 0x00, 0x00,
    0x3f, 0x50, 0x00, 0x3f, 0x16, 0xc0, 0x0a, 0xc0, 0x00, 0x00, 0x3f, 0x50, 0x00, 0x17, 0x19, 0xb7,
    0x8a, 0xc0, 0x00, 0x00, 0x3f, 0x50, 0x01, 0x48, 0xbf, 0xfe, 0x9a, 0xc0, 0x00, 0x00, 0x3f, 0x50,
    0x0e, 0xff, 0xc8, 0x40, 0x0a, 0xc0, 0x00, 0x00, 0x3f, 0x50, 0x06, 0x41, 0x00, 0x00, 0x0a, 0xff,
    0xff, 0xff, 0xff, 0x50, 0x00, 0x00, 0x00, 0x00, 0x0a, 0xd6, 0x66, 0x66, 0x8f, 0x50, 0x00, 0x00,
    0x00, 0x00, 0x06, 0x70, 0x00, 0x00, 0x17, 0x20,
    /* U+7B2C "第" */
    0x00, 0x00, 0xa4, 0x00, 0x00, 0x02, 0xa2, 0x00, 0x00, 0x00, 0x00, 0x6f, 0x30, 0x00, 0x00, 0x9f,
    0x10, 0x00, 0x00, 0x00, 0x0d, 0xff, 0xff, 0xff, 0x3e, 0xff, 0xff, 0xff, 0xe0, 0x0a, 0xe4, 0x8f,
    0x43, 0x3a, 0xf4, 0x4e, 0xa3, 0x32, 0x08, 0xf6, 0x01, 0xe7, 0x05, 0xf8, 0x00, 0x6f, 0x30, 0x00,
    0x88, 0x00, 0x06, 0x30, 0x28, 0x00, 0x00, 0x72, 0x00, 0x00, 0x6f, 0xff, 0xff, 0xff, 0xff, 0xff,
    0xff, 0xf6, 0x00, 0x02, 0x44, 0x44, 0x44, 0xdb, 0x44, 0x44, 0x5f, 0x60, 0x00, 0x00, 0x00, 0x00,
    0x0d, 0x90, 0x00, 0x02, 0xf6, 0x00, 0x00, 0x34, 0x44, 0x44, 0xdb, 0x44, 0x44, 0x5f, 0x60, 0x00,
    0x0b, 0xff, 0xff, 0xff, 0xff, 0xff, 0xff, 0xf6, 0x00, 0x00, 0xd8, 0x00, 0x00, 0xd9, 0x00, 0x00,
    0x00, 0x00, 0x00, 0x1f, 0x60, 0x00, 0x0d, 0x90, 0x00, 0x00, 0x00, 0x00, 0x04, 0xff, 0xff, 0xff,
    0xff, 0xff, 0xff, 0xff, 0xf0, 0x00, 0x24, 0x44, 0x49, 0xff, 0xb4, 0x44, 0x44, 0xbe, 0x00, 0x00,
    0x00, 0x05, 0xfa, 0xd9, 0x00, 0x00, 0x0b, 0xc0, 0x00, 0x00, 0x07, 0xfa, 0x0d, 0x90, 0x00, 0x00,
    0xea, 0x00, 0x00, 0x3c, 0xf7, 0x00, 0xd9, 0x01, 0x54, 0x7f, 0x60, 0x03, 0xbf, 0xc3, 0x00, 0x0d,
    0x90, 0x1f, 0xff, 0xc1, 0x00, 0x1a, 0x50, 0x00, 0x00, 0xa7, 0x00, 0x01, 0x00, 0x00,
    /* U+7B49 "等" */
    0x00, 0x05, 0x90, 0x00, 0x00, 0x07, 0x80, 0x00, 0x00, 0x00, 0x00, 0x0d, 0xb0, 0x00, 0x00, 0x2f,
    0x90, 0x00, 0x00, 0x00, 0x00, 0x6f, 0xff, 0xff, 0xfb, 0x9f, 0xff, 0xff, 0xff, 0xd0, 0x02, 0xeb,
    0x7f, 0x74, 0x48, 0xf9, 0x4d, 0xd4, 0x44, 0x40, 0x0c, 0xe2, 0x0e, 0x80, 0x2e, 0xc0, 0x04, 0xf4,
    0x00, 0x00, 0x1c, 0x60, 0x08, 0x60, 0x0d, 0xa0, 0x00, 0xb6, 0x00, 0x00, 0x00, 0x04, 0x44, 0x44,
    0x4d, 0xc4, 0x44, 0x44, 0x41, 0x00, 0x00, 0x1f, 0xff, 0xff, 0xff, 0xff, 0xff, 0xff, 0xf3, 0x00,
    0x00, 0x00, 0x00, 0x00, 0x0c, 0xb0, 0x00, 0x00, 0x00, 0x00, 0x00, 0x00, 0x00, 0x00, 0x0c, 0xb0,
    0x00, 0x00, 0x00, 0x00, 0x1f, 0xff, 0xff, 0xff, 0xff, 0xff, 0xff, 0xff, 0xff, 0xf2, 0x05, 0x55,
    0x55, 0x55, 0x55, 0x55, 0x5c, 0xd5, 0x55, 0x51, 0x00, 0x00, 0x00, 0x00, 0x00, 0x00, 0x0b, 0xc0,
    0x00, 0x00, 0x06, 0xff, 0xff, 0xff, 0xff, 0xff, 0xff, 0xff, 0xff, 0x90, 0x02, 0x55, 0x5c, 0x65,
    0x55, 0x55, 0x5c, 0xd5, 0x55, 0x30, 0x00, 0x00, 0x3e, 0xd3, 0x00, 0x00, 0x0b, 0xc0, 0x00, 0x00,
    0x00, 0x00, 0x02, 0xde, 0x30, 0x00, 0x0b, 0xc0, 0x00, 0x00, 0x00, 0x00, 0x00, 0x1d, 0xb0, 0x00,
    0x0b, 0xc0, 0x00, 0x00, 0x00, 0x00, 0x00, 0x02, 0x10, 0xdf, 0xff, 0x90, 0x00, 0x00, 0x00, 0x00,
    0x00, 0x00, 0x00, 0x46, 0x64, 0x00, 0x00, 0x00,
    /* U+7B54 "答" */
    0x00, 0x03, 0xa2, 0x00, 0x00, 0x04, 0xa2, 0x00, 0x00, 0x00, 0x00, 0x0a, 0xe1, 0x00, 0x00, 0x0a,
    0xd0, 0x00, 0x00, 0x00, 0x00, 0x3f, 0xff, 0xff, 0xfc, 0x3f, 0xff, 0xff, 0xff, 0xc0, 0x01, 0xcd,
    0x5d, 0xc5, 0x54, 0xdd, 0x59, 0xf8, 0x55, 0x40, 0x0a, 0xf4, 0x06, 0xf2, 0x04, 0xe3, 0x00, 0xdc,
    0x00, 0x00, 0x1c, 0x80, 0x01, 0xd4, 0x05, 0x60, 0x00, 0x6b, 0x10, 0x00, 0x00, 0x00, 0x00, 0x00,
    0x5f, 0xe1, 0x00, 0x00, 0x00, 0x00, 0x00, 0x00, 0x00, 0x05, 0xec, 0xde, 0x50, 0x00, 0x00, 0x00,
    0x00, 0x00, 0x01, 0x9f, 0x90, 0x1a, 0xfb, 0x30, 0x00, 0x00, 0x00, 0x00, 0x6e, 0xf7, 0x00, 0x00,
    0x5d, 0xfa, 0x30, 0x00, 0x01, 0x7d, 0xfc, 0xff, 0xff, 0xff, 0xff, 0x9e, 0xfc, 0x71, 0x1d, 0xfb,
    0x40, 0x44, 0x44, 0x44, 0x44, 0x10, 0x6d, 0xd1, 0x03, 0x30, 0x00, 0x00, 0x00, 0x00, 0x00, 0x00,
    0x00, 0x10, 0x00, 0x00, 0xbf, 0xff, 0xff, 0xff, 0xff, 0xfd, 0x00, 0x00, 0x00, 0x00, 0xbc, 0x55,
    0x55, 0x55, 0x55, 0xbd, 0x00, 0x00, 0x00, 0x00, 0xba, 0x00, 0x00, 0x00, 0x00, 0x9d, 0x00, 0x00,
    0x00, 0x00, 0xba, 0x00, 0x00, 0x00, 0x00, 0x9d, 0x00, 0x00, 0x00, 0x00, 0xbc, 0x55, 0x55, 0x55,
    0x55, 0xbd, 0x00, 0x00, 0x00, 0x00, 0xbf, 0xff, 0xff, 0xff, 0xff, 0xfd, 0x00, 0x00, 0x00, 0x00,
    0x98, 0x00, 0x00, 0x00, 0x00, 0x69, 0x00, 0x00,
    /* U+7C73 "米" */
    0x00, 0x00, 0x00, 0x00, 0x08, 0x70, 0x00, 0x00, 0x00, 0x00, 0x00, 0x04, 0x00, 0x00, 0x0c, 0xb0,
    0x00, 0x00, 0x61, 0x00, 0x00, 0x7f, 0x40, 0x00, 0x0c, 0xb0, 0x00, 0x04, 0xf9, 0x00, 0x00, 0x0d,
    0xd1, 0x00, 0x0c, 0xb0, 0x00, 0x0c, 0xe2, 0x00, 0x00, 0x04, 0xf8, 0x00, 0x0c, 0xb0, 0x00, 0x4f,
    0x70, 0x00, 0x00, 0x00, 0xbe, 0x10, 0x0c, 0xb0, 0x01, 0xdd, 0x00, 0x00, 0x00, 0x00, 0x4e, 0x40,
    0x0c, 0xb0, 0x06, 0xf3, 0x00, 0x00, 0x00, 0x00, 0x01, 0x00, 0x0c, 0xb0, 0x00, 0x30, 0x00, 0x00,
    0x06, 0x77, 0x77, 0x77, 0x7e, 0xd7, 0x77, 0x77, 0x77, 0x60, 0x0d, 0xff, 0xff, 0xff, 0xff, 0xff,
    0xff, 0xff, 0xff, 0xc0, 0x00, 0x00, 0x00, 0x05, 0xff, 0xff, 0x50, 0x00, 0x00, 0x00, 0x00, 0x00,
    0x00, 0x1e, 0xac, 0xbb, 0xe2, 0x00, 0x00, 0x00, 0x00, 0x00, 0x00, 0xbe, 0x1c, 0xb1, 0xec, 0x10,
    0x00, 0x00, 0x00, 0x00, 0x0a, 0xf5, 0x0c, 0xb0, 0x4f, 0xb0, 0x00, 0x00, 0x00, 0x00, 0x9f, 0x70,
    0x0c, 0xb0, 0x05, 0xfb, 0x10, 0x00, 0x00, 0x0a, 0xf9, 0x00, 0x0c, 0xb0, 0x00, 0x6f, 0xc2, 0x00,
    0x03, 0xcf, 0x80, 0x00, 0x0c, 0xb0, 0x00, 0x06, 0xfe, 0x60, 0x1e, 0xf6, 0x00, 0x00, 0x0c, 0xb0,
    0x00, 0x00, 0x4e, 0xe2, 0x05, 0x30, 0x00, 0x00, 0x0c, 0xb0, 0x00, 0x00, 0x01, 0x30, 0x00, 0x00,
    0x00, 0x00, 0x08, 0x80, 0x00, 0x00, 0x00, 0x00,
    /* U+7CBE "精" */
    0x00, 0x03, 0x90, 0x00, 0x00, 0x00, 0x3a, 0x10, 0x00, 0x00, 0x01, 0x05, 0xf0, 0x21, 0x00, 0x00,
    0x4f, 0x20, 0x00, 0x00, 0x0d, 0x45, 0xf0, 0xaa, 0x7f, 0xff, 0xff, 0xff, 0xff, 0xa0, 0x09, 0x95,
    0xf0, 0xd5, 0x13, 0x33, 0x6f, 0x43, 0x33, 0x20, 0x04, 0xd5, 0xf2, 0xf1, 0x01, 0x11, 0x5f, 0x31,
    0x11, 0x00, 0x02, 0xf6, 0xf7, 0xa0, 0x0f, 0xff, 0xff, 0xff, 0xff, 0x30, 0x00, 0x97, 0xf7, 0x40,
    0x00, 0x00, 0x4f, 0x20, 0x00, 0x00, 0x16, 0x69, 0xfe, 0xe4, 0xff, 0xff, 0xff, 0xff, 0xff, 0xf3,
    0x3f, 0xff, 0xff, 0xf4, 0x33, 0x33, 0x33, 0x33, 0x33, 0x30, 0x00, 0x0c, 0xf2, 0x00, 0x01, 0x22,
    0x22, 0x22, 0x22, 0x00, 0x00, 0x2f, 0xfb, 0x00, 0x0c, 0xff, 0xff, 0xff, 0xfd, 0x00, 0x00, 0x7f,
    0xfe, 0x60, 0x0c, 0x90, 0x00, 0x00, 0x8d, 0x00, 0x00, 0xcc, 0xf6, 0xe2, 0x0c, 0xff, 0xff, 0xff,
    0xfd, 0x00, 0x04, 0xf7, 0xf1, 0xd6, 0x0c, 0xa1, 0x11, 0x11, 0x9d, 0x00, 0x0c, 0xa5, 0xf0, 0x30,
    0x0c, 0x90, 0x00, 0x00, 0x8d, 0x00, 0x4f, 0x35, 0xf0, 0x00, 0x0c, 0xff, 0xff, 0xff, 0xfd, 0x00,
    0x08, 0x05, 0xf0, 0x00, 0x0c, 0xa1, 0x11, 0x11, 0x9d, 0x00, 0x00, 0x05, 0xf0, 0x00, 0x0c, 0x90,
    0x00, 0x00, 0x9d, 0x00, 0x00, 0x05, 0xf0, 0x00, 0x0c, 0x90, 0x00, 0xaf, 0xfa, 0x00, 0x00, 0x04,
    0xa0, 0x00, 0x03, 0x20, 0x00, 0x23, 0x20, 0x00,
    /* U+7EA2 "红" */
    0x00, 0x00, 0x25, 0x00, 0x00, 0x00, 0x00, 0x00, 0x00, 0x00, 0x00, 0x00, 0x9f, 0x30, 0x00, 0x00,
    0x00, 0x00, 0x00, 0x00, 0x00, 0x01, 0xfb, 0x00, 0x47, 0x77, 0x77, 0x77, 0x77, 0x50, 0x00, 0x07,
    0xf3, 0x00, 0x8f, 0xff, 0xff, 0xff, 0xff, 0xb0, 0x00, 0x1e, 0xa0, 0x00, 0x00, 0x00, 0x3f, 0x70,
    0x00, 0x00, 0x00, 0x8e, 0x20, 0x6b, 0x10, 0x00, 0x3f, 0x70, 0x00, 0x00, 0x03, 0xf7, 0x01, 0xeb,
    0x00, 0x00, 0x3f, 0x70, 0x00, 0x00, 0x2d, 0xfa, 0xbd, 0xe2, 0x00, 0x00, 0x3f, 0x70, 0x00, 0x00,
    0x1f, 0xec, 0xdf, 0x70, 0x00, 0x00, 0x3f, 0x70, 0x00, 0x00, 0x02, 0x02, 0xeb, 0x00, 0x00, 0x00,
    0x3f, 0x70, 0x00, 0x00, 0x00, 0x0c, 0xd1, 0x00, 0x00, 0x00, 0x3f, 0x70, 0x00, 0x00, 0x00, 0x9e,
    0x30, 0x24, 0x00, 0x00, 0x3f, 0x70, 0x00, 0x00, 0x1a, 0xfe, 0xdf, 0xff, 0x00, 0x00, 0x3f, 0x70,
    0x00, 0x00, 0x0e, 0xfc, 0x97, 0x42, 0x00, 0x00, 0x3f, 0x70, 0x00, 0x00, 0x03, 0x10, 0x00, 0x00,
    0x00, 0x00, 0x3f, 0x70, 0x00, 0x00, 0x00, 0x00, 0x00, 0x13, 0x00, 0x00, 0x3f, 0x70, 0x00, 0x00,
    0x00, 0x36, 0x9c, 0xfe, 0x00, 0x00, 0x3f, 0x70, 0x00, 0x00, 0x2f, 0xff, 0xeb, 0x74, 0xcf, 0xff,
    0xff, 0xff, 0xff, 0xf2, 0x09, 0x62, 0x00, 0x00, 0x68, 0x88, 0x88, 0x88, 0x88, 0x81,
    /* U+7EBF "线" */
    0x00, 0x00, 0x33, 0x00, 0x00, 0x03, 0xb2, 0x11, 0x00, 0x00, 0x00, 0x00, 0xae, 0x10, 0x00, 0x04,
    0xf3, 0x9e, 0x60, 0x00, 0x00, 0x02, 0xf8, 0x00, 0x00, 0x04, 0xf3, 0x06, 0xf8, 0x00, 0x00, 0x08,
    0xf1, 0x00, 0x00, 0x03, 0xf3, 0x00, 0x32, 0x00, 0x00, 0x1e, 0x90, 0x10, 0x00, 0x04, 0xf8, 0x8b,
    0xdf, 0x20, 0x00, 0x7e, 0x10, 0xab, 0x3c, 0xef, 0xff, 0xdb, 0x96, 0x10, 0x02, 0xe7, 0x03, 0xf6,
    0x2a, 0x86, 0xf6, 0x00, 0x00, 0x00, 0x0c, 0xfb, 0xce, 0xc0, 0x00, 0x00, 0xf7, 0x00, 0x00, 0x10,
    0x0b, 0xc9, 0xcf, 0x30, 0x00, 0x00, 0xe9, 0x58, 0xbe, 0xb0, 0x00, 0x02, 0xe8, 0x00, 0x26, 0x9b,
    0xff, 0xfd, 0xa8, 0x40, 0x00, 0x0c, 0xc0, 0x00, 0xaf, 0xda, 0xdd, 0x10, 0x02, 0x10, 0x00, 0x9e,
    0x35, 0x77, 0x21, 0x00, 0x8e, 0x00, 0x1d, 0xb0, 0x09, 0xff, 0xff, 0xd7, 0x00, 0x00, 0x5f, 0x20,
    0xae, 0x20, 0x0a, 0xc8, 0x41, 0x00, 0x00, 0x00, 0x2f, 0x6a, 0xf4, 0x00, 0x00, 0x00, 0x00, 0x00,
    0x00, 0x00, 0x0d, 0xff, 0x40, 0x00, 0x00, 0x00, 0x27, 0xbc, 0x00, 0x00, 0x6e, 0xf5, 0x00, 0x10,
    0x04, 0x9d, 0xff, 0xa5, 0x00, 0x4c, 0xfc, 0xf7, 0x00, 0xd2, 0x0c, 0xe9, 0x51, 0x01, 0x6c, 0xfd,
    0x50, 0xaf, 0x53, 0xf1, 0x02, 0x00, 0x00, 0x01, 0xdc, 0x50, 0x00, 0x1c, 0xff, 0xb0, 0x00, 0x00,
    0x00, 0x00, 0x10, 0x00, 0x00, 0x00, 0x56, 0x10,
    /* U+7ED3 "结" */
    0x00, 0x00, 0x52, 0x00, 0x00, 0x00, 0x2b, 0x30, 0x00, 0x00, 0x00, 0x1f, 0xb0, 0x00, 0x00, 0x03,
    0xf5, 0x00, 0x00, 0x00, 0x07, 0xf4, 0x00, 0x00, 0x00, 0x3f, 0x50, 0x00, 0x00, 0x00, 0xdc, 0x00,
    0x0d, 0xff, 0xff, 0xff, 0xff, 0xfd, 0x00, 0x6f, 0x40, 0x20, 0x67, 0x77, 0x9f, 0x97, 0x77, 0x60,
    0x1d, 0xb0, 0x0c, 0xb0, 0x00, 0x03, 0xf5, 0x00, 0x00, 0x08, 0xf3, 0x05, 0xf6, 0x00, 0x00, 0x3f,
    0x50, 0x00, 0x03, 0xfe, 0xce, 0xfc, 0x00, 0x00, 0x03, 0xf5, 0x00, 0x00, 0x1d, 0xb9, 0xdf, 0x30,
    0x5f, 0xff, 0xff, 0xff, 0xff, 0x80, 0x00, 0x4f, 0x70, 0x02, 0x77, 0x77, 0x77, 0x77, 0x73, 0x00,
    0x2e, 0xa0, 0x00, 0x00, 0x00, 0x00, 0x00, 0x00, 0x00, 0x1c, 0xd3, 0x57, 0x90, 0x45, 0x55, 0x55,
    0x55, 0x50, 0x1d, 0xff, 0xff, 0xeb, 0x0c, 0xff, 0xff, 0xff, 0xff, 0x00, 0xec, 0x85, 0x20, 0x00,
    0xca, 0x00, 0x00, 0x07, 0xf0, 0x01, 0x00, 0x00, 0x00, 0x0c, 0xa0, 0x00, 0x00, 0x7f, 0x00, 0x00,
    0x00, 0x02, 0x50, 0xca, 0x00, 0x00, 0x07, 0xf0, 0x00, 0x36, 0xad, 0xff, 0x1c, 0xa0, 0x00, 0x00,
    0x7f, 0x03, 0xff, 0xfe, 0xb8, 0x40, 0xcc, 0x55, 0x55, 0x5a, 0xf0, 0x1a, 0x63, 0x00, 0x00, 0x0c,
    0xff, 0xff, 0xff, 0xff, 0x00, 0x00, 0x00, 0x00, 0x00, 0xa8, 0x00, 0x00, 0x05, 0xb0,
    /* U+7EE7 "继" */
    0x00, 0x00, 0x72, 0x00, 0x00, 0x00, 0x01, 0x81, 0x00, 0x00, 0x00, 0x02, 0xf8, 0x00, 0x99, 0x01,
    0x02, 0xf2, 0x02, 0x00, 0x00, 0x08, 0xf1, 0x00, 0xba, 0x4d, 0x02, 0xf2, 0x0e, 0x60, 0x00, 0x0d,
    0x90, 0x00, 0xba, 0x0d, 0x42, 0xf2, 0x4e, 0x10, 0x00, 0x5f, 0x20, 0x20, 0xba, 0x09, 0x82, 0xf2,
    0xa8, 0x00, 0x00, 0xd9, 0x01, 0xe7, 0xba, 0x04, 0x92, 0xf3, 0xb1, 0x00, 0x07, 0xe1, 0x19, 0xe1,
    0xba, 0x00, 0x02, 0xf2, 0x00, 0x00, 0x2f, 0xfe, 0xff, 0x50, 0xba, 0xbf, 0xff, 0xff, 0xff, 0xd0,
    0x09, 0x75, 0xdb, 0x00, 0xba, 0x45, 0x5c, 0xfa, 0x55, 0x40, 0x00, 0x07, 0xe2, 0x00, 0xba, 0x00,
    0x3f, 0xfe, 0x30, 0x00, 0x00, 0x3f, 0x50, 0x00, 0xba, 0x00, 0xaa, 0xf8, 0xd1, 0x00, 0x01, 0xdb,
    0x58, 0xb5, 0xba, 0x04, 0xe3, 0xf2, 0xbb, 0x00, 0x0d, 0xff, 0xfd, 0x93, 0xba, 0x1d, 0x82, 0xf2,
    0x2e, 0x70, 0x0a, 0x84, 0x10, 0x00, 0xba, 0x9c, 0x02, 0xf2, 0x07, 0x50, 0x00, 0x00, 0x00, 0x00,
    0xba, 0x32, 0x02, 0xf2, 0x00, 0x00, 0x00, 0x00, 0x37, 0xa7, 0xba, 0x00, 0x02, 0xf2, 0x00, 0x00,
    0x18, 0xbe, 0xfe, 0xb5, 0xba, 0x00, 0x01, 0x51, 0x00, 0x00, 0x0e, 0xb7, 0x30, 0x00, 0xbf, 0xff,
    0xff, 0xff, 0xff, 0xf1, 0x00, 0x00, 0x00, 0x00, 0x46, 0x66, 0x66, 0x66, 0x66, 0x60,
    /* U+7EED "续" */
    0x00, 0x00, 0x43, 0x00, 0x00, 0x00, 0x79, 0x00, 0x00, 0x00, 0x00, 0x00, 0xda, 0x00, 0x00, 0x00,
    0x9d, 0x00, 0x00, 0x00, 0x00, 0x04, 0xf4, 0x00, 0x4f, 0xff, 0xff, 0xff, 0xfb, 0x00, 0x00, 0x0a,
    0xc0, 0x00, 0x14, 0x44, 0xbe, 0x44, 0x43, 0x00, 0x00, 0x2f, 0x50, 0x10, 0x00, 0x00, 0x9d, 0x00,
    0x00, 0x00, 0x00, 0x9b, 0x02, 0xe3, 0x44, 0x44, 0xbe, 0x44, 0x45, 0x20, 0x03, 0xf3, 0x09, 0xd0,
    0xff, 0xff, 0xff, 0xff, 0xff, 0x80, 0x1d, 0xea, 0xcf, 0x50, 0x00, 0x10, 0x04, 0x10, 0x2f, 0x30,
    0x0d, 0xc9, 0xeb, 0x00, 0x04, 0xe5, 0x1f, 0x50, 0x7d, 0x00, 0x00, 0x06, 0xe2, 0x00, 0x20, 0x5e,
    0x6f, 0x50, 0x75, 0x00, 0x00, 0x1e, 0x70, 0x00, 0xac, 0x23, 0x2f, 0x50, 0x00, 0x00, 0x00, 0xbd,
    0x6a, 0xe0, 0x08, 0xe2, 0x3f, 0x30, 0x00, 0x00, 0x0a, 0xff, 0xfb, 0x72, 0x55, 0x85, 0x7f, 0x65,
    0x55, 0x40, 0x0c, 0x94, 0x10, 0x06, 0xff, 0xff, 0xff, 0xff, 0xff, 0xc0, 0x00, 0x00, 0x00, 0x40,
    0x00, 0x01, 0xe8, 0x00, 0x00, 0x00, 0x00, 0x02, 0x8d, 0xf2, 0x00, 0x0a, 0xe2, 0xb6, 0x00, 0x00,
    0x06, 0xcf, 0xe8, 0x20, 0x00, 0x9f, 0x50, 0x6f, 0xa1, 0x00, 0x0e, 0xb5, 0x00, 0x00, 0x3c, 0xf6,
    0x00, 0x03, 0xec, 0x10, 0x01, 0x00, 0x00, 0x07, 0xfd, 0x40, 0x00, 0x00, 0x2d, 0xc0, 0x00, 0x00,
    0x00, 0x02, 0x70, 0x00, 0x00, 0x00, 0x02, 0x50,
    /* U+7F6E "置" */
    0x0a, 0xff, 0xff, 0xff, 0xff, 0xff, 0xff, 0xff, 0xd0, 0x0a, 0xc1, 0x12, 0xf6, 0x11, 0x6f, 0x21,
    0x1a, 0xd0, 0x0a, 0xb0, 0x01, 0xf5, 0x00, 0x5f, 0x00, 0x09, 0xd0, 0x0a, 0xff, 0xff, 0xff, 0xff,
    0xff, 0xff, 0xff, 0xd0, 0x01, 0x22, 0x22, 0x22, 0xf9, 0x22, 0x22, 0x22, 0x10, 0x23, 0x33, 0x33,
    0x33, 0xf8, 0x33, 0x33, 0x33, 0x31, 0xaf, 0xff, 0xff, 0xff, 0xff, 0xff, 0xff, 0xff, 0xf7, 0x00,
    0x00, 0x00, 0x06, 0xf1, 0x00, 0x00, 0x00, 0x00, 0x00, 0x3f, 0xff, 0xff, 0xff, 0xff, 0xff, 0xf2,
    0x00, 0x00, 0x3f, 0x40, 0x00, 0x00, 0x00, 0x05, 0xf2, 0x00, 0x00, 0x3f, 0xed, 0xdd, 0xdd, 0xdd,
    0xde, 0xf2, 0x00, 0x00, 0x3f, 0x30, 0x00, 0x00, 0x00, 0x05, 0xf2, 0x00, 0x00, 0x3f, 0xed, 0xdd,
    0xdd, 0xdd, 0xde, 0xf2, 0x00, 0x00, 0x3f, 0x30, 0x00, 0x00, 0x00, 0x05, 0xf2, 0x00, 0x00, 0x3f,
    0x30, 0x00, 0x00, 0x00, 0x05, 0xf2, 0x00, 0x00, 0x3f, 0xee, 0xee, 0xee, 0xee, 0xee, 0xf2, 0x00,
    0x12, 0x4f, 0x52, 0x22, 0x22, 0x22, 0x26, 0xf4, 0x21, 0xdf, 0xff, 0xff, 0xff, 0xff, 0xff, 0xff,
    0xff, 0xfd,
    /* U+8001 "老" */
    0x00, 0x00, 0x00, 0x01, 0xb4, 0x00, 0x00, 0x00, 0x00, 0x00, 0x00, 0x00, 0x00, 0x2f, 0x60, 0x00,
    0x00, 0x09, 0x80, 0x00, 0x00, 0x00, 0x02, 0xf6, 0x00, 0x00, 0x06, 0xf8, 0x00, 0x03, 0xff, 0xff,
    0xff, 0xff, 0xff, 0xfa, 0xfb, 0x00, 0x00, 0x16, 0x66, 0x67, 0xfa, 0x66, 0x69, 0xfd, 0x10, 0x00,
    0x00, 0x00, 0x00, 0x2f, 0x60, 0x03, 0xee, 0x20, 0x00, 0x00, 0x00, 0x00, 0x02, 0xf6, 0x02, 0xee,
    0x30, 0x00, 0x00, 0x66, 0x66, 0x66, 0x7f, 0xa6, 0xdf, 0xa6, 0x66, 0x66, 0x0f, 0xff, 0xff, 0xff,
    0xff, 0xff, 0xff, 0xff, 0xff, 0xf0, 0x00, 0x00, 0x00, 0x2a, 0xfa, 0x10, 0x00, 0x00, 0x00, 0x00,
    0x00, 0x00, 0x6e, 0xf7, 0x00, 0x00, 0x00, 0x00, 0x00, 0x00, 0x03, 0xbf, 0xf3, 0x00, 0x00, 0x29,
    0x90, 0x00, 0x00, 0x4b, 0xfe, 0xde, 0x00, 0x15, 0xbf, 0xfa, 0x20, 0x01, 0xcf, 0xe8, 0x19, 0xe6,
    0xbf, 0xfc, 0x71, 0x00, 0x00, 0x09, 0x81, 0x00, 0x9f, 0xea, 0x62, 0x00, 0x00, 0x00, 0x00, 0x00,
    0x00, 0x09, 0xe0, 0x00, 0x00, 0x00, 0x02, 0xa2, 0x00, 0x00, 0x00, 0x9e, 0x00, 0x00, 0x00, 0x00,
    0x4f, 0x30, 0x00, 0x00, 0x08, 0xf3, 0x00, 0x00, 0x00, 0x1a, 0xe0, 0x00, 0x00, 0x00, 0x3f, 0xff,
    0xff, 0xff, 0xff, 0xf8, 0x00, 0x00, 0x00, 0x00, 0x14, 0x56, 0x66, 0x66, 0x53, 0x00,
    /* U+8033 "耳" */
    0x05, 0x77, 0x77, 0x77, 0x77, 0x77, 0x77, 0x77, 0x77, 0x60, 0xbf, 0xff, 0xff, 0xff, 0xff, 0xff,
    0xff, 0xff, 0xfb, 0x00, 0x00, 0x9f, 0x00, 0x00, 0x00, 0x00, 0xfa, 0x00, 0x00, 0x00, 0x09, 0xf0,
    0x00, 0x00, 0x00, 0x0f, 0xa0, 0x00, 0x00, 0x00, 0x9f, 0x00, 0x00, 0x00, 0x00, 0xfa, 0x00, 0x00,
    0x00, 0x09, 0xff, 0xff, 0xff, 0xff, 0xff, 0xa0, 0x00, 0x00, 0x00, 0x9f, 0x66, 0x66, 0x66, 0x66,
    0xfa, 0x00, 0x00, 0x00, 0x09, 0xf0, 0x00, 0x00, 0x00, 0x0f, 0xa0, 0x00, 0x00, 0x00, 0x9f, 0x00,
    0x00, 0x00, 0x00, 0xfa, 0x00, 0x00, 0x00, 0x09, 0xf0, 0x00, 0x00, 0x00, 0x0f, 0xa0, 0x00, 0x00,
    0x00, 0x9f, 0xff, 0xff, 0xff, 0xff, 0xfa, 0x00, 0x00, 0x00, 0x09, 0xf6, 0x66, 0x66, 0x66, 0x6f,
    0xa0, 0x00, 0x00, 0x00, 0x9f, 0x00, 0x00, 0x00, 0x00, 0xfa, 0x00, 0x00, 0x00, 0x09, 0xf0, 0x00,
    0x00, 0x00, 0x0f, 0xa0, 0x01, 0x00, 0x12, 0xaf, 0x45, 0x67, 0x89, 0xab, 0xfe, 0xef, 0xe0, 0xff,
    0xff, 0xff, 0xff, 0xfe, 0xdc, 0xbf, 0xd8, 0x75, 0x08, 0x87, 0x65, 0x32, 0x10, 0x00, 0x00, 0xfa,
    0x00, 0x00, 0x00, 0x00, 0x00, 0x00, 0x00, 0x00, 0x0f, 0xa0, 0x00, 0x00, 0x00, 0x00, 0x00, 0x00,
    0x00, 0x00, 0xa7, 0x00, 0x00,
    /* U+805E "聞" */
    0x3f, 0xff, 0xff, 0xff, 0x12, 0xff, 0xff, 0xff, 0xf5, 0x3f, 0x51, 0x11, 0x6f, 0x12, 0xf5, 0x11,
    0x14, 0xf5, 0x3f, 0x40, 0x00, 0x5f, 0x12, 0xf4, 0x00, 0x03, 0xf5, 0x3f, 0xff, 0xff, 0xff, 0x12,
    0xff, 0xff, 0xff, 0xf5, 0x3f, 0x41, 0x11, 0x6f, 0x12, 0xf5, 0x11, 0x13, 0xf5, 0x3f, 0x51, 0x11,
    0x6f, 0x12, 0xf5, 0x11, 0x14, 0xf5, 0x3f, 0xff, 0xff, 0xff, 0x12, 0xff, 0xff, 0xff, 0xf5, 0x3f,
    0x40, 0x00, 0x00, 0x00, 0x00, 0x00, 0x03, 0xf5, 0x3f, 0x41, 0xff, 0xff, 0xff, 0xff, 0xff, 0x03,
    0xf5, 0x3f, 0x40, 0x29, 0xc2, 0x22, 0x2e, 0x82, 0x03, 0xf5, 0x3f, 0x40, 0x08, 0xfe, 0xee, 0xef,
    0x70, 0x03, 0xf5, 0x3f, 0x40, 0x08, 0xc0, 0x00, 0x0d, 0x70, 0x03, 0xf5, 0x3f, 0x40, 0x08, 0xc0,
    0x00, 0x0d, 0x70, 0x03, 0xf5, 0x3f, 0x40, 0x08, 0xfe, 0xee, 0xef, 0x70, 0x03, 0xf5, 0x3f, 0x40,
    0x08, 0xc0, 0x00, 0x0d, 0x82, 0x23, 0xf5, 0x3f, 0x43, 0x8c, 0xeb, 0xcd, 0xef, 0xff, 0x83, 0xf5,
    0x3f, 0x42, 0x98, 0x76, 0x54, 0x3e, 0x80, 0x03, 0xf5, 0x3f, 0x40, 0x00, 0x00, 0x00, 0x0b, 0x66,
    0xff, 0xf2, 0x29, 0x20, 0x00, 0x00, 0x00, 0x00, 0x01, 0x87, 0x30,
    /* U+8089 "肉" */
    0x00, 0x00, 0x00, 0x00, 0x48, 0x10, 0x00, 0x00, 0x00, 0x00, 0x00, 0x00, 0x00, 0x8f, 0x00, 0x00,
    0x00, 0x00, 0x00, 0x00, 0x00, 0x00, 0xae, 0x00, 0x00, 0x00, 0x00, 0x17, 0x77, 0x77, 0x77, 0xde,
    0x77, 0x77, 0x77, 0x71, 0x1f, 0xff, 0xff, 0xff, 0xff, 0xff, 0xff, 0xff, 0xf1, 0x1f, 0x60, 0x00,
    0x05, 0xf5, 0x00, 0x00, 0x06, 0xf1, 0x1f, 0x60, 0x00, 0x0c, 0xfe, 0x50, 0x00, 0x06, 0xf1, 0x1f,
    0x60, 0x00, 0x7f, 0x7b, 0xfb, 0x20, 0x06, 0xf1, 0x1f, 0x60, 0x07, 0xf8, 0x00, 0x6e, 0xe5, 0x06,
    0xf1, 0x1f, 0x64, 0xcf, 0x90, 0x57, 0x02, 0xcf, 0x56, 0xf1, 0x1f, 0x63, 0xb4, 0x00, 0xda, 0x00,
    0x07, 0x06, 0xf1, 0x1f, 0x60, 0x00, 0x03, 0xf7, 0x00, 0x00, 0x06, 0xf1, 0x1f, 0x60, 0x00, 0x0a,
    0xfe, 0x50, 0x00, 0x06, 0xf1, 0x1f, 0x60, 0x00, 0x6f, 0x7b, 0xf9, 0x10, 0x06, 0xf1, 0x1f, 0x60,
    0x07, 0xf9, 0x00, 0x7f, 0xc2, 0x06, 0xf1, 0x1f, 0x65, 0xdf, 0x90, 0x00, 0x05, 0xee, 0x26, 0xf1,
    0x1f, 0x64, 0xb4, 0x00, 0x00, 0x00, 0x3b, 0x16, 0xf1, 0x1f, 0x60, 0x00, 0x00, 0x00, 0x00, 0x00,
    0x07, 0xf1, 0x1f, 0x60, 0x00, 0x00, 0x00, 0x00, 0x9e, 0xef, 0xd0, 0x18, 0x30, 0x00, 0x00, 0x00,
    0x00, 0x38, 0x86, 0x20,
    /* U+811A "脚" */
    0x00, 0x00, 0x00, 0x00, 0x04, 0x70, 0x00, 0x00, 0x00, 0x00, 0x4f, 0xff, 0xf7, 0x00, 0x7c, 0x00,
    0x16, 0x66, 0x64, 0x04, 0xe6, 0x6d, 0x70, 0x07, 0xc0, 0x02, 0xff, 0xff, 0xa0, 0x4e, 0x00, 0xc7,
    0x00, 0x7c, 0x00, 0x2f, 0x30, 0xaa, 0x04, 0xe0, 0x0c, 0x79, 0xff, 0xff, 0xd2, 0xf3, 0x0a, 0xa0,
    0x4e, 0x00, 0xc7, 0x46, 0xad, 0x66, 0x2f, 0x30, 0xaa, 0x04, 0xff, 0xff, 0x70, 0x07, 0xc0, 0x02,
    0xf3, 0x0a, 0xa0, 0x4e, 0x66, 0xd7, 0x00, 0x7c, 0x00, 0x2f, 0x30, 0xaa, 0x04, 0xe0, 0x0c, 0x76,
    0x7b, 0xd7, 0x73, 0xf3, 0x0a, 0xa0, 0x4e, 0x00, 0xc7, 0xff, 0xff, 0xff, 0x5f, 0x30, 0xaa, 0x05,
    0xe0, 0x0c, 0x70, 0x0f, 0x50, 0x02, 0xf3, 0x0a, 0xa0, 0x5f, 0xff, 0xf7, 0x04, 0xf1, 0x30, 0x2f,
    0x30, 0xaa, 0x06, 0xd6, 0x6d, 0x70, 0x7c, 0x1f, 0x12, 0xf3, 0x0a, 0xa0, 0x7b, 0x00, 0xc7, 0x0b,
    0x80, 0xb6, 0x2f, 0x30, 0xaa, 0x08, 0x90, 0x0c, 0x71, 0xf2, 0x07, 0xb2, 0xf5, 0x6d, 0x90, 0xa8,
    0x00, 0xc7, 0x8e, 0x8b, 0xde, 0x2f, 0x5f, 0xd4, 0x0c, 0x60, 0x0c, 0x7c, 0xeb, 0x85, 0xf5, 0xf3,
    0x00, 0x01, 0xf2, 0x00, 0xc7, 0x20, 0x00, 0x05, 0x3f, 0x30, 0x00, 0x5e, 0x07, 0xff, 0x40, 0x00,
    0x00, 0x02, 0xf3, 0x00, 0x00, 0x40, 0x14, 0x20, 0x00, 0x00, 0x00, 0x18, 0x20, 0x00,
    /* U+8138 "脸" */
    0x00, 0x00, 0x00, 0x00, 0x00, 0x00, 0x45, 0x00, 0x00, 0x00, 0x01, 0x66, 0x66, 0x60, 0x00, 0x00,
    0xcd, 0x00, 0x00, 0x00, 0x02, 0xff, 0xff, 0xf1, 0x00, 0x06, 0xff, 0x50, 0x00, 0x00, 0x02, 0xf3,
    0x04, 0xf1, 0x00, 0x2e, 0x98, 0xe3, 0x00, 0x00, 0x02, 0xf3, 0x04, 0xf1, 0x01, 0xcd, 0x10, 0xae,
    0x30, 0x00, 0x02, 0xf3, 0x04, 0xf1, 0x1c, 0xe3, 0x00, 0x0b, 0xe4, 0x00, 0x02, 0xff, 0xff, 0xf3,
    0xce, 0x30, 0x00, 0x01, 0xbf, 0x80, 0x02, 0xf7, 0x68, 0xfe, 0xd9, 0xff, 0xff, 0xff, 0x69, 0xf6,
    0x02, 0xf3, 0x04, 0xf7, 0x12, 0x55, 0x55, 0x55, 0x20, 0x50, 0x02, 0xf2, 0x04, 0xf1, 0x00, 0x00,
    0x01, 0x00, 0x05, 0x10, 0x02, 0xf2, 0x04, 0xf1, 0x47, 0x00, 0xa9, 0x00, 0x4f, 0x30, 0x03, 0xff,
    0xff, 0xf1, 0x5e, 0x10, 0x7c, 0x00, 0x9c, 0x00, 0x04, 0xf6, 0x69, 0xf1, 0x1e, 0x50, 0x4e, 0x00,
    0xe6, 0x00, 0x05, 0xe0, 0x04, 0xf1, 0x0b, 0x80, 0x2f, 0x25, 0xe1, 0x00, 0x06, 0xc0, 0x04, 0xf1,
    0x08, 0xc0, 0x0e, 0x3b, 0x80, 0x00, 0x09, 0xb0, 0x04, 0xf1, 0x03, 0x60, 0x00, 0x3f, 0x10, 0x00,
    0x0b, 0x80, 0x04, 0xf1, 0x00, 0x00, 0x00, 0xa9, 0x00, 0x00, 0x1f, 0x40, 0x05, 0xf9, 0xff, 0xff,
    0xff, 0xff, 0xff, 0xf1, 0x5f, 0x11, 0xff, 0xd3, 0x55, 0x55, 0x55, 0x55, 0x55, 0x50, 0x16, 0x00,
    0x55, 0x10, 0x00, 0x00, 0x00, 0x00, 0x00, 0x00,
    /* U+81EA "自" */
    0x00, 0x00, 0x00, 0xa6, 0x00, 0x00, 0x00, 0x00, 0x00, 0x00, 0x4f, 0x60, 0x00, 0x00, 0x00, 0x00,
    0x00, 0x08, 0xe1, 0x00, 0x00, 0x00, 0x0b, 0xff, 0xff, 0xff, 0xff, 0xff, 0xff, 0xf1, 0xbd, 0x77,
    0x77, 0x77, 0x77, 0x77, 0xbf, 0x1b, 0xb0, 0x00, 0x00, 0x00, 0x00, 0x08, 0xf1, 0xbb, 0x00, 0x00,
    0x00, 0x00, 0x00, 0x8f, 0x1b, 0xb0, 0x00, 0x00, 0x00, 0x00, 0x08, 0xf1, 0xbf, 0xff, 0xff, 0xff,
    0xff, 0xff, 0xff, 0x1b, 0xd6, 0x66, 0x66, 0x66, 0x66, 0x6b, 0xf1, 0xbb, 0x00, 0x00, 0x00, 0x00,
    0x00, 0x8f, 0x1b, 0xb0, 0x00, 0x00, 0x00, 0x00, 0x08, 0xf1, 0xbd, 0x66, 0x66, 0x66, 0x66, 0x66,
    0xbf, 0x1b, 0xff, 0xff, 0xff, 0xff, 0xff, 0xff, 0xf1, 0xbb, 0x00, 0x00, 0x00, 0x00, 0x00, 0x8f,
    0x1b, 0xb0, 0x00, 0x00, 0x00, 0x00, 0x08, 0xf1, 0xbb, 0x00, 0x00, 0x00, 0x00, 0x00, 0x8f, 0x1b,
    0xff, 0xff, 0xff, 0xff, 0xff, 0xff, 0xf1, 0xbd, 0x66, 0x66, 0x66, 0x66, 0x66, 0xbf, 0x17, 0x80,
    0x00, 0x00, 0x00, 0x00, 0x04, 0x80,
    /* U+8272 "色" */
    0x00, 0x00, 0x00, 0x29, 0x20, 0x00, 0x00, 0x00, 0x00, 0x00, 0x00, 0x00, 0x00, 0xbe, 0x10, 0x00,
    0x00, 0x00, 0x00, 0x00, 0x00, 0x00, 0x06, 0xff, 0xff, 0xff, 0xfd, 0x10, 0x00, 0x00, 0x00, 0x00,
    0x4f, 0xa5, 0x55, 0x58, 0xf9, 0x00, 0x00, 0x00, 0x00, 0x03, 0xeb, 0x00, 0x00, 0x1d, 0xd1, 0x00,
    0x00, 0x00, 0x00, 0x4e, 0xd1, 0x00, 0x00, 0xbe, 0x20, 0x00, 0x00, 0x00, 0x07, 0xff, 0xff, 0xff,
    0xff, 0xff, 0xff, 0xff, 0xf3, 0x00, 0x1e, 0xcb, 0xe6, 0x66, 0x6b, 0xe6, 0x66, 0x69, 0xf3, 0x00,
    0x04, 0x19, 0xd0, 0x00, 0x08, 0xe0, 0x00, 0x04, 0xf3, 0x00, 0x00, 0x09, 0xd0, 0x00, 0x08, 0xe0,
    0x00, 0x04, 0xf3, 0x00, 0x00, 0x09, 0xd0, 0x00, 0x08, 0xe0, 0x00, 0x04, 0xf3, 0x00, 0x00, 0x09,
    0xe7, 0x77, 0x7b, 0xe7, 0x77, 0x79, 0xf3, 0x00, 0x00, 0x09, 0xff, 0xff, 0xff, 0xff, 0xff, 0xff,
    0xf3, 0x00, 0x00, 0x09, 0xd0, 0x00, 0x00, 0x00, 0x00, 0x04, 0xe3, 0x00, 0x00, 0x09, 0xd0, 0x00,
    0x00, 0x00, 0x00, 0x00, 0x01, 0x10, 0x00, 0x09, 0xd0, 0x00, 0x00, 0x00, 0x00, 0x00, 0x05, 0xf2,
    0x00, 0x09, 0xd0, 0x00, 0x00, 0x00, 0x00, 0x00, 0x07, 0xf1, 0x00, 0x07, 0xf4, 0x10, 0x00, 0x00,
    0x00, 0x00, 0x3d, 0xc0, 0x00, 0x01, 0xdf, 0xff, 0xff, 0xff, 0xff, 0xff, 0xfe, 0x30, 0x00, 0x00,
    0x03, 0x56, 0x66, 0x66, 0x66, 0x65, 0x41, 0x00,
    /* U+82B1 "花" */
    0x00, 0x00, 0x09, 0x50, 0x00, 0x04, 0x91, 0x00, 0x00, 0x00, 0x00, 0x00, 0xf8, 0x00, 0x00, 0x7f,
    0x10, 0x00, 0x00, 0x57, 0x77, 0x7f, 0xb7, 0x77, 0x7a, 0xf7, 0x77, 0x75, 0x0c, 0xff, 0xff, 0xff,
    0xff, 0xff, 0xff, 0xff, 0xff, 0xc0, 0x00, 0x00, 0x0f, 0x80, 0x00, 0x07, 0xf1, 0x00, 0x00, 0x00,
    0x00, 0x00, 0xc6, 0x00, 0x00, 0x6e, 0x10, 0x00, 0x00, 0x00, 0x00, 0x19, 0x30, 0x06, 0x90, 0x00,
    0x00, 0x00, 0x00, 0x00, 0x0a, 0xf2, 0x00, 0x9e, 0x00, 0x00, 0x00, 0x00, 0x00, 0x04, 0xf8, 0x00,
    0x09, 0xe0, 0x00, 0x1a, 0x70, 0x00, 0x01, 0xde, 0x10, 0x00, 0x9e, 0x00, 0x3d, 0xfa, 0x00, 0x00,
    0xaf, 0xc0, 0x00, 0x09, 0xe1, 0x9f, 0xe5, 0x00, 0x00, 0x9f, 0xec, 0x00, 0x00, 0x9f, 0xef, 0x81,
    0x00, 0x00, 0xaf, 0x8a, 0xc0, 0x00, 0x6d, 0xfa, 0x20, 0x00, 0x00, 0x03, 0x70, 0xac, 0x05, 0xdf,
    0xee, 0x00, 0x00, 0x00, 0x00, 0x00, 0x0a, 0xc0, 0x49, 0x29, 0xe0, 0x00, 0x00, 0x10, 0x00, 0x00,
    0xac, 0x00, 0x00, 0x9e, 0x00, 0x00, 0x04, 0xe2, 0x00, 0x0a, 0xc0, 0x00, 0x09, 0xe0, 0x00, 0x00,
    0x5f, 0x10, 0x00, 0xac, 0x00, 0x00, 0x8f, 0x20, 0x00, 0x0a, 0xe0, 0x00, 0x0a, 0xc0, 0x00, 0x05,
    0xff, 0xff, 0xff, 0xf8, 0x00, 0x00, 0x89, 0x00, 0x00, 0x03, 0x67, 0x77, 0x75, 0x00,
    /* U+8336 "茶" */
    0x00, 0x00, 0x05, 0x90, 0x00, 0x00, 0x19, 0x40, 0x00, 0x00, 0x00, 0x00, 0x08, 0xf0, 0x00, 0x00,
    0x1f, 0x70, 0x00, 0x00, 0x04, 0x66, 0x6b, 0xf6, 0x66, 0x66, 0x7f, 0xa6, 0x66, 0x50, 0x0b, 0xff,
    0xff, 0xff, 0xff, 0xff, 0xff, 0xff, 0xff, 0xc0, 0x00, 0x00, 0x08, 0xf0, 0x04, 0x40, 0x1f, 0x70,
    0x00, 0x00, 0x00, 0x00, 0x08, 0xf0, 0x3e, 0xf2, 0x1f, 0x70, 0x00, 0x00, 0x00, 0x00, 0x00, 0x02,
    0xde, 0xdd, 0x30, 0x00, 0x00, 0x00, 0x00, 0x00, 0x00, 0x4e, 0xe3, 0x1c, 0xe6, 0x00, 0x00, 0x00,
    0x00, 0x00, 0x19, 0xfc, 0x20, 0x01, 0x9f, 0xb3, 0x00, 0x00, 0x00, 0x17, 0xef, 0x91, 0x0b, 0xc0,
    0x05, 0xdf, 0xa3, 0x00, 0x1a, 0xff, 0x92, 0x00, 0x0b, 0xc0, 0x00, 0x18, 0xef, 0xd2, 0x09, 0x95,
    0x66, 0x66, 0x6d, 0xd6, 0x66, 0x66, 0x47, 0x80, 0x00, 0x07, 0xff, 0xff, 0xff, 0xff, 0xff, 0xff,
    0x70, 0x00, 0x00, 0x00, 0x00, 0x00, 0x0b, 0xc0, 0x01, 0x00, 0x00, 0x00, 0x00, 0x00, 0x1d, 0xa0,
    0x0b, 0xc0, 0x1e, 0xa0, 0x00, 0x00, 0x00, 0x00, 0xce, 0x20, 0x0b, 0xc0, 0x05, 0xec, 0x10, 0x00,
    0x00, 0x2b, 0xf4, 0x00, 0x0b, 0xc0, 0x00, 0x3e, 0xd2, 0x00, 0x02, 0xee, 0x40, 0x00, 0x0c, 0xc0,
    0x00, 0x03, 0xec, 0x00, 0x00, 0x52, 0x00, 0x1e, 0xff, 0x90, 0x00, 0x00, 0x32, 0x00, 0x00, 0x00,
    0x00, 0x05, 0x64, 0x00, 0x00, 0x00, 0x00, 0x00,
    /* U+83DC "菜" */
    0x00, 0x00, 0x01, 0x93, 0x00, 0x00, 0x49, 0x10, 0x00, 0x00, 0x00, 0x00, 0x02, 0xf6, 0x00, 0x00,
    0x6f, 0x10, 0x00, 0x00, 0x0c, 0xff, 0xff, 0xff, 0xff, 0xff, 0xff, 0xff, 0xff, 0xd0, 0x04, 0x55,
    0x56, 0xf9, 0x55, 0x55, 0x9f, 0x65, 0x55, 0x40, 0x00, 0x00, 0x02, 0xf6, 0x00, 0x00, 0x5c, 0x24,
    0x20, 0x00, 0x00, 0x11, 0x23, 0x55, 0x67, 0x8a, 0xbe, 0xff, 0xe2, 0x00, 0x01, 0xff, 0xff, 0xff,
    0xfe, 0xdb, 0x98, 0x63, 0x10, 0x00, 0x00, 0x44, 0x32, 0x10, 0x36, 0x00, 0x00, 0x02, 0xc4, 0x00,
    0x00, 0x1e, 0x70, 0x00, 0x7f, 0x20, 0x00, 0x09, 0xf2, 0x00, 0x00, 0x08, 0xf2, 0x00, 0x1e, 0x80,
    0x00, 0x2f, 0x80, 0x00, 0x00, 0x01, 0xe9, 0x00, 0x08, 0x50, 0x00, 0xbc, 0x00, 0x00, 0x00, 0x00,
    0x41, 0x00, 0x0c, 0xb0, 0x00, 0x62, 0x00, 0x00, 0x05, 0x55, 0x55, 0x55, 0x5d, 0xc5, 0x55, 0x55,
    0x55, 0x50, 0x0d, 0xff, 0xff, 0xff, 0xff, 0xff, 0xff, 0xff, 0xff, 0xe0, 0x00, 0x00, 0x00, 0x1b,
    0xee, 0xde, 0x90, 0x00, 0x00, 0x00, 0x00, 0x00, 0x04, 0xde, 0x3c, 0xb4, 0xec, 0x30, 0x00, 0x00,
    0x00, 0x03, 0xaf, 0xb2, 0x0c, 0xb0, 0x2c, 0xf9, 0x20, 0x00, 0x05, 0xbf, 0xe7, 0x00, 0x0c, 0xb0,
    0x00, 0x7e, 0xfb, 0x61, 0x1d, 0xe8, 0x10, 0x00, 0x0c, 0xb0, 0x00, 0x01, 0x7d, 0xb0, 0x01, 0x00,
    0x00, 0x00, 0x09, 0x80, 0x00, 0x00, 0x00, 0x10,
    /* U+84DD "蓝" */
    0x00, 0x00, 0x02, 0x92, 0x00, 0x00, 0x29, 0x20, 0x00, 0x00, 0x00, 0x00, 0x03, 0xf4, 0x00, 0x00,
    0x4f, 0x30, 0x00, 0x00, 0x0d, 0xff, 0xff, 0xff, 0xff, 0xff, 0xff, 0xff, 0xff, 0xe0, 0x04, 0x55,
    0x57, 0xf7, 0x55, 0x55, 0x8f, 0x75, 0x55, 0x40, 0x00, 0x00, 0x02, 0x92, 0x00, 0x01, 0x39, 0x20,
    0x00, 0x00, 0x00, 0x00, 0x00, 0x89, 0x00, 0x0a, 0xd0, 0x00, 0x00, 0x00, 0x00, 0x6f, 0x00, 0xac,
    0x00, 0x0e, 0xb4, 0x44, 0x44, 0x10, 0x00, 0x6f, 0x00, 0xac, 0x00, 0x5f, 0xff, 0xff, 0xff, 0x20,
    0x00, 0x6f, 0x00, 0xac, 0x00, 0xcc, 0x05, 0x50, 0x00, 0x00, 0x00, 0x6f, 0x00, 0xac, 0x06, 0xf5,
    0x08, 0xe3, 0x00, 0x00, 0x00, 0x6f, 0x00, 0xac, 0x0b, 0xb0, 0x00, 0xcc, 0x00, 0x00, 0x00, 0x4b,
    0x00, 0xac, 0x01, 0x10, 0x00, 0x3f, 0x40, 0x00, 0x00, 0x00, 0x00, 0x23, 0x00, 0x00, 0x00, 0x03,
    0x00, 0x00, 0x00, 0x0d, 0xff, 0xff, 0xff, 0xff, 0xff, 0xff, 0xf0, 0x00, 0x00, 0x0d, 0xa3, 0x3b,
    0xb3, 0x3a, 0xc3, 0x39, 0xf0, 0x00, 0x00, 0x0d, 0x80, 0x0a, 0x90, 0x09, 0xb0, 0x07, 0xf0, 0x00,
    0x00, 0x0d, 0x80, 0x0a, 0x90, 0x09, 0xb0, 0x07, 0xf0, 0x00, 0x04, 0x4e, 0xa4, 0x4c, 0xb4, 0x4b,
    0xc4, 0x49, 0xf4, 0x40, 0x1f, 0xff, 0xff, 0xff, 0xff, 0xff, 0xff, 0xff, 0xff, 0xf2,
    /* U+852C "蔬" */
    0x00, 0x00, 0x02, 0x92, 0x00, 0x00, 0x39, 0x10, 0x00, 0x00, 0x00, 0x00, 0x04, 0xf3, 0x00, 0x00,
    0x5f, 0x20, 0x00, 0x00, 0x0d, 0xff, 0xff, 0xff, 0xff, 0xff, 0xff, 0xff, 0xff, 0xd0, 0x04, 0x55,
    0x58, 0xf7, 0x55, 0x55, 0x9f, 0x75, 0x55, 0x50, 0x00, 0x00, 0x03, 0xc3, 0x00, 0x00, 0x4c, 0x20,
    0x00, 0x00, 0x03, 0x44, 0x44, 0x44, 0x00, 0x00, 0x8b, 0x00, 0x00, 0x00, 0x0a, 0xff, 0xff, 0xff,
    0x54, 0x44, 0x6f, 0x74, 0x44, 0x40, 0x00, 0x00, 0x03, 0xe6, 0x7f, 0xff, 0xff, 0xff, 0xff, 0xe0,
    0x00, 0x00, 0x2e, 0x80, 0x00, 0x2e, 0x90, 0x1b, 0x50, 0x00, 0x01, 0x91, 0x5f, 0x00, 0x03, 0xe9,
    0x00, 0x05, 0xf6, 0x00, 0x02, 0xf2, 0x5f, 0x00, 0x2f, 0xfe, 0xef, 0xff, 0xff, 0x40, 0x02, 0xf2,
    0x5f, 0xff, 0x57, 0x65, 0x43, 0x22, 0x18, 0x50, 0x02, 0xf2, 0x5f, 0x44, 0x14, 0xe0, 0x4b, 0x05,
    0xd0, 0x00, 0x02, 0xf2, 0x5f, 0x00, 0x04, 0xe0, 0x5d, 0x05, 0xe0, 0x00, 0x02, 0xf2, 0x5f, 0x00,
    0x05, 0xe0, 0x5d, 0x05, 0xe0, 0x00, 0x02, 0xf2, 0x5f, 0x25, 0x37, 0xd0, 0x5d, 0x05, 0xe0, 0x10,
    0x02, 0xf7, 0xbf, 0xff, 0x6c, 0x90, 0x5d, 0x05, 0xe0, 0x86, 0x2d, 0xff, 0xd9, 0x51, 0x9e, 0x20,
    0x5d, 0x05, 0xe0, 0xa6, 0x0a, 0x62, 0x00, 0x0a, 0xe4, 0x00, 0x49, 0x02, 0xef, 0xe2, 0x00, 0x00,
    0x00, 0x02, 0x20, 0x00, 0x00, 0x00, 0x01, 0x00,
    /* U+86CB "蛋" */
    0x00, 0x00, 0x00, 0x00, 0x00, 0x00, 0x00, 0x00, 0x00, 0x00, 0x00, 0xff, 0xff, 0xff, 0xff, 0xff,
    0xff, 0xff, 0xff, 0x40, 0x00, 0x44, 0x45, 0x44, 0x4c, 0xc4, 0x44, 0x44, 0xae, 0x10, 0x00, 0x00,
    0x3f, 0x40, 0x0b, 0xb0, 0x00, 0x01, 0xe8, 0x00, 0x00, 0x00, 0x8f, 0x10, 0x0b, 0xff, 0xff, 0xfa,
    0x91, 0x00, 0x00, 0x02, 0xef, 0x90, 0x0b, 0xb2, 0x22, 0x21, 0x00, 0x00, 0x00, 0x0a, 0xf6, 0xf8,
    0x1b, 0xb0, 0x00, 0x00, 0x00, 0x00, 0x00, 0x7f, 0x80, 0x6e, 0xee, 0xd6, 0x55, 0x55, 0x55, 0x51,
    0x08, 0xfb, 0x00, 0x01, 0x7b, 0xde, 0xff, 0xff, 0xff, 0xd0, 0x2f, 0xa1, 0x00, 0x00, 0x06, 0x60,
    0x00, 0x00, 0x00, 0x00, 0x04, 0x02, 0x22, 0x22, 0x2b, 0xc2, 0x22, 0x22, 0x20, 0x00, 0x00, 0x0e,
    0xff, 0xff, 0xff, 0xff, 0xff, 0xff, 0xf0, 0x00, 0x00, 0x0e, 0x70, 0x00, 0x0b, 0xb0, 0x00, 0x07,
    0xf0, 0x00, 0x00, 0x0e, 0x70, 0x00, 0x0b, 0xb0, 0x00, 0x07, 0xf0, 0x00, 0x00, 0x0e, 0xff, 0xff,
    0xff, 0xff, 0xff, 0xff, 0xf0, 0x00, 0x00, 0x03, 0x33, 0x33, 0x3c, 0xc3, 0x37, 0xd5, 0x30, 0x00,
    0x00, 0x00, 0x00, 0x00, 0x0b, 0xb1, 0x13, 0xbe, 0x60, 0x00, 0x08, 0xdd, 0xde, 0xee, 0xff, 0xff,
    0xff, 0xff, 0xfa, 0x10, 0x07, 0xba, 0xa9, 0x87, 0x76, 0x54, 0x33, 0x21, 0x3e, 0xc0, 0x00, 0x00,
    0x00, 0x00, 0x00, 0x00, 0x00, 0x00, 0x04, 0x50,
    /* U+884C "行" */
    0x00, 0x00, 0x08, 0x30, 0x00, 0x00, 0x00, 0x00, 0x00, 0x00, 0x00, 0x00, 0x9f, 0x40, 0x27, 0x77,
    0x77, 0x77, 0x77, 0x30, 0x00, 0x08, 0xf6, 0x00, 0x5f, 0xff, 0xff, 0xff, 0xff, 0x80, 0x00, 0xaf,
    0x80, 0x00, 0x00, 0x00, 0x00, 0x00, 0x00, 0x00, 0x1b, 0xf8, 0x00, 0x10, 0x00, 0x00, 0x00, 0x00,
    0x00, 0x00, 0x1d, 0x60, 0x05, 0xe4, 0x00, 0x00, 0x00, 0x00, 0x00, 0x00, 0x01, 0x00, 0x2e, 0xc0,
    0x00, 0x00, 0x00, 0x00, 0x00, 0x00, 0x00, 0x00, 0xbf, 0x31, 0x77, 0x77, 0x77, 0x77, 0x77, 0x71,
    0x00, 0x08, 0xf7, 0x03, 0xff, 0xff, 0xff, 0xff, 0xff, 0xf1, 0x00, 0x7f, 0xf5, 0x00, 0x00, 0x00,
    0x00, 0x7f, 0x10, 0x00, 0x08, 0xfc, 0xf5, 0x00, 0x00, 0x00, 0x00, 0x7f, 0x10, 0x00, 0x4f, 0xa3,
    0xf5, 0x00, 0x00, 0x00, 0x00, 0x7f, 0x10, 0x00, 0x05, 0x03, 0xf5, 0x00, 0x00, 0x00, 0x00, 0x7f,
    0x10, 0x00, 0x00, 0x03, 0xf5, 0x00, 0x00, 0x00, 0x00, 0x7f, 0x10, 0x00, 0x00, 0x03, 0xf5, 0x00,
    0x00, 0x00, 0x00, 0x7f, 0x10, 0x00, 0x00, 0x03, 0xf5, 0x00, 0x00, 0x00, 0x00, 0x7f, 0x10, 0x00,
    0x00, 0x03, 0xf5, 0x00, 0x00, 0x00, 0x00, 0x7f, 0x10, 0x00, 0x00, 0x03, 0xf5, 0x00, 0x00, 0x00,
    0x00, 0x7f, 0x10, 0x00, 0x00, 0x03, 0xf5, 0x00, 0x00, 0x0e, 0xee, 0xfd, 0x00, 0x00, 0x00, 0x02,
    0x93, 0x00, 0x00, 0x05, 0x77, 0x51, 0x00, 0x00,
    /* U+8868 "表" */
    0x00, 0x00, 0x00, 0x00, 0x09, 0x80, 0x00, 0x00, 0x00, 0x00, 0x00, 0x00, 0x00, 0x00, 0x0c, 0xb0,
    0x00, 0x00, 0x00, 0x00, 0x00, 0xef, 0xff, 0xff, 0xff, 0xff, 0xff, 0xff, 0xff, 0x00, 0x00, 0x45,
    0x55, 0x55, 0x5d, 0xc5, 0x55, 0x55, 0x55, 0x00, 0x00, 0x00, 0x00, 0x00, 0x0c, 0xb0, 0x00, 0x00,
    0x00, 0x00, 0x00, 0x03, 0x33, 0x33, 0x3d, 0xc3, 0x33, 0x33, 0x31, 0x00, 0x00, 0x0d, 0xff, 0xff,
    0xff, 0xff, 0xff, 0xff, 0xf2, 0x00, 0x00, 0x00, 0x00, 0x00, 0x0c, 0xb0, 0x00, 0x00, 0x00, 0x00,
    0x03, 0x44, 0x44, 0x44, 0x4d, 0xc4, 0x44, 0x44, 0x44, 0x30, 0x0b, 0xff, 0xff, 0xff, 0xff, 0xff,
    0xff, 0xff, 0xff, 0xa0, 0x00, 0x00, 0x00, 0x1a, 0xf6, 0xe8, 0x00, 0x00, 0x00, 0x00, 0x00, 0x00,
    0x03, 0xce, 0x50, 0x7e, 0x10, 0x01, 0xcb, 0x00, 0x00, 0x01, 0x8f, 0xd3, 0x00, 0x1e, 0x90, 0x2d,
    0xd4, 0x00, 0x02, 0x8e, 0xff, 0xa0, 0x00, 0x07, 0xf8, 0xeb, 0x10, 0x00, 0x1e, 0xf9, 0x2d, 0xa0,
    0x00, 0x00, 0xaf, 0xa0, 0x00, 0x00, 0x03, 0x20, 0x0d, 0xa0, 0x00, 0x01, 0x1d, 0xf6, 0x00, 0x00,
    0x00, 0x00, 0x0d, 0xa0, 0x38, 0xca, 0x01, 0xbf, 0xa3, 0x00, 0x00, 0x00, 0x1f, 0xdd, 0xfe, 0xa4,
    0x00, 0x08, 0xff, 0xb2, 0x00, 0x00, 0x7f, 0xfa, 0x51, 0x00, 0x00, 0x00, 0x28, 0xa0, 0x00, 0x00,
    0x16, 0x10, 0x00, 0x00, 0x00, 0x00, 0x00, 0x00,
    /* U+888B "袋" */
    0x00, 0x00, 0x04, 0x60, 0x00, 0x96, 0x00, 0x61, 0x00, 0x00, 0x00, 0x00, 0x1e, 0xb0, 0x00, 0xbb,
    0x02, 0xce, 0x50, 0x00, 0x00, 0x00, 0xbe, 0x10, 0x00, 0x9e, 0x00, 0x07, 0xd2, 0x00, 0x00, 0x0a,
    0xf6, 0x00, 0x02, 0x8f, 0x77, 0x9a, 0xcd, 0xb0, 0x01, 0xcf, 0xf5, 0x7e, 0xff, 0xff, 0xfd, 0xba,
    0x87, 0x50, 0x3d, 0xf7, 0xf5, 0x36, 0x53, 0x29, 0xf2, 0x00, 0x00, 0x00, 0x1c, 0x41, 0xf5, 0x00,
    0x00, 0x01, 0xec, 0x10, 0x03, 0x90, 0x00, 0x01, 0xf5, 0x00, 0x04, 0x00, 0x3e, 0xd5, 0x18, 0xd0,
    0x00, 0x01, 0xf5, 0x00, 0x5f, 0x50, 0x03, 0xbf, 0xff, 0x80, 0x00, 0x01, 0x62, 0x00, 0x0c, 0xe0,
    0x00, 0x03, 0x55, 0x00, 0x04, 0x55, 0x55, 0x55, 0x58, 0x85, 0x55, 0x55, 0x55, 0x40, 0x0e, 0xff,
    0xff, 0xff, 0xff, 0xff, 0xff, 0xff, 0xff, 0xe0, 0x00, 0x00, 0x00, 0x1a, 0xf6, 0xbd, 0x10, 0x00,
    0x62, 0x00, 0x00, 0x00, 0x17, 0xed, 0x40, 0x3f, 0x90, 0x2b, 0xf7, 0x00, 0x00, 0x5a, 0xef, 0xe1,
    0x00, 0x08, 0xf9, 0xec, 0x30, 0x00, 0x1e, 0xfb, 0x69, 0xd0, 0x00, 0x00, 0xaf, 0xb0, 0x00, 0x00,
    0x04, 0x20, 0x08, 0xd0, 0x25, 0x94, 0x0a, 0xfd, 0x50, 0x00, 0x00, 0x00, 0x0b, 0xfd, 0xff, 0xc4,
    0x00, 0x5e, 0xfe, 0x91, 0x00, 0x00, 0x2f, 0xd9, 0x51, 0x00, 0x00, 0x01, 0x5b, 0xa0, 0x00, 0x00,
    0x03, 0x00, 0x00, 0x00, 0x00, 0x00, 0x00, 0x00,
    /* U+898B "見" */
    0x00, 0x05, 0xff, 0xff, 0xff, 0xff, 0xff, 0xff, 0x50, 0x00, 0x00, 0x05, 0xf7, 0x55, 0x55, 0x55,
    0x55, 0x7f, 0x50, 0x00, 0x00, 0x05, 0xf2, 0x00, 0x00, 0x00, 0x00, 0x3f, 0x50, 0x00, 0x00, 0x05,
    0xf5, 0x44, 0x44, 0x44, 0x44, 0x6f, 0x50, 0x00, 0x00, 0x05, 0xff, 0xff, 0xff, 0xff, 0xff, 0xff,
    0x50, 0x00, 0x00, 0x05, 0xf2, 0x00, 0x00, 0x00, 0x00, 0x3f, 0x50, 0x00, 0x00, 0x05, 0xf2, 0x00,
    0x00, 0x00, 0x00, 0x3f, 0x50, 0x00, 0x00, 0x05, 0xff, 0xff, 0xff, 0xff, 0xff, 0xff, 0x50, 0x00,
    0x00, 0x05, 0xf6, 0x44, 0x44, 0x44, 0x44, 0x6f, 0x50, 0x00, 0x00, 0x05, 0xf2, 0x00, 0x00, 0x00,
    0x00, 0x3f, 0x50, 0x00, 0x00, 0x05, 0xf7, 0x55, 0x55, 0x55, 0x55, 0x7f, 0x50, 0x00, 0x00, 0x05,
    0xff, 0xff, 0xff, 0xff, 0xff, 0xff, 0x50, 0x00, 0x00, 0x00, 0x00, 0xbd, 0x00, 0x0b, 0xc0, 0x00,
    0x00, 0x00, 0x00, 0x00, 0x00, 0xea, 0x00, 0x0b, 0xc0, 0x00, 0x00, 0x00, 0x00, 0x00, 0x07, 0xf5,
    0x00, 0x0b, 0xc0, 0x00, 0x03, 0xb1, 0x00, 0x00, 0x5f, 0xb0, 0x00, 0x0b, 0xc0, 0x00, 0x04, 0xf2,
    0x00, 0x3a, 0xfc, 0x20, 0x00, 0x0a, 0xd1, 0x00, 0x07, 0xf1, 0x1d, 0xfe, 0x90, 0x00, 0x00, 0x07,
    0xff, 0xff, 0xff, 0xa0, 0x05, 0x51, 0x00, 0x00, 0x00, 0x00, 0x46, 0x66, 0x65, 0x10,
    /* U+89C1 "见" */
    0x00, 0x03, 0x88, 0x88, 0x88, 0x88, 0x88, 0x88, 0x30, 0x00, 0x00, 0x7f, 0xff, 0xff, 0xff, 0xff,
    0xff, 0xf6, 0x00, 0x00, 0x07, 0xf2, 0x00, 0x00, 0x00, 0x00, 0x3f, 0x60, 0x00, 0x00, 0x7f, 0x20,
    0x00, 0x00, 0x00, 0x03, 0xf6, 0x00, 0x00, 0x07, 0xf2, 0x00, 0x0f, 0x90, 0x00, 0x3f, 0x60, 0x00,
    0x00, 0x7f, 0x20, 0x00, 0xf8, 0x00, 0x03, 0xf6, 0x00, 0x00, 0x07, 0xf2, 0x00, 0x1f, 0x80, 0x00,
    0x3f, 0x60, 0x00, 0x00, 0x7f, 0x20, 0x02, 0xf6, 0x00, 0x03, 0xf6, 0x00, 0x00, 0x07, 0xf2, 0x00,
    0x3f, 0x50, 0x00, 0x3f, 0x60, 0x00, 0x00, 0x7f, 0x20, 0x05, 0xf3, 0x00, 0x03, 0xf6, 0x00, 0x00,
    0x07, 0xf2, 0x00, 0x8f, 0x45, 0x00, 0x3f, 0x60, 0x00, 0x00, 0x7f, 0x20, 0x0c, 0xda, 0xc0, 0x03,
    0xf6, 0x00, 0x00, 0x03, 0x71, 0x02, 0xf8, 0xac, 0x00, 0x17, 0x30, 0x00, 0x00, 0x00, 0x00, 0xbf,
    0x2a, 0xc0, 0x00, 0x00, 0x43, 0x00, 0x00, 0x00, 0x8f, 0x70, 0xac, 0x00, 0x00, 0x08, 0xd0, 0x00,
    0x02, 0xaf, 0xa0, 0x0a, 0xd0, 0x00, 0x00, 0x9c, 0x00, 0x49, 0xff, 0x80, 0x00, 0x9f, 0x76, 0x66,
    0x6e, 0x80, 0xcf, 0xea, 0x20, 0x00, 0x03, 0xcf, 0xff, 0xff, 0xc2, 0x03, 0x51, 0x00, 0x00, 0x00,
    0x00, 0x00, 0x00, 0x00, 0x00,
    /* U+89C9 "觉" */
    0x00, 0x01, 0x00, 0x03, 0x60, 0x00, 0x00, 0x42, 0x00, 0x00, 0x9d, 0x20, 0x06, 0xf3, 0x00, 0x02,
    0xfb, 0x00, 0x00, 0x1e, 0xc0, 0x00, 0xcb, 0x00, 0x0a, 0xe1, 0x00, 0x00, 0x05, 0xe3, 0x00, 0x5a,
    0x10, 0x5f, 0x40, 0x00, 0x5f, 0xff, 0xff, 0xff, 0xff, 0xff, 0xff, 0xff, 0xf7, 0x5f, 0x75, 0x55,
    0x55, 0x55, 0x55, 0x55, 0x56, 0xf7, 0x5f, 0x30, 0x00, 0x00, 0x00, 0x00, 0x00, 0x02, 0xf7, 0x5f,
    0x34, 0x55, 0x55, 0x55, 0x55, 0x55, 0x42, 0xf7, 0x00, 0x0d, 0xff, 0xff, 0xff, 0xff, 0xff, 0xd0,
    0x00, 0x00, 0x0d, 0xa0, 0x00, 0x10, 0x00, 0x0b, 0xd0, 0x00, 0x00, 0x0d, 0xa0, 0x00, 0xda, 0x00,
    0x0b, 0xd0, 0x00, 0x00, 0x0d, 0xa0, 0x00, 0xda, 0x00, 0x0b, 0xd0, 0x00, 0x00, 0x0d, 0xa0, 0x00,
    0xe9, 0x00, 0x0b, 0xd0, 0x00, 0x00, 0x0d, 0xa0, 0x01, 0xf8, 0x10, 0x0b, 0xd0, 0x00, 0x00, 0x0d,
    0xa0, 0x06, 0xf6, 0xf5, 0x0b, 0xd0, 0x00, 0x00, 0x02, 0x20, 0x3e, 0xb2, 0xf5, 0x02, 0x30, 0x10,
    0x00, 0x00, 0x06, 0xed, 0x22, 0xf5, 0x00, 0x00, 0x7b, 0x00, 0x16, 0xcf, 0xa1, 0x02, 0xf7, 0x00,
    0x00, 0xac, 0x3b, 0xff, 0xb4, 0x00, 0x00, 0xdf, 0xff, 0xff, 0xf6, 0x09, 0x72, 0x00, 0x00, 0x00,
    0x14, 0x55, 0x55, 0x30,
    /* U+8A08 "計" */
    0x00, 0x18, 0x10, 0x00, 0x00, 0x00, 0x24, 0x00, 0x00, 0x00, 0x01, 0xe8, 0x00, 0x00, 0x00, 0x08,
    0xf0, 0x00, 0x00, 0x00, 0x07, 0xf2, 0x00, 0x00, 0x00, 0x8f, 0x00, 0x00, 0x00, 0x00, 0x18, 0x10,
    0x00, 0x00, 0x08, 0xf0, 0x00, 0x00, 0xbf, 0xff, 0xff, 0xff, 0x80, 0x00, 0x8f, 0x00, 0x00, 0x03,
    0x44, 0x44, 0x44, 0x42, 0x00, 0x08, 0xf0, 0x00, 0x00, 0x02, 0x33, 0x33, 0x32, 0x00, 0x00, 0x8f,
    0x00, 0x00, 0x00, 0xdf, 0xff, 0xff, 0xa3, 0x77, 0x7c, 0xf7, 0x77, 0x71, 0x00, 0x00, 0x00, 0x00,
    0x7f, 0xff, 0xff, 0xff, 0xff, 0x10, 0x23, 0x33, 0x33, 0x20, 0x00, 0x08, 0xf0, 0x00, 0x00, 0x0d,
    0xff, 0xff, 0xfa, 0x00, 0x00, 0x8f, 0x00, 0x00, 0x00, 0x00, 0x00, 0x00, 0x00, 0x00, 0x08, 0xf0,
    0x00, 0x00, 0x0a, 0xff, 0xff, 0xfa, 0x00, 0x00, 0x8f, 0x00, 0x00, 0x00, 0xab, 0x44, 0x4b, 0xa0,
    0x00, 0x08, 0xf0, 0x00, 0x00, 0x0a, 0x90, 0x00, 0x9a, 0x00, 0x00, 0x8f, 0x00, 0x00, 0x00, 0xa9,
    0x00, 0x09, 0xa0, 0x00, 0x08, 0xf0, 0x00, 0x00, 0x0a, 0x90, 0x00, 0x9a, 0x00, 0x00, 0x8f, 0x00,
    0x00, 0x00, 0xaf, 0xff, 0xff, 0xa0, 0x00, 0x08, 0xf0, 0x00, 0x00, 0x0a, 0xb4, 0x44, 0x43, 0x00,
    0x00, 0x8f, 0x00, 0x00, 0x00, 0x33, 0x00, 0x00, 0x00, 0x00, 0x06, 0xa0, 0x00, 0x00,
    /* U+8A71 "話" */
    0x00, 0x05, 0x50, 0x00, 0x00, 0x00, 0x00, 0x00, 0x43, 0x00, 0x00, 0x09, 0xe1, 0x00, 0x00, 0x01,
    0x47, 0xae, 0xfd, 0x00, 0x00, 0x01, 0xe8, 0x00, 0x1b, 0xdf, 0xff, 0xd9, 0x51, 0x00, 0x00, 0x00,
    0x63, 0x00, 0x09, 0x86, 0x3e, 0x70, 0x00, 0x00, 0x3f, 0xff, 0xff, 0xff, 0x20, 0x00, 0x0e, 0x70,
    0x00, 0x00, 0x14, 0x44, 0x44, 0x44, 0x10, 0x00, 0x0e, 0x70, 0x00, 0x00, 0x01, 0x33, 0x33, 0x31,
    0x00, 0x00, 0x0e, 0x70, 0x00, 0x00, 0x06, 0xff, 0xff, 0xf7, 0x4f, 0xff, 0xff, 0xff, 0xff, 0xf2,
    0x00, 0x00, 0x00, 0x00, 0x26, 0x66, 0x6e, 0xa6, 0x66, 0x61, 0x01, 0x33, 0x33, 0x31, 0x00, 0x00,
    0x0e, 0x70, 0x00, 0x00, 0x06, 0xff, 0xff, 0xf7, 0x00, 0x00, 0x0e, 0x70, 0x00, 0x00, 0x00, 0x00,
    0x00, 0x00, 0x00, 0x00, 0x0e, 0x70, 0x00, 0x00, 0x06, 0xff, 0xff, 0xfa, 0x07, 0xff, 0xff, 0xff,
    0xff, 0x10, 0x06, 0xf4, 0x44, 0xca, 0x07, 0xe6, 0x66, 0x66, 0x9f, 0x10, 0x06, 0xe0, 0x00, 0xba,
    0x07, 0xd0, 0x00, 0x00, 0x5f, 0x10, 0x06, 0xe0, 0x00, 0xba, 0x07, 0xd0, 0x00, 0x00, 0x5f, 0x10,
    0x06, 0xe0, 0x00, 0xba, 0x07, 0xd0, 0x00, 0x00, 0x5f, 0x10, 0x06, 0xff, 0xff, 0xfa, 0x07, 0xe5,
    0x55, 0x55, 0x9f, 0x10, 0x06, 0xf4, 0x44, 0x43, 0x07, 0xff, 0xff, 0xff, 0xff, 0x10, 0x02, 0x50,
    0x00, 0x00, 0x06, 0xa0, 0x00, 0x00, 0x4a, 0x10,
    /* U+8A9E "語" */
    0x00, 0x04, 0x50, 0x00, 0x00, 0x00, 0x00, 0x00, 0x00, 0x00, 0x00, 0x08, 0xe2, 0x00, 0x7f, 0xff,
    0xff, 0xff, 0xff, 0xc0, 0x00, 0x01, 0xe9, 0x00, 0x24, 0x46, 0xf8, 0x44, 0x44, 0x30, 0x00, 0x00,
    0x64, 0x00, 0x00, 0x04, 0xf3, 0x00, 0x00, 0x00, 0x2f, 0xff, 0xff, 0xff, 0x34, 0x48, 0xf5, 0x44,
    0x41, 0x00, 0x04, 0x44, 0x44, 0x44, 0x1f, 0xff, 0xff, 0xff, 0xf5, 0x00, 0x01, 0x33, 0x33, 0x32,
    0x00, 0x0c, 0xa0, 0x01, 0xf5, 0x00, 0x05, 0xff, 0xff, 0xf8, 0x00, 0x0f, 0x70, 0x01, 0xf5, 0x00,
    0x00, 0x00, 0x00, 0x00, 0x00, 0x3f, 0x40, 0x01, 0xf5, 0x00, 0x01, 0x33, 0x33, 0x31, 0xff, 0xff,
    0xff, 0xff, 0xff, 0xf3, 0x05, 0xff, 0xff, 0xf8, 0x44, 0x44, 0x44, 0x44, 0x44, 0x41, 0x00, 0x00,
    0x00, 0x00, 0x00, 0x00, 0x00, 0x00, 0x00, 0x00, 0x05, 0xff, 0xff, 0xfa, 0x0d, 0xff, 0xff, 0xff,
    0xff, 0x00, 0x05, 0xf4, 0x44, 0xba, 0x0d, 0xa5, 0x55, 0x55, 0xaf, 0x00, 0x05, 0xf0, 0x00, 0xaa,
    0x0d, 0x80, 0x00, 0x00, 0x7f, 0x00, 0x05, 0xf0, 0x00, 0xaa, 0x0d, 0x80, 0x00, 0x00, 0x7f, 0x00,
    0x05, 0xf0, 0x00, 0xaa, 0x0d, 0x80, 0x00, 0x00, 0x7f, 0x00, 0x05, 0xff, 0xff, 0xfa, 0x0d, 0xa5,
    0x55, 0x55, 0xaf, 0x00, 0x05, 0xf4, 0x44, 0x43, 0x0d, 0xff, 0xff, 0xff, 0xff, 0x00, 0x02, 0x50,
    0x00, 0x00, 0x0a, 0x70, 0x00, 0x00, 0x5b, 0x00,
    /* U+8AAD "読" */
    0x00, 0x18, 0x20, 0x00, 0x00, 0x00, 0x2b, 0x30, 0x00, 0x00, 0x00, 0x1d, 0xa0, 0x00, 0x00, 0x00,
    0x3f, 0x40, 0x00, 0x00, 0x00, 0x06, 0xf3, 0x00, 0xcf, 0xff, 0xff, 0xff, 0xff, 0xd0, 0x00, 0x00,
    0x71, 0x00, 0x34, 0x44, 0x6f, 0x74, 0x44, 0x40, 0x3f, 0xff, 0xff, 0xf7, 0x00, 0x00, 0x3f, 0x40,
    0x00, 0x00, 0x14, 0x44, 0x44, 0x42, 0x14, 0x44, 0x6f, 0x74, 0x44, 0x10, 0x02, 0x33, 0x33, 0x30,
    0x3f, 0xff, 0xff, 0xff, 0xff, 0x30, 0x07, 0xff, 0xff, 0xd0, 0x00, 0x00, 0x00, 0x00, 0x00, 0x00,
    0x00, 0x00, 0x00, 0x00, 0xcf, 0xff, 0xff, 0xff, 0xff, 0xe0, 0x02, 0x44, 0x44, 0x30, 0xc9, 0x33,
    0x33, 0x33, 0x38, 0xe0, 0x07, 0xff, 0xff, 0xd0, 0xc8, 0x00, 0x00, 0x00, 0x06, 0xe0, 0x00, 0x00,
    0x00, 0x00, 0xc8, 0x1f, 0x50, 0x8c, 0x06, 0xe0, 0x07, 0xff, 0xff, 0xf0, 0x00, 0x1f, 0x50, 0x8c,
    0x00, 0x00, 0x07, 0xe4, 0x47, 0xf0, 0x00, 0x2f, 0x40, 0x8c, 0x00, 0x00, 0x07, 0xd0, 0x05, 0xf0,
    0x00, 0x6f, 0x10, 0x8c, 0x00, 0x00, 0x07, 0xd0, 0x05, 0xf0, 0x00, 0xbc, 0x00, 0x8c, 0x00, 0x50,
    0x07, 0xd0, 0x05, 0xf0, 0x05, 0xf6, 0x00, 0x8c, 0x00, 0xf4, 0x07, 0xff, 0xff, 0xf0, 0x3e, 0xb0,
    0x00, 0x8d, 0x02, 0xf2, 0x07, 0xe4, 0x44, 0x46, 0xfc, 0x10, 0x00, 0x6f, 0xff, 0xd0, 0x02, 0x40,
    0x00, 0x01, 0x71, 0x00, 0x00, 0x04, 0x55, 0x10,
    /* U+8AB0 "誰" */
    0x00, 0x05, 0x50, 0x00, 0x00, 0x07, 0x22, 0x40, 0x00, 0x00, 0x00, 0x9e, 0x10, 0x00, 0x04, 0xf5,
    0x9e, 0x10, 0x00, 0x00, 0x01, 0xe8, 0x00, 0x00, 0xae, 0x02, 0xf7, 0x00, 0x00, 0x00, 0x06, 0x30,
    0x00, 0x1e, 0x80, 0x0b, 0x70, 0x00, 0x3f, 0xff, 0xff, 0xff, 0x26, 0xff, 0xff, 0xff, 0xff, 0xb1,
    0x44, 0x44, 0x44, 0x41, 0xee, 0x66, 0x7f, 0x86, 0x64, 0x01, 0x33, 0x33, 0x31, 0x8f, 0xe0, 0x02,
    0xf4, 0x00, 0x00, 0x6f, 0xff, 0xff, 0xaf, 0xde, 0x00, 0x2f, 0x40, 0x00, 0x00, 0x00, 0x00, 0x00,
    0x97, 0xff, 0xff, 0xff, 0xff, 0x50, 0x13, 0x33, 0x33, 0x10, 0x7e, 0x66, 0x7f, 0x86, 0x62, 0x06,
    0xff, 0xff, 0xf7, 0x07, 0xe0, 0x02, 0xf4, 0x00, 0x00, 0x00, 0x00, 0x00, 0x00, 0x7e, 0x00, 0x2f,
    0x40, 0x00, 0x06, 0xff, 0xff, 0xfa, 0x07, 0xe5, 0x57, 0xf8, 0x55, 0x20, 0x6f, 0x44, 0x4c, 0xa0,
    0x7f, 0xff, 0xff, 0xff, 0xf5, 0x06, 0xe0, 0x00, 0xba, 0x07, 0xe0, 0x02, 0xf4, 0x00, 0x00, 0x6e,
    0x00, 0x0b, 0xa0, 0x7e, 0x00, 0x2f, 0x40, 0x00, 0x06, 0xe0, 0x00, 0xba, 0x07, 0xe6, 0x67, 0xf8,
    0x66, 0x60, 0x6f, 0xff, 0xff, 0xa0, 0x7f, 0xff, 0xff, 0xff, 0xff, 0x06, 0xf4, 0x44, 0x43, 0x07,
    0xe0, 0x00, 0x00, 0x00, 0x00, 0x25, 0x00, 0x00, 0x00, 0x49, 0x00, 0x00, 0x00, 0x00,
    /* U+8BA4 "认" */
    0x00, 0x01, 0x00, 0x00, 0x00, 0x00, 0x59, 0x00, 0x00, 0x00, 0x00, 0x0c, 0x90, 0x00, 0x00, 0x00,
    0x9e, 0x00, 0x00, 0x00, 0x00, 0x06, 0xfa, 0x00, 0x00, 0x00, 0x9e, 0x00, 0x00, 0x00, 0x00, 0x00,
    0x7f, 0x90, 0x00, 0x00, 0x9d, 0x00, 0x00, 0x00, 0x00, 0x00, 0x08, 0x40, 0x00, 0x00, 0x9d, 0x00,
    0x00, 0x00, 0x00, 0x00, 0x00, 0x00, 0x00, 0x00, 0xac, 0x00, 0x00, 0x00, 0x00, 0x00, 0x00, 0x00,
    0x00, 0x00, 0xbc, 0x00, 0x00, 0x00, 0x1f, 0xff, 0xfb, 0x00, 0x00, 0x00, 0xdd, 0x00, 0x00, 0x00,
    0x07, 0x77, 0xdb, 0x00, 0x00, 0x00, 0xef, 0x10, 0x00, 0x00, 0x00, 0x00, 0xbb, 0x00, 0x00, 0x01,
    0xff, 0x40, 0x00, 0x00, 0x00, 0x00, 0xbb, 0x00, 0x00, 0x02, 0xff, 0x80, 0x00, 0x00, 0x00, 0x00,
    0xbb, 0x00, 0x00, 0x06, 0xfc, 0xc0, 0x00, 0x00, 0x00, 0x00, 0xbb, 0x00, 0x00, 0x09, 0xe5, 0xf2,
    0x00, 0x00, 0x00, 0x00, 0xbb, 0x00, 0x00, 0x0e, 0xa1, 0xe9, 0x00, 0x00, 0x00, 0x00, 0xbb, 0x1a,
    0x70, 0x6f, 0x40, 0x8f, 0x20, 0x00, 0x00, 0x00, 0xbd, 0xde, 0x40, 0xdd, 0x00, 0x2f, 0x90, 0x00,
    0x00, 0x00, 0xef, 0xb2, 0x08, 0xf4, 0x00, 0x08, 0xf5, 0x00, 0x00, 0x08, 0xf8, 0x00, 0x6f, 0xa0,
    0x00, 0x00, 0xce, 0x40, 0x00, 0x03, 0x50, 0x04, 0xfb, 0x10, 0x00, 0x00, 0x2d, 0xf2, 0x00, 0x00,
    0x00, 0x00, 0x61, 0x00, 0x00, 0x00, 0x01, 0x50,
    /* U+8BBE "设" */
    0x00, 0x02, 0x00, 0x00, 0x00, 0x00, 0x00, 0x00, 0x00, 0x00, 0x00, 0x4f, 0x50, 0x00, 0x03, 0xff,
    0xff, 0xff, 0x30, 0x00, 0x00, 0x09, 0xf5, 0x00, 0x03, 0xf8, 0x66, 0x8f, 0x30, 0x00, 0x00, 0x00,
    0xaf, 0x30, 0x03, 0xf3, 0x00, 0x3f, 0x30, 0x00, 0x00, 0x00, 0x1a, 0x10, 0x05, 0xf2, 0x00, 0x3f,
    0x30, 0x00, 0x00, 0x00, 0x00, 0x00, 0x0a, 0xd0, 0x00, 0x3f, 0x30, 0x00, 0x00, 0x00, 0x00, 0x00,
    0x4f, 0x80, 0x00, 0x3f, 0x74, 0x50, 0x2f, 0xff, 0xf2, 0x07, 0xfc, 0x00, 0x00, 0x0c, 0xff, 0xe0,
    0x17, 0x79, 0xf2, 0x1c, 0x91, 0x00, 0x00, 0x00, 0x00, 0x00, 0x00, 0x05, 0xf2, 0x02, 0x66, 0x66,
    0x66, 0x66, 0x64, 0x00, 0x00, 0x05, 0xf2, 0x05, 0xff, 0xff, 0xff, 0xff, 0xfb, 0x00, 0x00, 0x05,
    0xf2, 0x00, 0x5f, 0x20, 0x00, 0x03, 0xf5, 0x00, 0x00, 0x05, 0xf2, 0x00, 0x0c, 0xb0, 0x00, 0x0b,
    0xd0, 0x00, 0x00, 0x05, 0xf2, 0x00, 0x04, 0xf6, 0x00, 0x6f, 0x50, 0x00, 0x00, 0x05, 0xf2, 0x25,
    0x00, 0x9f, 0x55, 0xf8, 0x00, 0x00, 0x00, 0x05, 0xf7, 0xeb, 0x00, 0x0b, 0xff, 0xa0, 0x00, 0x00,
    0x00, 0x07, 0xff, 0xa1, 0x00, 0x3b, 0xff, 0xa2, 0x00, 0x00, 0x00, 0x1d, 0xf7, 0x00, 0x4a, 0xfe,
    0x67, 0xff, 0x94, 0x00, 0x00, 0x1d, 0x40, 0x1d, 0xfe, 0x81, 0x00, 0x2a, 0xff, 0xd1, 0x00, 0x01,
    0x00, 0x06, 0x50, 0x00, 0x00, 0x00, 0x16, 0x60,
    /* U+8BCD "词" */
    0x00, 0x69, 0x00, 0x04, 0x66, 0x66, 0x66, 0x66, 0x66, 0x30, 0x06, 0xfa, 0x00, 0xaf, 0xff, 0xff,
    0xff, 0xff, 0xf7, 0x00, 0x06, 0xf9, 0x00, 0x00, 0x00, 0x00, 0x00, 0x0f, 0x70, 0x00, 0x07, 0xc1,
    0x00, 0x00, 0x00, 0x00, 0x00, 0xf7, 0x00, 0x00, 0x01, 0x02, 0xff, 0xff, 0xff, 0xf8, 0x0f, 0x70,
    0x00, 0x00, 0x00, 0x15, 0x55, 0x55, 0x55, 0x30, 0xf7, 0x1f, 0xff, 0xf5, 0x00, 0x00, 0x00, 0x00,
    0x00, 0x0f, 0x71, 0x77, 0x8f, 0x50, 0x02, 0x44, 0x44, 0x43, 0x00, 0xf7, 0x00, 0x01, 0xf5, 0x00,
    0x5f, 0xff, 0xff, 0x90, 0x0f, 0x70, 0x00, 0x1f, 0x50, 0x05, 0xf0, 0x00, 0xb9, 0x00, 0xf7, 0x00,
    0x01, 0xf5, 0x00, 0x5f, 0x00, 0x0b, 0x90, 0x0f, 0x70, 0x00, 0x1f, 0x50, 0x05, 0xf0, 0x00, 0xb9,
    0x00, 0xf7, 0x00, 0x01, 0xf5, 0x00, 0x5f, 0x55, 0x5d, 0x90, 0x0f, 0x70, 0x00, 0x1f, 0x51, 0x45,
    0xff, 0xff, 0xf9, 0x00, 0xf7, 0x00, 0x01, 0xf9, 0xea, 0x5f, 0x00, 0x00, 0x00, 0x0f, 0x70, 0x00,
    0x5f, 0xfa, 0x12, 0x70, 0x00, 0x00, 0x00, 0xf7, 0x00, 0x0c, 0xf7, 0x00, 0x00, 0x00, 0x00, 0x00,
    0x0f, 0x70, 0x00, 0xa4, 0x00, 0x00, 0x00, 0x00, 0x1e, 0xef, 0xf4, 0x00, 0x00, 0x00, 0x00, 0x00,
    0x00, 0x00, 0x68, 0x74, 0x00,
    /* U+8BDD "话" */
    0x00, 0x00, 0x00, 0x00, 0x00, 0x00, 0x00, 0x01, 0x52, 0x00, 0x00, 0x98, 0x00, 0x00, 0x00, 0x13,
    0x69, 0xcf, 0xfc, 0x00, 0x00, 0x7f, 0x80, 0x06, 0xce, 0xff, 0xff, 0xb8, 0x40, 0x00, 0x00, 0x08,
    0xf7, 0x04, 0x97, 0x53, 0xad, 0x00, 0x00, 0x00, 0x00, 0x00, 0xa6, 0x00, 0x00, 0x00, 0x9d, 0x00,
    0x00, 0x00, 0x00, 0x00, 0x00, 0x00, 0x00, 0x00, 0x9d, 0x00, 0x00, 0x00, 0x00, 0x00, 0x00, 0x00,
    0x00, 0x00, 0x9d, 0x00, 0x00, 0x00, 0x2f, 0xff, 0xf1, 0x0b, 0xff, 0xff, 0xff, 0xff, 0xff, 0xf3,
    0x17, 0x7a, 0xf1, 0x04, 0x66, 0x66, 0xce, 0x66, 0x66, 0x61, 0x00, 0x05, 0xf1, 0x00, 0x00, 0x00,
    0x9d, 0x00, 0x00, 0x00, 0x00, 0x05, 0xf1, 0x00, 0x00, 0x00, 0x9d, 0x00, 0x00, 0x00, 0x00, 0x05,
    0xf1, 0x00, 0x00, 0x00, 0x9d, 0x00, 0x00, 0x00, 0x00, 0x05, 0xf1, 0x00, 0xaf, 0xff, 0xff, 0xff,
    0xff, 0x00, 0x00, 0x05, 0xf1, 0x00, 0xad, 0x66, 0x66, 0x66, 0xbf, 0x00, 0x00, 0x05, 0xf1, 0x43,
    0xac, 0x00, 0x00, 0x00, 0x8f, 0x00, 0x00, 0x05, 0xf8, 0xf8, 0xac, 0x00, 0x00, 0x00, 0x8f, 0x00,
    0x00, 0x07, 0xff, 0x90, 0xac, 0x00, 0x00, 0x00, 0x8f, 0x00, 0x00, 0x1d, 0xf7, 0x00, 0xad, 0x55,
    0x55, 0x55, 0xbf, 0x00, 0x00, 0x2e, 0x40, 0x00, 0xaf, 0xff, 0xff, 0xff, 0xff, 0x00, 0x00, 0x01,
    0x00, 0x00, 0x89, 0x00, 0x00, 0x00, 0x6a, 0x00,
    /* U+8BED "语" */
    0x00, 0x00, 0x00, 0x00, 0x00, 0x00, 0x00, 0x00, 0x00, 0x00, 0x00, 0xb9, 0x00, 0x0e, 0xff, 0xff,
    0xff, 0xff, 0xff, 0x70, 0x00, 0x5f, 0xa0, 0x05, 0x55, 0x5e, 0xb5, 0x55, 0x55, 0x20, 0x00, 0x06,
    0xf8, 0x00, 0x00, 0x1f, 0x70, 0x00, 0x00, 0x00, 0x00, 0x00, 0x99, 0x00, 0x00, 0x4f, 0x40, 0x00,
    0x10, 0x00, 0x00, 0x00, 0x10, 0x03, 0xff, 0xff, 0xff, 0xff, 0xf2, 0x00, 0x00, 0x00, 0x00, 0x01,
    0x55, 0xcd, 0x55, 0x59, 0xf1, 0x00, 0x2f, 0xff, 0xf1, 0x00, 0x00, 0xea, 0x00, 0x07, 0xe0, 0x00,
    0x17, 0x7a, 0xf1, 0x00, 0x02, 0xf6, 0x00, 0x09, 0xd0, 0x00, 0x00, 0x05, 0xf1, 0x9f, 0xff, 0xff,
    0xff, 0xff, 0xff, 0xf2, 0x00, 0x05, 0xf1, 0x36, 0x66, 0x66, 0x66, 0x66, 0x66, 0x61, 0x00, 0x05,
    0xf1, 0x00, 0x00, 0x00, 0x00, 0x00, 0x00, 0x00, 0x00, 0x05, 0xf1, 0x00, 0xef, 0xff, 0xff, 0xff,
    0xfc, 0x00, 0x00, 0x05, 0xf1, 0x00, 0xea, 0x55, 0x55, 0x55, 0xcc, 0x00, 0x00, 0x05, 0xf1, 0x03,
    0xe7, 0x00, 0x00, 0x00, 0xac, 0x00, 0x00, 0x05, 0xf4, 0xcb, 0xe7, 0x00, 0x00, 0x00, 0xac, 0x00,
    0x00, 0x06, 0xff, 0xc2, 0xe7, 0x00, 0x00, 0x00, 0xac, 0x00, 0x00, 0x0d, 0xf8, 0x00, 0xea, 0x55,
    0x55, 0x55, 0xcc, 0x00, 0x00, 0x08, 0x50, 0x00, 0xef, 0xff, 0xff, 0xff, 0xfc, 0x00, 0x00, 0x00,
    0x00, 0x00, 0xb6, 0x00, 0x00, 0x00, 0x78, 0x00,
    /* U+8BF4 "说" */
    0x00, 0x01, 0x00, 0x00, 0x16, 0x00, 0x00, 0x05, 0x40, 0x00, 0x00, 0x7d, 0x10, 0x00, 0x3f, 0x70,
    0x00, 0x0e, 0xb0, 0x00, 0x00, 0x3e, 0xd1, 0x00, 0x09, 0xe1, 0x00, 0x4f, 0x50, 0x00, 0x00, 0x03,
    0xeb, 0x00, 0x02, 0xf7, 0x00, 0xbd, 0x00, 0x00, 0x00, 0x00, 0x5d, 0x12, 0x55, 0xc7, 0x56, 0xfa,
    0x52, 0x00, 0x00, 0x00, 0x01, 0x05, 0xff, 0xff, 0xff, 0xff, 0xf7, 0x00, 0x00, 0x00, 0x00, 0x05,
    0xf2, 0x00, 0x00, 0x01, 0xf7, 0x00, 0x2f, 0xff, 0xf5, 0x05, 0xf2, 0x00, 0x00, 0x01, 0xf7, 0x00,
    0x17, 0x79, 0xf5, 0x05, 0xf2, 0x00, 0x00, 0x01, 0xf7, 0x00, 0x00, 0x03, 0xf5, 0x05, 0xf2, 0x00,
    0x00, 0x01, 0xf7, 0x00, 0x00, 0x03, 0xf5, 0x05, 0xff, 0xff, 0xff, 0xff, 0xf7, 0x00, 0x00, 0x03,
    0xf5, 0x02, 0x66, 0xdc, 0x6a, 0xf6, 0x62, 0x00, 0x00, 0x03, 0xf5, 0x00, 0x00, 0xe9, 0x07, 0xf0,
    0x00, 0x00, 0x00, 0x03, 0xf5, 0x01, 0x01, 0xf7, 0x07, 0xf0, 0x00, 0x00, 0x00, 0x03, 0xf5, 0x6c,
    0x05, 0xf4, 0x07, 0xf0, 0x00, 0x00, 0x00, 0x03, 0xfd, 0xfa, 0x0a, 0xd0, 0x07, 0xf0, 0x02, 0x40,
    0x00, 0x08, 0xff, 0x60, 0x5f, 0x70, 0x07, 0xf0, 0x03, 0xf2, 0x00, 0x3f, 0xd3, 0x05, 0xeb, 0x00,
    0x07, 0xf1, 0x05, 0xf0, 0x00, 0x09, 0x20, 0xbf, 0xb1, 0x00, 0x05, 0xff, 0xff, 0xb0, 0x00, 0x00,
    0x00, 0x45, 0x00, 0x00, 0x00, 0x46, 0x66, 0x10,
    /* U+8BFB "读" */
    0x00, 0x11, 0x00, 0x00, 0x00, 0x00, 0x98, 0x00, 0x00, 0x00, 0x00, 0xad, 0x20, 0x00, 0x00, 0x00,
    0xca, 0x00, 0x00, 0x00, 0x00, 0x2d, 0xe3, 0x00, 0xef, 0xff, 0xff, 0xff, 0xfd, 0x00, 0x00, 0x02,
    0xee, 0x10, 0x44, 0x44, 0xdc, 0x44, 0x44, 0x00, 0x00, 0x00, 0x49, 0x00, 0x00, 0x00, 0xca, 0x00,
    0x00, 0x00, 0x00, 0x00, 0x00, 0x03, 0x44, 0x44, 0xdc, 0x44, 0x45, 0x20, 0x00, 0x00, 0x00, 0x0a,
    0xff, 0xff, 0xff, 0xff, 0xff, 0x80, 0x3f, 0xff, 0xf2, 0x00, 0x01, 0x00, 0x14, 0x10, 0x2f, 0x30,
    0x17, 0x79, 0xf2, 0x00, 0x0d, 0xa1, 0x3f, 0x30, 0x7d, 0x00, 0x00, 0x04, 0xf2, 0x00, 0x21, 0xad,
    0x6f, 0x30, 0x75, 0x00, 0x00, 0x04, 0xf2, 0x05, 0xe7, 0x06, 0x5f, 0x30, 0x00, 0x00, 0x00, 0x04,
    0xf2, 0x00, 0x3d, 0xb0, 0x5f, 0x20, 0x00, 0x00, 0x00, 0x04, 0xf2, 0x05, 0x56, 0xa5, 0x9f, 0x55,
    0x55, 0x40, 0x00, 0x04, 0xf2, 0x1f, 0xff, 0xff, 0xff, 0xff, 0xff, 0xe0, 0x00, 0x04, 0xf2, 0x61,
    0x00, 0x04, 0xf6, 0x00, 0x00, 0x00, 0x00, 0x04, 0xfa, 0xf5, 0x00, 0x2d, 0xd2, 0xd6, 0x00, 0x00,
    0x00, 0x06, 0xff, 0x70, 0x02, 0xde, 0x30, 0x7f, 0xa1, 0x00, 0x00, 0x0b, 0xf5, 0x01, 0x7e, 0xe3,
    0x00, 0x04, 0xec, 0x10, 0x00, 0x1c, 0x40, 0x2e, 0xfa, 0x20, 0x00, 0x00, 0x2d, 0xd0, 0x00, 0x01,
    0x00, 0x07, 0x30, 0x00, 0x00, 0x00, 0x02, 0x60,
    /* U+8C01 "谁" */
    0x00, 0x01, 0x00, 0x00, 0x00, 0x72, 0x04, 0x10, 0x00, 0x00, 0x00, 0x9c, 0x10, 0x00, 0x05, 0xf5,
    0x1e, 0x90, 0x00, 0x00, 0x00, 0x3e, 0xd1, 0x00, 0x0b, 0xd0, 0x07, 0xf2, 0x00, 0x00, 0x00, 0x02,
    0xec, 0x00, 0x2f, 0x70, 0x01, 0xb3, 0x00, 0x00, 0x00, 0x00, 0x47, 0x00, 0x9f, 0xff, 0xff, 0xff,
    0xff, 0x90, 0x00, 0x00, 0x00, 0x03, 0xff, 0x66, 0x6a, 0xf6, 0x66, 0x30, 0x00, 0x00, 0x00, 0x1c,
    0xff, 0x00, 0x07, 0xe0, 0x00, 0x00, 0x2f, 0xff, 0xf2, 0x9f, 0xaf, 0x00, 0x07, 0xe0, 0x00, 0x00,
    0x17, 0x79, 0xf2, 0x36, 0x7f, 0xff, 0xff, 0xff, 0xff, 0x20, 0x00, 0x05, 0xf2, 0x00, 0x7f, 0x66,
    0x6a, 0xf6, 0x66, 0x10, 0x00, 0x05, 0xf2, 0x00, 0x7f, 0x00, 0x07, 0xe0, 0x00, 0x00, 0x00, 0x05,
    0xf2, 0x00, 0x7f, 0x00, 0x07, 0xe0, 0x00, 0x00, 0x00, 0x05, 0xf2, 0x00, 0x7f, 0x55, 0x5a, 0xf5,
    0x55, 0x10, 0x00, 0x05, 0xf2, 0x00, 0x7f, 0xff, 0xff, 0xff, 0xff, 0x20, 0x00, 0x05, 0xf2, 0x44,
    0x7f, 0x00, 0x07, 0xe0, 0x00, 0x00, 0x00, 0x05, 0xfa, 0xf7, 0x7f, 0x00, 0x07, 0xe0, 0x00, 0x00,
    0x00, 0x08, 0xff, 0x60, 0x7f, 0x66, 0x6a, 0xf6, 0x66, 0x61, 0x00, 0x2e, 0xd3, 0x00, 0x7f, 0xff,
    0xff, 0xff, 0xff, 0xf2, 0x00, 0x2b, 0x20, 0x00, 0x7f, 0x00, 0x00, 0x00, 0x00, 0x00, 0x00, 0x00,
    0x00, 0x00, 0x49, 0x00, 0x00, 0x00, 0x00, 0x00,
    /* U+8C22 "谢" */
    0x00, 0x00, 0x00, 0x00, 0x07, 0x40, 0x00, 0x00, 0x37, 0x00, 0x01, 0xc5, 0x00, 0x00, 0x1f, 0x60,
    0x00, 0x00, 0x7e, 0x00, 0x00, 0x9f, 0x30, 0x03, 0x6f, 0x43, 0x10, 0x00, 0x7e, 0x00, 0x00, 0x0c,
    0xd1, 0x2f, 0xff, 0xff, 0x40, 0x00, 0x7e, 0x00, 0x00, 0x02, 0xd2, 0x2f, 0x20, 0x0f, 0x40, 0x00,
    0x7e, 0x00, 0x00, 0x00, 0x00, 0x2f, 0x42, 0x2f, 0x5f, 0xff, 0xff, 0xf3, 0x00, 0x00, 0x00, 0x2f,
    0xff, 0xff, 0x46, 0x66, 0xae, 0x61, 0x1f, 0xff, 0x90, 0x2f, 0x20, 0x0f, 0x40, 0x00, 0x7e, 0x00,
    0x17, 0x7d, 0x90, 0x2f, 0xff, 0xff, 0x49, 0x40, 0x7e, 0x00, 0x00, 0x0c, 0x90, 0x2f, 0x42, 0x2f,
    0x49, 0xa0, 0x7e, 0x00, 0x00, 0x0c, 0x90, 0x2f, 0x20, 0x0f, 0x44, 0xf1, 0x7e, 0x00, 0x00, 0x0c,
    0x91, 0x5f, 0x64, 0x4f, 0x40, 0xe5, 0x7e, 0x00, 0x00, 0x0c, 0x94, 0xff, 0xff, 0xff, 0x40, 0xb9,
    0x7e, 0x00, 0x00, 0x0c, 0x90, 0x00, 0x08, 0xef, 0x40, 0x31, 0x7e, 0x00, 0x00, 0x0c, 0x91, 0x40,
    0x5f, 0x4f, 0x40, 0x00, 0x7e, 0x00, 0x00, 0x0c, 0xbd, 0x83, 0xe7, 0x0f, 0x40, 0x00, 0x7e, 0x00,
    0x00, 0x0e, 0xfa, 0x6f, 0x90, 0x0f, 0x40, 0x00, 0x7e, 0x00, 0x00, 0x6f, 0x96, 0xf7, 0x00, 0x1f,
    0x40, 0x00, 0x8e, 0x00, 0x00, 0x59, 0x01, 0x50, 0x3f, 0xfe, 0x20, 0xce, 0xfb, 0x00, 0x00, 0x00,
    0x00, 0x00, 0x04, 0x41, 0x00, 0x35, 0x41, 0x00,
    /* U+8CB7 "買" */
    0x0a, 0xff, 0xff, 0xff, 0xff, 0xff, 0xff, 0xff, 0xc0, 0x00, 0xac, 0x33, 0x3f, 0x63, 0x37, 0xe3,
    0x33, 0xac, 0x00, 0x0a, 0xb0, 0x00, 0xf4, 0x00, 0x5e, 0x00, 0x09, 0xc0, 0x00, 0xac, 0x33, 0x3f,
    0x63, 0x37, 0xe3, 0x33, 0xac, 0x00, 0x0a, 0xff, 0xff, 0xff, 0xff, 0xff, 0xff, 0xff, 0xc0, 0x00,
    0x00, 0x00, 0x00, 0x00, 0x00, 0x00, 0x00, 0x00, 0x00, 0x00, 0x7f, 0xff, 0xff, 0xff, 0xff, 0xff,
    0xfa, 0x00, 0x00, 0x07, 0xf1, 0x11, 0x11, 0x11, 0x11, 0x1d, 0xa0, 0x00, 0x00, 0x7f, 0x00, 0x00,
    0x00, 0x00, 0x00, 0xda, 0x00, 0x00, 0x07, 0xff, 0xff, 0xff, 0xff, 0xff, 0xff, 0xa0, 0x00, 0x00,
    0x7f, 0x00, 0x00, 0x00, 0x00, 0x00, 0xda, 0x00, 0x00, 0x07, 0xf0, 0x00, 0x00, 0x00, 0x00, 0x0d,
    0xa0, 0x00, 0x00, 0x7f, 0xff, 0xff, 0xff, 0xff, 0xff, 0xfa, 0x00, 0x00, 0x07, 0xf0, 0x00, 0x00,
    0x00, 0x00, 0x0d, 0xa0, 0x00, 0x00, 0x7f, 0xff, 0xff, 0xff, 0xff, 0xff, 0xfa, 0x00, 0x00, 0x00,
    0x12, 0x88, 0x11, 0x11, 0x78, 0x21, 0x00, 0x00, 0x01, 0x49, 0xee, 0x60, 0x00, 0x18, 0xdf, 0xb5,
    0x00, 0x09, 0xff, 0xc6, 0x10, 0x00, 0x00, 0x00, 0x4b, 0xfe, 0x70, 0x28, 0x30, 0x00, 0x00, 0x00,
    0x00, 0x00, 0x03, 0x82, 0x00,
    /* U+8D25 "败" */
    0x00, 0x00, 0x00, 0x00, 0x00, 0x00, 0x20, 0x00, 0x00, 0x00, 0x01, 0x55, 0x55, 0x55, 0x50, 0x00,
    0xd9, 0x00, 0x00, 0x00, 0x03, 0xff, 0xff, 0xff, 0xd0, 0x02, 0xf5, 0x00, 0x00, 0x00, 0x03, 0xf0,
    0x00, 0x06, 0xd0, 0x06, 0xf1, 0x00, 0x00, 0x00, 0x03, 0xf0, 0x4c, 0x06, 0xd0, 0x0a, 0xff, 0xff,
    0xff, 0xe0, 0x03, 0xf0, 0x5f, 0x06, 0xd0, 0x1e, 0x96, 0x66, 0xda, 0x50, 0x03, 0xf0, 0x5f, 0x06,
    0xd0, 0x7f, 0x10, 0x00, 0xe5, 0x00, 0x03, 0xf0, 0x5f, 0x06, 0xd1, 0xdd, 0x00, 0x02, 0xf3, 0x00,
    0x03, 0xf0, 0x5f, 0x06, 0xd7, 0xff, 0x30, 0x05, 0xf1, 0x00, 0x03, 0xf0, 0x5f, 0x06, 0xd5, 0x9d,
    0x80, 0x07, 0xc0, 0x00, 0x03, 0xf0, 0x5e, 0x06, 0xd0, 0x17, 0xd0, 0x0c, 0x90, 0x00, 0x03, 0xf0,
    0x6e, 0x06, 0xd0, 0x02, 0xf5, 0x2f, 0x40, 0x00, 0x03, 0xf0, 0x8c, 0x06, 0xd0, 0x00, 0xac, 0x7e,
    0x00, 0x00, 0x03, 0xf0, 0xb9, 0x06, 0xd0, 0x00, 0x2f, 0xe8, 0x00, 0x00, 0x00, 0x11, 0xe6, 0x30,
    0x00, 0x00, 0x0a, 0xf3, 0x00, 0x00, 0x00, 0x07, 0xe2, 0xe7, 0x00, 0x00, 0x3f, 0xfc, 0x10, 0x00,
    0x00, 0x1e, 0x70, 0x6f, 0x30, 0x02, 0xeb, 0x4e, 0xa0, 0x00, 0x01, 0xcd, 0x10, 0x0b, 0xd0, 0x4d,
    0xd1, 0x05, 0xfc, 0x20, 0x1d, 0xd2, 0x00, 0x02, 0xd6, 0xfc, 0x20, 0x00, 0x4e, 0xe1, 0x05, 0x10,
    0x00, 0x00, 0x00, 0x60, 0x00, 0x00, 0x01, 0x50,
    /* U+8D35 "贵" */
    0x00, 0x00, 0x00, 0x00, 0x77, 0x00, 0x00, 0x00, 0x00, 0x00, 0x11, 0x11, 0x11, 0xcc, 0x11, 0x11,
    0x11, 0x00, 0x00, 0x7f, 0xff, 0xff, 0xff, 0xff, 0xff, 0xf7, 0x00, 0x00, 0x7e, 0x00, 0x00, 0xbc,
    0x00, 0x00, 0xf7, 0x00, 0x00, 0x7e, 0x11, 0x11, 0xcc, 0x11, 0x11, 0xf7, 0x00, 0x00, 0x7f, 0xff,
    0xff, 0xff, 0xff, 0xff, 0xf7, 0x00, 0x00, 0x00, 0x00, 0x00, 0xbc, 0x00, 0x00, 0x00, 0x00, 0xdf,
    0xff, 0xff, 0xff, 0xff, 0xff, 0xff, 0xff, 0xfe, 0x44, 0x44, 0x44, 0x44, 0x44, 0x44, 0x44, 0x44,
    0x44, 0x00, 0x13, 0x33, 0x33, 0x33, 0x33, 0x33, 0x31, 0x00, 0x00, 0x3f, 0xff, 0xff, 0xff, 0xff,
    0xff, 0xf3, 0x00, 0x00, 0x3f, 0x50, 0x00, 0x32, 0x00, 0x06, 0xf3, 0x00, 0x00, 0x3f, 0x50, 0x00,
    0xda, 0x00, 0x06, 0xf3, 0x00, 0x00, 0x3f, 0x50, 0x00, 0xea, 0x00, 0x06, 0xf3, 0x00, 0x00, 0x3f,
    0x50, 0x01, 0xf7, 0x00, 0x06, 0xf3, 0x00, 0x00, 0x3f, 0x50, 0x0a, 0xf2, 0x51, 0x06, 0xf3, 0x00,
    0x00, 0x01, 0x02, 0xbf, 0x63, 0xfe, 0xa5, 0x00, 0x00, 0x00, 0x15, 0xaf, 0xd4, 0x00, 0x16, 0xcf,
    0xe8, 0x10, 0x3c, 0xff, 0xc6, 0x00, 0x00, 0x00, 0x03, 0x9f, 0xe2, 0x08, 0x62, 0x00, 0x00, 0x00,
    0x00, 0x00, 0x02, 0x60,
    /* U+8D64 "赤" */
    0x00, 0x00, 0x00, 0x00, 0x0a, 0xa0, 0x00, 0x00, 0x00, 0x00, 0x00, 0x00, 0x00, 0x00, 0x0c, 0xc0,
    0x00, 0x00, 0x00, 0x00, 0x00, 0x00, 0x00, 0x00, 0x0c, 0xc0, 0x00, 0x00, 0x00, 0x00, 0x00, 0x0b,
    0xff, 0xff, 0xff, 0xff, 0xff, 0xff, 0xc0, 0x00, 0x00, 0x05, 0x77, 0x77, 0x7d, 0xd7, 0x77, 0x77,
    0x50, 0x00, 0x00, 0x00, 0x00, 0x00, 0x0c, 0xc0, 0x00, 0x00, 0x00, 0x00, 0x00, 0x00, 0x00, 0x00,
    0x0c, 0xc0, 0x00, 0x00, 0x00, 0x00, 0x04, 0x77, 0x77, 0x77, 0x7d, 0xd7, 0x77, 0x77, 0x77, 0x50,
    0x08, 0xff, 0xff, 0xff, 0xff, 0xff, 0xff, 0xff, 0xff, 0xb0, 0x00, 0x00, 0x00, 0x0d, 0xa0, 0x03,
    0xf6, 0x00, 0x00, 0x00, 0x00, 0x02, 0x41, 0x0e, 0xa0, 0x03, 0xf6, 0x05, 0x10, 0x00, 0x00, 0x09,
    0xf2, 0x0e, 0x90, 0x03, 0xf6, 0x1e, 0xa0, 0x00, 0x00, 0x2f, 0x90, 0x1f, 0x80, 0x03, 0xf6, 0x06,
    0xf5, 0x00, 0x00, 0xaf, 0x20, 0x4f, 0x50, 0x03, 0xf6, 0x00, 0xbe, 0x10, 0x07, 0xf6, 0x00, 0x9f,
    0x10, 0x03, 0xf6, 0x00, 0x3f, 0x70, 0x1d, 0x90, 0x03, 0xfa, 0x00, 0x03, 0xf6, 0x00, 0x0b, 0xe1,
    0x01, 0x00, 0x0b, 0xf2, 0x00, 0x03, 0xf6, 0x00, 0x02, 0x20, 0x00, 0x01, 0xbf, 0x70, 0x00, 0x04,
    0xf5, 0x00, 0x00, 0x00, 0x00, 0x09, 0xf8, 0x00, 0x0d, 0xff, 0xf3, 0x00, 0x00, 0x00, 0x00, 0x01,
    0x40, 0x00, 0x05, 0x87, 0x30, 0x00, 0x00, 0x00,
    /* U+8D77 "起" */
    0x00, 0x00, 0x29, 0x20, 0x00, 0x00, 0x00, 0x00, 0x00, 0x00, 0x00, 0x00, 0x3f, 0x30, 0x00, 0x15,
    0x55, 0x55, 0x55, 0x00, 0x03, 0x55, 0x7f, 0x75, 0x53, 0x4f, 0xff, 0xff, 0xff, 0x10, 0x08, 0xff,
    0xff, 0xff, 0xf8, 0x00, 0x00, 0x00, 0x5f, 0x10, 0x00, 0x00, 0x3f, 0x30, 0x00, 0x00, 0x00, 0x00,
    0x5f, 0x10, 0x00, 0x00, 0x3f, 0x30, 0x00, 0x00, 0x00, 0x00, 0x5f, 0x10, 0x05, 0x55, 0x7f, 0x85,
    0x55, 0x00, 0x00, 0x00, 0x5f, 0x10, 0x1f, 0xff, 0xff, 0xff, 0xff, 0x1f, 0xff, 0xff, 0xff, 0x10,
    0x00, 0x00, 0x0c, 0x80, 0x00, 0x1f, 0x95, 0x55, 0x8f, 0x10, 0x00, 0x00, 0x0c, 0x80, 0x00, 0x1f,
    0x60, 0x00, 0x00, 0x00, 0x01, 0xf5, 0x0c, 0x80, 0x00, 0x1f, 0x60, 0x00, 0x00, 0x00, 0x01, 0xf5,
    0x0c, 0xa5, 0x54, 0x1f, 0x60, 0x00, 0x00, 0x00, 0x02, 0xf4, 0x0c, 0xff, 0xfc, 0x1f, 0x60, 0x00,
    0x02, 0x81, 0x03, 0xf6, 0x0c, 0x80, 0x00, 0x1f, 0x60, 0x00, 0x03, 0xf2, 0x04, 0xfd, 0x0c, 0x80,
    0x00, 0x0f, 0x80, 0x00, 0x07, 0xf1, 0x06, 0xfe, 0x7c, 0x80, 0x00, 0x0c, 0xff, 0xff, 0xff, 0xa0,
    0x09, 0xc6, 0xfe, 0x80, 0x00, 0x01, 0x46, 0x66, 0x64, 0x00, 0x0d, 0x90, 0x7e, 0xec, 0x98, 0x77,
    0x77, 0x77, 0x77, 0x72, 0x4f, 0x40, 0x01, 0x7a, 0xde, 0xff, 0xff, 0xff, 0xff, 0xe1, 0x18, 0x00,
    0x00, 0x00, 0x00, 0x00, 0x00, 0x00, 0x00, 0x00,
    /* U+8DB3 "足" */
    0x00, 0x04, 0x77, 0x77, 0x77, 0x77, 0x77, 0x77, 0x70, 0x00, 0x00, 0x09, 0xff, 0xff, 0xff, 0xff,
    0xff, 0xff, 0xf1, 0x00, 0x00, 0x09, 0xd0, 0x00, 0x00, 0x00, 0x00, 0x07, 0xf1, 0x00, 0x00, 0x09,
    0xd0, 0x00, 0x00, 0x00, 0x00, 0x07, 0xf1, 0x00, 0x00, 0x09, 0xd0, 0x00, 0x00, 0x00, 0x00, 0x07,
    0xf1, 0x00, 0x00, 0x09, 0xd0, 0x00, 0x00, 0x00, 0x00, 0x07, 0xf1, 0x00, 0x00, 0x09, 0xff, 0xff,
    0xff, 0xff, 0xff, 0xff, 0xf1, 0x00, 0x00, 0x04, 0x77, 0x77, 0x7c, 0xe7, 0x77, 0x77, 0x71, 0x00,
    0x00, 0x00, 0x00, 0x00, 0x0a, 0xd0, 0x00, 0x00, 0x00, 0x00, 0x00, 0x00, 0x7a, 0x00, 0x0a, 0xd0,
    0x00, 0x00, 0x00, 0x00, 0x00, 0x00, 0xad, 0x00, 0x0a, 0xd0, 0x00, 0x00, 0x00, 0x00, 0x00, 0x00,
    0xda, 0x00, 0x0a, 0xff, 0xff, 0xff, 0xfa, 0x00, 0x00, 0x02, 0xfc, 0x00, 0x0a, 0xe6, 0x66, 0x66,
    0x64, 0x00, 0x00, 0x06, 0xff, 0x40, 0x0a, 0xd0, 0x00, 0x00, 0x00, 0x00, 0x00, 0x0c, 0xca, 0xd1,
    0x0a, 0xd0, 0x00, 0x00, 0x00, 0x00, 0x00, 0x5f, 0x51, 0xdd, 0x3a, 0xd0, 0x00, 0x00, 0x00, 0x00,
    0x02, 0xec, 0x00, 0x2c, 0xfe, 0xe3, 0x21, 0x00, 0x00, 0x00, 0x0d, 0xe2, 0x00, 0x00, 0x7c, 0xff,
    0xff, 0xff, 0xff, 0xf1, 0x05, 0x30, 0x00, 0x00, 0x00, 0x14, 0x56, 0x77, 0x77, 0x60,
    /* U+8EAB "身" */
    0x00, 0x00, 0x00, 0x00, 0x08, 0x50, 0x00, 0x00, 0x00, 0x00, 0x00, 0x00, 0x00, 0x04, 0xf7, 0x00,
    0x00, 0x00, 0x00, 0x00, 0x00, 0x45, 0x55, 0xaf, 0x65, 0x55, 0x52, 0x00, 0x00, 0x00, 0x0c, 0xff,
    0xff, 0xff, 0xff, 0xff, 0x70, 0x00, 0x00, 0x00, 0xca, 0x00, 0x00, 0x00, 0x00, 0xf7, 0x00, 0x00,
    0x00, 0x0c, 0xb2, 0x22, 0x22, 0x22, 0x2f, 0x70, 0x00, 0x00, 0x00, 0xcf, 0xff, 0xff, 0xff, 0xff,
    0xf7, 0x00, 0x00, 0x00, 0x0c, 0xa0, 0x00, 0x00, 0x00, 0x0f, 0x70, 0x10, 0x00, 0x00, 0xcb, 0x22,
    0x22, 0x22, 0x22, 0xf7, 0x2e, 0x70, 0x00, 0x0c, 0xff, 0xff, 0xff, 0xff, 0xff, 0x8c, 0xd1, 0x00,
    0x00, 0xca, 0x00, 0x00, 0x00, 0x00, 0xff, 0xe2, 0x00, 0x00, 0x0c, 0xa0, 0x00, 0x00, 0x00, 0x1f,
    0xe3, 0x00, 0x07, 0xff, 0xff, 0xff, 0xff, 0xff, 0xff, 0xf8, 0x00, 0x00, 0x25, 0x55, 0x55, 0x55,
    0x55, 0xbf, 0xdf, 0x70, 0x00, 0x00, 0x00, 0x00, 0x00, 0x03, 0xcf, 0x91, 0xf7, 0x00, 0x00, 0x00,
    0x00, 0x00, 0x1a, 0xfe, 0x50, 0x0f, 0x70, 0x00, 0x00, 0x00, 0x02, 0x8e, 0xf8, 0x10, 0x00, 0xf7,
    0x00, 0x00, 0x01, 0x6c, 0xfe, 0x92, 0x00, 0x00, 0x1f, 0x70, 0x00, 0x0a, 0xff, 0xd7, 0x10, 0x00,
    0xde, 0xef, 0xf4, 0x00, 0x00, 0x68, 0x30, 0x00, 0x00, 0x05, 0x88, 0x63, 0x00, 0x00,
    /* U+8ECA "車" */
    0x00, 0x00, 0x00, 0x00, 0x98, 0x00, 0x00, 0x00, 0x00, 0x00, 0x00, 0x00, 0x00, 0x0c, 0xb0, 0x00,
    0x00, 0x00, 0x00, 0x5f, 0xff, 0xff, 0xff, 0xff, 0xff, 0xff, 0xff, 0xf5, 0x02, 0x66, 0x66, 0x66,
    0x6d, 0xc6, 0x66, 0x66, 0x66, 0x20, 0x00, 0x00, 0x00, 0x00, 0xcb, 0x00, 0x00, 0x00, 0x00, 0x00,
    0x0d, 0xff, 0xff, 0xff, 0xff, 0xff, 0xff, 0xe0, 0x00, 0x00, 0xdb, 0x44, 0x44, 0xdc, 0x44, 0x44,
    0xae, 0x00, 0x00, 0x0d, 0x90, 0x00, 0x0c, 0xb0, 0x00, 0x09, 0xe0, 0x00, 0x00, 0xda, 0x33, 0x33,
    0xdc, 0x33, 0x33, 0xae, 0x00, 0x00, 0x0d, 0xff, 0xff, 0xff, 0xff, 0xff, 0xff, 0xe0, 0x00, 0x00,
    0xd9, 0x00, 0x00, 0xcb, 0x00, 0x00, 0x9e, 0x00, 0x00, 0x0d, 0x90, 0x00, 0x0c, 0xb0, 0x00, 0x09,
    0xe0, 0x00, 0x00, 0xdf, 0xff, 0xff, 0xff, 0xff, 0xff, 0xfe, 0x00, 0x00, 0x03, 0x44, 0x44, 0x4d,
    0xc4, 0x44, 0x44, 0x40, 0x00, 0x00, 0x00, 0x00, 0x00, 0xcb, 0x00, 0x00, 0x00, 0x00, 0x0e, 0xff,
    0xff, 0xff, 0xff, 0xff, 0xff, 0xff, 0xff, 0xf0, 0x66, 0x66, 0x66, 0x66, 0xdc, 0x66, 0x66, 0x66,
    0x66, 0x00, 0x00, 0x00, 0x00, 0x0c, 0xb0, 0x00, 0x00, 0x00, 0x00, 0x00, 0x00, 0x00, 0x00, 0xcb,
    0x00, 0x00, 0x00, 0x00, 0x00, 0x00, 0x00, 0x00, 0x09, 0x70, 0x00, 0x00, 0x00, 0x00,
    /* U+8F66 "车" */
    0x00, 0x00, 0x00, 0x57, 0x10, 0x00, 0x00, 0x00, 0x00, 0x00, 0x00, 0x00, 0xcf, 0x10, 0x00, 0x00,
    0x00, 0x00, 0x00, 0x00, 0x03, 0xfa, 0x00, 0x00, 0x00, 0x00, 0x00, 0x37, 0x77, 0x7a, 0xfa, 0x77,
    0x77, 0x77, 0x77, 0x73, 0x7f, 0xff, 0xff, 0xff, 0xff, 0xff, 0xff, 0xff, 0xf7, 0x00, 0x00, 0x7f,
    0x40, 0x00, 0x00, 0x00, 0x00, 0x00, 0x00, 0x01, 0xeb, 0x00, 0x09, 0x70, 0x00, 0x00, 0x00, 0x00,
    0x07, 0xf3, 0x00, 0x0d, 0xb0, 0x00, 0x00, 0x00, 0x00, 0x2e, 0xa0, 0x00, 0x0d, 0xb0, 0x00, 0x00,
    0x00, 0x01, 0xcf, 0x86, 0x66, 0x6e, 0xd6, 0x66, 0x66, 0x10, 0x00, 0xef, 0xff, 0xff, 0xff, 0xff,
    0xff, 0xff, 0x20, 0x00, 0x21, 0x00, 0x00, 0x0d, 0xb0, 0x00, 0x00, 0x00, 0x00, 0x00, 0x00, 0x00,
    0x0d, 0xb0, 0x00, 0x00, 0x00, 0x00, 0x00, 0x00, 0x00, 0x0d, 0xb0, 0x00, 0x00, 0x00, 0xcf, 0xff,
    0xff, 0xff, 0xff, 0xff, 0xff, 0xff, 0xfd, 0x67, 0x77, 0x77, 0x77, 0x7e, 0xd7, 0x77, 0x77, 0x76,
    0x00, 0x00, 0x00, 0x00, 0x0d, 0xb0, 0x00, 0x00, 0x00, 0x00, 0x00, 0x00, 0x00, 0x0d, 0xb0, 0x00,
    0x00, 0x00, 0x00, 0x00, 0x00, 0x00, 0x0d, 0xb0, 0x00, 0x00, 0x00, 0x00, 0x00, 0x00, 0x00, 0x08,
    0x70, 0x00, 0x00, 0x00,
    /* U+8F6E "轮" */
    0x00, 0x02, 0x71, 0x00, 0x00, 0x00, 0x28, 0x20, 0x00, 0x00, 0x00, 0x05, 0xf1, 0x00, 0x00, 0x00,
    0x9f, 0x40, 0x00, 0x00, 0x00, 0x07, 0xd0, 0x00, 0x00, 0x01, 0xef, 0xa0, 0x00, 0x00, 0x1f, 0xff,
    0xff, 0xff, 0x00, 0x09, 0xf8, 0xf4, 0x00, 0x00, 0x07, 0x7f, 0xa7, 0x77, 0x00, 0x3f, 0x80, 0xad,
    0x10, 0x00, 0x00, 0x3f, 0x20, 0x00, 0x01, 0xdd, 0x10, 0x2e, 0xa0, 0x00, 0x00, 0x6d, 0x4b, 0x00,
    0x0a, 0xf4, 0x00, 0x06, 0xf8, 0x00, 0x00, 0xb9, 0x5f, 0x00, 0xaf, 0x60, 0x00, 0x00, 0xaf, 0x80,
    0x01, 0xf4, 0x5f, 0x04, 0xf7, 0x77, 0x00, 0x00, 0x0b, 0xc1, 0x07, 0xf6, 0x9f, 0x55, 0x40, 0xcb,
    0x00, 0x02, 0x51, 0x20, 0x0b, 0xff, 0xff, 0xfe, 0x00, 0xcb, 0x00, 0x5e, 0xf2, 0x00, 0x01, 0x10,
    0x5f, 0x00, 0x00, 0xcb, 0x2a, 0xfc, 0x30, 0x00, 0x00, 0x00, 0x5f, 0x00, 0x00, 0xce, 0xee, 0x70,
    0x00, 0x00, 0x00, 0x00, 0x5f, 0x68, 0x30, 0xcf, 0x81, 0x00, 0x00, 0x00, 0x18, 0xad, 0xff, 0xfc,
    0x40, 0xcb, 0x00, 0x00, 0x00, 0x00, 0x0e, 0xc9, 0xaf, 0x00, 0x00, 0xcb, 0x00, 0x00, 0x0d, 0x40,
    0x00, 0x00, 0x5f, 0x00, 0x00, 0xcb, 0x00, 0x00, 0x1f, 0x50, 0x00, 0x00, 0x5f, 0x00, 0x00, 0xbe,
    0x65, 0x55, 0x9f, 0x20, 0x00, 0x00, 0x5f, 0x00, 0x00, 0x4d, 0xff, 0xff, 0xe9, 0x00, 0x00, 0x00,
    0x37, 0x00, 0x00, 0x00, 0x00, 0x00, 0x00, 0x00,
    /* U+8FA8 "辨" */
    0x00, 0x16, 0x10, 0x00, 0x00, 0x46, 0x00, 0x46, 0x00, 0x00, 0x00, 0x1e, 0x80, 0x00, 0x00, 0x8b,
    0x00, 0x6e, 0x10, 0x00, 0x00, 0x07, 0xe1, 0x00, 0x00, 0x8b, 0x00, 0x1e, 0x80, 0x00, 0x0e, 0xff,
    0xff, 0xf5, 0x00, 0x8b, 0x8f, 0xff, 0xff, 0xe0, 0x05, 0x84, 0x45, 0x51, 0x63, 0x8b, 0x27, 0x54,
    0x47, 0x40, 0x01, 0xf2, 0x08, 0xb0, 0xc5, 0x8b, 0x0b, 0x60, 0x0e, 0x50, 0x00, 0xd5, 0x0b, 0x70,
    0xc5, 0x8b, 0x08, 0xa0, 0x3e, 0x10, 0x00, 0xa7, 0x0e, 0x30, 0xd4, 0x8b, 0x05, 0xd0, 0x8a, 0x00,
    0x14, 0x98, 0x6e, 0x42, 0xf3, 0x8b, 0x36, 0xa4, 0xd8, 0x41, 0x2f, 0xff, 0xff, 0xfa, 0xf1, 0x9b,
    0xcf, 0xff, 0xff, 0xf3, 0x00, 0x07, 0xe0, 0x05, 0xd0, 0x9a, 0x00, 0x0f, 0x60, 0x00, 0x00, 0x07,
    0xe0, 0x02, 0x50, 0xb9, 0x00, 0x0f, 0x60, 0x00, 0x03, 0x49, 0xe4, 0x41, 0x00, 0xd7, 0x00, 0x0f,
    0x60, 0x00, 0x0d, 0xff, 0xff, 0xf5, 0x01, 0xf4, 0x8f, 0xff, 0xff, 0xe0, 0x00, 0x09, 0xc0, 0x00,
    0x05, 0xf1, 0x24, 0x4f, 0x94, 0x40, 0x00, 0x0c, 0xa0, 0x00, 0x0c, 0xa0, 0x00, 0x0f, 0x60, 0x00,
    0x00, 0x2f, 0x50, 0x00, 0x4f, 0x30, 0x00, 0x0f, 0x60, 0x00, 0x00, 0xad, 0x00, 0x02, 0xea, 0x00,
    0x00, 0x0f, 0x60, 0x00, 0x09, 0xf4, 0x00, 0x0d, 0xd1, 0x00, 0x00, 0x0f, 0x60, 0x00, 0x03, 0x40,
    0x00, 0x05, 0x10, 0x00, 0x00, 0x0a, 0x40, 0x00,
    /* U+8FB9 "边" */
    0x00, 0x20, 0x00, 0x00, 0x00, 0x05, 0x30, 0x00, 0x00, 0x00, 0x02, 0xea, 0x00, 0x00, 0x00, 0x0f,
    0x90, 0x00, 0x00, 0x00, 0x00, 0x6f, 0x90, 0x00, 0x00, 0x0f, 0x90, 0x00, 0x00, 0x00, 0x00, 0x07,
    0xf7, 0x00, 0x00, 0x0f, 0x80, 0x00, 0x00, 0x00, 0x00, 0x00, 0xa5, 0x3f, 0xff, 0xff, 0xff, 0xff,
    0xff, 0x60, 0x00, 0x00, 0x00, 0x17, 0x77, 0x8f, 0xa7, 0x77, 0x8f, 0x50, 0x00, 0x00, 0x00, 0x00,
    0x00, 0x4f, 0x40, 0x00, 0x3f, 0x50, 0x17, 0x77, 0x70, 0x00, 0x00, 0x6f, 0x20, 0x00, 0x4f, 0x40,
    0x3f, 0xff, 0xe0, 0x00, 0x00, 0x9f, 0x00, 0x00, 0x5f, 0x30, 0x00, 0x08, 0xe0, 0x00, 0x00, 0xdb,
    0x00, 0x00, 0x5f, 0x20, 0x00, 0x08, 0xe0, 0x00, 0x03, 0xf6, 0x00, 0x00, 0x7f, 0x10, 0x00, 0x08,
    0xe0, 0x00, 0x0a, 0xf1, 0x00, 0x00, 0x8f, 0x00, 0x00, 0x08, 0xe0, 0x00, 0x4f, 0x80, 0x00, 0x00,
    0xae, 0x00, 0x00, 0x08, 0xe0, 0x02, 0xdd, 0x10, 0x00, 0x00, 0xdb, 0x00, 0x00, 0x08, 0xe0, 0x4e,
    0xe3, 0x00, 0x57, 0x79, 0xf7, 0x00, 0x00, 0x1b, 0xf2, 0x4c, 0x20, 0x00, 0x6f, 0xff, 0xb1, 0x00,
    0x02, 0xdf, 0xfe, 0x40, 0x00, 0x00, 0x00, 0x10, 0x00, 0x00, 0x1c, 0xf5, 0x2c, 0xfa, 0x52, 0x10,
    0x01, 0x12, 0x34, 0x63, 0x5f, 0x70, 0x01, 0x8d, 0xff, 0xff, 0xff, 0xff, 0xff, 0xf3, 0x06, 0x00,
    0x00, 0x00, 0x46, 0x78, 0x87, 0x77, 0x66, 0x50,
    /* U+8FD4 "返" */
    0x00, 0x00, 0x00, 0x00, 0x00, 0x00, 0x00, 0x00, 0x11, 0x00, 0x02, 0xb2, 0x00, 0x00, 0x12, 0x35,
    0x68, 0xad, 0xfd, 0x20, 0x01, 0xdd, 0x20, 0x05, 0xff, 0xff, 0xfe, 0xca, 0x74, 0x10, 0x00, 0x3e,
    0xc1, 0x05, 0xf6, 0x31, 0x00, 0x00, 0x00, 0x00, 0x00, 0x05, 0xe3, 0x05, 0xf3, 0x00, 0x00, 0x00,
    0x00, 0x00, 0x00, 0x00, 0x10, 0x05, 0xf7, 0x55, 0x55, 0x55, 0x53, 0x00, 0x00, 0x00, 0x00, 0x05,
    0xff, 0xff, 0xff, 0xff, 0xfa, 0x00, 0x00, 0x00, 0x00, 0x05, 0xf2, 0x00, 0x00, 0x02, 0xf5, 0x00,
    0x1f, 0xff, 0xf0, 0x06, 0xf1, 0x72, 0x00, 0x09, 0xe0, 0x00, 0x06, 0x6b, 0xf0, 0x08, 0xf2, 0xde,
    0x30, 0x3f, 0x70, 0x00, 0x00, 0x08, 0xf0, 0x0a, 0xc0, 0x1c, 0xf6, 0xdc, 0x00, 0x00, 0x00, 0x08,
    0xf0, 0x0e, 0xa0, 0x01, 0xaf, 0xf3, 0x00, 0x00, 0x00, 0x08, 0xf0, 0x3f, 0x50, 0x01, 0xaf, 0xf8,
    0x00, 0x00, 0x00, 0x08, 0xf0, 0xaf, 0x10, 0x2c, 0xf6, 0x9f, 0x90, 0x00, 0x00, 0x08, 0xf3, 0xf8,
    0x29, 0xfe, 0x40, 0x09, 0xf9, 0x00, 0x00, 0x0a, 0xf1, 0x91, 0x3f, 0x91, 0x00, 0x00, 0x9a, 0x00,
    0x02, 0xcf, 0xfd, 0x40, 0x01, 0x00, 0x00, 0x00, 0x00, 0x00, 0x2d, 0xe4, 0x2a, 0xfe, 0x98, 0x76,
    0x67, 0x77, 0x89, 0xb1, 0x1d, 0x40, 0x00, 0x37, 0xcd, 0xef, 0xff, 0xee, 0xed, 0xb0, 0x01, 0x00,
    0x00, 0x00, 0x00, 0x00, 0x00, 0x00, 0x00, 0x00,
    /* U+8FD9 "这" */
    0x00, 0x00, 0x00, 0x00, 0x00, 0x3a, 0x10, 0x00, 0x00, 0x00, 0x03, 0x80, 0x00, 0x00, 0x00, 0x2f,
    0x90, 0x00, 0x00, 0x00, 0x05, 0xfa, 0x00, 0x00, 0x00, 0x09, 0xf1, 0x00, 0x00, 0x00, 0x00, 0x6f,
    0x81, 0x66, 0x66, 0x69, 0xe8, 0x66, 0x66, 0x50, 0x00, 0x09, 0xe3, 0xff, 0xff, 0xff, 0xff, 0xff,
    0xff, 0xd0, 0x00, 0x00, 0x10, 0x00, 0x00, 0x00, 0x00, 0x6f, 0x20, 0x00, 0x00, 0x00, 0x00, 0x1a,
    0x30, 0x00, 0x00, 0xcc, 0x00, 0x00, 0x00, 0x00, 0x00, 0x1b, 0xf7, 0x00, 0x04, 0xf6, 0x00, 0x00,
    0x0f, 0xff, 0xf0, 0x00, 0x7f, 0xb2, 0x0c, 0xd0, 0x00, 0x00, 0x06, 0x6a, 0xf0, 0x00, 0x03, 0xee,
    0xaf, 0x40, 0x00, 0x00, 0x00, 0x06, 0xf0, 0x00, 0x00, 0x1c, 0xfc, 0x00, 0x00, 0x00, 0x00, 0x06,
    0xf0, 0x00, 0x00, 0x5f, 0xef, 0xa0, 0x00, 0x00, 0x00, 0x06, 0xf0, 0x00, 0x07, 0xfc, 0x18, 0xfb,
    0x10, 0x00, 0x00, 0x06, 0xf0, 0x05, 0xcf, 0xa0, 0x00, 0x6f, 0xc1, 0x00, 0x00, 0x06, 0xf1, 0xcf,
    0xe6, 0x00, 0x00, 0x06, 0xfd, 0x00, 0x00, 0x08, 0xf2, 0x87, 0x10, 0x00, 0x00, 0x00, 0x65, 0x00,
    0x01, 0xbf, 0xfe, 0x72, 0x00, 0x00, 0x00, 0x00, 0x00, 0x00, 0x1d, 0xf7, 0x29, 0xff, 0xca, 0x98,
    0x88, 0x99, 0xab, 0xd1, 0x0c, 0x70, 0x00, 0x27, 0xbd, 0xef, 0xff, 0xee, 0xdd, 0xb0, 0x01, 0x00,
    0x00, 0x00, 0x00, 0x00, 0x00, 0x00, 0x00, 0x00,
    /* U+8FDB "进" */
    0x00, 0x10, 0x00, 0x00, 0x01, 0x40, 0x00, 0x23, 0x00, 0x00, 0x02, 0xe7, 0x00, 0x00, 0x06, 0xf1,
    0x00, 0x9d, 0x00, 0x00, 0x00, 0x7f, 0x70, 0x00, 0x06, 0xf1, 0x00, 0x9d, 0x00, 0x00, 0x00, 0x08,
    0xf5, 0x00, 0x06, 0xf1, 0x00, 0x9d, 0x00, 0x00, 0x00, 0x00, 0xa4, 0x3f, 0xff, 0xff, 0xff, 0xff,
    0xff, 0x70, 0x00, 0x00, 0x00, 0x17, 0x7a, 0xf8, 0x77, 0xce, 0x77, 0x30, 0x00, 0x00, 0x00, 0x00,
    0x06, 0xf1, 0x00, 0x9d, 0x00, 0x00, 0x00, 0x00, 0x00, 0x00, 0x06, 0xf1, 0x00, 0x9d, 0x00, 0x00,
    0x0f, 0xff, 0xf3, 0x00, 0x06, 0xf1, 0x00, 0x9d, 0x00, 0x00, 0x06, 0x68, 0xf3, 0x27, 0x7a, 0xf7,
    0x77, 0xce, 0x77, 0x60, 0x00, 0x04, 0xf3, 0x5f, 0xff, 0xff, 0xff, 0xff, 0xff, 0xd0, 0x00, 0x04,
    0xf3, 0x00, 0x0b, 0xb0, 0x00, 0x9d, 0x00, 0x00, 0x00, 0x04, 0xf3, 0x00, 0x2f, 0x70, 0x00, 0x9d,
    0x00, 0x00, 0x00, 0x04, 0xf3, 0x00, 0x8f, 0x20, 0x00, 0x9d, 0x00, 0x00, 0x00, 0x04, 0xf3, 0x04,
    0xfa, 0x00, 0x00, 0x9d, 0x00, 0x00, 0x00, 0x08, 0xf6, 0x0b, 0xd1, 0x00, 0x00, 0x9d, 0x00, 0x00,
    0x01, 0xbf, 0xcf, 0x82, 0x10, 0x00, 0x00, 0x34, 0x00, 0x00, 0x1c, 0xf4, 0x04, 0xef, 0xb8, 0x76,
    0x66, 0x77, 0x89, 0xa2, 0x0c, 0x60, 0x00, 0x05, 0xad, 0xef, 0xff, 0xee, 0xed, 0xc0, 0x01, 0x00,
    0x00, 0x00, 0x00, 0x00, 0x00, 0x00, 0x00, 0x00,
    /* U+9009 "选" */
    0x00, 0x00, 0x00, 0x00, 0x00, 0x00, 0x95, 0x00, 0x00, 0x00, 0x06, 0xc2, 0x00, 0x00, 0x5f, 0x30,
    0xe8, 0x00, 0x00, 0x00, 0x02, 0xde, 0x30, 0x00, 0xad, 0x00, 0xe8, 0x00, 0x00, 0x00, 0x00, 0x2d,
    0xd2, 0x02, 0xff, 0xff, 0xff, 0xff, 0xff, 0x30, 0x00, 0x03, 0xd3, 0x0b, 0xe5, 0x55, 0xea, 0x55,
    0x55, 0x10, 0x00, 0x00, 0x10, 0x4f, 0x60, 0x00, 0xe8, 0x00, 0x00, 0x00, 0x00, 0x00, 0x00, 0x06,
    0x00, 0x00, 0xe8, 0x00, 0x00, 0x00, 0x00, 0x00, 0x00, 0x35, 0x55, 0x55, 0xeb, 0x55, 0x55, 0x50,
    0x05, 0x66, 0x60, 0x9f, 0xff, 0xff, 0xff, 0xff, 0xff, 0xf0, 0x0d, 0xff, 0xf0, 0x00, 0x01, 0xf6,
    0x06, 0xf1, 0x00, 0x00, 0x00, 0x06, 0xf0, 0x00, 0x04, 0xf4, 0x06, 0xf1, 0x00, 0x00, 0x00, 0x06,
    0xf0, 0x00, 0x09, 0xf1, 0x06, 0xf1, 0x00, 0x00, 0x00, 0x06, 0xf0, 0x00, 0x1e, 0xa0, 0x06, 0xf1,
    0x02, 0xa1, 0x00, 0x06, 0xf0, 0x01, 0xcf, 0x30, 0x06, 0xf1, 0x03, 0xf1, 0x00, 0x06, 0xf0, 0x5d,
    0xf5, 0x00, 0x06, 0xf7, 0x69, 0xe0, 0x00, 0x06, 0xf0, 0xbc, 0x40, 0x00, 0x02, 0xdf, 0xff, 0x70,
    0x00, 0x1a, 0xfc, 0x40, 0x00, 0x00, 0x00, 0x00, 0x00, 0x00, 0x03, 0xee, 0x7a, 0xfb, 0x62, 0x10,
    0x01, 0x11, 0x23, 0x41, 0x0d, 0xe2, 0x00, 0x5b, 0xff, 0xff, 0xff, 0xff, 0xff, 0xf1, 0x04, 0x20,
    0x00, 0x00, 0x14, 0x56, 0x66, 0x65, 0x54, 0x40,
    /* U+904D "遍" */
    0x00, 0x00, 0x00, 0x00, 0x00, 0x03, 0x50, 0x00, 0x00, 0x00, 0x02, 0xd3, 0x00, 0x00, 0x00, 0x09,
    0xe1, 0x00, 0x00, 0x00, 0x00, 0xce, 0x20, 0x01, 0x11, 0x15, 0xf6, 0x11, 0x11, 0x00, 0x00, 0x2e,
    0xb0, 0x2f, 0xff, 0xff, 0xff, 0xff, 0xff, 0x10, 0x00, 0x05, 0xf3, 0x2f, 0x30, 0x00, 0x00, 0x00,
    0x5f, 0x10, 0x00, 0x00, 0x30, 0x2f, 0x41, 0x11, 0x11, 0x11, 0x6f, 0x10, 0x00, 0x00, 0x00, 0x2f,
    0xff, 0xff, 0xff, 0xff, 0xff, 0x10, 0x16, 0x66, 0x50, 0x2f, 0x20, 0x00, 0x00, 0x00, 0x00, 0x00,
    0x3f, 0xff, 0xc0, 0x3f, 0xaf, 0xff, 0xff, 0xff, 0xff, 0x50, 0x00, 0x09, 0xc0, 0x5f, 0xaa, 0x2a,
    0x82, 0xd6, 0x2e, 0x50, 0x00, 0x09, 0xc0, 0x6d, 0xa9, 0x0a, 0x60, 0xc4, 0x0e, 0x50, 0x00, 0x09,
    0xc0, 0x9c, 0xaa, 0x2a, 0x72, 0xd6, 0x2e, 0x50, 0x00, 0x09, 0xc0, 0xc8, 0xaf, 0xff, 0xff, 0xff,
    0xff, 0x50, 0x00, 0x09, 0xc2, 0xf5, 0xa9, 0x0a, 0x60, 0xc4, 0x0e, 0x50, 0x00, 0x09, 0xc7, 0xe0,
    0xa9, 0x0a, 0x60, 0xc4, 0x0e, 0x50, 0x00, 0x0a, 0xd2, 0x50, 0xa9, 0x0a, 0x60, 0xc5, 0x9f, 0x50,
    0x01, 0xaf, 0xfb, 0x10, 0x65, 0x00, 0x00, 0x00, 0xdd, 0x20, 0x0b, 0xf5, 0x3d, 0xe8, 0x42, 0x10,
    0x01, 0x12, 0x23, 0x52, 0x5f, 0x70, 0x01, 0x7d, 0xff, 0xff, 0xff, 0xff, 0xff, 0xf3, 0x06, 0x00,
    0x00, 0x00, 0x35, 0x77, 0x77, 0x66, 0x55, 0x40,
    /* U+9054 "達" */
    0x00, 0x00, 0x00, 0x00, 0x00, 0x04, 0x91, 0x00, 0x00, 0x00, 0x02, 0xa1, 0x00, 0x00, 0x00, 0x06,
    0xf1, 0x00, 0x00, 0x00, 0x03, 0xec, 0x10, 0x0c, 0xff, 0xff, 0xff, 0xff, 0xf9, 0x00, 0x00, 0x4f,
    0xb0, 0x02, 0x22, 0x27, 0xf3, 0x22, 0x21, 0x00, 0x00, 0x07, 0xf4, 0x33, 0x33, 0x37, 0xf4, 0x33,
    0x33, 0x20, 0x00, 0x00, 0x41, 0xff, 0xff, 0xff, 0xff, 0xff, 0xff, 0xe0, 0x00, 0x00, 0x00, 0x00,
    0x5e, 0x10, 0x00, 0x7e, 0x10, 0x00, 0x00, 0x00, 0x00, 0x00, 0x0e, 0x60, 0x00, 0xd7, 0x00, 0x00,
    0x06, 0x66, 0x50, 0x9f, 0xff, 0xff, 0xff, 0xff, 0xff, 0xa0, 0x1f, 0xff, 0xe0, 0x12, 0x22, 0x27,
    0xf3, 0x22, 0x22, 0x10, 0x00, 0x08, 0xe0, 0x02, 0x22, 0x27, 0xf3, 0x22, 0x22, 0x00, 0x00, 0x08,
    0xe0, 0x0e, 0xff, 0xff, 0xff, 0xff, 0xfd, 0x00, 0x00, 0x08, 0xe0, 0x00, 0x00, 0x06, 0xf1, 0x00,
    0x00, 0x00, 0x00, 0x08, 0xe0, 0x22, 0x22, 0x27, 0xf4, 0x22, 0x22, 0x20, 0x00, 0x08, 0xe0, 0xdf,
    0xff, 0xff, 0xff, 0xff, 0xff, 0xb0, 0x00, 0x0a, 0xe1, 0x00, 0x00, 0x06, 0xf1, 0x00, 0x00, 0x00,
    0x01, 0xbe, 0xce, 0x50, 0x00, 0x06, 0xf1, 0x00, 0x00, 0x00, 0x0b, 0xe2, 0x06, 0xee, 0x97, 0x65,
    0x55, 0x66, 0x78, 0x92, 0x0b, 0x50, 0x00, 0x18, 0xce, 0xff, 0xff, 0xee, 0xed, 0xc0, 0x01, 0x00,
    0x00, 0x00, 0x00, 0x00, 0x00, 0x00, 0x00, 0x00,
    /* U+90E8 "部" */
    0x00, 0x00, 0x64, 0x00, 0x00, 0x00, 0x00, 0x00, 0x00, 0x00, 0x00, 0xcb, 0x00, 0x00, 0x03, 0x66,
    0x66, 0x62, 0x00, 0x00, 0x6f, 0x20, 0x00, 0x07, 0xff, 0xff, 0xfc, 0x6f, 0xff, 0xff, 0xff, 0xff,
    0x17, 0xd0, 0x01, 0xf7, 0x26, 0xb7, 0x66, 0x69, 0xa6, 0x07, 0xd0, 0x06, 0xe1, 0x00, 0xe8, 0x00,
    0x0a, 0xd0, 0x07, 0xd0, 0x0c, 0x90, 0x00, 0x8e, 0x00, 0x0e, 0x70, 0x07, 0xd0, 0x3f, 0x30, 0x00,
    0x3f, 0x40, 0x5f, 0x20, 0x07, 0xd0, 0x9c, 0x00, 0x66, 0x69, 0x66, 0xcd, 0x66, 0x37, 0xd0, 0xda,
    0x00, 0xff, 0xff, 0xff, 0xff, 0xff, 0x77, 0xd0, 0x3f, 0x60, 0x00, 0x00, 0x00, 0x00, 0x00, 0x07,
    0xd0, 0x07, 0xe1, 0x00, 0x00, 0x00, 0x00, 0x00, 0x07, 0xd0, 0x01, 0xf6, 0x0c, 0xff, 0xff, 0xff,
    0xf9, 0x07, 0xd0, 0x00, 0xba, 0x0c, 0xb6, 0x66, 0x66, 0xe9, 0x07, 0xd0, 0x00, 0xba, 0x0c, 0x90,
    0x00, 0x00, 0xe9, 0x07, 0xd0, 0x02, 0xe8, 0x0c, 0x90, 0x00, 0x00, 0xe9, 0x07, 0xd6, 0xff, 0xe2,
    0x0c, 0x90, 0x00, 0x00, 0xe9, 0x07, 0xd1, 0x55, 0x10, 0x0c, 0xff, 0xff, 0xff, 0xf9, 0x07, 0xd0,
    0x00, 0x00, 0x0c, 0xb6, 0x66, 0x66, 0xe9, 0x07, 0xd0, 0x00, 0x00, 0x05, 0x40, 0x00, 0x00, 0x42,
    0x04, 0x70, 0x00, 0x00,
    /* U+9152 "酒" */
    0x00, 0x10, 0x00, 0x00, 0x00, 0x00, 0x00, 0x00, 0x00, 0x00, 0x04, 0xe7, 0x01, 0x66, 0x66, 0x66,
    0x66, 0x66, 0x66, 0x60, 0x01, 0xaf, 0xc5, 0xff, 0xff, 0xff, 0xff, 0xff, 0xff, 0xf1, 0x00, 0x04,
    0xc2, 0x00, 0x01, 0xf4, 0x0c, 0x90, 0x00, 0x00, 0x00, 0x00, 0x00, 0x00, 0x01, 0xf4, 0x0c, 0x90,
    0x00, 0x00, 0x00, 0x00, 0x00, 0x25, 0x55, 0xf8, 0x5d, 0xb5, 0x55, 0x20, 0x09, 0x40, 0x00, 0x7f,
    0xff, 0xff, 0xff, 0xff, 0xff, 0x50, 0x1c, 0xfb, 0x30, 0x7e, 0x00, 0xd5, 0x0c, 0x60, 0x1f, 0x50,
    0x00, 0x6e, 0xa0, 0x7e, 0x00, 0xe4, 0x0c, 0x60, 0x1f, 0x50, 0x00, 0x01, 0x10, 0x7e, 0x05, 0xe1,
    0x0c, 0x60, 0x1f, 0x50, 0x00, 0x00, 0x00, 0x7e, 0x4e, 0x80, 0x0a, 0xff, 0xff, 0x50, 0x00, 0x00,
    0x50, 0x7e, 0xea, 0x00, 0x00, 0x33, 0x4f, 0x50, 0x00, 0x02, 0xf5, 0x7e, 0x20, 0x00, 0x00, 0x00,
    0x1f, 0x50, 0x00, 0x09, 0xe1, 0x7e, 0x44, 0x44, 0x44, 0x44, 0x5f, 0x50, 0x00, 0x1f, 0x80, 0x7f,
    0xff, 0xff, 0xff, 0xff, 0xff, 0x50, 0x00, 0x8f, 0x20, 0x7e, 0x00, 0x00, 0x00, 0x00, 0x1f, 0x50,
    0x01, 0xea, 0x00, 0x7e, 0x00, 0x00, 0x00, 0x00, 0x1f, 0x50, 0x09, 0xf3, 0x00, 0x7f, 0xff, 0xff,
    0xff, 0xff, 0xff, 0x50, 0x07, 0xa0, 0x00, 0x7e, 0x55, 0x55, 0x55, 0x55, 0x6f, 0x50, 0x00, 0x00,
    0x00, 0x37, 0x00, 0x00, 0x00, 0x00, 0x07, 0x20,
    /* U+91CC "里" */
    0x00, 0xef, 0xff, 0xff, 0xff, 0xff, 0xff, 0xff, 0x30, 0x00, 0xeb, 0x66, 0x66, 0xcd, 0x66, 0x66,
    0x9f, 0x30, 0x00, 0xe9, 0x00, 0x00, 0xac, 0x00, 0x00, 0x5f, 0x30, 0x00, 0xe9, 0x00, 0x00, 0xac,
    0x00, 0x00, 0x5f, 0x30, 0x00, 0xef, 0xff, 0xff, 0xff, 0xff, 0xff, 0xff, 0x30, 0x00, 0xea, 0x44,
    0x44, 0xbd, 0x44, 0x44, 0x8f, 0x30, 0x00, 0xe9, 0x00, 0x00, 0xac, 0x00, 0x00, 0x5f, 0x30, 0x00,
    0xe9, 0x00, 0x00, 0xac, 0x00, 0x00, 0x5f, 0x30, 0x00, 0xef, 0xff, 0xff, 0xff, 0xff, 0xff, 0xff,
    0x30, 0x00, 0x55, 0x55, 0x55, 0xde, 0x55, 0x55, 0x55, 0x10, 0x00, 0x00, 0x00, 0x00, 0xbd, 0x00,
    0x00, 0x00, 0x00, 0x00, 0x00, 0x00, 0x00, 0xbd, 0x00, 0x00, 0x00, 0x00, 0x08, 0xff, 0xff, 0xff,
    0xff, 0xff, 0xff, 0xff, 0xd0, 0x03, 0x66, 0x66, 0x66, 0xde, 0x66, 0x66, 0x66, 0x50, 0x00, 0x00,
    0x00, 0x00, 0xbd, 0x00, 0x00, 0x00, 0x00, 0x00, 0x00, 0x00, 0x00, 0xbd, 0x00, 0x00, 0x00, 0x00,
    0x56, 0x66, 0x66, 0x66, 0xde, 0x66, 0x66, 0x66, 0x66, 0xef, 0xff, 0xff, 0xff, 0xff, 0xff, 0xff,
    0xff, 0xfe,
    /* U+91CD "重" */
    0x00, 0x00, 0x00, 0x00, 0x00, 0x00, 0x02, 0x52, 0x00, 0x01, 0x34, 0x56, 0x78, 0x9a, 0xbd, 0xff,
    0xfa, 0x00, 0x02, 0xff, 0xfe, 0xee, 0xfd, 0x87, 0x64, 0x20, 0x00, 0x00, 0x00, 0x00, 0x00, 0xca,
    0x00, 0x00, 0x00, 0x00, 0xdf, 0xff, 0xff, 0xff, 0xff, 0xff, 0xff, 0xff, 0xfd, 0x34, 0x44, 0x44,
    0x44, 0xdb, 0x44, 0x44, 0x44, 0x43, 0x00, 0x11, 0x11, 0x11, 0xda, 0x11, 0x11, 0x11, 0x00, 0x00,
    0xcf, 0xff, 0xff, 0xff, 0xff, 0xff, 0xfe, 0x00, 0x00, 0xca, 0x00, 0x00, 0xca, 0x00, 0x00, 0x8e,
    0x00, 0x00, 0xcf, 0xff, 0xff, 0xff, 0xff, 0xff, 0xfe, 0x00, 0x00, 0xca, 0x00, 0x00, 0xda, 0x00,
    0x00, 0x9e, 0x00, 0x00, 0xca, 0x00, 0x00, 0xca, 0x00, 0x00, 0x8e, 0x00, 0x00, 0xcf, 0xff, 0xff,
    0xff, 0xff, 0xff, 0xfe, 0x00, 0x00, 0x12, 0x22, 0x22, 0xdb, 0x22, 0x22, 0x22, 0x00, 0x01, 0x33,
    0x33, 0x33, 0xdb, 0x33, 0x33, 0x33, 0x20, 0x07, 0xff, 0xff, 0xff, 0xff, 0xff, 0xff, 0xff, 0xb0,
    0x00, 0x00, 0x00, 0x00, 0xca, 0x00, 0x00, 0x00, 0x00, 0x33, 0x33, 0x33, 0x33, 0xdb, 0x33, 0x33,
    0x33, 0x33, 0xff, 0xff, 0xff, 0xff, 0xff, 0xff, 0xff, 0xff, 0xff,
    /* U+91CE "野" */
    0x02, 0x33, 0x33, 0x33, 0x33, 0x25, 0x55, 0x55, 0x55, 0x30, 0x08, 0xff, 0xff, 0xff, 0xff, 0x5f,
    0xff, 0xff, 0xff, 0xc0, 0x08, 0xa0, 0x0d, 0x60, 0x3f, 0x10, 0x00, 0x00, 0xbe, 0x20, 0x08, 0xa0,
    0x0d, 0x60, 0x3f, 0x11, 0x93, 0x0a, 0xe4, 0x00, 0x08, 0xff, 0xff, 0xff, 0xff, 0x12, 0xbf, 0xce,
    0x40, 0x00, 0x08, 0xb3, 0x3e, 0x83, 0x5f, 0x10, 0x05, 0xed, 0x20, 0x00, 0x08, 0xa0, 0x0d, 0x60,
    0x3f, 0x10, 0x00, 0x2c, 0xe1, 0x00, 0x08, 0xb3, 0x3e, 0x83, 0x6f, 0x9f, 0xff, 0xff, 0xff, 0xf3,
    0x08, 0xff, 0xff, 0xff, 0xff, 0x57, 0x79, 0xf9, 0x7b, 0xe1, 0x00, 0x00, 0x0f, 0x70, 0x00, 0x00,
    0x04, 0xf3, 0x0b, 0xa0, 0x00, 0x00, 0x0f, 0x70, 0x00, 0x00, 0x04, 0xf3, 0x1f, 0x50, 0x09, 0xff,
    0xff, 0xff, 0xff, 0x10, 0x04, 0xf3, 0x6e, 0x10, 0x03, 0x66, 0x6f, 0xa6, 0x66, 0x00, 0x04, 0xf3,
    0x02, 0x00, 0x00, 0x00, 0x0f, 0x70, 0x00, 0x00, 0x04, 0xf3, 0x00, 0x00, 0x00, 0x00, 0x0f, 0x70,
    0x00, 0x00, 0x04, 0xf3, 0x00, 0x00, 0x00, 0x02, 0x5f, 0xca, 0xcd, 0x80, 0x04, 0xf3, 0x00, 0x00,
    0x2c, 0xef, 0xff, 0xfd, 0xb9, 0x40, 0x04, 0xf3, 0x00, 0x00, 0x1c, 0xa8, 0x53, 0x10, 0x00, 0x1e,
    0xef, 0xf1, 0x00, 0x00, 0x00, 0x00, 0x00, 0x00, 0x00, 0x06, 0x76, 0x20, 0x00, 0x00,
    /* U+91CF "量" */
    0x00, 0x07, 0xfe, 0xee, 0xee, 0xee, 0xee, 0xef, 0x70, 0x00, 0x00, 0x07, 0xf0, 0x00, 0x00, 0x00,
    0x00, 0x1f, 0x70, 0x00, 0x00, 0x07, 0xfd, 0xdd, 0xdd, 0xdd, 0xdd, 0xdf, 0x70, 0x00, 0x00, 0x07,
    0xf0, 0x00, 0x00, 0x00, 0x00, 0x1f, 0x70, 0x00, 0x00, 0x07, 0xfd, 0xdd, 0xdd, 0xdd, 0xdd, 0xdf,
    0x70, 0x00, 0x00, 0x00, 0x00, 0x00, 0x00, 0x00, 0x00, 0x00, 0x00, 0x00, 0x0f, 0xff, 0xff, 0xff,
    0xff, 0xff, 0xff, 0xff, 0xff, 0xf0, 0x02, 0x22, 0x22, 0x22, 0x22, 0x22, 0x22, 0x22, 0x22, 0x20,
    0x00, 0x0c, 0xee, 0xee, 0xee, 0xee, 0xee, 0xee, 0xe0, 0x00, 0x00, 0x0c, 0x90, 0x00, 0x0b, 0xa0,
    0x00, 0x07, 0xf0, 0x00, 0x00, 0x0c, 0xed, 0xdd, 0xdf, 0xed, 0xdd, 0xde, 0xf0, 0x00, 0x00, 0x0c,
    0x90, 0x00, 0x0b, 0xa0, 0x00, 0x07, 0xf0, 0x00, 0x00, 0x0c, 0xee, 0xee, 0xef, 0xfe, 0xee, 0xee,
    0xf0, 0x00, 0x00, 0x00, 0x00, 0x00, 0x0b, 0xa0, 0x00, 0x00, 0x00, 0x00, 0x00, 0x01, 0x11, 0x11,
    0x1c, 0xb1, 0x11, 0x11, 0x10, 0x00, 0x00, 0x6f, 0xff, 0xff, 0xff, 0xff, 0xff, 0xff, 0xf7, 0x00,
    0x00, 0x00, 0x00, 0x00, 0x0b, 0xa0, 0x00, 0x00, 0x00, 0x00, 0x1f, 0xff, 0xff, 0xff, 0xff, 0xff,
    0xff, 0xff, 0xff, 0xf1, 0x03, 0x33, 0x33, 0x33, 0x33, 0x33, 0x33, 0x33, 0x33, 0x30,
    /* U+91D1 "金" */
    0x00, 0x00, 0x00, 0x00, 0x05, 0x91, 0x00, 0x00, 0x00, 0x00, 0x00, 0x00, 0x00, 0x00, 0x2e, 0xf1,
    0x00, 0x00, 0x00, 0x00, 0x00, 0x00, 0x00, 0x02, 0xde, 0xec, 0x10, 0x00, 0x00, 0x00, 0x00, 0x00,
    0x00, 0x3e, 0xe3, 0x3d, 0xd3, 0x00, 0x00, 0x00, 0x00, 0x00, 0x07, 0xfe, 0x30, 0x02, 0xdf, 0x70,
    0x00, 0x00, 0x00, 0x04, 0xdf, 0xb2, 0x00, 0x00, 0x19, 0xfd, 0x50, 0x00, 0x16, 0xcf, 0xfc, 0x66,
    0x66, 0x66, 0x66, 0xae, 0xfc, 0x61, 0x1e, 0xe8, 0x4f, 0xff, 0xff, 0xff, 0xff, 0xf3, 0x6d, 0xe1,
    0x02, 0x10, 0x00, 0x00, 0x0d, 0xb0, 0x00, 0x00, 0x00, 0x20, 0x00, 0x00, 0x00, 0x00, 0x0d, 0xb0,
    0x00, 0x00, 0x00, 0x00, 0x00, 0x00, 0x00, 0x00, 0x0d, 0xb0, 0x00, 0x00, 0x00, 0x00, 0x00, 0xbf,
    0xff, 0xff, 0xff, 0xff, 0xff, 0xff, 0xfb, 0x00, 0x00, 0x46, 0x66, 0x66, 0x6e, 0xd6, 0x66, 0x66,
    0x64, 0x00, 0x00, 0x00, 0xb8, 0x00, 0x0d, 0xb0, 0x00, 0xab, 0x00, 0x00, 0x00, 0x00, 0x7f, 0x20,
    0x0d, 0xb0, 0x02, 0xf7, 0x00, 0x00, 0x00, 0x00, 0x0d, 0x90, 0x0d, 0xb0, 0x0a, 0xd0, 0x00, 0x00,
    0x00, 0x00, 0x08, 0xd0, 0x0d, 0xb0, 0x3f, 0x30, 0x00, 0x00, 0x04, 0x66, 0x67, 0x66, 0x6e, 0xd6,
    0x68, 0x66, 0x66, 0x40, 0x0a, 0xff, 0xff, 0xff, 0xff, 0xff, 0xff, 0xff, 0xff, 0xa0,
    /* U+9280 "銀" */
    0x00, 0x00, 0x39, 0x10, 0x00, 0x00, 0x00, 0x00, 0x00, 0x00, 0x00, 0x01, 0xde, 0x10, 0x05, 0xff,
    0xff, 0xff, 0xff, 0x30, 0x00, 0x0a, 0xfe, 0xc1, 0x05, 0xf6, 0x55, 0x55, 0x7f, 0x30, 0x00, 0x9f,
    0x73, 0xdd, 0x25, 0xf2, 0x00, 0x00, 0x4f, 0x30, 0x0a, 0xf9, 0x00, 0x2d, 0xc5, 0xf2, 0x00, 0x00,
    0x4f, 0x30, 0x3f, 0xd5, 0x44, 0x45, 0x45, 0xff, 0xff, 0xff, 0xff, 0x30, 0x04, 0xbf, 0xff, 0xfa,
    0x05, 0xf6, 0x44, 0x44, 0x7f, 0x30, 0x00, 0x00, 0xb9, 0x00, 0x05, 0xf2, 0x00, 0x00, 0x4f, 0x30,
    0x00, 0x00, 0xb9, 0x00, 0x05, 0xf2, 0x00, 0x00, 0x4f, 0x30, 0x04, 0x55, 0xcb, 0x55, 0x25, 0xff,
    0xff, 0xff, 0xff, 0x30, 0x0c, 0xff, 0xff, 0xff, 0x65, 0xf6, 0x6f, 0x75, 0x55, 0x10, 0x00, 0x30,
    0xb9, 0x07, 0x15, 0xf2, 0x0d, 0x80, 0x07, 0x70, 0x03, 0xe0, 0xb9, 0x3f, 0x15, 0xf2, 0x08, 0xe1,
    0x9f, 0x80, 0x00, 0xe3, 0xb9, 0x6b, 0x05, 0xf2, 0x03, 0xfd, 0xe5, 0x00, 0x00, 0xb6, 0xb9, 0xb6,
    0x05, 0xf2, 0x00, 0xbf, 0x20, 0x00, 0x00, 0x86, 0xb9, 0x71, 0x05, 0xf2, 0x00, 0x4f, 0x90, 0x00,
    0x00, 0x00, 0xcc, 0x9d, 0x85, 0xf2, 0x15, 0x49, 0xf6, 0x00, 0x08, 0xbe, 0xff, 0xc8, 0x37, 0xfc,
    0xff, 0x71, 0xcf, 0x90, 0x0b, 0xb8, 0x41, 0x00, 0x0e, 0xfc, 0x72, 0x00, 0x1b, 0xd1, 0x00, 0x00,
    0x00, 0x00, 0x06, 0x30, 0x00, 0x00, 0x00, 0x20,
    /* U+949F "钟" */
    0x00, 0x05, 0x50, 0x00, 0x00, 0x00, 0x08, 0x50, 0x00, 0x00, 0x00, 0xda, 0x00, 0x00, 0x00, 0x00,
    0xe8, 0x00, 0x00, 0x00, 0x5f, 0x96, 0x66, 0x20, 0x00, 0x0e, 0x80, 0x00, 0x00, 0x1d, 0xff, 0xff,
    0xf4, 0x00, 0x00, 0xe8, 0x00, 0x00, 0x09, 0xf3, 0x00, 0x00, 0x00, 0x00, 0x0e, 0x80, 0x00, 0x02,
    0xf9, 0x00, 0x00, 0x01, 0xff, 0xff, 0xff, 0xff, 0xfb, 0x0a, 0x55, 0x55, 0x55, 0x1f, 0xa7, 0x7f,
    0xb7, 0x7d, 0xb0, 0x0b, 0xff, 0xff, 0xd1, 0xf5, 0x00, 0xe8, 0x00, 0xbb, 0x00, 0x00, 0xe8, 0x00,
    0x1f, 0x50, 0x0e, 0x80, 0x0b, 0xb0, 0x00, 0x0e, 0x80, 0x01, 0xf5, 0x00, 0xe8, 0x00, 0xbb, 0x05,
    0x66, 0xeb, 0x66, 0x3f, 0x50, 0x0e, 0x80, 0x0b, 0xb0, 0xcf, 0xff, 0xff, 0xf6, 0xf9, 0x77, 0xfb,
    0x77, 0xdb, 0x00, 0x00, 0xe8, 0x00, 0x1f, 0xff, 0xff, 0xff, 0xff, 0xb0, 0x00, 0x0e, 0x80, 0x01,
    0xf5, 0x00, 0xe8, 0x00, 0xbb, 0x00, 0x00, 0xe8, 0x00, 0x04, 0x10, 0x0e, 0x80, 0x01, 0x20, 0x00,
    0x0e, 0x80, 0x53, 0x00, 0x00, 0xe8, 0x00, 0x00, 0x00, 0x00, 0xeb, 0xcf, 0x60, 0x00, 0x0e, 0x80,
    0x00, 0x00, 0x00, 0x5f, 0xfc, 0x30, 0x00, 0x00, 0xe8, 0x00, 0x00, 0x00, 0x0b, 0xe6, 0x00, 0x00,
    0x00, 0x0e, 0x80, 0x00, 0x00, 0x00, 0x21, 0x00, 0x00, 0x00, 0x00, 0xa6, 0x00, 0x00,
    /* U+94B1 "钱" */
    0x00, 0x04, 0x50, 0x00, 0x00, 0x02, 0xb3, 0x11, 0x00, 0x00, 0x00, 0x0d, 0xa0, 0x00, 0x00, 0x03,
    0xf4, 0xae, 0x70, 0x00, 0x00, 0x5f, 0x96, 0x66, 0x00, 0x02, 0xf4, 0x06, 0xe7, 0x00, 0x01, 0xdf,
    0xff, 0xff, 0x00, 0x02, 0xf4, 0x00, 0x22, 0x00, 0x09, 0xf3, 0x00, 0x00, 0x00, 0x03, 0xfa, 0xac,
    0xef, 0x30, 0x3f, 0x90, 0x00, 0x00, 0x1b, 0xef, 0xff, 0xfc, 0xa7, 0x20, 0x0a, 0x55, 0x55, 0x54,
    0x0c, 0xa8, 0xf8, 0x00, 0x00, 0x00, 0x00, 0xcf, 0xff, 0xfb, 0x00, 0x00, 0xe8, 0x00, 0x00, 0x00,
    0x00, 0x00, 0xc8, 0x00, 0x00, 0x00, 0xca, 0x47, 0x9c, 0xb0, 0x00, 0x00, 0xc8, 0x00, 0x25, 0x8b,
    0xef, 0xfd, 0xb8, 0x40, 0x04, 0x66, 0xdb, 0x66, 0x8f, 0xc9, 0xbd, 0x10, 0x03, 0x20, 0x0b, 0xff,
    0xff, 0xff, 0x50, 0x00, 0x6f, 0x10, 0x1d, 0xa0, 0x00, 0x00, 0xc8, 0x00, 0x00, 0x00, 0x3f, 0x30,
    0xbe, 0x10, 0x00, 0x00, 0xc8, 0x00, 0x00, 0x00, 0x0f, 0x7a, 0xf4, 0x00, 0x00, 0x00, 0xc8, 0x00,
    0x00, 0x00, 0x0b, 0xff, 0x50, 0x00, 0x00, 0x00, 0xc8, 0x2b, 0x50, 0x00, 0x4d, 0xf5, 0x00, 0x20,
    0x00, 0x00, 0xdc, 0xed, 0x30, 0x19, 0xfd, 0xf8, 0x00, 0xe2, 0x00, 0x03, 0xff, 0x80, 0x39, 0xff,
    0x70, 0x9f, 0x53, 0xf0, 0x00, 0x0a, 0xc3, 0x00, 0x5e, 0x82, 0x00, 0x1b, 0xff, 0xa0, 0x00, 0x01,
    0x00, 0x00, 0x00, 0x00, 0x00, 0x00, 0x45, 0x10,
    /* U+94F6 "银" */
    0x00, 0x05, 0x50, 0x00, 0x00, 0x00, 0x00, 0x00, 0x00, 0x00, 0x00, 0x1e, 0x90, 0x00, 0x0b, 0xff,
    0xff, 0xff, 0xff, 0x00, 0x00, 0x6f, 0x97, 0x77, 0x1b, 0xc5, 0x55, 0x55, 0x9f, 0x00, 0x01, 0xef,
    0xff, 0xff, 0x1b, 0xb0, 0x00, 0x00, 0x6f, 0x00, 0x0a, 0xf2, 0x00, 0x00, 0x0b, 0xb0, 0x00, 0x00,
    0x6f, 0x00, 0x3f, 0x90, 0x00, 0x00, 0x0b, 0xff, 0xff, 0xff, 0xff, 0x00, 0x0a, 0x55, 0x55, 0x54,
    0x0b, 0xc4, 0x44, 0x44, 0x9f, 0x00, 0x00, 0xcf, 0xff, 0xfc, 0x0b, 0xb0, 0x00, 0x00, 0x6f, 0x00,
    0x00, 0x01, 0xf6, 0x00, 0x0b, 0xb0, 0x00, 0x00, 0x6f, 0x00, 0x00, 0x01, 0xf6, 0x00, 0x0b, 0xff,
    0xff, 0xff, 0xff, 0x00, 0x05, 0x66, 0xf9, 0x66, 0x2b, 0xc5, 0x9e, 0x55, 0x55, 0x00, 0x0d, 0xff,
    0xff, 0xff, 0x4b, 0xb0, 0x2f, 0x30, 0x07, 0x70, 0x00, 0x01, 0xf6, 0x00, 0x0b, 0xb0, 0x0c, 0x90,
    0x9f, 0x80, 0x00, 0x01, 0xf6, 0x00, 0x0b, 0xb0, 0x07, 0xec, 0xe5, 0x00, 0x00, 0x01, 0xf6, 0x00,
    0x0b, 0xb0, 0x01, 0xed, 0x20, 0x00, 0x00, 0x01, 0xf6, 0x04, 0x3b, 0xb0, 0x00, 0x8f, 0x40, 0x00,
    0x00, 0x01, 0xf9, 0xcf, 0x5b, 0xb0, 0x15, 0x2c, 0xe3, 0x00, 0x00, 0x05, 0xff, 0xc4, 0x0e, 0xdc,
    0xff, 0x42, 0xee, 0x70, 0x00, 0x09, 0xe6, 0x00, 0x5f, 0xfc, 0x73, 0x00, 0x2c, 0xe2, 0x00, 0x02,
    0x10, 0x00, 0x07, 0x20, 0x00, 0x00, 0x00, 0x30,
    /* U+9519 "错" */
    0x00, 0x04, 0x30, 0x00, 0x00, 0x2a, 0x20, 0x09, 0x30, 0x00, 0x00, 0x0d, 0x90, 0x00, 0x00, 0x3f,
    0x30, 0x0f, 0x50, 0x00, 0x00, 0x5f, 0x40, 0x00, 0x00, 0x3f, 0x30, 0x0f, 0x50, 0x00, 0x00, 0xcf,
    0xff, 0xff, 0x2f, 0xff, 0xff, 0xff, 0xff, 0xb0, 0x08, 0xf7, 0x66, 0x66, 0x15, 0x7f, 0x75, 0x5f,
    0x95, 0x30, 0x2f, 0x80, 0x00, 0x00, 0x00, 0x3f, 0x30, 0x0f, 0x50, 0x00, 0x08, 0x55, 0x55, 0x54,
    0x00, 0x3f, 0x30, 0x0f, 0x50, 0x00, 0x00, 0xdf, 0xff, 0xfb, 0x9f, 0xff, 0xff, 0xff, 0xff, 0xf2,
    0x00, 0x00, 0xf6, 0x00, 0x36, 0x66, 0x66, 0x66, 0x66, 0x61, 0x00, 0x00, 0xf6, 0x00, 0x00, 0x00,
    0x00, 0x00, 0x00, 0x00, 0x04, 0x66, 0xf9, 0x66, 0x12, 0x44, 0x44, 0x44, 0x43, 0x00, 0x0b, 0xff,
    0xff, 0xff, 0x27, 0xff, 0xff, 0xff, 0xfc, 0x00, 0x00, 0x00, 0xf6, 0x00, 0x07, 0xe0, 0x00, 0x00,
    0x9c, 0x00, 0x00, 0x00, 0xf6, 0x00, 0x07, 0xe0, 0x00, 0x00, 0x9c, 0x00, 0x00, 0x00, 0xf6, 0x00,
    0x07, 0xff, 0xff, 0xff, 0xfc, 0x00, 0x00, 0x00, 0xf6, 0x16, 0x07, 0xe3, 0x33, 0x33, 0xbc, 0x00,
    0x00, 0x01, 0xfb, 0xed, 0x07, 0xe0, 0x00, 0x00, 0x9c, 0x00, 0x00, 0x07, 0xff, 0x81, 0x07, 0xe3,
    0x33, 0x33, 0xbc, 0x00, 0x00, 0x0a, 0xc3, 0x00, 0x07, 0xff, 0xff, 0xff, 0xfc, 0x00, 0x00, 0x01,
    0x00, 0x00, 0x05, 0xb0, 0x00, 0x00, 0x69, 0x00,
    /* U+9547 "镇" */
    0x00, 0x05, 0x50, 0x00, 0x00, 0x00, 0x0a, 0x60, 0x00, 0x00, 0x00, 0x0d, 0xa0, 0x00, 0x00, 0x00,
    0x2f, 0x60, 0x00, 0x00, 0x00, 0x5f, 0x85, 0x55, 0x5f, 0xff, 0xff, 0xff, 0xff, 0xb0, 0x01, 0xdf,
    0xff, 0xff, 0x24, 0x44, 0x9e, 0x44, 0x44, 0x30, 0x09, 0xf3, 0x00, 0x00, 0x00, 0x00, 0xab, 0x00,
    0x00, 0x00, 0x2f, 0x90, 0x00, 0x00, 0x08, 0xff, 0xff, 0xff, 0xfe, 0x00, 0x0a, 0x55, 0x55, 0x54,
    0x08, 0xd1, 0x11, 0x11, 0x8e, 0x00, 0x00, 0xcf, 0xff, 0xfa, 0x08, 0xfe, 0xee, 0xee, 0xee, 0x00,
    0x00, 0x00, 0xf6, 0x00, 0x08, 0xd0, 0x00, 0x00, 0x7e, 0x00, 0x00, 0x00, 0xf6, 0x00, 0x08, 0xd0,
    0x00, 0x00, 0x7e, 0x00, 0x05, 0x66, 0xf9, 0x66, 0x08, 0xfe, 0xee, 0xee, 0xee, 0x00, 0x0c, 0xff,
    0xff, 0xff, 0x18, 0xd0, 0x00, 0x00, 0x7e, 0x00, 0x00, 0x00, 0xf6, 0x00, 0x08, 0xff, 0xff, 0xff,
    0xfe, 0x00, 0x00, 0x00, 0xf6, 0x00, 0x08, 0xd0, 0x00, 0x00, 0x7e, 0x00, 0x00, 0x00, 0xf6, 0x00,
    0x5a, 0xe5, 0x55, 0x55, 0xae, 0x51, 0x00, 0x00, 0xf6, 0x15, 0xff, 0xff, 0xff, 0xff, 0xff, 0xf2,
    0x00, 0x01, 0xfa, 0xee, 0x00, 0x1a, 0x60, 0x3a, 0x20, 0x00, 0x00, 0x05, 0xff, 0xa2, 0x03, 0xce,
    0x50, 0x2c, 0xe6, 0x00, 0x00, 0x0d, 0xd4, 0x00, 0x8f, 0xc2, 0x00, 0x00, 0x8f, 0x90, 0x00, 0x03,
    0x10, 0x00, 0x46, 0x00, 0x00, 0x00, 0x05, 0x40,
    /* U+957F "长" */
    0x00, 0x00, 0x84, 0x00, 0x00, 0x00, 0x00, 0x10, 0x00, 0x00, 0x00, 0x1f, 0x80, 0x00, 0x00, 0x00,
    0x4f, 0x70, 0x00, 0x00, 0x01, 0xf8, 0x00, 0x00, 0x00, 0x5f, 0xc1, 0x00, 0x00, 0x00, 0x1f, 0x80,
    0x00, 0x00, 0x8f, 0xc1, 0x00, 0x00, 0x00, 0x01, 0xf8, 0x00, 0x04, 0xdf, 0xa0, 0x00, 0x00, 0x00,
    0x00, 0x1f, 0x80, 0x3b, 0xfe, 0x60, 0x00, 0x00, 0x00, 0x00, 0x01, 0xf8, 0x0b, 0xfa, 0x20, 0x00,
    0x00, 0x00, 0x00, 0x00, 0x1f, 0x80, 0x13, 0x00, 0x00, 0x00, 0x00, 0x00, 0x77, 0x78, 0xfb, 0x77,
    0x77, 0x77, 0x77, 0x77, 0x77, 0x0d, 0xff, 0xff, 0xff, 0xff, 0xff, 0xff, 0xff, 0xff, 0xd0, 0x00,
    0x01, 0xf8, 0x00, 0x2f, 0x70, 0x00, 0x00, 0x00, 0x00, 0x00, 0x1f, 0x80, 0x00, 0xae, 0x10, 0x00,
    0x00, 0x00, 0x00, 0x01, 0xf8, 0x00, 0x03, 0xf9, 0x00, 0x00, 0x00, 0x00, 0x00, 0x1f, 0x80, 0x00,
    0x09, 0xf6, 0x00, 0x00, 0x00, 0x00, 0x01, 0xf8, 0x00, 0x00, 0x0c, 0xf4, 0x00, 0x00, 0x00, 0x00,
    0x1f, 0x80, 0x00, 0x00, 0x2e, 0xf7, 0x00, 0x00, 0x00, 0x01, 0xf8, 0x26, 0xae, 0x60, 0x2c, 0xfb,
    0x40, 0x00, 0x00, 0x5f, 0xef, 0xfe, 0xa3, 0x00, 0x1a, 0xff, 0xc2, 0x00, 0x0a, 0xfd, 0x83, 0x00,
    0x00, 0x00, 0x03, 0xaa, 0x00, 0x00, 0x33, 0x00, 0x00, 0x00, 0x00, 0x00, 0x00, 0x00,
    /* U+9593 "間" */
    0x3f, 0xff, 0xff, 0xff, 0x12, 0xff, 0xff, 0xff, 0xf5, 0x3f, 0x63, 0x33, 0x7f, 0x12, 0xf6, 0x33,
    0x35, 0xf5, 0x3f, 0x40, 0x00, 0x5f, 0x12, 0xf4, 0x00, 0x03, 0xf5, 0x3f, 0xff, 0xff, 0xff, 0x12,
    0xff, 0xff, 0xff, 0xf5, 0x3f, 0x62, 0x22, 0x6f, 0x12, 0xf6, 0x22, 0x24, 0xf5, 0x3f, 0x40, 0x00,
    0x5f, 0x12, 0xf4, 0x00, 0x03, 0xf5, 0x3f, 0xff, 0xff, 0xff, 0x12, 0xff, 0xff, 0xff, 0xf5, 0x3f,
    0x62, 0x22, 0x22, 0x00, 0x33, 0x33, 0x35, 0xf5, 0x3f, 0x40, 0x00, 0x00, 0x00, 0x00, 0x00, 0x03,
    0xf5, 0x3f, 0x40, 0x0b, 0xff, 0xff, 0xff, 0xa0, 0x03, 0xf5, 0x3f, 0x40, 0x0b, 0xa3, 0x33, 0x3b,
    0xa0, 0x03, 0xf5, 0x3f, 0x40, 0x0b, 0x90, 0x00, 0x0b, 0xa0, 0x03, 0xf5, 0x3f, 0x40, 0x0b, 0xff,
    0xff, 0xff, 0xa0, 0x03, 0xf5, 0x3f, 0x40, 0x0b, 0xa3, 0x33, 0x3b, 0xa0, 0x03, 0xf5, 0x3f, 0x40,
    0x0b, 0x90, 0x00, 0x0b, 0xa0, 0x03, 0xf5, 0x3f, 0x40, 0x0b, 0xff, 0xff, 0xff, 0xa0, 0x03, 0xf5,
    0x3f, 0x40, 0x0b, 0xa3, 0x33, 0x33, 0x20, 0x04, 0xf4, 0x3f, 0x40, 0x05, 0x40, 0x00, 0x00, 0x4f,
    0xff, 0xf2, 0x29, 0x30, 0x00, 0x00, 0x00, 0x00, 0x08, 0x87, 0x30,
    /* U+95EE "问" */
    0x01, 0x10, 0x00, 0x00, 0x00, 0x00, 0x00, 0x00, 0x00, 0x0a, 0xd1, 0x00, 0x66, 0x66, 0x66, 0x66,
    0x66, 0x61, 0x01, 0xdc, 0x10, 0xef, 0xff, 0xff, 0xff, 0xff, 0xf2, 0x00, 0x2e, 0xb0, 0x00, 0x00,
    0x00, 0x00, 0x05, 0xf2, 0x00, 0x04, 0x80, 0x00, 0x00, 0x00, 0x00, 0x05, 0xf2, 0x2f, 0x50, 0x00,
    0x00, 0x00, 0x00, 0x00, 0x05, 0xf2, 0x2f, 0x50, 0x03, 0x55, 0x55, 0x55, 0x20, 0x05, 0xf2, 0x2f,
    0x50, 0x08, 0xff, 0xff, 0xff, 0x70, 0x05, 0xf2, 0x2f, 0x50, 0x08, 0xc0, 0x00, 0x0f, 0x70, 0x05,
    0xf2, 0x2f, 0x50, 0x08, 0xc0, 0x00, 0x0f, 0x70, 0x05, 0xf2, 0x2f, 0x50, 0x08, 0xc0, 0x00, 0x0f,
    0x70, 0x05, 0xf2, 0x2f, 0x50, 0x08, 0xc0, 0x00, 0x0f, 0x70, 0x05, 0xf2, 0x2f, 0x50, 0x08, 0xc0,
    0x00, 0x0f, 0x70, 0x05, 0xf2, 0x2f, 0x50, 0x08, 0xff, 0xff, 0xff, 0x70, 0x05, 0xf2, 0x2f, 0x50,
    0x08, 0xd6, 0x66, 0x66, 0x30, 0x05, 0xf2, 0x2f, 0x50, 0x07, 0xa0, 0x00, 0x00, 0x00, 0x05, 0xf2,
    0x2f, 0x50, 0x00, 0x00, 0x00, 0x00, 0x00, 0x05, 0xf2, 0x2f, 0x50, 0x00, 0x00, 0x00, 0x00, 0x00,
    0x06, 0xf1, 0x2f, 0x50, 0x00, 0x00, 0x00, 0x00, 0x6f, 0xef, 0xd0, 0x1a, 0x30, 0x00, 0x00, 0x00,
    0x00, 0x18, 0x76, 0x20,
    /* U+95F4 "间" */
    0x00, 0x20, 0x00, 0x00, 0x00, 0x00, 0x00, 0x00, 0x00, 0x09, 0xe2, 0x00, 0x66, 0x66, 0x66, 0x66,
    0x66, 0x61, 0x01, 0xdd, 0x10, 0xff, 0xff, 0xff, 0xff, 0xff, 0xf4, 0x00, 0x3f, 0x80, 0x00, 0x00,
    0x00, 0x00, 0x04, 0xf4, 0x00, 0x05, 0x10, 0x00, 0x00, 0x00, 0x00, 0x04, 0xf4, 0x2a, 0x40, 0x00,
    0x00, 0x00, 0x00, 0x00, 0x04, 0xf4, 0x3f, 0x50, 0x03, 0x44, 0x44, 0x44, 0x30, 0x04, 0xf4, 0x3f,
    0x50, 0x0c, 0xff, 0xff, 0xff, 0xc0, 0x04, 0xf4, 0x3f, 0x50, 0x0c, 0x90, 0x00, 0x09, 0xc0, 0x04,
    0xf4, 0x3f, 0x50, 0x0c, 0x90, 0x00, 0x09, 0xc0, 0x04, 0xf4, 0x3f, 0x50, 0x0c, 0xa4, 0x44, 0x4b,
    0xc0, 0x04, 0xf4, 0x3f, 0x50, 0x0c, 0xff, 0xff, 0xff, 0xc0, 0x04, 0xf4, 0x3f, 0x50, 0x0c, 0x90,
    0x00, 0x09, 0xc0, 0x04, 0xf4, 0x3f, 0x50, 0x0c, 0x90, 0x00, 0x09, 0xc0, 0x04, 0xf4, 0x3f, 0x50,
    0x0c, 0xa3, 0x33, 0x3b, 0xc0, 0x04, 0xf4, 0x3f, 0x50, 0x0c, 0xff, 0xff, 0xff, 0xc0, 0x04, 0xf4,
    0x3f, 0x50, 0x00, 0x00, 0x00, 0x00, 0x00, 0x04, 0xf4, 0x3f, 0x50, 0x00, 0x00, 0x00, 0x00, 0x00,
    0x05, 0xf4, 0x3f, 0x50, 0x00, 0x00, 0x00, 0x00, 0x06, 0xff, 0xe1, 0x18, 0x30, 0x00, 0x00, 0x00,
    0x00, 0x01, 0x65, 0x20,
    /* U+9662 "院" */
    0x00, 0x00, 0x00, 0x00, 0x00, 0x19, 0x40, 0x00, 0x00, 0x06, 0xff, 0xff, 0xe2, 0x00, 0x00, 0xdc,
    0x00, 0x00, 0x00, 0x6e, 0x66, 0xaf, 0x10, 0x00, 0x06, 0xf3, 0x00, 0x00, 0x06, 0xe0, 0x0b, 0xa5,
    0xff, 0xff, 0xff, 0xff, 0xff, 0xf0, 0x6e, 0x01, 0xf5, 0x5f, 0x65, 0x55, 0x55, 0x55, 0xaf, 0x06,
    0xe0, 0x5f, 0x15, 0xf1, 0x00, 0x00, 0x00, 0x07, 0xf0, 0x6e, 0x0a, 0xa0, 0x38, 0x10, 0x00, 0x00,
    0x00, 0x48, 0x06, 0xe0, 0xe7, 0x00, 0x0b, 0xff, 0xff, 0xff, 0xf5, 0x00, 0x6e, 0x06, 0xe2, 0x00,
    0x35, 0x55, 0x55, 0x55, 0x20, 0x06, 0xe0, 0x0c, 0x90, 0x00, 0x00, 0x00, 0x00, 0x00, 0x00, 0x6e,
    0x00, 0x7d, 0x15, 0x55, 0x55, 0x55, 0x55, 0x55, 0x06, 0xe0, 0x04, 0xf5, 0xff, 0xff, 0xff, 0xff,
    0xff, 0xf1, 0x6e, 0x00, 0x4f, 0x10, 0x08, 0xe0, 0x0d, 0x80, 0x00, 0x06, 0xe2, 0x5b, 0xe0, 0x00,
    0xac, 0x00, 0xd8, 0x00, 0x00, 0x6e, 0x3f, 0xd5, 0x00, 0x0d, 0x90, 0x0d, 0x80, 0x00, 0x06, 0xe0,
    0x00, 0x00, 0x04, 0xf4, 0x00, 0xd8, 0x00, 0x30, 0x6e, 0x00, 0x00, 0x02, 0xdd, 0x00, 0x0d, 0x80,
    0x0f, 0x46, 0xe0, 0x00, 0x05, 0xde, 0x20, 0x00, 0xd9, 0x02, 0xf3, 0x6e, 0x00, 0x0a, 0xfb, 0x30,
    0x00, 0x0b, 0xff, 0xfe, 0x04, 0x80, 0x00, 0x34, 0x00, 0x00, 0x00, 0x14, 0x55, 0x20,
    /* U+96E8 "雨" */
    0x77, 0x77, 0x77, 0x77, 0x77, 0x77, 0x77, 0x77, 0x77, 0xef, 0xff, 0xff, 0xff, 0xff, 0xff, 0xff,
    0xff, 0xfe, 0x00, 0x00, 0x00, 0x00, 0xca, 0x00, 0x00, 0x00, 0x00, 0x00, 0x00, 0x00, 0x00, 0xca,
    0x00, 0x00, 0x00, 0x00, 0x00, 0x00, 0x00, 0x00, 0xca, 0x00, 0x00, 0x00, 0x00, 0x0f, 0xff, 0xff,
    0xff, 0xff, 0xff, 0xff, 0xff, 0xf1, 0x0f, 0xa6, 0x66, 0x66, 0xec, 0x66, 0x66, 0x6a, 0xf1, 0x0f,
    0x70, 0x20, 0x00, 0xca, 0x02, 0x00, 0x06, 0xf1, 0x0f, 0x77, 0xe7, 0x00, 0xca, 0x4f, 0x91, 0x06,
    0xf1, 0x0f, 0x70, 0x6e, 0xc2, 0xca, 0x04, 0xde, 0x56, 0xf1, 0x0f, 0x70, 0x02, 0xb3, 0xca, 0x00,
    0x19, 0x76, 0xf1, 0x0f, 0x70, 0x00, 0x00, 0xca, 0x01, 0x00, 0x06, 0xf1, 0x0f, 0x7a, 0xc3, 0x00,
    0xca, 0x8d, 0x50, 0x06, 0xf1, 0x0f, 0x71, 0xaf, 0x70, 0xca, 0x08, 0xfa, 0x16, 0xf1, 0x0f, 0x70,
    0x06, 0xf4, 0xca, 0x00, 0x4d, 0x76, 0xf1, 0x0f, 0x70, 0x00, 0x20, 0xca, 0x00, 0x01, 0x06, 0xf1,
    0x0f, 0x70, 0x00, 0x00, 0xca, 0x00, 0x00, 0x07, 0xf1, 0x0f, 0x70, 0x00, 0x00, 0xca, 0x00, 0x8f,
    0xef, 0xc0, 0x07, 0x30, 0x00, 0x00, 0x33, 0x00, 0x26, 0x54, 0x10,
    /* U+96FB "電" */
    0x05, 0xff, 0xff, 0xff, 0xff, 0xff, 0xff, 0xff, 0x40, 0x00, 0x13, 0x33, 0x33, 0x3d, 0xb3, 0x33,
    0x33, 0x31, 0x00, 0x11, 0x11, 0x11, 0x11, 0xcb, 0x11, 0x11, 0x11, 0x11, 0x07, 0xff, 0xff, 0xff,
    0xff, 0xff, 0xff, 0xff, 0xff, 0x70, 0x7d, 0x00, 0x00, 0x00, 0xca, 0x00, 0x00, 0x00, 0xe7, 0x07,
    0xd1, 0xee, 0xee, 0x2c, 0xa4, 0xee, 0xee, 0x0e, 0x70, 0x5a, 0x00, 0x00, 0x00, 0xca, 0x00, 0x00,
    0x00, 0xa5, 0x00, 0x00, 0x00, 0x00, 0x0c, 0xa0, 0x00, 0x00, 0x00, 0x00, 0x00, 0x7f, 0xff, 0xf2,
    0x65, 0x4f, 0xff, 0xf8, 0x00, 0x00, 0x01, 0x11, 0x11, 0x11, 0x11, 0x11, 0x11, 0x10, 0x00, 0x00,
    0xbf, 0xff, 0xff, 0xff, 0xff, 0xff, 0xfc, 0x00, 0x00, 0x0b, 0xa0, 0x00, 0x0d, 0x90, 0x00, 0x0a,
    0xc0, 0x00, 0x00, 0xbf, 0xff, 0xff, 0xff, 0xff, 0xff, 0xfc, 0x00, 0x00, 0x0b, 0xa0, 0x00, 0x0d,
    0x90, 0x00, 0x0a, 0xc0, 0x00, 0x00, 0xbb, 0x11, 0x11, 0xd9, 0x11, 0x11, 0xac, 0x00, 0x00, 0x0b,
    0xff, 0xff, 0xff, 0xff, 0xff, 0xff, 0xc1, 0xa1, 0x00, 0x88, 0x00, 0x00, 0xda, 0x00, 0x00, 0x00,
    0x6f, 0x10, 0x00, 0x00, 0x00, 0x08, 0xff, 0xff, 0xff, 0xff, 0x90, 0x00, 0x00, 0x00, 0x00, 0x01,
    0x33, 0x33, 0x33, 0x20, 0x00,
    /* U+9752 "青" */
    0x00, 0x00, 0x00, 0x00, 0x87, 0x00, 0x00, 0x00, 0x00, 0x01, 0x33, 0x33, 0x33, 0xdc, 0x33, 0x33,
    0x33, 0x20, 0x08, 0xff, 0xff, 0xff, 0xff, 0xff, 0xff, 0xff, 0xb0, 0x00, 0x00, 0x00, 0x00, 0xcb,
    0x00, 0x00, 0x00, 0x00, 0x00, 0x22, 0x22, 0x22, 0xdb, 0x22, 0x22, 0x22, 0x00, 0x00, 0xdf, 0xff,
    0xff, 0xff, 0xff, 0xff, 0xfd, 0x00, 0x00, 0x00, 0x00, 0x00, 0xcb, 0x00, 0x00, 0x00, 0x00, 0xcf,
    0xff, 0xff, 0xff, 0xff, 0xff, 0xff, 0xff, 0xfc, 0x33, 0x33, 0x33, 0x33, 0x33, 0x33, 0x33, 0x33,
    0x32, 0x00, 0x02, 0x22, 0x22, 0x22, 0x22, 0x22, 0x20, 0x00, 0x00, 0x0f, 0xff, 0xff, 0xff, 0xff,
    0xff, 0xf2, 0x00, 0x00, 0x0f, 0x70, 0x00, 0x00, 0x00, 0x05, 0xf2, 0x00, 0x00, 0x0f, 0xff, 0xff,
    0xff, 0xff, 0xff, 0xf2, 0x00, 0x00, 0x0f, 0x81, 0x11, 0x11, 0x11, 0x16, 0xf2, 0x00, 0x00, 0x0f,
    0x70, 0x00, 0x00, 0x00, 0x05, 0xf2, 0x00, 0x00, 0x0f, 0xff, 0xff, 0xff, 0xff, 0xff, 0xf2, 0x00,
    0x00, 0x0f, 0x81, 0x11, 0x11, 0x11, 0x16, 0xf2, 0x00, 0x00, 0x0f, 0x70, 0x00, 0x00, 0x00, 0x06,
    0xf2, 0x00, 0x00, 0x0f, 0x70, 0x00, 0x00, 0x5f, 0xef, 0xd0, 0x00, 0x00, 0x06, 0x30, 0x00, 0x00,
    0x04, 0x32, 0x00, 0x00,
    /* U+9759 "静" */
    0x00, 0x00, 0x5a, 0x00, 0x00, 0x00, 0x95, 0x00, 0x00, 0x00, 0x00, 0x00, 0x6f, 0x00, 0x00, 0x04,
    0xf4, 0x00, 0x00, 0x00, 0x0c, 0xff, 0xff, 0xff, 0xf7, 0x0b, 0xff, 0xff, 0xc0, 0x00, 0x02, 0x22,
    0x8f, 0x22, 0x21, 0x5f, 0x53, 0x4f, 0x80, 0x00, 0x01, 0x11, 0x7f, 0x11, 0x12, 0xea, 0x00, 0x8e,
    0x10, 0x00, 0x07, 0xff, 0xff, 0xff, 0xfb, 0xf2, 0x01, 0xe7, 0x00, 0x00, 0x00, 0x00, 0x6f, 0x00,
    0x02, 0xdf, 0xff, 0xff, 0xff, 0x20, 0x3f, 0xff, 0xff, 0xff, 0xfa, 0x34, 0x4f, 0x94, 0x7f, 0x20,
    0x02, 0x22, 0x22, 0x22, 0x21, 0x00, 0x0f, 0x60, 0x4f, 0x20, 0x00, 0x22, 0x22, 0x22, 0x12, 0x44,
    0x4f, 0x84, 0x7f, 0x51, 0x00, 0xff, 0xff, 0xff, 0xa9, 0xff, 0xff, 0xff, 0xff, 0xf5, 0x00, 0xf5,
    0x00, 0x0a, 0xa0, 0x00, 0x0f, 0x60, 0x4f, 0x20, 0x00, 0xff, 0xff, 0xff, 0xa0, 0x00, 0x0f, 0x60,
    0x4f, 0x20, 0x00, 0xf6, 0x11, 0x1b, 0xa0, 0xbf, 0xff, 0xff, 0xff, 0x20, 0x00, 0xf5, 0x11, 0x1a,
    0xa0, 0x34, 0x4f, 0x94, 0x7f, 0x20, 0x00, 0xff, 0xff, 0xff, 0xa0, 0x00, 0x0f, 0x60, 0x02, 0x00,
    0x00, 0xf5, 0x00, 0x0a, 0xa0, 0x00, 0x0f, 0x60, 0x00, 0x00, 0x00, 0xf5, 0x00, 0x0b, 0xa0, 0x00,
    0x1f, 0x60, 0x00, 0x00, 0x00, 0xf5, 0x09, 0xff, 0x70, 0x6f, 0xff, 0x30, 0x00, 0x00, 0x00, 0x41,
    0x02, 0x42, 0x00, 0x16, 0x52, 0x00, 0x00, 0x00,
    /* U+9762 "面" */
    0x67, 0x77, 0x77, 0x77, 0x77, 0x77, 0x77, 0x77, 0x76, 0xdf, 0xff, 0xff, 0xff, 0xff, 0xff, 0xff,
    0xff, 0xfd, 0x00, 0x00, 0x00, 0x03, 0xf8, 0x00, 0x00, 0x00, 0x00, 0x00, 0x00, 0x00, 0x06, 0xf4,
    0x00, 0x00, 0x00, 0x00, 0x00, 0x00, 0x00, 0x09, 0xe0, 0x00, 0x00, 0x00, 0x00, 0x0e, 0xff, 0xff,
    0xff, 0xff, 0xff, 0xff, 0xff, 0xe0, 0x0e, 0xb6, 0x6c, 0xd6, 0x66, 0x6f, 0xa6, 0x6c, 0xe0, 0x0e,
    0x80, 0x09, 0xc0, 0x00, 0x0f, 0x60, 0x09, 0xe0, 0x0e, 0x80, 0x09, 0xc3, 0x33, 0x3f, 0x60, 0x09,
    0xe0, 0x0e, 0x80, 0x09, 0xff, 0xff, 0xff, 0x60, 0x09, 0xe0, 0x0e, 0x80, 0x09, 0xc0, 0x00, 0x0f,
    0x60, 0x09, 0xe0, 0x0e, 0x80, 0x09, 0xc0, 0x00, 0x0f, 0x60, 0x09, 0xe0, 0x0e, 0x80, 0x09, 0xff,
    0xff, 0xff, 0x60, 0x09, 0xe0, 0x0e, 0x80, 0x09, 0xd3, 0x33, 0x3f, 0x60, 0x09, 0xe0, 0x0e, 0x80,
    0x09, 0xc0, 0x00, 0x0f, 0x60, 0x09, 0xe0, 0x0e, 0x80, 0x09, 0xc0, 0x00, 0x0f, 0x60, 0x09, 0xe0,
    0x0e, 0xff, 0xff, 0xff, 0xff, 0xff, 0xff, 0xff, 0xe0, 0x0e, 0xb6, 0x66, 0x66, 0x66, 0x66, 0x66,
    0x6c, 0xe0, 0x08, 0x50, 0x00, 0x00, 0x00, 0x00, 0x00, 0x06, 0x80,
    /* U+9774 "靴" */
    0x00, 0x85, 0x03, 0xa0, 0x00, 0x06, 0x30, 0x62, 0x00, 0x00, 0x00, 0xb7, 0x04, 0xf0, 0x00, 0x2f,
    0x51, 0xf5, 0x00, 0x00, 0x2f, 0xff, 0xff, 0xff, 0x80, 0x6f, 0x11, 0xf5, 0x00, 0x00, 0x14, 0xc9,
    0x47, 0xf4, 0x20, 0xbb, 0x01, 0xf5, 0x00, 0x00, 0x00, 0xb7, 0x04, 0xf0, 0x01, 0xf7, 0x01, 0xf5,
    0x08, 0x90, 0x00, 0xbf, 0xff, 0xf0, 0x09, 0xf6, 0x01, 0xf5, 0x2f, 0x80, 0x00, 0x23, 0xf5, 0x20,
    0x2f, 0xf6, 0x01, 0xf5, 0xbe, 0x10, 0x00, 0x01, 0xf3, 0x00, 0xaf, 0xf6, 0x01, 0xfa, 0xf5, 0x00,
    0x0a, 0xff, 0xff, 0xfb, 0xe7, 0xf6, 0x01, 0xff, 0x80, 0x00, 0x0a, 0x93, 0xf4, 0x8b, 0x40, 0xf6,
    0x03, 0xfb, 0x00, 0x00, 0x0a, 0x70, 0xf2, 0x7b, 0x00, 0xf6, 0x4e, 0xf5, 0x00, 0x00, 0x0a, 0x93,
    0xf4, 0x8b, 0x00, 0xfa, 0xfc, 0xf5, 0x00, 0x00, 0x0a, 0xff, 0xff, 0xfb, 0x00, 0xf7, 0x71, 0xf5,
    0x00, 0x00, 0x00, 0x01, 0xf3, 0x00, 0x00, 0xf6, 0x01, 0xf5, 0x00, 0x00, 0x14, 0x45, 0xf7, 0x44,
    0x20, 0xf6, 0x01, 0xf5, 0x00, 0x10, 0x3f, 0xff, 0xff, 0xff, 0x60, 0xf6, 0x01, 0xf5, 0x00, 0xd2,
    0x00, 0x01, 0xf3, 0x00, 0x00, 0xf6, 0x01, 0xf5, 0x00, 0xe3, 0x00, 0x01, 0xf3, 0x00, 0x00, 0xf6,
    0x01, 0xf7, 0x02, 0xf2, 0x00, 0x01, 0xf3, 0x00, 0x00, 0xf6, 0x00, 0xdf, 0xff, 0xc0, 0x00, 0x01,
    0xa2, 0x00, 0x00, 0xa5, 0x00, 0x26, 0x76, 0x10,
    /* U+978B "鞋" */
    0x00, 0x4a, 0x00, 0x0b, 0x30, 0x00, 0x02, 0xa2, 0x00, 0x00, 0x00, 0x6e, 0x00, 0x1f, 0x50, 0x00,
    0x03, 0xf3, 0x00, 0x00, 0x2f, 0xff, 0xff, 0xff, 0xff, 0x00, 0x03, 0xf3, 0x00, 0x00, 0x04, 0x8f,
    0x44, 0x4f, 0x74, 0x8f, 0xff, 0xff, 0xff, 0x90, 0x00, 0x6e, 0x00, 0x1f, 0x50, 0x36, 0x68, 0xf8,
    0x66, 0x30, 0x00, 0x6f, 0xff, 0xff, 0x50, 0x00, 0x03, 0xf3, 0x00, 0x00, 0x00, 0x13, 0x6f, 0x53,
    0x10, 0x00, 0x03, 0xf3, 0x00, 0x00, 0x00, 0x00, 0x4f, 0x20, 0x01, 0x66, 0x68, 0xf8, 0x66, 0x60,
    0x07, 0xff, 0xff, 0xff, 0xf4, 0xff, 0xff, 0xff, 0xff, 0xf0, 0x07, 0xd3, 0x5f, 0x34, 0xf3, 0x00,
    0x01, 0x41, 0x00, 0x00, 0x07, 0xd0, 0x3f, 0x02, 0xf3, 0x00, 0x03, 0xf3, 0x00, 0x00, 0x07, 0xd3,
    0x5f, 0x34, 0xf3, 0x00, 0x03, 0xf3, 0x00, 0x00, 0x07, 0xff, 0xff, 0xff, 0xf3, 0x46, 0x68, 0xf8,
    0x66, 0x40, 0x00, 0x00, 0x4f, 0x20, 0x00, 0xcf, 0xff, 0xff, 0xff, 0xb0, 0x14, 0x44, 0x7f, 0x64,
    0x44, 0x00, 0x03, 0xf3, 0x00, 0x00, 0x3f, 0xff, 0xff, 0xff, 0xfc, 0x00, 0x03, 0xf3, 0x00, 0x00,
    0x00, 0x00, 0x4f, 0x20, 0x00, 0x00, 0x03, 0xf3, 0x00, 0x00, 0x00, 0x00, 0x4f, 0x20, 0x04, 0x66,
    0x68, 0xf8, 0x66, 0x61, 0x00, 0x00, 0x4f, 0x20, 0x0a, 0xff, 0xff, 0xff, 0xff, 0xf3, 0x00, 0x00,
    0x3b, 0x10, 0x00, 0x00, 0x00, 0x00, 0x00, 0x00,
    /* U+97F3 "音" */
    0x00, 0x00, 0x00, 0x02, 0xb5, 0x00, 0x00, 0x00, 0x00, 0x00, 0x00, 0x00, 0x00, 0xcd, 0x00, 0x00,
    0x00, 0x00, 0x0b, 0xff, 0xff, 0xff, 0xff, 0xff, 0xff, 0xff, 0xe0, 0x04, 0x66, 0xa9, 0x66, 0x66,
    0x66, 0x9b, 0x66, 0x50, 0x00, 0x00, 0xbd, 0x00, 0x00, 0x00, 0xbe, 0x10, 0x00, 0x00, 0x00, 0x5f,
    0x40, 0x00, 0x02, 0xf8, 0x00, 0x00, 0x00, 0x00, 0x1f, 0x80, 0x00, 0x08, 0xf2, 0x00, 0x00, 0xef,
    0xff, 0xff, 0xff, 0xff, 0xff, 0xff, 0xff, 0xfe, 0x56, 0x66, 0x66, 0x66, 0x66, 0x66, 0x66, 0x66,
    0x65, 0x00, 0x00, 0x00, 0x00, 0x00, 0x00, 0x00, 0x00, 0x00, 0x00, 0x14, 0x44, 0x44, 0x44, 0x44,
    0x44, 0x41, 0x00, 0x00, 0x2f, 0xff, 0xff, 0xff, 0xff, 0xff, 0xf5, 0x00, 0x00, 0x2f, 0x50, 0x00,
    0x00, 0x00, 0x03, 0xf5, 0x00, 0x00, 0x2f, 0x50, 0x00, 0x00, 0x00, 0x03, 0xf5, 0x00, 0x00, 0x2f,
    0xff, 0xff, 0xff, 0xff, 0xff, 0xf5, 0x00, 0x00, 0x2f, 0x73, 0x33, 0x33, 0x33, 0x35, 0xf5, 0x00,
    0x00, 0x2f, 0x50, 0x00, 0x00, 0x00, 0x03, 0xf5, 0x00, 0x00, 0x2f, 0x84, 0x44, 0x44, 0x44, 0x46,
    0xf5, 0x00, 0x00, 0x2f, 0xff, 0xff, 0xff, 0xff, 0xff, 0xf5, 0x00, 0x00, 0x2b, 0x40, 0x00, 0x00,
    0x00, 0x02, 0xb4, 0x00,
    /* U+982D "頭" */
    0x06, 0x66, 0x66, 0x66, 0x52, 0x44, 0x44, 0x44, 0x44, 0x41, 0x0e, 0xff, 0xff, 0xff, 0xe8, 0xff,
    0xff, 0xff, 0xff, 0xf2, 0x00, 0x00, 0x00, 0x00, 0x00, 0x00, 0x0d, 0xc0, 0x00, 0x00, 0x00, 0x00,
    0x00, 0x00, 0x00, 0x22, 0x3f, 0x92, 0x22, 0x10, 0x06, 0xff, 0xff, 0xff, 0x70, 0xef, 0xff, 0xff,
    0xff, 0x70, 0x06, 0xe4, 0x44, 0x4e, 0x70, 0xe7, 0x00, 0x00, 0x0e, 0x70, 0x06, 0xe0, 0x00, 0x0e,
    0x70, 0xe7, 0x00, 0x00, 0x0e, 0x70, 0x06, 0xe0, 0x00, 0x0e, 0x70, 0xef, 0xff, 0xff, 0xff, 0x70,
    0x06, 0xff, 0xff, 0xff, 0x70, 0xe8, 0x22, 0x22, 0x2e, 0x70, 0x01, 0x44, 0x44, 0x44, 0x20, 0xe7,
    0x00, 0x00, 0x0e, 0x70, 0x00, 0xa5, 0x00, 0x99, 0x00, 0xef, 0xff, 0xff, 0xff, 0x70, 0x00, 0xa9,
    0x00, 0xca, 0x00, 0xe8, 0x22, 0x22, 0x2e, 0x70, 0x00, 0x7d, 0x00, 0xe6, 0x00, 0xe7, 0x00, 0x00,
    0x0e, 0x70, 0x00, 0x5f, 0x02, 0xf3, 0x00, 0xe8, 0x22, 0x22, 0x2e, 0x70, 0x00, 0x3c, 0x15, 0xe1,
    0x41, 0xef, 0xff, 0xff, 0xff, 0x70, 0x00, 0x14, 0x7a, 0xdf, 0xf2, 0x03, 0x40, 0x02, 0x30, 0x00,
    0x2d, 0xff, 0xeb, 0x74, 0x11, 0x8f, 0xb1, 0x09, 0xf9, 0x10, 0x08, 0x52, 0x00, 0x00, 0x8e, 0xe6,
    0x00, 0x00, 0x4e, 0xc2, 0x00, 0x00, 0x00, 0x00, 0x67, 0x10, 0x00, 0x00, 0x02, 0x81,
    /* U+9854 "顔" */
    0x00, 0x00, 0x38, 0x00, 0x00, 0x00, 0x00, 0x00, 0x00, 0x00, 0x00, 0x00, 0x4f, 0x30, 0x00, 0x44,
    0x44, 0x44, 0x44, 0x40, 0x03, 0x44, 0x4e, 0x92, 0x22, 0xff, 0xff, 0xff, 0xff, 0xf0, 0x0d, 0xff,
    0xff, 0xff, 0xfc, 0x00, 0x05, 0xf2, 0x00, 0x00, 0x00, 0x3d, 0x10, 0x0b, 0x60, 0x13, 0x39, 0xe3,
    0x33, 0x20, 0x00, 0x1f, 0x60, 0x3f, 0x40, 0x6f, 0xff, 0xff, 0xff, 0xa0, 0x00, 0x0b, 0x70, 0x8d,
    0x00, 0x6e, 0x00, 0x00, 0x0b, 0xa0, 0x07, 0xff, 0xff, 0xff, 0xfe, 0x6e, 0x00, 0x00, 0x0b, 0xa0,
    0x07, 0xe4, 0x44, 0x47, 0x44, 0x6f, 0xff, 0xff, 0xff, 0xa0, 0x07, 0xe0, 0x03, 0xbd, 0x30, 0x6e,
    0x22, 0x22, 0x2b, 0xa0, 0x07, 0xe4, 0xbe, 0x81, 0x00, 0x6e, 0x00, 0x00, 0x0b, 0xa0, 0x07, 0xd2,
    0x71, 0x05, 0x60, 0x6f, 0xff, 0xff, 0xff, 0xa0, 0x08, 0xd0, 0x00, 0x7f, 0x50, 0x6e, 0x22, 0x22,
    0x2b, 0xa0, 0x08, 0xc0, 0x2a, 0xf6, 0x00, 0x6e, 0x00, 0x00, 0x0b, 0xa0, 0x09, 0xb5, 0xed, 0x40,
    0x10, 0x6e, 0x33, 0x33, 0x3c, 0xa0, 0x0b, 0x91, 0x61, 0x03, 0xe7, 0x6f, 0xff, 0xff, 0xff, 0xa0,
    0x0e, 0x60, 0x00, 0x4e, 0xa0, 0x01, 0x72, 0x02, 0x60, 0x00, 0x5f, 0x20, 0x5b, 0xf8, 0x00, 0x3d,
    0xe4, 0x05, 0xeb, 0x10, 0x3a, 0x0c, 0xe8, 0x20, 0x2a, 0xfb, 0x20, 0x00, 0x2d, 0xd2, 0x00, 0x03,
    0x10, 0x00, 0x09, 0x40, 0x00, 0x00, 0x01, 0x81,
    /* U+9898 "题" */
    0x00, 0xdf, 0xff, 0xff, 0xf0, 0xff, 0xff, 0xff, 0xff, 0xf1, 0x00, 0xd9, 0x22, 0x27, 0xf0, 0x33,
    0x39, 0xf4, 0x33, 0x30, 0x00, 0xd8, 0x00, 0x06, 0xf0, 0x00, 0x0a, 0xc0, 0x00, 0x00, 0x00, 0xdf,
    0xff, 0xff, 0xf0, 0x02, 0x2e, 0x82, 0x22, 0x00, 0x00, 0xd8, 0x11, 0x17, 0xf0, 0x3f, 0xff, 0xff,
    0xff, 0x20, 0x00, 0xd8, 0x11, 0x17, 0xf0, 0x3f, 0x10, 0x00, 0x3f, 0x20, 0x00, 0xdf, 0xff, 0xff,
    0xf0, 0x3f, 0x12, 0xe2, 0x3f, 0x20, 0x00, 0x00, 0x00, 0x00, 0x00, 0x3f, 0x13, 0xf1, 0x3f, 0x20,
    0x0f, 0xff, 0xff, 0xff, 0xff, 0x3f, 0x14, 0xf0, 0x3f, 0x20, 0x03, 0x33, 0x3f, 0x73, 0x33, 0x3f,
    0x15, 0xe0, 0x3f, 0x20, 0x00, 0x44, 0x0f, 0x50, 0x00, 0x3f, 0x18, 0xb0, 0x3f, 0x20, 0x00, 0x9a,
    0x0f, 0x62, 0x22, 0x3f, 0x1c, 0x70, 0x3f, 0x20, 0x00, 0xa9, 0x0f, 0xff, 0xfa, 0x29, 0x4f, 0x59,
    0x38, 0x10, 0x00, 0xcb, 0x0f, 0x50, 0x00, 0x01, 0xdb, 0x1b, 0xd3, 0x00, 0x00, 0xef, 0x5f, 0x50,
    0x00, 0x4d, 0xd1, 0x00, 0x9e, 0x40, 0x03, 0xf5, 0xef, 0x50, 0x08, 0xf9, 0x10, 0x00, 0x09, 0xc0,
    0x08, 0xc0, 0x4e, 0xd8, 0x44, 0x31, 0x00, 0x00, 0x00, 0x10, 0x2f, 0x60, 0x01, 0x7c, 0xef, 0xff,
    0xff, 0xff, 0xff, 0xe1, 0x06, 0x00, 0x00, 0x00, 0x02, 0x23, 0x33, 0x33, 0x33, 0x30,
    /* U+989C "颜" */
    0x00, 0x00, 0x27, 0x00, 0x00, 0x00, 0x00, 0x00, 0x00, 0x00, 0x00, 0x00, 0x3f, 0x30, 0x00, 0x23,
    0x33, 0x33, 0x33, 0x30, 0x02, 0x44, 0x4e, 0xa4, 0x43, 0xbf, 0xff, 0xff, 0xff, 0xe0, 0x0a, 0xff,
    0xff, 0xff, 0xfe, 0x00, 0x02, 0xf2, 0x00, 0x00, 0x00, 0x2b, 0x20, 0x05, 0x90, 0x00, 0x08, 0xb0,
    0x00, 0x00, 0x00, 0x0c, 0x90, 0x0d, 0x80, 0x4f, 0xff, 0xff, 0xff, 0x40, 0x01, 0x49, 0xb4, 0x7f,
    0x53, 0x4e, 0x22, 0x22, 0x2f, 0x40, 0x03, 0xff, 0xff, 0xff, 0xfd, 0x4e, 0x01, 0xd2, 0x0f, 0x40,
    0x03, 0xf2, 0x00, 0x07, 0x90, 0x4e, 0x01, 0xf2, 0x0f, 0x40, 0x03, 0xf2, 0x04, 0xce, 0x40, 0x4e,
    0x01, 0xf1, 0x0f, 0x40, 0x03, 0xf7, 0xdf, 0x91, 0x00, 0x4e, 0x02, 0xf1, 0x0f, 0x40, 0x04, 0xf4,
    0x82, 0x03, 0xb3, 0x4e, 0x02, 0xf0, 0x0f, 0x40, 0x04, 0xf1, 0x00, 0x7e, 0x90, 0x4e, 0x04, 0xe0,
    0x0f, 0x40, 0x05, 0xf1, 0x6d, 0xf6, 0x00, 0x4e, 0x06, 0xc0, 0x0f, 0x40, 0x06, 0xfb, 0xf9, 0x21,
    0xb7, 0x4e, 0x09, 0x90, 0x0e, 0x40, 0x07, 0xd2, 0x20, 0x1b, 0xe3, 0x00, 0x1e, 0x55, 0x10, 0x00,
    0x0a, 0xa0, 0x06, 0xed, 0x30, 0x00, 0x9d, 0x1c, 0xc2, 0x00, 0x0e, 0x87, 0xef, 0x91, 0x00, 0x2a,
    0xe4, 0x01, 0xbe, 0x20, 0x3f, 0x4d, 0x92, 0x00, 0x2b, 0xfc, 0x30, 0x00, 0x0b, 0xe1, 0x06, 0x00,
    0x00, 0x00, 0x08, 0x40, 0x00, 0x00, 0x00, 0x50,
    /* U+98DF "食" */
    0x00, 0x00, 0x00, 0x00, 0x05, 0x71, 0x00, 0x00, 0x00, 0x00, 0x00, 0x00, 0x00, 0x00, 0x3e, 0xf2,
    0x00, 0x00, 0x00, 0x00, 0x00, 0x00, 0x00, 0x03, 0xdd, 0xce, 0x30, 0x00, 0x00, 0x00, 0x00, 0x00,
    0x00, 0x5e, 0xc1, 0x1b, 0xe6, 0x00, 0x00, 0x00, 0x00, 0x00, 0x19, 0xfb, 0x4e, 0x30, 0x9f, 0xc4,
    0x00, 0x00, 0x00, 0x17, 0xef, 0x70, 0x0b, 0xc0, 0x04, 0xdf, 0xb5, 0x10, 0x19, 0xef, 0xef, 0xff,
    0xff, 0xff, 0xff, 0xfd, 0xdf, 0xe3, 0x09, 0x92, 0xad, 0x44, 0x44, 0x44, 0x44, 0xda, 0x04, 0x70,
    0x00, 0x00, 0xac, 0x00, 0x00, 0x00, 0x00, 0xda, 0x00, 0x00, 0x00, 0x00, 0xaf, 0xff, 0xff, 0xff,
    0xff, 0xfa, 0x00, 0x00, 0x00, 0x00, 0xac, 0x33, 0x33, 0x33, 0x33, 0xda, 0x00, 0x00, 0x00, 0x00,
    0xac, 0x00, 0x00, 0x00, 0x00, 0xda, 0x00, 0x00, 0x00, 0x00, 0xaf, 0xff, 0xff, 0xff, 0xff, 0xfa,
    0x40, 0x00, 0x00, 0x00, 0xad, 0x44, 0x46, 0x54, 0x44, 0x5e, 0xe2, 0x00, 0x00, 0x00, 0xac, 0x00,
    0x1d, 0xe7, 0x05, 0xec, 0x20, 0x00, 0x00, 0x00, 0xac, 0x00, 0x01, 0x9f, 0xef, 0x90, 0x00, 0x00,
    0x00, 0x00, 0xac, 0x00, 0x13, 0x43, 0xbf, 0xa2, 0x00, 0x00, 0x00, 0x00, 0xde, 0x9c, 0xff, 0xa0,
    0x06, 0xee, 0x50, 0x00, 0x00, 0x03, 0xff, 0xea, 0x74, 0x00, 0x00, 0x2c, 0xf5, 0x00, 0x00, 0x00,
    0x62, 0x00, 0x00, 0x00, 0x00, 0x00, 0x60, 0x00,
    /* U+98EF "飯" */
    0x00, 0x00, 0x46, 0x00, 0x00, 0x00, 0x00, 0x00, 0x02, 0x00, 0x00, 0x01, 0xed, 0x10, 0x00, 0x12,
    0x45, 0x7a, 0xdf, 0x50, 0x00, 0x0a, 0xee, 0xc2, 0x00, 0xef, 0xfd, 0xb9, 0x63, 0x00, 0x00, 0x8f,
    0x42, 0xdd, 0x20, 0xe6, 0x00, 0x00, 0x00, 0x00, 0x1a, 0xf7, 0x32, 0x2d, 0xd1, 0xe6, 0x00, 0x00,
    0x00, 0x00, 0x5f, 0x70, 0xa9, 0x02, 0x90, 0xe6, 0x00, 0x00, 0x00, 0x00, 0x05, 0x22, 0x7e, 0x22,
    0x00, 0xef, 0xff, 0xff, 0xff, 0x50, 0x00, 0xef, 0xff, 0xff, 0x40, 0xed, 0xd5, 0x55, 0x6f, 0x30,
    0x00, 0xe6, 0x00, 0x0f, 0x40, 0xe9, 0xf1, 0x00, 0x5e, 0x00, 0x00, 0xef, 0xff, 0xff, 0x40, 0xf6,
    0xe4, 0x00, 0x9b, 0x00, 0x00, 0xe7, 0x22, 0x2f, 0x40, 0xf5, 0xb8, 0x00, 0xd8, 0x00, 0x00, 0xe6,
    0x00, 0x0f, 0x40, 0xf4, 0x6e, 0x03, 0xf4, 0x00, 0x00, 0xef, 0xff, 0xff, 0x42, 0xf3, 0x1e, 0x59,
    0xc0, 0x00, 0x00, 0xe7, 0x33, 0x53, 0x13, 0xf1, 0x09, 0xcf, 0x60, 0x00, 0x00, 0xe6, 0x02, 0xf2,
    0x06, 0xe0, 0x02, 0xfe, 0x00, 0x00, 0x00, 0xe6, 0x01, 0xd9, 0x09, 0xb0, 0x04, 0xfe, 0x20, 0x00,
    0x01, 0xf8, 0x9f, 0xde, 0x1c, 0x80, 0x2e, 0xbd, 0xd1, 0x00, 0x07, 0xff, 0xc5, 0x0e, 0x9f, 0x44,
    0xed, 0x12, 0xed, 0x30, 0x08, 0xc5, 0x00, 0x02, 0xad, 0x2f, 0xc2, 0x00, 0x3d, 0xe1, 0x01, 0x00,
    0x00, 0x00, 0x24, 0x04, 0x10, 0x00, 0x01, 0x40,
    /* U+98F2 "飲" */
    0x00, 0x00, 0x1a, 0x30, 0x00, 0x02, 0x92, 0x00, 0x00, 0x00, 0x00, 0x00, 0xaf, 0x80, 0x00, 0x05,
    0xf2, 0x00, 0x00, 0x00, 0x00, 0x09, 0xe8, 0xeb, 0x20, 0x08, 0xe0, 0x00, 0x00, 0x00, 0x02, 0xcf,
    0x40, 0x3d, 0xd3, 0x0b, 0xc0, 0x00, 0x00, 0x00, 0x4e, 0xf5, 0x5c, 0x01, 0xca, 0x0e, 0xff, 0xff,
    0xff, 0xd0, 0x2f, 0x50, 0x3f, 0x30, 0x11, 0x2f, 0x86, 0x66, 0x6c, 0xc0, 0x04, 0x12, 0x2e, 0x82,
    0x20, 0x7f, 0x10, 0x00, 0x0d, 0x90, 0x00, 0xcf, 0xff, 0xff, 0xe1, 0xdb, 0x05, 0x50, 0x0f, 0x50,
    0x00, 0xc9, 0x00, 0x07, 0xe6, 0xf3, 0x0b, 0xb0, 0x4f, 0x10, 0x00, 0xcf, 0xff, 0xff, 0xe0, 0x30,
    0x0c, 0xb0, 0x49, 0x00, 0x00, 0xca, 0x22, 0x28, 0xe0, 0x00, 0x0e, 0xe0, 0x00, 0x00, 0x00, 0xc9,
    0x00, 0x07, 0xe0, 0x00, 0x2f, 0xf3, 0x00, 0x00, 0x00, 0xcf, 0xff, 0xff, 0xe0, 0x00, 0x5f, 0xf7,
    0x00, 0x00, 0x00, 0xca, 0x33, 0x34, 0x20, 0x00, 0xbd, 0x9d, 0x00, 0x00, 0x00, 0xc9, 0x00, 0xab,
    0x00, 0x04, 0xf8, 0x4f, 0x40, 0x00, 0x00, 0xc9, 0x00, 0x7f, 0x30, 0x0c, 0xe1, 0x0c, 0xd0, 0x00,
    0x00, 0xda, 0x7d, 0xfd, 0xa0, 0x9f, 0x60, 0x05, 0xf8, 0x00, 0x06, 0xff, 0xe8, 0x15, 0xfa, 0xfa,
    0x00, 0x00, 0xaf, 0x80, 0x07, 0xe6, 0x10, 0x00, 0xaf, 0xa0, 0x00, 0x00, 0x1c, 0xf3, 0x01, 0x10,
    0x00, 0x00, 0x05, 0x00, 0x00, 0x00, 0x01, 0x50,
    /* U+996D "饭" */
    0x00, 0x08, 0x20, 0x00, 0x00, 0x00, 0x00, 0x00, 0x02, 0x00, 0x00, 0x3f, 0x40, 0x00, 0x01, 0x24,
    0x57, 0x9b, 0xee, 0x10, 0x00, 0x7f, 0x10, 0x00, 0x3f, 0xff, 0xed, 0xb8, 0x51, 0x00, 0x00, 0xae,
    0x55, 0x54, 0x3f, 0x61, 0x00, 0x00, 0x00, 0x00, 0x00, 0xdf, 0xff, 0xfd, 0x3f, 0x40, 0x00, 0x00,
    0x00, 0x00, 0x02, 0xf4, 0x00, 0xd8, 0x3f, 0x40, 0x00, 0x00, 0x00, 0x00, 0x08, 0xe0, 0x02, 0xf3,
    0x3f, 0x85, 0x55, 0x55, 0x55, 0x00, 0x1e, 0x93, 0x37, 0xd0, 0x3f, 0xff, 0xff, 0xff, 0xff, 0x10,
    0x5f, 0x2a, 0xb0, 0x20, 0x3f, 0x4f, 0x40, 0x00, 0x9c, 0x00, 0x04, 0x0a, 0xb0, 0x00, 0x4f, 0x3b,
    0x80, 0x00, 0xe8, 0x00, 0x00, 0x0a, 0xb0, 0x00, 0x4f, 0x27, 0xd0, 0x03, 0xf4, 0x00, 0x00, 0x0a,
    0xb0, 0x00, 0x6f, 0x12, 0xf4, 0x09, 0xe0, 0x00, 0x00, 0x0a, 0xb0, 0x00, 0x8e, 0x00, 0xbb, 0x2f,
    0x70, 0x00, 0x00, 0x0a, 0xb0, 0x00, 0xac, 0x00, 0x4f, 0xcd, 0x00, 0x00, 0x00, 0x0a, 0xb0, 0x40,
    0xe9, 0x00, 0x0c, 0xf6, 0x00, 0x00, 0x00, 0x0a, 0xb8, 0xf5, 0xf5, 0x00, 0x4e, 0xf9, 0x00, 0x00,
    0x00, 0x0c, 0xfe, 0x57, 0xf1, 0x04, 0xed, 0x9f, 0x80, 0x00, 0x00, 0x3f, 0xe3, 0x1e, 0xa1, 0x8f,
    0xc1, 0x09, 0xfa, 0x10, 0x00, 0x9d, 0x20, 0x7f, 0x3c, 0xf9, 0x10, 0x00, 0x8f, 0xe1, 0x00, 0x12,
    0x00, 0x16, 0x04, 0x30, 0x00, 0x00, 0x04, 0x60,
    /* U+996E "饮" */
    0x00, 0x07, 0x30, 0x00, 0x00, 0x08, 0x40, 0x00, 0x00, 0x00, 0x00, 0x2f, 0x50, 0x00, 0x00, 0x2f,
    0x60, 0x00, 0x00, 0x00, 0x00, 0x6f, 0x20, 0x00, 0x00, 0x5f, 0x40, 0x00, 0x00, 0x00, 0x00, 0x9f,
    0x66, 0x66, 0x30, 0x9f, 0x66, 0x66, 0x66, 0x40, 0x00, 0xdf, 0xff, 0xff, 0xa0, 0xcf, 0xff, 0xff,
    0xff, 0xc0, 0x02, 0xf5, 0x00, 0x2f, 0x52, 0xf6, 0x00, 0x00, 0x0d, 0x90, 0x08, 0xe0, 0x00, 0x7e,
    0x09, 0xf1, 0x16, 0x20, 0x2f, 0x50, 0x1e, 0x93, 0x70, 0xc8, 0x2f, 0x90, 0x3f, 0x40, 0x6f, 0x10,
    0x5f, 0x25, 0xf1, 0x01, 0x3c, 0x20, 0x3f, 0x40, 0x26, 0x00, 0x03, 0x05, 0xf1, 0x00, 0x00, 0x00,
    0x4f, 0x40, 0x00, 0x00, 0x00, 0x05, 0xf1, 0x00, 0x00, 0x00, 0x6f, 0x70, 0x00, 0x00, 0x00, 0x05,
    0xf1, 0x00, 0x00, 0x00, 0x9f, 0xb0, 0x00, 0x00, 0x00, 0x05, 0xf1, 0x00, 0x00, 0x00, 0xdf, 0xe1,
    0x00, 0x00, 0x00, 0x05, 0xf1, 0x00, 0x00, 0x02, 0xf7, 0xf6, 0x00, 0x00, 0x00, 0x05, 0xf1, 0x03,
    0x00, 0x0a, 0xe1, 0xad, 0x00, 0x00, 0x00, 0x05, 0xf2, 0xaf, 0x10, 0x4f, 0x80, 0x3f, 0x60, 0x00,
    0x00, 0x07, 0xfe, 0xd4, 0x02, 0xed, 0x10, 0x0a, 0xf3, 0x00, 0x00, 0x1d, 0xfa, 0x10, 0x3d, 0xe2,
    0x00, 0x01, 0xde, 0x50, 0x00, 0x3e, 0x60, 0x04, 0xed, 0x30, 0x00, 0x00, 0x2d, 0xf5, 0x00, 0x02,
    0x00, 0x01, 0x91, 0x00, 0x00, 0x00, 0x01, 0x70,
    /* U+99C5 "駅" */
    0x04, 0xff, 0xff, 0xff, 0xf2, 0x4f, 0xff, 0xff, 0xff, 0x80, 0x04, 0xf4, 0x4f, 0x74, 0x41, 0x4f,
    0x76, 0x66, 0x6e, 0x80, 0x04, 0xf0, 0x0f, 0x30, 0x00, 0x4f, 0x20, 0x00, 0x0d, 0x80, 0x04, 0xf3,
    0x3f, 0x63, 0x20, 0x4f, 0x20, 0x00, 0x0d, 0x80, 0x04, 0xff, 0xff, 0xff, 0xb0, 0x4f, 0x20, 0x00,
    0x0d, 0x80, 0x04, 0xf0, 0x0f, 0x30, 0x00, 0x4f, 0x20, 0x00, 0x0d, 0x80, 0x04, 0xf3, 0x3f, 0x53,
    0x20, 0x4f, 0x20, 0x00, 0x0d, 0x80, 0x04, 0xff, 0xff, 0xff, 0xb0, 0x4f, 0x76, 0x66, 0x6e, 0x80,
    0x04, 0xf0, 0x0f, 0x30, 0x00, 0x4f, 0xff, 0xff, 0xff, 0x80, 0x04, 0xf4, 0x4f, 0x63, 0x31, 0x5f,
    0x10, 0xe6, 0x00, 0x00, 0x04, 0xff, 0xff, 0xff, 0xf4, 0x5f, 0x10, 0xc9, 0x00, 0x00, 0x00, 0x00,
    0x00, 0x10, 0xf4, 0x6f, 0x00, 0x9c, 0x00, 0x00, 0x04, 0x55, 0x44, 0xc2, 0xf3, 0x8d, 0x00, 0x5f,
    0x20, 0x00, 0x08, 0x6c, 0x3a, 0x78, 0xf2, 0xab, 0x00, 0x1e, 0x70, 0x00, 0x09, 0x5b, 0x1c, 0x2d,
    0xf1, 0xe8, 0x00, 0x0a, 0xd1, 0x00, 0x0d, 0x3b, 0x29, 0x05, 0xf3, 0xf4, 0x00, 0x03, 0xf8, 0x00,
    0x3e, 0x05, 0x10, 0x07, 0xd9, 0xe0, 0x00, 0x00, 0x9f, 0x50, 0x14, 0x00, 0x03, 0x2c, 0xcf, 0x70,
    0x00, 0x00, 0x1c, 0xf2, 0x00, 0x00, 0x0b, 0xfe, 0x47, 0x10, 0x00, 0x00, 0x01, 0x70, 0x00, 0x00,
    0x00, 0x00, 0x00, 0x00, 0x00, 0x00, 0x00, 0x00,
    /* U+9A7E "驾" */
    0x00, 0x00, 0x28, 0x10, 0x00, 0x00, 0x00, 0x00, 0x00, 0x00, 0x00, 0x06, 0xf0, 0x00, 0x00, 0x12,
    0x22, 0x22, 0x20, 0x0a, 0xff, 0xff, 0xff, 0xfe, 0x0c, 0xff, 0xff, 0xfe, 0x00, 0x23, 0x4e, 0xa3,
    0x3a, 0xd0, 0xc9, 0x00, 0x07, 0xe0, 0x00, 0x07, 0xf3, 0x00, 0xab, 0x0c, 0x90, 0x00, 0x7e, 0x00,
    0x02, 0xeb, 0x00, 0x1d, 0x90, 0xca, 0x22, 0x28, 0xe0, 0x07, 0xed, 0x11, 0xff, 0xe4, 0x0c, 0xff,
    0xff, 0xfe, 0x00, 0xcb, 0x20, 0x02, 0x20, 0x00, 0x00, 0x00, 0x00, 0x00, 0x02, 0x02, 0x55, 0x55,
    0x55, 0x55, 0x55, 0x64, 0x00, 0x00, 0x00, 0x6f, 0xff, 0xff, 0xff, 0xff, 0xff, 0xa0, 0x00, 0x00,
    0x00, 0x08, 0x50, 0x00, 0x00, 0x01, 0xf7, 0x00, 0x00, 0x00, 0x01, 0xf7, 0x00, 0x00, 0x00, 0x3f,
    0x40, 0x00, 0x00, 0x00, 0x5f, 0x62, 0x22, 0x22, 0x28, 0xf4, 0x22, 0x10, 0x00, 0x09, 0xff, 0xff,
    0xff, 0xff, 0xff, 0xff, 0xf5, 0x00, 0x00, 0x00, 0x00, 0x00, 0x00, 0x00, 0x00, 0x4f, 0x30, 0x24,
    0x44, 0x44, 0x44, 0x44, 0x44, 0x42, 0x06, 0xf1, 0x07, 0xff, 0xff, 0xff, 0xff, 0xff, 0xff, 0x90,
    0x9e, 0x00, 0x00, 0x00, 0x00, 0x00, 0x00, 0x00, 0x10, 0x1d, 0xa0, 0x00, 0x00, 0x00, 0x00, 0x00,
    0x00, 0x0a, 0xff, 0xe3, 0x00, 0x00, 0x00, 0x00, 0x00, 0x00, 0x00, 0x13, 0x31, 0x00,
    /* U+9A8C "验" */
    0x00, 0x00, 0x00, 0x00, 0x00, 0x00, 0x0b, 0x50, 0x00, 0x00, 0x0b, 0xff, 0xff, 0xf6, 0x00, 0x00,
    0x7f, 0x60, 0x00, 0x00, 0x03, 0x55, 0x55, 0xf5, 0x00, 0x02, 0xed, 0xe2, 0x00, 0x00, 0x00, 0x00,
    0x01, 0xf4, 0x00, 0x0c, 0xc1, 0xcd, 0x10, 0x00, 0x00, 0x93, 0x02, 0xf2, 0x00, 0x9e, 0x20, 0x2e,
    0xc1, 0x00, 0x00, 0xe4, 0x03, 0xf1, 0x09, 0xf5, 0x00, 0x04, 0xfc, 0x10, 0x00, 0xf3, 0x04, 0xf1,
    0xbf, 0x60, 0x00, 0x00, 0x4e, 0xd2, 0x02, 0xf2, 0x05, 0xe4, 0xf5, 0x5f, 0xff, 0xff, 0x93, 0xe2,
    0x03, 0xf1, 0x07, 0xc0, 0x20, 0x25, 0x55, 0x55, 0x30, 0x10, 0x04, 0xf0, 0x08, 0xb0, 0x00, 0x00,
    0x05, 0x00, 0x01, 0x00, 0x06, 0xff, 0xff, 0xff, 0x47, 0xa0, 0x0e, 0x30, 0x0d, 0x80, 0x02, 0x33,
    0x33, 0x5f, 0x34, 0xf1, 0x0c, 0x70, 0x3f, 0x30, 0x00, 0x00, 0x00, 0x3f, 0x20, 0xe5, 0x09, 0xa0,
    0x8c, 0x00, 0x00, 0x01, 0x59, 0x4f, 0x00, 0xb8, 0x07, 0xc0, 0xe6, 0x00, 0x28, 0xcf, 0xea, 0x6e,
    0x00, 0x8b, 0x04, 0x75, 0xe1, 0x00, 0x3d, 0x84, 0x00, 0x8d, 0x00, 0x10, 0x00, 0x0c, 0x80, 0x00,
    0x00, 0x00, 0x00, 0xaa, 0x00, 0x00, 0x00, 0x3f, 0x20, 0x00, 0x00, 0x01, 0x02, 0xe7, 0x5f, 0xff,
    0xff, 0xff, 0xff, 0xd0, 0x00, 0x0e, 0xff, 0xd1, 0x25, 0x55, 0x55, 0x55, 0x55, 0x40, 0x00, 0x02,
    0x33, 0x00, 0x00, 0x00, 0x00, 0x00, 0x00, 0x00,
    /* U+9AD8 "高" */
    0x00, 0x00, 0x00, 0x01, 0x74, 0x00, 0x00, 0x00, 0x00, 0x00, 0x00, 0x00, 0x00, 0xea, 0x00, 0x00,
    0x00, 0x00, 0x45, 0x55, 0x55, 0x55, 0xce, 0x55, 0x55, 0x55, 0x53, 0xcf, 0xff, 0xff, 0xff, 0xff,
    0xff, 0xff, 0xff, 0xfb, 0x00, 0x00, 0x00, 0x00, 0x00, 0x00, 0x00, 0x00, 0x00, 0x00, 0x0c, 0xff,
    0xff, 0xff, 0xff, 0xff, 0xe0, 0x00, 0x00, 0x0c, 0xb2, 0x22, 0x22, 0x22, 0x2a, 0xe0, 0x00, 0x00,
    0x0c, 0xb0, 0x00, 0x00, 0x00, 0x09, 0xe0, 0x00, 0x00, 0x0c, 0xff, 0xff, 0xff, 0xff, 0xff, 0xe0,
    0x00, 0x00, 0x01, 0x22, 0x22, 0x22, 0x22, 0x22, 0x20, 0x00, 0x04, 0x44, 0x44, 0x44, 0x44, 0x44,
    0x44, 0x44, 0x40, 0x1f, 0xff, 0xff, 0xff, 0xff, 0xff, 0xff, 0xff, 0xf1, 0x1f, 0x50, 0x00, 0x00,
    0x00, 0x00, 0x00, 0x06, 0xf1, 0x1f, 0x50, 0x6f, 0xff, 0xff, 0xff, 0xf2, 0x06, 0xf1, 0x1f, 0x50,
    0x6f, 0x22, 0x22, 0x25, 0xf2, 0x06, 0xf1, 0x1f, 0x50, 0x6f, 0x00, 0x00, 0x04, 0xf2, 0x06, 0xf1,
    0x1f, 0x50, 0x6f, 0xff, 0xff, 0xff, 0xf2, 0x06, 0xf1, 0x1f, 0x50, 0x6f, 0x22, 0x22, 0x22, 0x20,
    0x07, 0xf1, 0x1f, 0x50, 0x24, 0x00, 0x00, 0x00, 0x08, 0xff, 0xc0, 0x05, 0x20, 0x00, 0x00, 0x00,
    0x00, 0x01, 0x21, 0x00,
    /* U+9B5A "魚" */
    0x00, 0x00, 0x00, 0x68, 0x10, 0x00, 0x00, 0x00, 0x00, 0x00, 0x00, 0x00, 0x02, 0xfd, 0x44, 0x44,
    0x30, 0x00, 0x00, 0x00, 0x00, 0x00, 0x1c, 0xff, 0xff, 0xff, 0xf3, 0x00, 0x00, 0x00, 0x00, 0x00,
    0xaf, 0x50, 0x00, 0x2e, 0xa0, 0x00, 0x00, 0x00, 0x00, 0x0a, 0xf6, 0x00, 0x00, 0xce, 0x10, 0x00,
    0x00, 0x00, 0x01, 0xbf, 0xff, 0xff, 0xff, 0xff, 0xff, 0xff, 0xe0, 0x00, 0x0c, 0xfe, 0xc4, 0x44,
    0x4c, 0xc4, 0x44, 0x4a, 0xe0, 0x00, 0x04, 0x5a, 0xb0, 0x00, 0x0b, 0xa0, 0x00, 0x08, 0xe0, 0x00,
    0x00, 0x0a, 0xb0, 0x00, 0x0b, 0xa0, 0x00, 0x08, 0xe0, 0x00, 0x00, 0x0a, 0xff, 0xff, 0xff, 0xff,
    0xff, 0xff, 0xe0, 0x00, 0x00, 0x0a, 0xc3, 0x33, 0x3c, 0xb3, 0x33, 0x3a, 0xe0, 0x00, 0x00, 0x0a,
    0xb0, 0x00, 0x0b, 0xa0, 0x00, 0x08, 0xe0, 0x00, 0x00, 0x0a, 0xd4, 0x44, 0x4d, 0xc4, 0x44, 0x4a,
    0xe0, 0x00, 0x00, 0x0a, 0xff, 0xff, 0xff, 0xff, 0xff, 0xff, 0xe0, 0x00, 0x00, 0x01, 0x00, 0x00,
    0x00, 0x00, 0x00, 0x01, 0x20, 0x00, 0x00, 0x0b, 0xc0, 0x0a, 0x50, 0x0a, 0x60, 0x0d, 0xc1, 0x00,
    0x00, 0x4f, 0x60, 0x0e, 0x80, 0x0a, 0xd0, 0x04, 0xfa, 0x00, 0x01, 0xdd, 0x00, 0x0c, 0xb0, 0x04,
    0xf4, 0x00, 0x7f, 0x60, 0x1c, 0xe3, 0x00, 0x0b, 0xc0, 0x00, 0xe9, 0x00, 0x0c, 0xe1, 0x05, 0x50,
    0x00, 0x04, 0x40, 0x00, 0x41, 0x00, 0x03, 0x60,
    /* U+9C7C "鱼" */
    0x00, 0x00, 0x05, 0x93, 0x00, 0x00, 0x00, 0x00, 0x00, 0x00, 0x00, 0x1d, 0xd1, 0x00, 0x00, 0x00,
    0x00, 0x00, 0x00, 0x00, 0xaf, 0xff, 0xff, 0xff, 0xb0, 0x00, 0x00, 0x00, 0x08, 0xf8, 0x55, 0x55,
    0x8f, 0x80, 0x00, 0x00, 0x00, 0x7f, 0x90, 0x00, 0x01, 0xdd, 0x10, 0x00, 0x00, 0x09, 0xfd, 0x54,
    0x44, 0x4a, 0xf7, 0x44, 0x44, 0x00, 0xaf, 0xff, 0xff, 0xff, 0xff, 0xff, 0xff, 0xff, 0x00, 0x37,
    0xab, 0x00, 0x00, 0xbb, 0x00, 0x00, 0x8f, 0x00, 0x00, 0xab, 0x00, 0x00, 0xbb, 0x00, 0x00, 0x8f,
    0x00, 0x00, 0xab, 0x00, 0x00, 0xbb, 0x00, 0x00, 0x8f, 0x00, 0x00, 0xaf, 0xff, 0xff, 0xff, 0xff,
    0xff, 0xff, 0x00, 0x00, 0xac, 0x33, 0x33, 0xcc, 0x33, 0x33, 0xaf, 0x00, 0x00, 0xab, 0x00, 0x00,
    0xbb, 0x00, 0x00, 0x8f, 0x00, 0x00, 0xab, 0x00, 0x00, 0xbb, 0x00, 0x00, 0x8f, 0x00, 0x00, 0xaf,
    0xff, 0xff, 0xff, 0xff, 0xff, 0xff, 0x00, 0x00, 0x35, 0x55, 0x55, 0x55, 0x55, 0x55, 0x55, 0x00,
    0x00, 0x00, 0x00, 0x00, 0x00, 0x00, 0x00, 0x00, 0x00, 0xcf, 0xff, 0xff, 0xff, 0xff, 0xff, 0xff,
    0xff, 0xfc, 0x56, 0x66, 0x66, 0x66, 0x66, 0x66, 0x66, 0x66, 0x65,
    /* U+9CE5 "鳥" */
    0x00, 0x00, 0x00, 0x00, 0x1a, 0x60, 0x00, 0x00, 0x00, 0x00, 0x00, 0x00, 0x00, 0x05, 0xf4, 0x00,
    0x00, 0x00, 0x00, 0x00, 0x07, 0xff, 0xff, 0xff, 0xff, 0xff, 0xff, 0x20, 0x00, 0x00, 0x7f, 0x22,
    0x22, 0x22, 0x22, 0x26, 0xf2, 0x00, 0x00, 0x07, 0xf1, 0x00, 0x00, 0x00, 0x00, 0x5f, 0x20, 0x00,
    0x00, 0x7f, 0xff, 0xff, 0xff, 0xff, 0xff, 0xf2, 0x00, 0x00, 0x07, 0xf1, 0x00, 0x00, 0x00, 0x00,
    0x5f, 0x20, 0x00, 0x00, 0x7f, 0x22, 0x22, 0x22, 0x22, 0x26, 0xf2, 0x00, 0x00, 0x07, 0xff, 0xff,
    0xff, 0xff, 0xff, 0xff, 0x20, 0x00, 0x00, 0x7f, 0x10, 0x00, 0x00, 0x00, 0x00, 0x00, 0x00, 0x00,
    0x07, 0xff, 0xff, 0xff, 0xff, 0xff, 0xff, 0xff, 0xf0, 0x00, 0x7f, 0x22, 0x22, 0x22, 0x22, 0x22,
    0x22, 0x22, 0x00, 0x07, 0xf2, 0x22, 0x22, 0x22, 0x22, 0x22, 0x22, 0x10, 0x00, 0x7f, 0xff, 0xff,
    0xff, 0xff, 0xff, 0xff, 0xf6, 0x00, 0x01, 0x00, 0x00, 0x00, 0x00, 0x22, 0x00, 0x2f, 0x40, 0x04,
    0xe1, 0x2a, 0x00, 0xb5, 0x09, 0xc0, 0x03, 0xf3, 0x00, 0x9d, 0x01, 0xf3, 0x09, 0xa0, 0x1e, 0x50,
    0x5f, 0x20, 0x1e, 0x80, 0x0e, 0x60, 0x5e, 0x00, 0x86, 0x07, 0xf0, 0x0a, 0xf2, 0x00, 0xd7, 0x02,
    0xb1, 0x02, 0x23, 0xcc, 0x00, 0x96, 0x00, 0x04, 0x20, 0x00, 0x00, 0x7f, 0xfe, 0x40, 0x00, 0x00,
    0x00, 0x00, 0x00, 0x00, 0x00, 0x01, 0x00, 0x00,
    /* U+9E1F "鸟" */
    0x00, 0x00, 0x00, 0x02, 0x93, 0x00, 0x00, 0x00, 0x00, 0x00, 0x00, 0x00, 0x08, 0xf3, 0x00, 0x00,
    0x00, 0x00, 0x00, 0x26, 0x66, 0x6d, 0xd6, 0x66, 0x66, 0x61, 0x00, 0x00, 0x5f, 0xff, 0xff, 0xff,
    0xff, 0xff, 0xf3, 0x00, 0x00, 0x5f, 0x20, 0x00, 0x00, 0x00, 0x05, 0xf1, 0x00, 0x00, 0x5f, 0x22,
    0xd8, 0x10, 0x00, 0x07, 0xf0, 0x00, 0x00, 0x5f, 0x20, 0x4c, 0xe8, 0x10, 0x0a, 0xc0, 0x00, 0x00,
    0x5f, 0x20, 0x00, 0x6d, 0x45, 0x5e, 0x90, 0x00, 0x00, 0x5f, 0x20, 0x00, 0x00, 0x0e, 0xfc, 0x20,
    0x00, 0x00, 0x5f, 0x20, 0x00, 0x00, 0x00, 0x00, 0x00, 0x00, 0x00, 0x5f, 0xff, 0xff, 0xff, 0xff,
    0xff, 0xff, 0xf6, 0x00, 0x26, 0x66, 0x66, 0x66, 0x66, 0x66, 0x67, 0xf5, 0x00, 0x00, 0x00, 0x00,
    0x00, 0x00, 0x00, 0x04, 0xf3, 0x00, 0x00, 0x00, 0x00, 0x00, 0x00, 0x00, 0x05, 0xf2, 0xff, 0xff,
    0xff, 0xff, 0xff, 0xff, 0xf8, 0x07, 0xf1, 0x55, 0x55, 0x55, 0x55, 0x55, 0x55, 0x53, 0x09, 0xe0,
    0x00, 0x00, 0x00, 0x00, 0x00, 0x00, 0x00, 0x0b, 0xb0, 0x00, 0x00, 0x00, 0x00, 0x00, 0x00, 0x10,
    0x3f, 0x80, 0x00, 0x00, 0x00, 0x00, 0x00, 0x04, 0xff, 0xfe, 0x20, 0x00, 0x00, 0x00, 0x00, 0x00,
    0x00, 0x45, 0x41, 0x00,
    /* U+9E21 "鸡" */
    0x00, 0x00, 0x00, 0x00, 0x00, 0x00, 0x7a, 0x00, 0x00, 0x00, 0x00, 0x00, 0x00, 0x00, 0x00, 0x1e,
    0x80, 0x00, 0x00, 0x05, 0x55, 0x55, 0x55, 0x0c, 0xff, 0xff, 0xed, 0xc5, 0x00, 0xff, 0xff, 0xff,
    0xf1, 0xcb, 0x33, 0x33, 0x3f, 0x60, 0x00, 0x00, 0x00, 0x8d, 0x0c, 0xa1, 0x71, 0x01, 0xf5, 0x00,
    0x14, 0x00, 0x0c, 0xa0, 0xca, 0x1b, 0xc1, 0x2f, 0x40, 0x06, 0xf3, 0x02, 0xf7, 0x0c, 0xa0, 0x0b,
    0x74, 0xf2, 0x00, 0x0c, 0xc0, 0x6f, 0x30, 0xca, 0x00, 0x10, 0x7f, 0x00, 0x00, 0x2f, 0x7a, 0xe0,
    0x0c, 0xa0, 0x08, 0xff, 0x90, 0x00, 0x00, 0x8f, 0xe9, 0x00, 0xca, 0x00, 0x13, 0x20, 0x00, 0x00,
    0x01, 0xef, 0x40, 0x0c, 0xb3, 0x33, 0x33, 0x33, 0x20, 0x00, 0x0b, 0xf3, 0x00, 0xcf, 0xff, 0xff,
    0xff, 0xf9, 0x00, 0x04, 0xff, 0xc0, 0x00, 0x00, 0x00, 0x00, 0x0d, 0x80, 0x00, 0xdd, 0x5f, 0x50,
    0x00, 0x00, 0x00, 0x00, 0xe8, 0x00, 0x8f, 0x40, 0xca, 0x7f, 0xff, 0xff, 0xff, 0x2e, 0x70, 0x7f,
    0x90, 0x03, 0x02, 0x55, 0x55, 0x55, 0x51, 0xf6, 0x3f, 0xb0, 0x00, 0x00, 0x00, 0x00, 0x00, 0x00,
    0x2f, 0x40, 0x71, 0x00, 0x00, 0x00, 0x00, 0x00, 0x01, 0x06, 0xf2, 0x00, 0x00, 0x00, 0x00, 0x00,
    0x00, 0x02, 0xff, 0xfb, 0x00, 0x00, 0x00, 0x00, 0x00, 0x00, 0x00, 0x02, 0x32, 0x00,
    /* U+9EC4 "黄" */
    0x00, 0x00, 0x0a, 0x60, 0x00, 0x06, 0xb0, 0x00, 0x00, 0x00, 0x00, 0x0e, 0x90, 0x00, 0x08, 0xf0,
    0x00, 0x00, 0x07, 0xff, 0xff, 0xff, 0xff, 0xff, 0xff, 0xff, 0xa0, 0x03, 0x66, 0x6e, 0xb6, 0x66,
    0x6b, 0xf6, 0x66, 0x40, 0x00, 0x00, 0x0e, 0x90, 0x00, 0x08, 0xf0, 0x00, 0x00, 0x56, 0x66, 0x6e,
    0xb6, 0x66, 0x6b, 0xf6, 0x66, 0x65, 0xef, 0xff, 0xff, 0xff, 0xff, 0xff, 0xff, 0xff, 0xfe, 0x00,
    0x00, 0x00, 0x00, 0xcb, 0x00, 0x00, 0x00, 0x00, 0x00, 0x11, 0x11, 0x11, 0xcc, 0x11, 0x11, 0x11,
    0x00, 0x00, 0xbf, 0xff, 0xff, 0xff, 0xff, 0xff, 0xfd, 0x00, 0x00, 0xbb, 0x00, 0x00, 0xcb, 0x00,
    0x00, 0x9d, 0x00, 0x00, 0xbb, 0x11, 0x11, 0xcc, 0x11, 0x11, 0xad, 0x00, 0x00, 0xbf, 0xff, 0xff,
    0xff, 0xff, 0xff, 0xfd, 0x00, 0x00, 0xbb, 0x00, 0x00, 0xcb, 0x00, 0x00, 0x9d, 0x00, 0x00, 0xbb,
    0x22, 0x22, 0xcc, 0x22, 0x22, 0xad, 0x00, 0x00, 0xbf, 0xff, 0xff, 0xff, 0xff, 0xff, 0xfd, 0x00,
    0x00, 0x00, 0x05, 0x50, 0x00, 0x06, 0x61, 0x00, 0x00, 0x00, 0x16, 0xdf, 0xb1, 0x00, 0x08, 0xee,
    0xa4, 0x00, 0x5c, 0xfe, 0x93, 0x00, 0x00, 0x00, 0x05, 0xbf, 0xd5, 0x2a, 0x50, 0x00, 0x00, 0x00,
    0x00, 0x00, 0x02, 0x82,
    /* U+9ED1 "黑" */
    0x00, 0xef, 0xff, 0xff, 0xff, 0xff, 0xff, 0xfc, 0x00, 0x00, 0xea, 0x45, 0x44, 0xdc, 0x44, 0x54,
    0xcc, 0x00, 0x00, 0xe8, 0x2e, 0x10, 0xcb, 0x02, 0xe2, 0xac, 0x00, 0x00, 0xe8, 0x0b, 0x70, 0xcb,
    0x08, 0xb0, 0xac, 0x00, 0x00, 0xe8, 0x06, 0xc0, 0xcb, 0x1e, 0x30, 0xac, 0x00, 0x00, 0xe8, 0x01,
    0x30, 0xcb, 0x27, 0x00, 0xac, 0x00, 0x00, 0xef, 0xff, 0xff, 0xff, 0xff, 0xff, 0xfc, 0x00, 0x00,
    0x44, 0x44, 0x44, 0xdc, 0x44, 0x44, 0x43, 0x00, 0x00, 0x00, 0x00, 0x00, 0xcb, 0x00, 0x00, 0x00,
    0x00, 0x04, 0xff, 0xff, 0xff, 0xff, 0xff, 0xff, 0xff, 0x30, 0x01, 0x44, 0x44, 0x44, 0xdc, 0x44,
    0x44, 0x44, 0x10, 0x00, 0x00, 0x00, 0x00, 0xcb, 0x00, 0x00, 0x00, 0x00, 0xef, 0xff, 0xff, 0xff,
    0xff, 0xff, 0xff, 0xff, 0xfe, 0x55, 0x55, 0x55, 0x55, 0x55, 0x55, 0x55, 0x55, 0x55, 0x00, 0x53,
    0x00, 0x00, 0x00, 0x01, 0x00, 0x34, 0x00, 0x02, 0xf7, 0x02, 0xf4, 0x00, 0xd9, 0x00, 0xaf, 0x30,
    0x0b, 0xe1, 0x00, 0xf7, 0x00, 0x9e, 0x10, 0x0c, 0xe1, 0x8f, 0x50, 0x00, 0xd9, 0x00, 0x4f, 0x50,
    0x02, 0xfb, 0x26, 0x00, 0x00, 0x42, 0x00, 0x13, 0x00, 0x00, 0x42,
    /* U+9ED2 "黒" */
    0x00, 0xbf, 0xff, 0xff, 0xff, 0xff, 0xff, 0xfc, 0x00, 0x00, 0xbc, 0x33, 0x33, 0xdb, 0x33, 0x33,
    0xbc, 0x00, 0x00, 0xbb, 0x00, 0x00, 0xca, 0x00, 0x00, 0xac, 0x00, 0x00, 0xbf, 0xff, 0xff, 0xff,
    0xff, 0xff, 0xfc, 0x00, 0x00, 0xbb, 0x22, 0x22, 0xdb, 0x22, 0x22, 0xbc, 0x00, 0x00, 0xbb, 0x00,
    0x00, 0xca, 0x00, 0x00, 0xac, 0x00, 0x00, 0xbc, 0x33, 0x33, 0xdb, 0x33, 0x33, 0xbc, 0x00, 0x00,
    0xbf, 0xff, 0xff, 0xff, 0xff, 0xff, 0xfc, 0x00, 0x00, 0x00, 0x00, 0x00, 0xca, 0x00, 0x00, 0x00,
    0x00, 0x01, 0x33, 0x33, 0x33, 0xdb, 0x33, 0x33, 0x33, 0x10, 0x03, 0xff, 0xff, 0xff, 0xff, 0xff,
    0xff, 0xff, 0x70, 0x00, 0x00, 0x00, 0x00, 0xca, 0x00, 0x00, 0x00, 0x00, 0x44, 0x44, 0x44, 0x44,
    0xdc, 0x44, 0x44, 0x44, 0x44, 0xef, 0xff, 0xff, 0xff, 0xff, 0xff, 0xff, 0xff, 0xfe, 0x00, 0x53,
    0x00, 0x00, 0x00, 0x01, 0x00, 0x24, 0x00, 0x02, 0xf7, 0x01, 0xf5, 0x00, 0xd9, 0x00, 0xaf, 0x30,
    0x0b, 0xe1, 0x00, 0xe7, 0x00, 0x9e, 0x00, 0x0c, 0xe1, 0x9f, 0x50, 0x00, 0xd9, 0x00, 0x4f, 0x40,
    0x02, 0xeb, 0x25, 0x00, 0x00, 0x42, 0x00, 0x14, 0x00, 0x00, 0x42,
    /* U+9F7F "齿" */
    0x00, 0x00, 0x00, 0x00, 0x46, 0x00, 0x00, 0x00, 0x00, 0x00, 0x00, 0x54, 0x00, 0x09, 0xe0, 0x00,
    0x00, 0x00, 0x00, 0x00, 0x0c, 0xb0, 0x00, 0x9e, 0x44, 0x44, 0x44, 0x10, 0x00, 0x00, 0xcb, 0x00,
    0x09, 0xff, 0xff, 0xff, 0xf4, 0x00, 0x00, 0x0c, 0xb0, 0x00, 0x9e, 0x00, 0x00, 0x00, 0x00, 0x00,
    0x00, 0xcb, 0x00, 0x09, 0xe0, 0x00, 0x00, 0x00, 0x00, 0x56, 0x6d, 0xc6, 0x66, 0xbe, 0x66, 0x66,
    0x66, 0x66, 0x0d, 0xff, 0xff, 0xff, 0xff, 0xff, 0xff, 0xff, 0xff, 0xf0, 0x02, 0x30, 0x00, 0x00,
    0x34, 0x00, 0x00, 0x03, 0x20, 0x00, 0x9e, 0x00, 0x00, 0x0a, 0xd0, 0x00, 0x00, 0xcb, 0x00, 0x09,
    0xe0, 0x00, 0x00, 0xe8, 0x00, 0x00, 0x0c, 0xb0, 0x00, 0x9e, 0x00, 0x00, 0x7f, 0xc2, 0x00, 0x00,
    0xcb, 0x00, 0x09, 0xe0, 0x00, 0x2e, 0xac, 0xe4, 0x00, 0x0c, 0xb0, 0x00, 0x9e, 0x00, 0x1d, 0xc0,
    0x1a, 0xf7, 0x00, 0xcb, 0x00, 0x09, 0xe0, 0x3c, 0xe2, 0x00, 0x07, 0xfa, 0x0c, 0xb0, 0x00, 0x9e,
    0x3f, 0xc2, 0x00, 0x00, 0x05, 0xf4, 0xcb, 0x00, 0x09, 0xe0, 0x30, 0x00, 0x00, 0x00, 0x02, 0x0c,
    0xb0, 0x00, 0x9f, 0xff, 0xff, 0xff, 0xff, 0xff, 0xff, 0xfb, 0x00, 0x04, 0x66, 0x66, 0x66, 0x66,
    0x66, 0x66, 0x6d, 0xb0, 0x00, 0x00, 0x00, 0x00, 0x00, 0x00, 0x00, 0x00, 0x55, 0x00,
    /* U+FF01 "！" */
    0x1b, 0xb1, 0x1f, 0xf1, 0x1f, 0xf1, 0x0f, 0xf0, 0x0f, 0xe0, 0x0e, 0xe0, 0x0d, 0xd0, 0x0d, 0xc0,
    0x0c, 0xc0, 0x0b, 0xb0, 0x0a, 0xa0, 0x00, 0x00, 0x00, 0x00, 0x07, 0x70, 0x3f, 0xf2, 0x1c, 0xc0,
    /* U+FF08 "（" */
    0x00, 0x00, 0x9a, 0x00, 0x00, 0x6f, 0x50, 0x00, 0x2e, 0x80, 0x00, 0x0a, 0xe1, 0x00, 0x02, 0xf6,
    0x00, 0x00, 0x7f, 0x10, 0x00, 0x0b, 0xb0, 0x00, 0x00, 0xe8, 0x00, 0x00, 0x0f, 0x70, 0x00, 0x01,
    0xf6, 0x00, 0x00, 0x0f, 0x70, 0x00, 0x00, 0xe8, 0x00, 0x00, 0x0b, 0xb0, 0x00, 0x00, 0x7f, 0x10,
    0x00, 0x02, 0xf7, 0x00, 0x00, 0x09, 0xe1, 0x00, 0x00, 0x2e, 0x80, 0x00, 0x00, 0x6f, 0x50, 0x00,
    0x00, 0x8a, 0x00,
    /* U+FF09 "）" */
    0x0a, 0x80, 0x00, 0x00, 0x5f, 0x60, 0x00, 0x00, 0x8e, 0x20, 0x00, 0x01, 0xe9, 0x00, 0x00, 0x06,
    0xf2, 0x00, 0x00, 0x1f, 0x60, 0x00, 0x00, 0xbb, 0x00, 0x00, 0x08, 0xd0, 0x00, 0x00, 0x7f, 0x00,
    0x00, 0x06, 0xf1, 0x00, 0x00, 0x7f, 0x00, 0x00, 0x08, 0xd0, 0x00, 0x00, 0xcb, 0x00, 0x00, 0x1f,
    0x60, 0x00, 0x07, 0xf2, 0x00, 0x01, 0xe9, 0x00, 0x00, 0x9e, 0x10, 0x00, 0x5f, 0x50, 0x00, 0x0a,
    0x80, 0x00, 0x00,
    /* U+FF0C "，" */
    0x02, 0xba, 0x10, 0x8f, 0xf5, 0x03, 0xdf, 0x80, 0x00, 0xe6, 0x00, 0x5f, 0x20, 0x5e, 0x80, 0x2e,
    0x70, 0x00, 0x10, 0x00,
    /* U+FF1A "：" */
    0x2c, 0xc1, 0x6f, 0xf6, 0x2c, 0xc2, 0x00, 0x00, 0x00, 0x00, 0x00, 0x00, 0x00, 0x00, 0x00, 0x00,
    0x00, 0x00, 0x00, 0x00, 0x2c, 0xc2, 0x6f, 0xf6, 0x2c, 0xc2,
    /* U+FF1B "；" */
    0x02, 0xcc, 0x10, 0x6f, 0xf6, 0x02, 0xcc, 0x20, 0x00, 0x00, 0x00, 0x00, 0x00, 0x00, 0x00, 0x00,
    0x00, 0x00, 0x00, 0x00, 0x00, 0x00, 0x00, 0x1c, 0xd3, 0x05, 0xff, 0xa0, 0x1a, 0xec, 0x00, 0x0a,
    0xa0, 0x01, 0xe6, 0x02, 0xcc, 0x00, 0xdb, 0x10, 0x02, 0x00, 0x00,
    /* U+FF1F "？" */
    0x00, 0x4b, 0xee, 0xc5, 0x00, 0x07, 0xfe, 0xa9, 0xef, 0x70, 0x2d, 0x90, 0x00, 0x1e, 0xe0, 0x01,
    0x00, 0x00, 0x0a, 0xf2, 0x00, 0x00, 0x00, 0x0a, 0xf1, 0x00, 0x00, 0x00, 0x3f, 0xb0, 0x00, 0x00,
    0x02, 0xed, 0x10, 0x00, 0x00, 0x1d, 0xe2, 0x00, 0x00, 0x00, 0xaf, 0x40, 0x00, 0x00, 0x01, 0xfa,
    0x00, 0x00, 0x00, 0x02, 0xe7, 0x00, 0x00, 0x00, 0x00, 0x00, 0x00, 0x00, 0x00, 0x00, 0x00, 0x00,
    0x00, 0x00, 0x01, 0x84, 0x00, 0x00, 0x00, 0x07, 0xfe, 0x00, 0x00, 0x00, 0x03, 0xd9, 0x00, 0x00,
};

static const lv_font_fmt_txt_glyph_dsc_t glyph_dsc[] = {
    {.bitmap_index = 0, .adv_w = 0, .box_w = 0, .box_h = 0, .ofs_x = 0, .ofs_y = 0} /* id = 0 reserved */,
    {.bitmap_index = 0, .adv_w = 64, .box_w = 0, .box_h = 0, .ofs_x = 0, .ofs_y = 0},
    {.bitmap_index = 0, .adv_w = 96, .box_w = 4, .box_h = 16, .ofs_x = 1, .ofs_y = 0},
    {.bitmap_index = 32, .adv_w = 144, .box_w = 7, .box_h = 6, .ofs_x = 1, .ofs_y = 10},
    {.bitmap_index = 53, .adv_w = 176, .box_w = 11, .box_h = 15, .ofs_x = 0, .ofs_y = 0},
    {.bitmap_index = 136, .adv_w = 176, .box_w = 9, .box_h = 19, .ofs_x = 1, .ofs_y = -2},
    {.bitmap_index = 222, .adv_w = 288, .box_w = 18, .box_h = 15, .ofs_x = 0, .ofs_y = 0},
    {.bitmap_index = 357, .adv_w = 224, .box_w = 14, .box_h = 15, .ofs_x = 0, .ofs_y = 0},
    {.bitmap_index = 462, .adv_w = 96, .box_w = 3, .box_h = 6, .ofs_x = 1, .ofs_y = 10},
    {.bitmap_index = 471, .adv_w = 112, .box_w = 5, .box_h = 21, .ofs_x = 1, .ofs_y = -4},
    {.bitmap_index = 524, .adv_w = 112, .box_w = 5, .box_h = 21, .ofs_x = 0, .ofs_y = -4},
    {.bitmap_index = 577, .adv_w = 144, .box_w = 7, .box_h = 7, .ofs_x = 1, .ofs_y = 9},
    {.bitmap_index = 602, .adv_w = 176, .box_w = 11, .box_h = 11, .ofs_x = 0, .ofs_y = 2},
    {.bitmap_index = 663, .adv_w = 96, .box_w = 4, .box_h = 7, .ofs_x = 1, .ofs_y = -4},
    {.bitmap_index = 677, .adv_w = 112, .box_w = 7, .box_h = 2, .ofs_x = 0, .ofs_y = 5},
    {.bitmap_index = 684, .adv_w = 96, .box_w = 4, .box_h = 3, .ofs_x = 1, .ofs_y = 0},
    {.bitmap_index = 690, .adv_w = 128, .box_w = 8, .box_h = 20, .ofs_x = 0, .ofs_y = -4},
    {.bitmap_index = 770, .adv_w = 176, .box_w = 10, .box_h = 15, .ofs_x = 1, .ofs_y = 0},
    {.bitmap_index = 845, .adv_w = 176, .box_w = 9, .box_h = 15, .ofs_x = 1, .ofs_y = 0},
    {.bitmap_index = 913, .adv_w = 176, .box_w = 11, .box_h = 15, .ofs_x = 0, .ofs_y = 0},
    {.bitmap_index = 996, .adv_w = 176, .box_w = 10, .box_h = 15, .ofs_x = 0, .ofs_y = 0},
    {.bitmap_index = 1071, .adv_w = 176, .box_w = 11, .box_h = 15, .ofs_x = 0, .ofs_y = 0},
    {.bitmap_index = 1154, .adv_w = 176, .box_w = 11, .box_h = 15, .ofs_x = 0, .ofs_y = 0},
    {.bitmap_index = 1237, .adv_w = 176, .box_w = 10, .box_h = 15, .ofs_x = 1, .ofs_y = 0},
    {.bitmap_index = 1312, .adv_w = 176, .box_w = 11, .box_h = 15, .ofs_x = 0, .ofs_y = 0},
    {.bitmap_index = 1395, .adv_w = 176, .box_w = 11, .box_h = 15, .ofs_x = 0, .ofs_y = 0},
    {.bitmap_index = 1478, .adv_w = 176, .box_w = 10, .box_h = 15, .ofs_x = 0, .ofs_y = 0},
    {.bitmap_index = 1553, .adv_w = 96, .box_w = 4, .box_h = 11, .ofs_x = 1, .ofs_y = 0},
    {.bitmap_index = 1575, .adv_w = 96, .box_w = 4, .box_h = 15, .ofs_x = 1, .ofs_y = -4},
    {.bitmap_index = 1605, .adv_w = 176, .box_w = 11, .box_h = 9, .ofs_x = 0, .ofs_y = 3},
    {.bitmap_index = 1655, .adv_w = 176, .box_w = 11, .box_h = 7, .ofs_x = 0, .ofs_y = 4},
    {.bitmap_index = 1694, .adv_w = 176, .box_w = 11, .box_h = 9, .ofs_x = 0, .ofs_y = 3},
    {.bitmap_index = 1744, .adv_w = 144, .box_w = 9, .box_h = 16, .ofs_x = 0, .ofs_y = 0},
    {.bitmap_index = 1816, .adv_w = 304, .box_w = 17, .box_h = 19, .ofs_x = 1, .ofs_y = -4},
    {.bitmap_index = 1978, .adv_w = 192, .box_w = 13, .box_h = 15, .ofs_x = 0, .ofs_y = 0},
    {.bitmap_index = 2076, .adv_w = 208, .box_w = 11, .box_h = 15, .ofs_x = 2, .ofs_y = 0},
    {.bitmap_index = 2159, .adv_w = 208, .box_w = 11, .box_h = 15, .ofs_x = 1, .ofs_y = 0},
    {.bitmap_index = 2242, .adv_w = 224, .box_w = 11, .box_h = 15, .ofs_x = 2, .ofs_y = 0},
    {.bitmap_index = 2325, .adv_w = 192, .box_w = 9, .box_h = 15, .ofs_x = 2, .ofs_y = 0},
    {.bitmap_index = 2393, .adv_w = 176, .box_w = 9, .box_h = 15, .ofs_x = 2, .ofs_y = 0},
    {.bitmap_index = 2461, .adv_w = 224, .box_w = 12, .box_h = 15, .ofs_x = 1, .ofs_y = 0},
    {.bitmap_index = 2551, .adv_w = 240, .box_w = 11, .box_h = 15, .ofs_x = 2, .ofs_y = 0},
    {.bitmap_index = 2634, .adv_w = 96, .box_w = 2, .box_h = 15, .ofs_x = 2, .ofs_y = 0},
    {.bitmap_index = 2649, .adv_w = 176, .box_w = 9, .box_h = 15, .ofs_x = 0, .ofs_y = 0},
    {.bitmap_index = 2717, .adv_w = 208, .box_w = 11, .box_h = 15, .ofs_x = 2, .ofs_y = 0},
    {.bitmap_index = 2800, .adv_w = 176, .box_w = 9, .box_h = 15, .ofs_x = 2, .ofs_y = 0},
    {.bitmap_index = 2868, .adv_w = 256, .box_w = 13, .box_h = 15, .ofs_x = 2, .ofs_y = 0},
    {.bitmap_index = 2966, .adv_w = 224, .box_w = 11, .box_h = 15, .ofs_x = 2, .ofs_y = 0},
    {.bitmap_index = 3049, .adv_w = 240, .box_w = 13, .box_h = 15, .ofs_x = 1, .ofs_y = 0},
    {.bitmap_index = 3147, .adv_w = 208, .box_w = 10, .box_h = 15, .ofs_x = 2, .ofs_y = 0},
    {.bitmap_index = 3222, .adv_w = 240, .box_w = 13, .box_h = 19, .ofs_x = 1, .ofs_y = -4},
    {.bitmap_index = 3346, .adv_w = 208, .box_w = 11, .box_h = 15, .ofs_x = 2, .ofs_y = 0},
    {.bitmap_index = 3429, .adv_w = 192, .box_w = 11, .box_h = 15, .ofs_x = 1, .ofs_y = 0},
    {.bitmap_index = 3512, .adv_w = 192, .box_w = 12, .box_h = 15, .ofs_x = 0, .ofs_y = 0},
    {.bitmap_index = 3602, .adv_w = 224, .box_w = 12, .box_h = 15, .ofs_x = 1, .ofs_y = 0},
    {.bitmap_index = 3692, .adv_w = 192, .box_w = 12, .box_h = 15, .ofs_x = 0, .ofs_y = 0},
    {.bitmap_index = 3782, .adv_w = 288, .box_w = 17, .box_h = 15, .ofs_x = 0, .ofs_y = 0},
    {.bitmap_index = 3910, .adv_w = 176, .box_w = 12, .box_h = 15, .ofs_x = 0, .ofs_y = 0},
    {.bitmap_index = 4000, .adv_w = 176, .box_w = 11, .box_h = 15, .ofs_x = 0, .ofs_y = 0},
    {.bitmap_index = 4083, .adv_w = 192, .box_w = 11, .box_h = 15, .ofs_x = 1, .ofs_y = 0},
    {.bitmap_index = 4166, .adv_w = 112, .box_w = 5, .box_h = 20, .ofs_x = 2, .ofs_y = -4},
    {.bitmap_index = 4216, .adv_w = 128, .box_w = 8, .box_h = 20, .ofs_x = 0, .ofs_y = -4},
    {.bitmap_index = 4296, .adv_w = 112, .box_w = 5, .box_h = 20, .ofs_x = 0, .ofs_y = -4},
    {.bitmap_index = 4346, .adv_w = 176, .box_w = 9, .box_h = 9, .ofs_x = 1, .ofs_y = 6},
    {.bitmap_index = 4387, .adv_w = 176, .box_w = 11, .box_h = 2, .ofs_x = 0, .ofs_y = -3},
    {.bitmap_index = 4398, .adv_w = 192, .box_w = 6, .box_h = 5, .ofs_x = 2, .ofs_y = 12},
    {.bitmap_index = 4413, .adv_w = 176, .box_w = 9, .box_h = 12, .ofs_x = 1, .ofs_y = -1},
    {.bitmap_index = 4467, .adv_w = 192, .box_w = 11, .box_h = 17, .ofs_x = 1, .ofs_y = -1},
    {.bitmap_index = 4561, .adv_w = 160, .box_w = 9, .box_h = 11, .ofs_x = 1, .ofs_y = 0},
    {.bitmap_index = 4611, .adv_w = 192, .box_w = 10, .box_h = 17, .ofs_x = 1, .ofs_y = -1},
    {.bitmap_index = 4696, .adv_w = 176, .box_w = 10, .box_h = 11, .ofs_x = 1, .ofs_y = 0},
    {.bitmap_index = 4751, .adv_w = 112, .box_w = 8, .box_h = 17, .ofs_x = 0, .ofs_y = 0},
    {.bitmap_index = 4819, .adv_w = 176, .box_w = 10, .box_h = 16, .ofs_x = 1, .ofs_y = -5},
    {.bitmap_index = 4899, .adv_w = 192, .box_w = 10, .box_h = 16, .ofs_x = 1, .ofs_y = 0},
    {.bitmap_index = 4979, .adv_w = 96, .box_w = 3, .box_h = 16, .ofs_x = 1, .ofs_y = 0},
    {.bitmap_index = 5003, .adv_w = 96, .box_w = 5, .box_h = 21, .ofs_x = -1, .ofs_y = -5},
    {.bitmap_index = 5056, .adv_w = 176, .box_w = 10, .box_h = 17, .ofs_x = 1, .ofs_y = 0},
    {.bitmap_index = 5141, .adv_w = 96, .box_w = 4, .box_h = 17, .ofs_x = 1, .ofs_y = 0},
    {.bitmap_index = 5175, .adv_w = 304, .box_w = 16, .box_h = 11, .ofs_x = 1, .ofs_y = 0},
    {.bitmap_index = 5263, .adv_w = 192, .box_w = 10, .box_h = 11, .ofs_x = 1, .ofs_y = 0},
    {.bitmap_index = 5318, .adv_w = 192, .box_w = 11, .box_h = 11, .ofs_x = 1, .ofs_y = 0},
    {.bitmap_index = 5379, .adv_w = 192, .box_w = 11, .box_h = 16, .ofs_x = 1, .ofs_y = -5},
    {.bitmap_index = 5467, .adv_w = 192, .box_w = 10, .box_h = 16, .ofs_x = 1, .ofs_y = -5},
    {.bitmap_index = 5547, .adv_w = 128, .box_w = 7, .box_h = 11, .ofs_x = 1, .ofs_y = 0},
    {.bitmap_index = 5586, .adv_w = 144, .box_w = 9, .box_h = 11, .ofs_x = 0, .ofs_y = 0},
    {.bitmap_index = 5636, .adv_w = 128, .box_w = 8, .box_h = 15, .ofs_x = 0, .ofs_y = 0},
    {.bitmap_index = 5696, .adv_w = 192, .box_w = 10, .box_h = 11, .ofs_x = 1, .ofs_y = 0},
    {.bitmap_index = 5751, .adv_w = 160, .box_w = 11, .box_h = 11, .ofs_x = 0, .ofs_y = 0},
    {.bitmap_index = 5812, .adv_w = 256, .box_w = 16, .box_h = 11, .ofs_x = 0, .ofs_y = 0},
    {.bitmap_index = 5900, .adv_w = 160, .box_w = 10, .box_h = 11, .ofs_x = 0, .ofs_y = 0},
    {.bitmap_index = 5955, .adv_w = 160, .box_w = 11, .box_h = 16, .ofs_x = 0, .ofs_y = -5},
    {.bitmap_index = 6043, .adv_w = 160, .box_w = 9, .box_h = 11, .ofs_x = 0, .ofs_y = 0},
    {.bitmap_index = 6093, .adv_w = 112, .box_w = 7, .box_h = 20, .ofs_x = 0, .ofs_y = -4},
    {.bitmap_index = 6163, .adv_w = 80, .box_w = 2, .box_h = 23, .ofs_x = 2, .ofs_y = -6},
    {.bitmap_index = 6186, .adv_w = 112, .box_w = 6, .box_h = 20, .ofs_x = 0, .ofs_y = -4},
    {.bitmap_index = 6246, .adv_w = 176, .box_w = 11, .box_h = 4, .ofs_x = 0, .ofs_y = 5},
    {.bitmap_index = 6268, .adv_w = 320, .box_w = 6, .box_h = 5, .ofs_x = 7, .ofs_y = 5},
    {.bitmap_index = 6283, .adv_w = 320, .box_w = 20, .box_h = 17, .ofs_x = 0, .ofs_y = 0},
    {.bitmap_index = 6453, .adv_w = 320, .box_w = 20, .box_h = 17, .ofs_x = 0, .ofs_y = -1},
    {.bitmap_index = 6623, .adv_w = 320, .box_w = 0, .box_h = 0, .ofs_x = 0, .ofs_y = 0},
    {.bitmap_index = 6623, .adv_w = 320, .box_w = 17, .box_h = 19, .ofs_x = 2, .ofs_y = -2},
    {.bitmap_index = 6785, .adv_w = 320, .box_w = 17, .box_h = 15, .ofs_x = 2, .ofs_y = 0},
    {.bitmap_index = 6913, .adv_w = 320, .box_w = 14, .box_h = 18, .ofs_x = 3, .ofs_y = -1},
    {.bitmap_index = 7039, .adv_w = 320, .box_w = 17, .box_h = 18, .ofs_x = 2, .ofs_y = -1},
    {.bitmap_index = 7192, .adv_w = 320, .box_w = 17, .box_h = 18, .ofs_x = 2, .ofs_y = -1},
    {.bitmap_index = 7345, .adv_w = 320, .box_w = 19, .box_h = 18, .ofs_x = 1, .ofs_y = -1},
    {.bitmap_index = 7516, .adv_w = 320, .box_w = 19, .box_h = 19, .ofs_x = 1, .ofs_y = -1},
    {.bitmap_index = 7697, .adv_w = 320, .box_w = 15, .box_h = 18, .ofs_x = 3, .ofs_y = -1},
    {.bitmap_index = 7832, .adv_w = 320, .box_w = 17, .box_h = 19, .ofs_x = 2, .ofs_y = -1},
    {.bitmap_index = 7994, .adv_w = 320, .box_w = 11, .box_h = 18, .ofs_x = 4, .ofs_y = -1},
    {.bitmap_index = 8093, .adv_w = 320, .box_w = 14, .box_h = 18, .ofs_x = 3, .ofs_y = -1},
    {.bitmap_index = 8219, .adv_w = 320, .box_w = 17, .box_h = 19, .ofs_x = 2, .ofs_y = -2},
    {.bitmap_index = 8381, .adv_w = 320, .box_w = 18, .box_h = 20, .ofs_x = 2, .ofs_y = -2},
    {.bitmap_index = 8561, .adv_w = 320, .box_w = 14, .box_h = 16, .ofs_x = 3, .ofs_y = -1},
    {.bitmap_index = 8673, .adv_w = 320, .box_w = 17, .box_h = 19, .ofs_x = 3, .ofs_y = -1},
    {.bitmap_index = 8835, .adv_w = 320, .box_w = 15, .box_h = 18, .ofs_x = 3, .ofs_y = -1},
    {.bitmap_index = 8970, .adv_w = 320, .box_w = 18, .box_h = 20, .ofs_x = 2, .ofs_y = -1},
    {.bitmap_index = 9150, .adv_w = 320, .box_w = 14, .box_h = 18, .ofs_x = 4, .ofs_y = -1},
    {.bitmap_index = 9276, .adv_w = 320, .box_w = 14, .box_h = 18, .ofs_x = 4, .ofs_y = -1},
    {.bitmap_index = 9402, .adv_w = 320, .box_w = 18, .box_h = 19, .ofs_x = 1, .ofs_y = -2},
    {.bitmap_index = 9573, .adv_w = 320, .box_w = 18, .box_h = 20, .ofs_x = 1, .ofs_y = -2},
    {.bitmap_index = 9753, .adv_w = 320, .box_w = 19, .box_h = 18, .ofs_x = 0, .ofs_y = -1},
    {.bitmap_index = 9924, .adv_w = 320, .box_w = 20, .box_h = 18, .ofs_x = 0, .ofs_y = -1},
    {.bitmap_index = 10104, .adv_w = 320, .box_w = 16, .box_h = 17, .ofs_x = 2, .ofs_y = -1},
    {.bitmap_index = 10240, .adv_w = 320, .box_w = 18, .box_h = 17, .ofs_x = 1, .ofs_y = -1},
    {.bitmap_index = 10393, .adv_w = 320, .box_w = 17, .box_h = 18, .ofs_x = 2, .ofs_y = -1},
    {.bitmap_index = 10546, .adv_w = 320, .box_w = 18, .box_h = 18, .ofs_x = 1, .ofs_y = -1},
    {.bitmap_index = 10708, .adv_w = 320, .box_w = 15, .box_h = 18, .ofs_x = 2, .ofs_y = -1},
    {.bitmap_index = 10843, .adv_w = 320, .box_w = 19, .box_h = 19, .ofs_x = 1, .ofs_y = -1},
    {.bitmap_index = 11024, .adv_w = 320, .box_w = 14, .box_h = 12, .ofs_x = 3, .ofs_y = -1},
    {.bitmap_index = 11108, .adv_w = 320, .box_w = 18, .box_h = 14, .ofs_x = 1, .ofs_y = 0},
    {.bitmap_index = 11234, .adv_w = 320, .box_w = 18, .box_h = 18, .ofs_x = 1, .ofs_y = 0},
    {.bitmap_index = 11396, .adv_w = 320, .box_w = 17, .box_h = 16, .ofs_x = 1, .ofs_y = -1},
    {.bitmap_index = 11532, .adv_w = 320, .box_w = 18, .box_h = 16, .ofs_x = 1, .ofs_y = -1},
    {.bitmap_index = 11676, .adv_w = 320, .box_w = 13, .box_h = 18, .ofs_x = 4, .ofs_y = -1},
    {.bitmap_index = 11793, .adv_w = 320, .box_w = 17, .box_h = 19, .ofs_x = 3, .ofs_y = -1},
    {.bitmap_index = 11955, .adv_w = 320, .box_w = 18, .box_h = 18, .ofs_x = 1, .ofs_y = -1},
    {.bitmap_index = 12117, .adv_w = 320, .box_w = 16, .box_h = 17, .ofs_x = 2, .ofs_y = -1},
    {.bitmap_index = 12253, .adv_w = 320, .box_w = 19, .box_h = 18, .ofs_x = 1, .ofs_y = -1},
    {.bitmap_index = 12424, .adv_w = 320, .box_w = 19, .box_h = 18, .ofs_x = 1, .ofs_y = -1},
    {.bitmap_index = 12595, .adv_w = 320, .box_w = 18, .box_h = 16, .ofs_x = 1, .ofs_y = -1},
    {.bitmap_index = 12739, .adv_w = 320, .box_w = 17, .box_h = 18, .ofs_x = 2, .ofs_y = -1},
    {.bitmap_index = 12892, .adv_w = 320, .box_w = 19, .box_h = 20, .ofs_x = 1, .ofs_y = -2},
    {.bitmap_index = 13082, .adv_w = 320, .box_w = 19, .box_h = 20, .ofs_x = 1, .ofs_y = -2},
    {.bitmap_index = 13272, .adv_w = 320, .box_w = 17, .box_h = 17, .ofs_x = 2, .ofs_y = -1},
    {.bitmap_index = 13417, .adv_w = 320, .box_w = 19, .box_h = 20, .ofs_x = 1, .ofs_y = -2},
    {.bitmap_index = 13607, .adv_w = 320, .box_w = 19, .box_h = 19, .ofs_x = 1, .ofs_y = -2},
    {.bitmap_index = 13788, .adv_w = 320, .box_w = 20, .box_h = 18, .ofs_x = 0, .ofs_y = -1},
    {.bitmap_index = 13968, .adv_w = 320, .box_w = 20, .box_h = 18, .ofs_x = 0, .ofs_y = -1},
    {.bitmap_index = 14148, .adv_w = 320, .box_w = 20, .box_h = 17, .ofs_x = 0, .ofs_y = -1},
    {.bitmap_index = 14318, .adv_w = 320, .box_w = 18, .box_h = 13, .ofs_x = 1, .ofs_y = 0},
    {.bitmap_index = 14435, .adv_w = 320, .box_w = 19, .box_h = 16, .ofs_x = 0, .ofs_y = 0},
    {.bitmap_index = 14587, .adv_w = 320, .box_w = 19, .box_h = 15, .ofs_x = 0, .ofs_y = 0},
    {.bitmap_index = 14730, .adv_w = 320, .box_w = 17, .box_h = 18, .ofs_x = 2, .ofs_y = -1},
    {.bitmap_index = 14883, .adv_w = 320, .box_w = 19, .box_h = 20, .ofs_x = 1, .ofs_y = -2},
    {.bitmap_index = 15073, .adv_w = 320, .box_w = 19, .box_h = 20, .ofs_x = 1, .ofs_y = -2},
    {.bitmap_index = 15263, .adv_w = 320, .box_w = 15, .box_h = 18, .ofs_x = 3, .ofs_y = -1},
    {.bitmap_index = 15398, .adv_w = 320, .box_w = 18, .box_h = 18, .ofs_x = 1, .ofs_y = -2},
    {.bitmap_index = 15560, .adv_w = 320, .box_w = 18, .box_h = 18, .ofs_x = 1, .ofs_y = -1},
    {.bitmap_index = 15722, .adv_w = 320, .box_w = 18, .box_h = 18, .ofs_x = 1, .ofs_y = -1},
    {.bitmap_index = 15884, .adv_w = 320, .box_w = 17, .box_h = 18, .ofs_x = 1, .ofs_y = -1},
    {.bitmap_index = 16037, .adv_w = 320, .box_w = 15, .box_h = 16, .ofs_x = 2, .ofs_y = -2},
    {.bitmap_index = 16157, .adv_w = 320, .box_w = 18, .box_h = 19, .ofs_x = 1, .ofs_y = -2},
    {.bitmap_index = 16328, .adv_w = 320, .box_w = 15, .box_h = 16, .ofs_x = 3, .ofs_y = -2},
    {.bitmap_index = 16448, .adv_w = 320, .box_w = 17, .box_h = 19, .ofs_x = 2, .ofs_y = -2},
    {.bitmap_index = 16610, .adv_w = 320, .box_w = 13, .box_h = 15, .ofs_x = 3, .ofs_y = -2},
    {.bitmap_index = 16708, .adv_w = 320, .box_w = 16, .box_h = 18, .ofs_x = 2, .ofs_y = -1},
    {.bitmap_index = 16852, .adv_w = 320, .box_w = 15, .box_h = 18, .ofs_x = 3, .ofs_y = -1},
    {.bitmap_index = 16987, .adv_w = 320, .box_w = 12, .box_h = 18, .ofs_x = 4, .ofs_y = -1},
    {.bitmap_index = 17095, .adv_w = 320, .box_w = 16, .box_h = 17, .ofs_x = 2, .ofs_y = -1},
    {.bitmap_index = 17231, .adv_w = 320, .box_w = 19, .box_h = 18, .ofs_x = 1, .ofs_y = -1},
    {.bitmap_index = 17402, .adv_w = 320, .box_w = 16, .box_h = 17, .ofs_x = 2, .ofs_y = -1},
    {.bitmap_index = 17538, .adv_w = 320, .box_w = 18, .box_h = 18, .ofs_x = 1, .ofs_y = -1},
    {.bitmap_index = 17700, .adv_w = 320, .box_w = 17, .box_h = 18, .ofs_x = 1, .ofs_y = -1},
    {.bitmap_index = 17853, .adv_w = 320, .box_w = 18, .box_h = 18, .ofs_x = 1, .ofs_y = -1},
    {.bitmap_index = 18015, .adv_w = 320, .box_w = 17, .box_h = 17, .ofs_x = 2, .ofs_y = -1},
    {.bitmap_index = 18160, .adv_w = 320, .box_w = 17, .box_h = 17, .ofs_x = 1, .ofs_y = -1},
    {.bitmap_index = 18305, .adv_w = 320, .box_w = 16, .box_h = 18, .ofs_x = 2, .ofs_y = -1},
    {.bitmap_index = 18449, .adv_w = 320, .box_w = 18, .box_h = 15, .ofs_x = 1, .ofs_y = 0},
    {.bitmap_index = 18584, .adv_w = 320, .box_w = 17, .box_h = 18, .ofs_x = 1, .ofs_y = -1},
    {.bitmap_index = 18737, .adv_w = 320, .box_w = 16, .box_h = 18, .ofs_x = 2, .ofs_y = -1},
    {.bitmap_index = 18881, .adv_w = 320, .box_w = 18, .box_h = 19, .ofs_x = 1, .ofs_y = -1},
    {.bitmap_index = 19052, .adv_w = 320, .box_w = 16, .box_h = 17, .ofs_x = 2, .ofs_y = -1},
    {.bitmap_index = 19188, .adv_w = 320, .box_w = 18, .box_h = 19, .ofs_x = 1, .ofs_y = -1},
    {.bitmap_index = 19359, .adv_w = 320, .box_w = 16, .box_h = 18, .ofs_x = 2, .ofs_y = -1},
    {.bitmap_index = 19503, .adv_w = 320, .box_w = 19, .box_h = 20, .ofs_x = 1, .ofs_y = -2},
    {.bitmap_index = 19693, .adv_w = 320, .box_w = 18, .box_h = 18, .ofs_x = 1, .ofs_y = -1},
    {.bitmap_index = 19855, .adv_w = 320, .box_w = 19, .box_h = 20, .ofs_x = 1, .ofs_y = -2},
    {.bitmap_index = 20045, .adv_w = 320, .box_w = 14, .box_h = 16, .ofs_x = 3, .ofs_y = -1},
    {.bitmap_index = 20157, .adv_w = 320, .box_w = 17, .box_h = 19, .ofs_x = 2, .ofs_y = -1},
    {.bitmap_index = 20319, .adv_w = 320, .box_w = 18, .box_h = 18, .ofs_x = 1, .ofs_y = -1},
    {.bitmap_index = 20481, .adv_w = 320, .box_w = 20, .box_h = 19, .ofs_x = 0, .ofs_y = -2},
    {.bitmap_index = 20671, .adv_w = 320, .box_w = 17, .box_h = 16, .ofs_x = 2, .ofs_y = 0},
    {.bitmap_index = 20807, .adv_w = 320, .box_w = 18, .box_h = 17, .ofs_x = 1, .ofs_y = -1},
    {.bitmap_index = 20960, .adv_w = 320, .box_w = 16, .box_h = 16, .ofs_x = 2, .ofs_y = -1},
    {.bitmap_index = 21088, .adv_w = 320, .box_w = 19, .box_h = 19, .ofs_x = 1, .ofs_y = -1},
    {.bitmap_index = 21269, .adv_w = 320, .box_w = 17, .box_h = 18, .ofs_x = 1, .ofs_y = -1},
    {.bitmap_index = 21422, .adv_w = 320, .box_w = 20, .box_h = 19, .ofs_x = 0, .ofs_y = -1},
    {.bitmap_index = 21612, .adv_w = 320, .box_w = 15, .box_h = 16, .ofs_x = 2, .ofs_y = -1},
    {.bitmap_index = 21732, .adv_w = 320, .box_w = 17, .box_h = 19, .ofs_x = 2, .ofs_y = -1},
    {.bitmap_index = 21894, .adv_w = 320, .box_w = 17, .box_h = 19, .ofs_x = 1, .ofs_y = -1},
    {.bitmap_index = 22056, .adv_w = 320, .box_w = 19, .box_h = 20, .ofs_x = 1, .ofs_y = -2},
    {.bitmap_index = 22246, .adv_w = 320, .box_w = 18, .box_h = 18, .ofs_x = 1, .ofs_y = -1},
    {.bitmap_index = 22408, .adv_w = 320, .box_w = 18, .box_h = 18, .ofs_x = 1, .ofs_y = -2},
    {.bitmap_index = 22570, .adv_w = 320, .box_w = 16, .box_h = 16, .ofs_x = 2, .ofs_y = 0},
    {.bitmap_index = 22698, .adv_w = 320, .box_w = 19, .box_h = 19, .ofs_x = 1, .ofs_y = -1},
    {.bitmap_index = 22879, .adv_w = 320, .box_w = 18, .box_h = 17, .ofs_x = 1, .ofs_y = -1},
    {.bitmap_index = 23032, .adv_w = 320, .box_w = 19, .box_h = 20, .ofs_x = 1, .ofs_y = -2},
    {.bitmap_index = 23222, .adv_w = 320, .box_w = 11, .box_h = 17, .ofs_x = 6, .ofs_y = -1},
    {.bitmap_index = 23316, .adv_w = 320, .box_w = 13, .box_h = 17, .ofs_x = 5, .ofs_y = -1},
    {.bitmap_index = 23427, .adv_w = 320, .box_w = 18, .box_h = 18, .ofs_x = 1, .ofs_y = -1},
    {.bitmap_index = 23589, .adv_w = 320, .box_w = 17, .box_h = 13, .ofs_x = 1, .ofs_y = 1},
    {.bitmap_index = 23700, .adv_w = 320, .box_w = 15, .box_h = 16, .ofs_x = 2, .ofs_y = -1},
    {.bitmap_index = 23820, .adv_w = 320, .box_w = 18, .box_h = 18, .ofs_x = 1, .ofs_y = -1},
    {.bitmap_index = 23982, .adv_w = 320, .box_w = 14, .box_h = 16, .ofs_x = 2, .ofs_y = 0},
    {.bitmap_index = 24094, .adv_w = 320, .box_w = 18, .box_h = 14, .ofs_x = 1, .ofs_y = 0},
    {.bitmap_index = 24220, .adv_w = 320, .box_w = 19, .box_h = 17, .ofs_x = 1, .ofs_y = 0},
    {.bitmap_index = 24382, .adv_w = 320, .box_w = 19, .box_h = 18, .ofs_x = 1, .ofs_y = -1},
    {.bitmap_index = 24553, .adv_w = 320, .box_w = 14, .box_h = 17, .ofs_x = 4, .ofs_y = 0},
    {.bitmap_index = 24672, .adv_w = 320, .box_w = 16, .box_h = 19, .ofs_x = 3, .ofs_y = -1},
    {.bitmap_index = 24824, .adv_w = 320, .box_w = 16, .box_h = 18, .ofs_x = 3, .ofs_y = -1},
    {.bitmap_index = 24968, .adv_w = 320, .box_w = 16, .box_h = 16, .ofs_x = 2, .ofs_y = -1},
    {.bitmap_index = 25096, .adv_w = 320, .box_w = 18, .box_h = 19, .ofs_x = 2, .ofs_y = -1},
    {.bitmap_index = 25267, .adv_w = 320, .box_w = 18, .box_h = 18, .ofs_x = 2, .ofs_y = -1},
    {.bitmap_index = 25429, .adv_w = 320, .box_w = 18, .box_h = 13, .ofs_x = 1, .ofs_y = 0},
    {.bitmap_index = 25546, .adv_w = 320, .box_w = 18, .box_h = 16, .ofs_x = 1, .ofs_y = 0},
    {.bitmap_index = 25690, .adv_w = 320, .box_w = 18, .box_h = 15, .ofs_x = 1, .ofs_y = 0},
    {.bitmap_index = 25825, .adv_w = 320, .box_w = 18, .box_h = 18, .ofs_x = 1, .ofs_y = -1},
    {.bitmap_index = 25987, .adv_w = 320, .box_w = 18, .box_h = 19, .ofs_x = 1, .ofs_y = -1},
    {.bitmap_index = 26158, .adv_w = 320, .box_w = 18, .box_h = 19, .ofs_x = 1, .ofs_y = -1},
    {.bitmap_index = 26329, .adv_w = 320, .box_w = 17, .box_h = 16, .ofs_x = 2, .ofs_y = -1},
    {.bitmap_index = 26465, .adv_w = 320, .box_w = 14, .box_h = 16, .ofs_x = 3, .ofs_y = 0},
    {.bitmap_index = 26577, .adv_w = 320, .box_w = 18, .box_h = 18, .ofs_x = 1, .ofs_y = -1},
    {.bitmap_index = 26739, .adv_w = 320, .box_w = 16, .box_h = 16, .ofs_x = 2, .ofs_y = 0},
    {.bitmap_index = 26867, .adv_w = 320, .box_w = 17, .box_h = 16, .ofs_x = 2, .ofs_y = 0},
    {.bitmap_index = 27003, .adv_w = 320, .box_w = 15, .box_h = 14, .ofs_x = 3, .ofs_y = -2},
    {.bitmap_index = 27108, .adv_w = 320, .box_w = 18, .box_h = 17, .ofs_x = 1, .ofs_y = -1},
    {.bitmap_index = 27261, .adv_w = 320, .box_w = 16, .box_h = 11, .ofs_x = 2, .ofs_y = 0},
    {.bitmap_index = 27349, .adv_w = 320, .box_w = 18, .box_h = 14, .ofs_x = 1, .ofs_y = 1},
    {.bitmap_index = 27475, .adv_w = 320, .box_w = 12, .box_h = 14, .ofs_x = 4, .ofs_y = -2},
    {.bitmap_index = 27559, .adv_w = 320, .box_w = 14, .box_h = 16, .ofs_x = 3, .ofs_y = -1},
    {.bitmap_index = 27671, .adv_w = 320, .box_w = 16, .box_h = 17, .ofs_x = 2, .ofs_y = -1},
    {.bitmap_index = 27807, .adv_w = 320, .box_w = 12, .box_h = 16, .ofs_x = 4, .ofs_y = 0},
    {.bitmap_index = 27903, .adv_w = 320, .box_w = 18, .box_h = 16, .ofs_x = 1, .ofs_y = 0},
    {.bitmap_index = 28047, .adv_w = 320, .box_w = 15, .box_h = 16, .ofs_x = 4, .ofs_y = 0},
    {.bitmap_index = 28167, .adv_w = 320, .box_w = 16, .box_h = 16, .ofs_x = 2, .ofs_y = -1},
    {.bitmap_index = 28295, .adv_w = 320, .box_w = 16, .box_h = 16, .ofs_x = 2, .ofs_y = -1},
    {.bitmap_index = 28423, .adv_w = 320, .box_w = 15, .box_h = 17, .ofs_x = 3, .ofs_y = -1},
    {.bitmap_index = 28551, .adv_w = 320, .box_w = 17, .box_h = 15, .ofs_x = 2, .ofs_y = 0},
    {.bitmap_index = 28679, .adv_w = 320, .box_w = 16, .box_h = 3, .ofs_x = 2, .ofs_y = 7},
    {.bitmap_index = 28703, .adv_w = 320, .box_w = 20, .box_h = 2, .ofs_x = 0, .ofs_y = 7},
    {.bitmap_index = 28723, .adv_w = 320, .box_w = 19, .box_h = 19, .ofs_x = 1, .ofs_y = -1},
    {.bitmap_index = 28904, .adv_w = 320, .box_w = 19, .box_h = 18, .ofs_x = 0, .ofs_y = -2},
    {.bitmap_index = 29075, .adv_w = 320, .box_w = 18, .box_h = 16, .ofs_x = 1, .ofs_y = 0},
    {.bitmap_index = 29219, .adv_w = 320, .box_w = 18, .box_h = 19, .ofs_x = 1, .ofs_y = -1},
    {.bitmap_index = 29390, .adv_w = 320, .box_w = 18, .box_h = 18, .ofs_x = 1, .ofs_y = -2},
    {.bitmap_index = 29552, .adv_w = 320, .box_w = 20, .box_h = 18, .ofs_x = 0, .ofs_y = -2},
    {.bitmap_index = 29732, .adv_w = 320, .box_w = 17, .box_h = 20, .ofs_x = 1, .ofs_y = -2},
    {.bitmap_index = 29902, .adv_w = 320, .box_w = 20, .box_h = 19, .ofs_x = 0, .ofs_y = -1},
    {.bitmap_index = 30092, .adv_w = 320, .box_w = 18, .box_h = 20, .ofs_x = 1, .ofs_y = -2},
    {.bitmap_index = 30272, .adv_w = 320, .box_w = 18, .box_h = 18, .ofs_x = 1, .ofs_y = -1},
    {.bitmap_index = 30434, .adv_w = 320, .box_w = 20, .box_h = 19, .ofs_x = 0, .ofs_y = -1},
    {.bitmap_index = 30624, .adv_w = 320, .box_w = 20, .box_h = 20, .ofs_x = 0, .ofs_y = -2},
    {.bitmap_index = 30824, .adv_w = 320, .box_w = 20, .box_h = 20, .ofs_x = 0, .ofs_y = -2},
    {.bitmap_index = 31024, .adv_w = 320, .box_w = 16, .box_h = 18, .ofs_x = 2, .ofs_y = -2},
    {.bitmap_index = 31168, .adv_w = 320, .box_w = 18, .box_h = 20, .ofs_x = 1, .ofs_y = -2},
    {.bitmap_index = 31348, .adv_w = 320, .box_w = 18, .box_h = 19, .ofs_x = 1, .ofs_y = -2},
    {.bitmap_index = 31519, .adv_w = 320, .box_w = 20, .box_h = 20, .ofs_x = 0, .ofs_y = -2},
    {.bitmap_index = 31719, .adv_w = 320, .box_w = 17, .box_h = 19, .ofs_x = 1, .ofs_y = -2},
    {.bitmap_index = 31881, .adv_w = 320, .box_w = 18, .box_h = 15, .ofs_x = 1, .ofs_y = 0},
    {.bitmap_index = 32016, .adv_w = 320, .box_w = 18, .box_h = 17, .ofs_x = 1, .ofs_y = -1},
    {.bitmap_index = 32169, .adv_w = 320, .box_w = 18, .box_h = 20, .ofs_x = 1, .ofs_y = -2},
    {.bitmap_index = 32349, .adv_w = 320, .box_w = 18, .box_h = 20, .ofs_x = 1, .ofs_y = -2},
    {.bitmap_index = 32529, .adv_w = 320, .box_w = 20, .box_h = 19, .ofs_x = 0, .ofs_y = -1},
    {.bitmap_index = 32719, .adv_w = 320, .box_w = 20, .box_h = 20, .ofs_x = 0, .ofs_y = -2},
    {.bitmap_index = 32919, .adv_w = 320, .box_w = 20, .box_h = 20, .ofs_x = 0, .ofs_y = -2},
    {.bitmap_index = 33119, .adv_w = 320, .box_w = 20, .box_h = 20, .ofs_x = 0, .ofs_y = -2},
    {.bitmap_index = 33319, .adv_w = 320, .box_w = 20, .box_h = 20, .ofs_x = 0, .ofs_y = -2},
    {.bitmap_index = 33519, .adv_w = 320, .box_w = 20, .box_h = 20, .ofs_x = 0, .ofs_y = -2},
    {.bitmap_index = 33719, .adv_w = 320, .box_w = 20, .box_h = 20, .ofs_x = 0, .ofs_y = -2},
    {.bitmap_index = 33919, .adv_w = 320, .box_w = 20, .box_h = 20, .ofs_x = 0, .ofs_y = -2},
    {.bitmap_index = 34119, .adv_w = 320, .box_w = 20, .box_h = 20, .ofs_x = 0, .ofs_y = -2},
    {.bitmap_index = 34319, .adv_w = 320, .box_w = 20, .box_h = 20, .ofs_x = 0, .ofs_y = -2},
    {.bitmap_index = 34519, .adv_w = 320, .box_w = 20, .box_h = 20, .ofs_x = 0, .ofs_y = -2},
    {.bitmap_index = 34719, .adv_w = 320, .box_w = 20, .box_h = 20, .ofs_x = 0, .ofs_y = -2},
    {.bitmap_index = 34919, .adv_w = 320, .box_w = 20, .box_h = 20, .ofs_x = 0, .ofs_y = -2},
    {.bitmap_index = 35119, .adv_w = 320, .box_w = 20, .box_h = 20, .ofs_x = 0, .ofs_y = -2},
    {.bitmap_index = 35319, .adv_w = 320, .box_w = 20, .box_h = 20, .ofs_x = 0, .ofs_y = -2},
    {.bitmap_index = 35519, .adv_w = 320, .box_w = 20, .box_h = 20, .ofs_x = 0, .ofs_y = -2},
    {.bitmap_index = 35719, .adv_w = 320, .box_w = 20, .box_h = 20, .ofs_x = 0, .ofs_y = -2},
    {.bitmap_index = 35919, .adv_w = 320, .box_w = 20, .box_h = 20, .ofs_x = 0, .ofs_y = -2},
    {.bitmap_index = 36119, .adv_w = 320, .box_w = 19, .box_h = 20, .ofs_x = 1, .ofs_y = -2},
    {.bitmap_index = 36309, .adv_w = 320, .box_w = 19, .box_h = 18, .ofs_x = 1, .ofs_y = -2},
    {.bitmap_index = 36480, .adv_w = 320, .box_w = 20, .box_h = 19, .ofs_x = 0, .ofs_y = -2},
    {.bitmap_index = 36670, .adv_w = 320, .box_w = 19, .box_h = 20, .ofs_x = 1, .ofs_y = -2},
    {.bitmap_index = 36860, .adv_w = 320, .box_w = 20, .box_h = 18, .ofs_x = 0, .ofs_y = -1},
    {.bitmap_index = 37040, .adv_w = 320, .box_w = 20, .box_h = 19, .ofs_x = 0, .ofs_y = -1},
    {.bitmap_index = 37230, .adv_w = 320, .box_w = 20, .box_h = 17, .ofs_x = 0, .ofs_y = -1},
    {.bitmap_index = 37400, .adv_w = 320, .box_w = 19, .box_h = 18, .ofs_x = 1, .ofs_y = -1},
    {.bitmap_index = 37571, .adv_w = 320, .box_w = 19, .box_h = 20, .ofs_x = 0, .ofs_y = -2},
    {.bitmap_index = 37761, .adv_w = 320, .box_w = 19, .box_h = 20, .ofs_x = 1, .ofs_y = -2},
    {.bitmap_index = 37951, .adv_w = 320, .box_w = 20, .box_h = 19, .ofs_x = 0, .ofs_y = -2},
    {.bitmap_index = 38141, .adv_w = 320, .box_w = 18, .box_h = 19, .ofs_x = 1, .ofs_y = -2},
    {.bitmap_index = 38312, .adv_w = 320, .box_w = 20, .box_h = 20, .ofs_x = 0, .ofs_y = -2},
    {.bitmap_index = 38512, .adv_w = 320, .box_w = 19, .box_h = 20, .ofs_x = 1, .ofs_y = -2},
    {.bitmap_index = 38702, .adv_w = 320, .box_w = 16, .box_h = 20, .ofs_x = 2, .ofs_y = -2},
    {.bitmap_index = 38862, .adv_w = 320, .box_w = 20, .box_h = 20, .ofs_x = 0, .ofs_y = -2},
    {.bitmap_index = 39062, .adv_w = 320, .box_w = 19, .box_h = 19, .ofs_x = 0, .ofs_y = -2},
    {.bitmap_index = 39243, .adv_w = 320, .box_w = 18, .box_h = 20, .ofs_x = 1, .ofs_y = -2},
    {.bitmap_index = 39423, .adv_w = 320, .box_w = 19, .box_h = 20, .ofs_x = 0, .ofs_y = -2},
    {.bitmap_index = 39613, .adv_w = 320, .box_w = 18, .box_h = 20, .ofs_x = 1, .ofs_y = -2},
    {.bitmap_index = 39793, .adv_w = 320, .box_w = 18, .box_h = 20, .ofs_x = 1, .ofs_y = -2},
    {.bitmap_index = 39973, .adv_w = 320, .box_w = 20, .box_h = 19, .ofs_x = 0, .ofs_y = -1},
    {.bitmap_index = 40163, .adv_w = 320, .box_w = 19, .box_h = 18, .ofs_x = 1, .ofs_y = -1},
    {.bitmap_index = 40334, .adv_w = 320, .box_w = 19, .box_h = 20, .ofs_x = 1, .ofs_y = -2},
    {.bitmap_index = 40524, .adv_w = 320, .box_w = 18, .box_h = 20, .ofs_x = 1, .ofs_y = -2},
    {.bitmap_index = 40704, .adv_w = 320, .box_w = 18, .box_h = 20, .ofs_x = 1, .ofs_y = -2},
    {.bitmap_index = 40884, .adv_w = 320, .box_w = 18, .box_h = 20, .ofs_x = 1, .ofs_y = -2},
    {.bitmap_index = 41064, .adv_w = 320, .box_w = 18, .box_h = 20, .ofs_x = 1, .ofs_y = -2},
    {.bitmap_index = 41244, .adv_w = 320, .box_w = 18, .box_h = 20, .ofs_x = 1, .ofs_y = -2},
    {.bitmap_index = 41424, .adv_w = 320, .box_w = 19, .box_h = 19, .ofs_x = 0, .ofs_y = -2},
    {.bitmap_index = 41605, .adv_w = 320, .box_w = 19, .box_h = 20, .ofs_x = 1, .ofs_y = -2},
    {.bitmap_index = 41795, .adv_w = 320, .box_w = 20, .box_h = 20, .ofs_x = 0, .ofs_y = -2},
    {.bitmap_index = 41995, .adv_w = 320, .box_w = 20, .box_h = 20, .ofs_x = 0, .ofs_y = -2},
    {.bitmap_index = 42195, .adv_w = 320, .box_w = 16, .box_h = 18, .ofs_x = 2, .ofs_y = -2},
    {.bitmap_index = 42339, .adv_w = 320, .box_w = 18, .box_h = 20, .ofs_x = 1, .ofs_y = -2},
    {.bitmap_index = 42519, .adv_w = 320, .box_w = 18, .box_h = 18, .ofs_x = 1, .ofs_y = -2},
    {.bitmap_index = 42681, .adv_w = 320, .box_w = 19, .box_h = 20, .ofs_x = 0, .ofs_y = -2},
    {.bitmap_index = 42871, .adv_w = 320, .box_w = 17, .box_h = 19, .ofs_x = 1, .ofs_y = -2},
    {.bitmap_index = 43033, .adv_w = 320, .box_w = 19, .box_h = 20, .ofs_x = 1, .ofs_y = -2},
    {.bitmap_index = 43223, .adv_w = 320, .box_w = 17, .box_h = 20, .ofs_x = 0, .ofs_y = -2},
    {.bitmap_index = 43393, .adv_w = 320, .box_w = 20, .box_h = 20, .ofs_x = 0, .ofs_y = -2},
    {.bitmap_index = 43593, .adv_w = 320, .box_w = 18, .box_h = 20, .ofs_x = 1, .ofs_y = -2},
    {.bitmap_index = 43773, .adv_w = 320, .box_w = 18, .box_h = 20, .ofs_x = 1, .ofs_y = -2},
    {.bitmap_index = 43953, .adv_w = 320, .box_w = 18, .box_h = 19, .ofs_x = 1, .ofs_y = -2},
    {.bitmap_index = 44124, .adv_w = 320, .box_w = 18, .box_h = 19, .ofs_x = 1, .ofs_y = -2},
    {.bitmap_index = 44295, .adv_w = 320, .box_w = 19, .box_h = 20, .ofs_x = 1, .ofs_y = -2},
    {.bitmap_index = 44485, .adv_w = 320, .box_w = 18, .box_h = 19, .ofs_x = 1, .ofs_y = -2},
    {.bitmap_index = 44656, .adv_w = 320, .box_w = 18, .box_h = 20, .ofs_x = 1, .ofs_y = -2},
    {.bitmap_index = 44836, .adv_w = 320, .box_w = 18, .box_h = 19, .ofs_x = 1, .ofs_y = -2},
    {.bitmap_index = 45007, .adv_w = 320, .box_w = 19, .box_h = 20, .ofs_x = 1, .ofs_y = -2},
    {.bitmap_index = 45197, .adv_w = 320, .box_w = 20, .box_h = 20, .ofs_x = 0, .ofs_y = -2},
    {.bitmap_index = 45397, .adv_w = 320, .box_w = 18, .box_h = 19, .ofs_x = 1, .ofs_y = -2},
    {.bitmap_index = 45568, .adv_w = 320, .box_w = 19, .box_h = 20, .ofs_x = 1, .ofs_y = -2},
    {.bitmap_index = 45758, .adv_w = 320, .box_w = 18, .box_h = 18, .ofs_x = 1, .ofs_y = -2},
    {.bitmap_index = 45920, .adv_w = 320, .box_w = 18, .box_h = 19, .ofs_x = 1, .ofs_y = -2},
    {.bitmap_index = 46091, .adv_w = 320, .box_w = 18, .box_h = 19, .ofs_x = 1, .ofs_y = -2},
    {.bitmap_index = 46262, .adv_w = 320, .box_w = 18, .box_h = 19, .ofs_x = 1, .ofs_y = -2},
    {.bitmap_index = 46433, .adv_w = 320, .box_w = 18, .box_h = 19, .ofs_x = 1, .ofs_y = -2},
    {.bitmap_index = 46604, .adv_w = 320, .box_w = 19, .box_h = 20, .ofs_x = 0, .ofs_y = -2},
    {.bitmap_index = 46794, .adv_w = 320, .box_w = 19, .box_h = 20, .ofs_x = 0, .ofs_y = -2},
    {.bitmap_index = 46984, .adv_w = 320, .box_w = 20, .box_h = 20, .ofs_x = 0, .ofs_y = -2},
    {.bitmap_index = 47184, .adv_w = 320, .box_w = 18, .box_h = 20, .ofs_x = 1, .ofs_y = -2},
    {.bitmap_index = 47364, .adv_w = 320, .box_w = 20, .box_h = 20, .ofs_x = 0, .ofs_y = -2},
    {.bitmap_index = 47564, .adv_w = 320, .box_w = 20, .box_h = 20, .ofs_x = 0, .ofs_y = -2},
    {.bitmap_index = 47764, .adv_w = 320, .box_w = 20, .box_h = 18, .ofs_x = 0, .ofs_y = -2},
    {.bitmap_index = 47944, .adv_w = 320, .box_w = 20, .box_h = 20, .ofs_x = 0, .ofs_y = -2},
    {.bitmap_index = 48144, .adv_w = 320, .box_w = 20, .box_h = 20, .ofs_x = 0, .ofs_y = -2},
    {.bitmap_index = 48344, .adv_w = 320, .box_w = 18, .box_h = 20, .ofs_x = 1, .ofs_y = -2},
    {.bitmap_index = 48524, .adv_w = 320, .box_w = 19, .box_h = 20, .ofs_x = 0, .ofs_y = -2},
    {.bitmap_index = 48714, .adv_w = 320, .box_w = 20, .box_h = 20, .ofs_x = 0, .ofs_y = -2},
    {.bitmap_index = 48914, .adv_w = 320, .box_w = 20, .box_h = 20, .ofs_x = 0, .ofs_y = -2},
    {.bitmap_index = 49114, .adv_w = 320, .box_w = 20, .box_h = 20, .ofs_x = 0, .ofs_y = -2},
    {.bitmap_index = 49314, .adv_w = 320, .box_w = 20, .box_h = 20, .ofs_x = 0, .ofs_y = -2},
    {.bitmap_index = 49514, .adv_w = 320, .box_w = 19, .box_h = 20, .ofs_x = 1, .ofs_y = -2},
    {.bitmap_index = 49704, .adv_w = 320, .box_w = 19, .box_h = 19, .ofs_x = 1, .ofs_y = -2},
    {.bitmap_index = 49885, .adv_w = 320, .box_w = 18, .box_h = 20, .ofs_x = 1, .ofs_y = -2},
    {.bitmap_index = 50065, .adv_w = 320, .box_w = 20, .box_h = 20, .ofs_x = 0, .ofs_y = -2},
    {.bitmap_index = 50265, .adv_w = 320, .box_w = 18, .box_h = 20, .ofs_x = 1, .ofs_y = -2},
    {.bitmap_index = 50445, .adv_w = 320, .box_w = 20, .box_h = 20, .ofs_x = 0, .ofs_y = -2},
    {.bitmap_index = 50645, .adv_w = 320, .box_w = 18, .box_h = 20, .ofs_x = 1, .ofs_y = -2},
    {.bitmap_index = 50825, .adv_w = 320, .box_w = 18, .box_h = 19, .ofs_x = 1, .ofs_y = -1},
    {.bitmap_index = 50996, .adv_w = 320, .box_w = 19, .box_h = 20, .ofs_x = 1, .ofs_y = -2},
    {.bitmap_index = 51186, .adv_w = 320, .box_w = 20, .box_h = 20, .ofs_x = 0, .ofs_y = -2},
    {.bitmap_index = 51386, .adv_w = 320, .box_w = 20, .box_h = 20, .ofs_x = 0, .ofs_y = -2},
    {.bitmap_index = 51586, .adv_w = 320, .box_w = 19, .box_h = 20, .ofs_x = 0, .ofs_y = -2},
    {.bitmap_index = 51776, .adv_w = 320, .box_w = 20, .box_h = 20, .ofs_x = 0, .ofs_y = -2},
    {.bitmap_index = 51976, .adv_w = 320, .box_w = 20, .box_h = 20, .ofs_x = 0, .ofs_y = -2},
    {.bitmap_index = 52176, .adv_w = 320, .box_w = 20, .box_h = 19, .ofs_x = 0, .ofs_y = -1},
    {.bitmap_index = 52366, .adv_w = 320, .box_w = 19, .box_h = 19, .ofs_x = 0, .ofs_y = -2},
    {.bitmap_index = 52547, .adv_w = 320, .box_w = 19, .box_h = 19, .ofs_x = 0, .ofs_y = -2},
    {.bitmap_index = 52728, .adv_w = 320, .box_w = 16, .box_h = 20, .ofs_x = 2, .ofs_y = -2},
    {.bitmap_index = 52888, .adv_w = 320, .box_w = 18, .box_h = 18, .ofs_x = 0, .ofs_y = -2},
    {.bitmap_index = 53050, .adv_w = 320, .box_w = 19, .box_h = 19, .ofs_x = 0, .ofs_y = -1},
    {.bitmap_index = 53231, .adv_w = 320, .box_w = 18, .box_h = 18, .ofs_x = 1, .ofs_y = -1},
    {.bitmap_index = 53393, .adv_w = 320, .box_w = 18, .box_h = 20, .ofs_x = 1, .ofs_y = -2},
    {.bitmap_index = 53573, .adv_w = 320, .box_w = 19, .box_h = 20, .ofs_x = 0, .ofs_y = -2},
    {.bitmap_index = 53763, .adv_w = 320, .box_w = 20, .box_h = 20, .ofs_x = 0, .ofs_y = -2},
    {.bitmap_index = 53963, .adv_w = 320, .box_w = 18, .box_h = 18, .ofs_x = 1, .ofs_y = -2},
    {.bitmap_index = 54125, .adv_w = 320, .box_w = 18, .box_h = 18, .ofs_x = 1, .ofs_y = -2},
    {.bitmap_index = 54287, .adv_w = 320, .box_w = 20, .box_h = 20, .ofs_x = 0, .ofs_y = -2},
    {.bitmap_index = 54487, .adv_w = 320, .box_w = 20, .box_h = 20, .ofs_x = 0, .ofs_y = -2},
    {.bitmap_index = 54687, .adv_w = 320, .box_w = 19, .box_h = 20, .ofs_x = 0, .ofs_y = -2},
    {.bitmap_index = 54877, .adv_w = 320, .box_w = 20, .box_h = 20, .ofs_x = 0, .ofs_y = -2},
    {.bitmap_index = 55077, .adv_w = 320, .box_w = 20, .box_h = 20, .ofs_x = 0, .ofs_y = -2},
    {.bitmap_index = 55277, .adv_w = 320, .box_w = 18, .box_h = 19, .ofs_x = 1, .ofs_y = -2},
    {.bitmap_index = 55448, .adv_w = 320, .box_w = 18, .box_h = 20, .ofs_x = 1, .ofs_y = -2},
    {.bitmap_index = 55628, .adv_w = 320, .box_w = 20, .box_h = 20, .ofs_x = 0, .ofs_y = -2},
    {.bitmap_index = 55828, .adv_w = 320, .box_w = 20, .box_h = 20, .ofs_x = 0, .ofs_y = -2},
    {.bitmap_index = 56028, .adv_w = 320, .box_w = 20, .box_h = 20, .ofs_x = 0, .ofs_y = -2},
    {.bitmap_index = 56228, .adv_w = 320, .box_w = 20, .box_h = 20, .ofs_x = 0, .ofs_y = -2},
    {.bitmap_index = 56428, .adv_w = 320, .box_w = 20, .box_h = 20, .ofs_x = 0, .ofs_y = -2},
    {.bitmap_index = 56628, .adv_w = 320, .box_w = 19, .box_h = 20, .ofs_x = 1, .ofs_y = -2},
    {.bitmap_index = 56818, .adv_w = 320, .box_w = 18, .box_h = 18, .ofs_x = 1, .ofs_y = -1},
    {.bitmap_index = 56980, .adv_w = 320, .box_w = 18, .box_h = 20, .ofs_x = 1, .ofs_y = -2},
    {.bitmap_index = 57160, .adv_w = 320, .box_w = 20, .box_h = 20, .ofs_x = 0, .ofs_y = -2},
    {.bitmap_index = 57360, .adv_w = 320, .box_w = 17, .box_h = 20, .ofs_x = 0, .ofs_y = -2},
    {.bitmap_index = 57530, .adv_w = 320, .box_w = 19, .box_h = 20, .ofs_x = 0, .ofs_y = -2},
    {.bitmap_index = 57720, .adv_w = 320, .box_w = 20, .box_h = 20, .ofs_x = 0, .ofs_y = -2},
    {.bitmap_index = 57920, .adv_w = 320, .box_w = 19, .box_h = 20, .ofs_x = 1, .ofs_y = -2},
    {.bitmap_index = 58110, .adv_w = 320, .box_w = 20, .box_h = 20, .ofs_x = 0, .ofs_y = -2},
    {.bitmap_index = 58310, .adv_w = 320, .box_w = 19, .box_h = 20, .ofs_x = 0, .ofs_y = -2},
    {.bitmap_index = 58500, .adv_w = 320, .box_w = 20, .box_h = 20, .ofs_x = 0, .ofs_y = -2},
    {.bitmap_index = 58700, .adv_w = 320, .box_w = 20, .box_h = 20, .ofs_x = 0, .ofs_y = -2},
    {.bitmap_index = 58900, .adv_w = 320, .box_w = 20, .box_h = 20, .ofs_x = 0, .ofs_y = -2},
    {.bitmap_index = 59100, .adv_w = 320, .box_w = 20, .box_h = 20, .ofs_x = 0, .ofs_y = -2},
    {.bitmap_index = 59300, .adv_w = 320, .box_w = 20, .box_h = 20, .ofs_x = 0, .ofs_y = -2},
    {.bitmap_index = 59500, .adv_w = 320, .box_w = 18, .box_h = 20, .ofs_x = 1, .ofs_y = -2},
    {.bitmap_index = 59680, .adv_w = 320, .box_w = 20, .box_h = 20, .ofs_x = 0, .ofs_y = -2},
    {.bitmap_index = 59880, .adv_w = 320, .box_w = 19, .box_h = 20, .ofs_x = 1, .ofs_y = -2},
    {.bitmap_index = 60070, .adv_w = 320, .box_w = 20, .box_h = 20, .ofs_x = 0, .ofs_y = -2},
    {.bitmap_index = 60270, .adv_w = 320, .box_w = 20, .box_h = 20, .ofs_x = 0, .ofs_y = -2},
    {.bitmap_index = 60470, .adv_w = 320, .box_w = 19, .box_h = 20, .ofs_x = 0, .ofs_y = -2},
    {.bitmap_index = 60660, .adv_w = 320, .box_w = 20, .box_h = 20, .ofs_x = 0, .ofs_y = -2},
    {.bitmap_index = 60860, .adv_w = 320, .box_w = 20, .box_h = 18, .ofs_x = 0, .ofs_y = -2},
    {.bitmap_index = 61040, .adv_w = 320, .box_w = 14, .box_h = 18, .ofs_x = 3, .ofs_y = -2},
    {.bitmap_index = 61166, .adv_w = 320, .box_w = 16, .box_h = 19, .ofs_x = 2, .ofs_y = -2},
    {.bitmap_index = 61318, .adv_w = 320, .box_w = 20, .box_h = 19, .ofs_x = 0, .ofs_y = -2},
    {.bitmap_index = 61508, .adv_w = 320, .box_w = 19, .box_h = 20, .ofs_x = 1, .ofs_y = -2},
    {.bitmap_index = 61698, .adv_w = 320, .box_w = 18, .box_h = 19, .ofs_x = 1, .ofs_y = -2},
    {.bitmap_index = 61869, .adv_w = 320, .box_w = 19, .box_h = 20, .ofs_x = 1, .ofs_y = -2},
    {.bitmap_index = 62059, .adv_w = 320, .box_w = 20, .box_h = 19, .ofs_x = 0, .ofs_y = -2},
    {.bitmap_index = 62249, .adv_w = 320, .box_w = 20, .box_h = 18, .ofs_x = 0, .ofs_y = -1},
    {.bitmap_index = 62429, .adv_w = 320, .box_w = 19, .box_h = 20, .ofs_x = 1, .ofs_y = -2},
    {.bitmap_index = 62619, .adv_w = 320, .box_w = 19, .box_h = 20, .ofs_x = 1, .ofs_y = -2},
    {.bitmap_index = 62809, .adv_w = 320, .box_w = 19, .box_h = 19, .ofs_x = 0, .ofs_y = -2},
    {.bitmap_index = 62990, .adv_w = 320, .box_w = 18, .box_h = 20, .ofs_x = 1, .ofs_y = -2},
    {.bitmap_index = 63170, .adv_w = 320, .box_w = 19, .box_h = 20, .ofs_x = 0, .ofs_y = -2},
    {.bitmap_index = 63360, .adv_w = 320, .box_w = 19, .box_h = 19, .ofs_x = 0, .ofs_y = -2},
    {.bitmap_index = 63541, .adv_w = 320, .box_w = 19, .box_h = 20, .ofs_x = 0, .ofs_y = -2},
    {.bitmap_index = 63731, .adv_w = 320, .box_w = 20, .box_h = 20, .ofs_x = 0, .ofs_y = -2},
    {.bitmap_index = 63931, .adv_w = 320, .box_w = 20, .box_h = 20, .ofs_x = 0, .ofs_y = -2},
    {.bitmap_index = 64131, .adv_w = 320, .box_w = 20, .box_h = 19, .ofs_x = 0, .ofs_y = -2},
    {.bitmap_index = 64321, .adv_w = 320, .box_w = 20, .box_h = 20, .ofs_x = 0, .ofs_y = -2},
    {.bitmap_index = 64521, .adv_w = 320, .box_w = 20, .box_h = 20, .ofs_x = 0, .ofs_y = -2},
    {.bitmap_index = 64721, .adv_w = 320, .box_w = 20, .box_h = 19, .ofs_x = 0, .ofs_y = -2},
    {.bitmap_index = 64911, .adv_w = 320, .box_w = 20, .box_h = 19, .ofs_x = 0, .ofs_y = -1},
    {.bitmap_index = 65101, .adv_w = 320, .box_w = 20, .box_h = 20, .ofs_x = 0, .ofs_y = -2},
    {.bitmap_index = 65301, .adv_w = 320, .box_w = 20, .box_h = 20, .ofs_x = 0, .ofs_y = -2},
    {.bitmap_index = 65501, .adv_w = 320, .box_w = 20, .box_h = 20, .ofs_x = 0, .ofs_y = -2},
    {.bitmap_index = 65701, .adv_w = 320, .box_w = 20, .box_h = 20, .ofs_x = 0, .ofs_y = -2},
    {.bitmap_index = 65901, .adv_w = 320, .box_w = 20, .box_h = 20, .ofs_x = 0, .ofs_y = -2},
    {.bitmap_index = 66101, .adv_w = 320, .box_w = 20, .box_h = 20, .ofs_x = 0, .ofs_y = -2},
    {.bitmap_index = 66301, .adv_w = 320, .box_w = 20, .box_h = 20, .ofs_x = 0, .ofs_y = -2},
    {.bitmap_index = 66501, .adv_w = 320, .box_w = 20, .box_h = 20, .ofs_x = 0, .ofs_y = -2},
    {.bitmap_index = 66701, .adv_w = 320, .box_w = 18, .box_h = 17, .ofs_x = 1, .ofs_y = -1},
    {.bitmap_index = 66854, .adv_w = 320, .box_w = 19, .box_h = 20, .ofs_x = 1, .ofs_y = -2},
    {.bitmap_index = 67044, .adv_w = 320, .box_w = 18, .box_h = 19, .ofs_x = 1, .ofs_y = -2},
    {.bitmap_index = 67215, .adv_w = 320, .box_w = 20, .box_h = 21, .ofs_x = 0, .ofs_y = -3},
    {.bitmap_index = 67425, .adv_w = 320, .box_w = 20, .box_h = 21, .ofs_x = 0, .ofs_y = -3},
    {.bitmap_index = 67635, .adv_w = 320, .box_w = 20, .box_h = 20, .ofs_x = 0, .ofs_y = -2},
    {.bitmap_index = 67835, .adv_w = 320, .box_w = 20, .box_h = 20, .ofs_x = 0, .ofs_y = -2},
    {.bitmap_index = 68035, .adv_w = 320, .box_w = 20, .box_h = 20, .ofs_x = 0, .ofs_y = -2},
    {.bitmap_index = 68235, .adv_w = 320, .box_w = 20, .box_h = 20, .ofs_x = 0, .ofs_y = -2},
    {.bitmap_index = 68435, .adv_w = 320, .box_w = 20, .box_h = 20, .ofs_x = 0, .ofs_y = -2},
    {.bitmap_index = 68635, .adv_w = 320, .box_w = 20, .box_h = 20, .ofs_x = 0, .ofs_y = -2},
    {.bitmap_index = 68835, .adv_w = 320, .box_w = 20, .box_h = 20, .ofs_x = 0, .ofs_y = -2},
    {.bitmap_index = 69035, .adv_w = 320, .box_w = 19, .box_h = 20, .ofs_x = 0, .ofs_y = -2},
    {.bitmap_index = 69225, .adv_w = 320, .box_w = 19, .box_h = 20, .ofs_x = 0, .ofs_y = -2},
    {.bitmap_index = 69415, .adv_w = 320, .box_w = 20, .box_h = 20, .ofs_x = 0, .ofs_y = -2},
    {.bitmap_index = 69615, .adv_w = 320, .box_w = 19, .box_h = 20, .ofs_x = 0, .ofs_y = -2},
    {.bitmap_index = 69805, .adv_w = 320, .box_w = 20, .box_h = 20, .ofs_x = 0, .ofs_y = -2},
    {.bitmap_index = 70005, .adv_w = 320, .box_w = 19, .box_h = 20, .ofs_x = 0, .ofs_y = -2},
    {.bitmap_index = 70195, .adv_w = 320, .box_w = 20, .box_h = 20, .ofs_x = 0, .ofs_y = -2},
    {.bitmap_index = 70395, .adv_w = 320, .box_w = 20, .box_h = 20, .ofs_x = 0, .ofs_y = -2},
    {.bitmap_index = 70595, .adv_w = 320, .box_w = 20, .box_h = 20, .ofs_x = 0, .ofs_y = -2},
    {.bitmap_index = 70795, .adv_w = 320, .box_w = 20, .box_h = 20, .ofs_x = 0, .ofs_y = -2},
    {.bitmap_index = 70995, .adv_w = 320, .box_w = 20, .box_h = 19, .ofs_x = 0, .ofs_y = -2},
    {.bitmap_index = 71185, .adv_w = 320, .box_w = 19, .box_h = 20, .ofs_x = 0, .ofs_y = -2},
    {.bitmap_index = 71375, .adv_w = 320, .box_w = 19, .box_h = 19, .ofs_x = 0, .ofs_y = -2},
    {.bitmap_index = 71556, .adv_w = 320, .box_w = 18, .box_h = 20, .ofs_x = 1, .ofs_y = -2},
    {.bitmap_index = 71736, .adv_w = 320, .box_w = 19, .box_h = 20, .ofs_x = 0, .ofs_y = -2},
    {.bitmap_index = 71926, .adv_w = 320, .box_w = 20, .box_h = 20, .ofs_x = 0, .ofs_y = -2},
    {.bitmap_index = 72126, .adv_w = 320, .box_w = 19, .box_h = 20, .ofs_x = 0, .ofs_y = -2},
    {.bitmap_index = 72316, .adv_w = 320, .box_w = 19, .box_h = 20, .ofs_x = 0, .ofs_y = -2},
    {.bitmap_index = 72506, .adv_w = 320, .box_w = 20, .box_h = 19, .ofs_x = 0, .ofs_y = -2},
    {.bitmap_index = 72696, .adv_w = 320, .box_w = 18, .box_h = 19, .ofs_x = 1, .ofs_y = -1},
    {.bitmap_index = 72867, .adv_w = 320, .box_w = 18, .box_h = 18, .ofs_x = 0, .ofs_y = -2},
    {.bitmap_index = 73029, .adv_w = 320, .box_w = 18, .box_h = 20, .ofs_x = 2, .ofs_y = -2},
    {.bitmap_index = 73209, .adv_w = 320, .box_w = 19, .box_h = 18, .ofs_x = 1, .ofs_y = -2},
    {.bitmap_index = 73380, .adv_w = 320, .box_w = 20, .box_h = 20, .ofs_x = 0, .ofs_y = -2},
    {.bitmap_index = 73580, .adv_w = 320, .box_w = 16, .box_h = 20, .ofs_x = 2, .ofs_y = -2},
    {.bitmap_index = 73740, .adv_w = 320, .box_w = 18, .box_h = 19, .ofs_x = 1, .ofs_y = -2},
    {.bitmap_index = 73911, .adv_w = 320, .box_w = 18, .box_h = 20, .ofs_x = 1, .ofs_y = -2},
    {.bitmap_index = 74091, .adv_w = 320, .box_w = 14, .box_h = 19, .ofs_x = 3, .ofs_y = -2},
    {.bitmap_index = 74224, .adv_w = 320, .box_w = 19, .box_h = 20, .ofs_x = 0, .ofs_y = -2},
    {.bitmap_index = 74414, .adv_w = 320, .box_w = 18, .box_h = 20, .ofs_x = 1, .ofs_y = -2},
    {.bitmap_index = 74594, .adv_w = 320, .box_w = 19, .box_h = 19, .ofs_x = 1, .ofs_y = -2},
    {.bitmap_index = 74775, .adv_w = 320, .box_w = 19, .box_h = 20, .ofs_x = 1, .ofs_y = -2},
    {.bitmap_index = 74965, .adv_w = 320, .box_w = 19, .box_h = 19, .ofs_x = 1, .ofs_y = -1},
    {.bitmap_index = 75146, .adv_w = 320, .box_w = 19, .box_h = 20, .ofs_x = 0, .ofs_y = -2},
    {.bitmap_index = 75336, .adv_w = 320, .box_w = 20, .box_h = 20, .ofs_x = 0, .ofs_y = -2},
    {.bitmap_index = 75536, .adv_w = 320, .box_w = 19, .box_h = 20, .ofs_x = 0, .ofs_y = -2},
    {.bitmap_index = 75726, .adv_w = 320, .box_w = 18, .box_h = 20, .ofs_x = 1, .ofs_y = -2},
    {.bitmap_index = 75906, .adv_w = 320, .box_w = 20, .box_h = 20, .ofs_x = 0, .ofs_y = -2},
    {.bitmap_index = 76106, .adv_w = 320, .box_w = 18, .box_h = 19, .ofs_x = 1, .ofs_y = -1},
    {.bitmap_index = 76277, .adv_w = 320, .box_w = 18, .box_h = 20, .ofs_x = 1, .ofs_y = -2},
    {.bitmap_index = 76457, .adv_w = 320, .box_w = 18, .box_h = 20, .ofs_x = 1, .ofs_y = -2},
    {.bitmap_index = 76637, .adv_w = 320, .box_w = 20, .box_h = 20, .ofs_x = 0, .ofs_y = -2},
    {.bitmap_index = 76837, .adv_w = 320, .box_w = 19, .box_h = 20, .ofs_x = 0, .ofs_y = -2},
    {.bitmap_index = 77027, .adv_w = 320, .box_w = 20, .box_h = 20, .ofs_x = 0, .ofs_y = -2},
    {.bitmap_index = 77227, .adv_w = 320, .box_w = 20, .box_h = 20, .ofs_x = 0, .ofs_y = -2},
    {.bitmap_index = 77427, .adv_w = 320, .box_w = 20, .box_h = 20, .ofs_x = 0, .ofs_y = -2},
    {.bitmap_index = 77627, .adv_w = 320, .box_w = 20, .box_h = 20, .ofs_x = 0, .ofs_y = -2},
    {.bitmap_index = 77827, .adv_w = 320, .box_w = 20, .box_h = 19, .ofs_x = 0, .ofs_y = -1},
    {.bitmap_index = 78017, .adv_w = 320, .box_w = 20, .box_h = 20, .ofs_x = 0, .ofs_y = -2},
    {.bitmap_index = 78217, .adv_w = 320, .box_w = 19, .box_h = 20, .ofs_x = 0, .ofs_y = -2},
    {.bitmap_index = 78407, .adv_w = 320, .box_w = 20, .box_h = 19, .ofs_x = 0, .ofs_y = -1},
    {.bitmap_index = 78597, .adv_w = 320, .box_w = 20, .box_h = 20, .ofs_x = 0, .ofs_y = -2},
    {.bitmap_index = 78797, .adv_w = 320, .box_w = 18, .box_h = 18, .ofs_x = 1, .ofs_y = -1},
    {.bitmap_index = 78959, .adv_w = 320, .box_w = 19, .box_h = 20, .ofs_x = 0, .ofs_y = -2},
    {.bitmap_index = 79149, .adv_w = 320, .box_w = 19, .box_h = 19, .ofs_x = 0, .ofs_y = -2},
    {.bitmap_index = 79330, .adv_w = 320, .box_w = 18, .box_h = 19, .ofs_x = 1, .ofs_y = -2},
    {.bitmap_index = 79501, .adv_w = 320, .box_w = 18, .box_h = 20, .ofs_x = 1, .ofs_y = -2},
    {.bitmap_index = 79681, .adv_w = 320, .box_w = 19, .box_h = 20, .ofs_x = 0, .ofs_y = -2},
    {.bitmap_index = 79871, .adv_w = 320, .box_w = 20, .box_h = 20, .ofs_x = 0, .ofs_y = -2},
    {.bitmap_index = 80071, .adv_w = 320, .box_w = 15, .box_h = 20, .ofs_x = 3, .ofs_y = -2},
    {.bitmap_index = 80221, .adv_w = 320, .box_w = 20, .box_h = 20, .ofs_x = 0, .ofs_y = -2},
    {.bitmap_index = 80421, .adv_w = 320, .box_w = 19, .box_h = 20, .ofs_x = 1, .ofs_y = -2},
    {.bitmap_index = 80611, .adv_w = 320, .box_w = 20, .box_h = 20, .ofs_x = 0, .ofs_y = -2},
    {.bitmap_index = 80811, .adv_w = 320, .box_w = 20, .box_h = 20, .ofs_x = 0, .ofs_y = -2},
    {.bitmap_index = 81011, .adv_w = 320, .box_w = 20, .box_h = 19, .ofs_x = 0, .ofs_y = -1},
    {.bitmap_index = 81201, .adv_w = 320, .box_w = 20, .box_h = 20, .ofs_x = 0, .ofs_y = -2},
    {.bitmap_index = 81401, .adv_w = 320, .box_w = 20, .box_h = 20, .ofs_x = 0, .ofs_y = -2},
    {.bitmap_index = 81601, .adv_w = 320, .box_w = 20, .box_h = 20, .ofs_x = 0, .ofs_y = -2},
    {.bitmap_index = 81801, .adv_w = 320, .box_w = 20, .box_h = 20, .ofs_x = 0, .ofs_y = -2},
    {.bitmap_index = 82001, .adv_w = 320, .box_w = 20, .box_h = 20, .ofs_x = 0, .ofs_y = -2},
    {.bitmap_index = 82201, .adv_w = 320, .box_w = 20, .box_h = 19, .ofs_x = 0, .ofs_y = -2},
    {.bitmap_index = 82391, .adv_w = 320, .box_w = 19, .box_h = 19, .ofs_x = 0, .ofs_y = -2},
    {.bitmap_index = 82572, .adv_w = 320, .box_w = 18, .box_h = 20, .ofs_x = 1, .ofs_y = -2},
    {.bitmap_index = 82752, .adv_w = 320, .box_w = 19, .box_h = 20, .ofs_x = 1, .ofs_y = -2},
    {.bitmap_index = 82942, .adv_w = 320, .box_w = 20, .box_h = 20, .ofs_x = 0, .ofs_y = -2},
    {.bitmap_index = 83142, .adv_w = 320, .box_w = 20, .box_h = 20, .ofs_x = 0, .ofs_y = -2},
    {.bitmap_index = 83342, .adv_w = 320, .box_w = 20, .box_h = 20, .ofs_x = 0, .ofs_y = -2},
    {.bitmap_index = 83542, .adv_w = 320, .box_w = 19, .box_h = 20, .ofs_x = 0, .ofs_y = -2},
    {.bitmap_index = 83732, .adv_w = 320, .box_w = 20, .box_h = 20, .ofs_x = 0, .ofs_y = -2},
    {.bitmap_index = 83932, .adv_w = 320, .box_w = 20, .box_h = 20, .ofs_x = 0, .ofs_y = -2},
    {.bitmap_index = 84132, .adv_w = 320, .box_w = 19, .box_h = 19, .ofs_x = 0, .ofs_y = -2},
    {.bitmap_index = 84313, .adv_w = 320, .box_w = 20, .box_h = 20, .ofs_x = 0, .ofs_y = -2},
    {.bitmap_index = 84513, .adv_w = 320, .box_w = 20, .box_h = 20, .ofs_x = 0, .ofs_y = -2},
    {.bitmap_index = 84713, .adv_w = 320, .box_w = 20, .box_h = 20, .ofs_x = 0, .ofs_y = -2},
    {.bitmap_index = 84913, .adv_w = 320, .box_w = 20, .box_h = 20, .ofs_x = 0, .ofs_y = -2},
    {.bitmap_index = 85113, .adv_w = 320, .box_w = 20, .box_h = 20, .ofs_x = 0, .ofs_y = -2},
    {.bitmap_index = 85313, .adv_w = 320, .box_w = 20, .box_h = 20, .ofs_x = 0, .ofs_y = -2},
    {.bitmap_index = 85513, .adv_w = 320, .box_w = 19, .box_h = 19, .ofs_x = 1, .ofs_y = -2},
    {.bitmap_index = 85694, .adv_w = 320, .box_w = 20, .box_h = 20, .ofs_x = 0, .ofs_y = -2},
    {.bitmap_index = 85894, .adv_w = 320, .box_w = 18, .box_h = 20, .ofs_x = 1, .ofs_y = -2},
    {.bitmap_index = 86074, .adv_w = 320, .box_w = 20, .box_h = 20, .ofs_x = 0, .ofs_y = -2},
    {.bitmap_index = 86274, .adv_w = 320, .box_w = 20, .box_h = 20, .ofs_x = 0, .ofs_y = -2},
    {.bitmap_index = 86474, .adv_w = 320, .box_w = 20, .box_h = 19, .ofs_x = 0, .ofs_y = -2},
    {.bitmap_index = 86664, .adv_w = 320, .box_w = 19, .box_h = 20, .ofs_x = 0, .ofs_y = -2},
    {.bitmap_index = 86854, .adv_w = 320, .box_w = 19, .box_h = 20, .ofs_x = 1, .ofs_y = -2},
    {.bitmap_index = 87044, .adv_w = 320, .box_w = 18, .box_h = 20, .ofs_x = 1, .ofs_y = -2},
    {.bitmap_index = 87224, .adv_w = 320, .box_w = 20, .box_h = 20, .ofs_x = 0, .ofs_y = -2},
    {.bitmap_index = 87424, .adv_w = 320, .box_w = 20, .box_h = 20, .ofs_x = 0, .ofs_y = -2},
    {.bitmap_index = 87624, .adv_w = 320, .box_w = 20, .box_h = 20, .ofs_x = 0, .ofs_y = -2},
    {.bitmap_index = 87824, .adv_w = 320, .box_w = 20, .box_h = 20, .ofs_x = 0, .ofs_y = -2},
    {.bitmap_index = 88024, .adv_w = 320, .box_w = 20, .box_h = 20, .ofs_x = 0, .ofs_y = -2},
    {.bitmap_index = 88224, .adv_w = 320, .box_w = 20, .box_h = 20, .ofs_x = 0, .ofs_y = -2},
    {.bitmap_index = 88424, .adv_w = 320, .box_w = 20, .box_h = 20, .ofs_x = 0, .ofs_y = -2},
    {.bitmap_index = 88624, .adv_w = 320, .box_w = 20, .box_h = 20, .ofs_x = 0, .ofs_y = -2},
    {.bitmap_index = 88824, .adv_w = 320, .box_w = 20, .box_h = 20, .ofs_x = 0, .ofs_y = -2},
    {.bitmap_index = 89024, .adv_w = 320, .box_w = 18, .box_h = 20, .ofs_x = 1, .ofs_y = -2},
    {.bitmap_index = 89204, .adv_w = 320, .box_w = 20, .box_h = 20, .ofs_x = 0, .ofs_y = -2},
    {.bitmap_index = 89404, .adv_w = 320, .box_w = 18, .box_h = 18, .ofs_x = 1, .ofs_y = -1},
    {.bitmap_index = 89566, .adv_w = 320, .box_w = 18, .box_h = 19, .ofs_x = 1, .ofs_y = -1},
    {.bitmap_index = 89737, .adv_w = 320, .box_w = 20, .box_h = 19, .ofs_x = 0, .ofs_y = -2},
    {.bitmap_index = 89927, .adv_w = 320, .box_w = 20, .box_h = 19, .ofs_x = 0, .ofs_y = -2},
    {.bitmap_index = 90117, .adv_w = 320, .box_w = 20, .box_h = 19, .ofs_x = 0, .ofs_y = -1},
    {.bitmap_index = 90307, .adv_w = 320, .box_w = 20, .box_h = 20, .ofs_x = 0, .ofs_y = -2},
    {.bitmap_index = 90507, .adv_w = 320, .box_w = 19, .box_h = 20, .ofs_x = 0, .ofs_y = -2},
    {.bitmap_index = 90697, .adv_w = 320, .box_w = 20, .box_h = 20, .ofs_x = 0, .ofs_y = -2},
    {.bitmap_index = 90897, .adv_w = 320, .box_w = 20, .box_h = 20, .ofs_x = 0, .ofs_y = -2},
    {.bitmap_index = 91097, .adv_w = 320, .box_w = 20, .box_h = 20, .ofs_x = 0, .ofs_y = -2},
    {.bitmap_index = 91297, .adv_w = 320, .box_w = 20, .box_h = 20, .ofs_x = 0, .ofs_y = -2},
    {.bitmap_index = 91497, .adv_w = 320, .box_w = 19, .box_h = 20, .ofs_x = 1, .ofs_y = -2},
    {.bitmap_index = 91687, .adv_w = 320, .box_w = 18, .box_h = 19, .ofs_x = 1, .ofs_y = -2},
    {.bitmap_index = 91858, .adv_w = 320, .box_w = 18, .box_h = 20, .ofs_x = 1, .ofs_y = -2},
    {.bitmap_index = 92038, .adv_w = 320, .box_w = 18, .box_h = 20, .ofs_x = 1, .ofs_y = -2},
    {.bitmap_index = 92218, .adv_w = 320, .box_w = 19, .box_h = 20, .ofs_x = 1, .ofs_y = -2},
    {.bitmap_index = 92408, .adv_w = 320, .box_w = 18, .box_h = 19, .ofs_x = 1, .ofs_y = -2},
    {.bitmap_index = 92579, .adv_w = 320, .box_w = 19, .box_h = 19, .ofs_x = 1, .ofs_y = -2},
    {.bitmap_index = 92760, .adv_w = 320, .box_w = 18, .box_h = 20, .ofs_x = 1, .ofs_y = -2},
    {.bitmap_index = 92940, .adv_w = 320, .box_w = 20, .box_h = 20, .ofs_x = 0, .ofs_y = -2},
    {.bitmap_index = 93140, .adv_w = 320, .box_w = 18, .box_h = 19, .ofs_x = 1, .ofs_y = -2},
    {.bitmap_index = 93311, .adv_w = 320, .box_w = 20, .box_h = 20, .ofs_x = 0, .ofs_y = -2},
    {.bitmap_index = 93511, .adv_w = 320, .box_w = 20, .box_h = 20, .ofs_x = 0, .ofs_y = -2},
    {.bitmap_index = 93711, .adv_w = 320, .box_w = 18, .box_h = 20, .ofs_x = 1, .ofs_y = -2},
    {.bitmap_index = 93891, .adv_w = 320, .box_w = 20, .box_h = 19, .ofs_x = 0, .ofs_y = -2},
    {.bitmap_index = 94081, .adv_w = 320, .box_w = 20, .box_h = 20, .ofs_x = 0, .ofs_y = -2},
    {.bitmap_index = 94281, .adv_w = 320, .box_w = 20, .box_h = 19, .ofs_x = 0, .ofs_y = -2},
    {.bitmap_index = 94471, .adv_w = 320, .box_w = 20, .box_h = 20, .ofs_x = 0, .ofs_y = -2},
    {.bitmap_index = 94671, .adv_w = 320, .box_w = 20, .box_h = 20, .ofs_x = 0, .ofs_y = -2},
    {.bitmap_index = 94871, .adv_w = 320, .box_w = 20, .box_h = 20, .ofs_x = 0, .ofs_y = -2},
    {.bitmap_index = 95071, .adv_w = 320, .box_w = 20, .box_h = 20, .ofs_x = 0, .ofs_y = -2},
    {.bitmap_index = 95271, .adv_w = 320, .box_w = 20, .box_h = 20, .ofs_x = 0, .ofs_y = -2},
    {.bitmap_index = 95471, .adv_w = 320, .box_w = 20, .box_h = 20, .ofs_x = 0, .ofs_y = -2},
    {.bitmap_index = 95671, .adv_w = 320, .box_w = 20, .box_h = 20, .ofs_x = 0, .ofs_y = -3},
    {.bitmap_index = 95871, .adv_w = 320, .box_w = 19, .box_h = 20, .ofs_x = 0, .ofs_y = -2},
    {.bitmap_index = 96061, .adv_w = 320, .box_w = 20, .box_h = 20, .ofs_x = 0, .ofs_y = -2},
    {.bitmap_index = 96261, .adv_w = 320, .box_w = 18, .box_h = 20, .ofs_x = 1, .ofs_y = -2},
    {.bitmap_index = 96441, .adv_w = 320, .box_w = 20, .box_h = 20, .ofs_x = 0, .ofs_y = -2},
    {.bitmap_index = 96641, .adv_w = 320, .box_w = 18, .box_h = 19, .ofs_x = 1, .ofs_y = -1},
    {.bitmap_index = 96812, .adv_w = 320, .box_w = 19, .box_h = 21, .ofs_x = 0, .ofs_y = -3},
    {.bitmap_index = 97012, .adv_w = 320, .box_w = 18, .box_h = 20, .ofs_x = 1, .ofs_y = -2},
    {.bitmap_index = 97192, .adv_w = 320, .box_w = 19, .box_h = 20, .ofs_x = 0, .ofs_y = -2},
    {.bitmap_index = 97382, .adv_w = 320, .box_w = 18, .box_h = 20, .ofs_x = 1, .ofs_y = -2},
    {.bitmap_index = 97562, .adv_w = 320, .box_w = 18, .box_h = 19, .ofs_x = 1, .ofs_y = -2},
    {.bitmap_index = 97733, .adv_w = 320, .box_w = 18, .box_h = 19, .ofs_x = 1, .ofs_y = -2},
    {.bitmap_index = 97904, .adv_w = 320, .box_w = 19, .box_h = 20, .ofs_x = 1, .ofs_y = -2},
    {.bitmap_index = 98094, .adv_w = 320, .box_w = 4, .box_h = 16, .ofs_x = 3, .ofs_y = 0},
    {.bitmap_index = 98126, .adv_w = 320, .box_w = 7, .box_h = 19, .ofs_x = 13, .ofs_y = -2},
    {.bitmap_index = 98193, .adv_w = 320, .box_w = 7, .box_h = 19, .ofs_x = 0, .ofs_y = -2},
    {.bitmap_index = 98260, .adv_w = 320, .box_w = 5, .box_h = 8, .ofs_x = 2, .ofs_y = -3},
    {.bitmap_index = 98280, .adv_w = 320, .box_w = 4, .box_h = 13, .ofs_x = 3, .ofs_y = 0},
    {.bitmap_index = 98306, .adv_w = 320, .box_w = 5, .box_h = 17, .ofs_x = 2, .ofs_y = -4},
    {.bitmap_index = 98349, .adv_w = 320, .box_w = 10, .box_h = 16, .ofs_x = 0, .ofs_y = 0},
};

static const uint16_t unicode_list_1[] = {
    0x0, 0x24fb, 0x2505, 0x2f49, 0x2f8b, 0x2f8d, 0x2f8f, 0x2f91, 0x2f93, 0x2f94, 0x2f95, 0x2f96,
    0x2f97, 0x2f98, 0x2f99, 0x2f9a, 0x2f9b, 0x2f9c, 0x2f9d, 0x2f9e, 0x2f9f, 0x2fa0, 0x2fa1, 0x2fa2,
    0x2fa3, 0x2fa4, 0x2fa5, 0x2fa6, 0x2fa7, 0x2fa8, 0x2fa9, 0x2faa, 0x2fab, 0x2fac, 0x2fad, 0x2fae,
    0x2faf, 0x2fb0, 0x2fb1, 0x2fb2, 0x2fb3, 0x2fb4, 0x2fb5, 0x2fb6, 0x2fb7, 0x2fb8, 0x2fb9, 0x2fba,
    0x2fbb, 0x2fbc, 0x2fbd, 0x2fbe, 0x2fbf, 0x2fc0, 0x2fc1, 0x2fc2, 0x2fc3, 0x2fc4, 0x2fc5, 0x2fc6,
    0x2fc7, 0x2fc8, 0x2fc9, 0x2fca, 0x2fcb, 0x2fcc, 0x2fcd, 0x2fce, 0x2fcf, 0x2fd0, 0x2fd1, 0x2fd2,
    0x2fd3, 0x2fd4, 0x2fd5, 0x2fd6, 0x2fd8, 0x2fdb, 0x2fdc, 0x2feb, 0x2fed, 0x2fef, 0x2ff1, 0x2ff3,
    0x2ff4, 0x2ff5, 0x2ff6, 0x2ff7, 0x2ff8, 0x2ff9, 0x2ffa, 0x2ffb, 0x2ffc, 0x2ffd, 0x2ffe, 0x2fff,
    0x3000, 0x3001, 0x3002, 0x3003, 0x3004, 0x3005, 0x3006, 0x3007, 0x3008, 0x3009, 0x300a, 0x300b,
    0x300d, 0x300e, 0x300f, 0x3010, 0x3011, 0x3012, 0x3013, 0x3014, 0x3015, 0x3016, 0x3017, 0x3018,
    0x3019, 0x301a, 0x301b, 0x301c, 0x301d, 0x301e, 0x301f, 0x3020, 0x3021, 0x3022, 0x3023, 0x3024,
    0x3025, 0x3026, 0x3027, 0x3028, 0x3029, 0x302a, 0x302b, 0x302c, 0x302d, 0x302e, 0x302f, 0x3030,
    0x3031, 0x3032, 0x3033, 0x3034, 0x3035, 0x3036, 0x3038, 0x303b, 0x303c, 0x3045, 0x4d49, 0x4d4c,
    0x4d50, 0x4d52, 0x4d53, 0x4d54, 0x4d56, 0x4d57, 0x4d73, 0x4d76, 0x4d91, 0x4d92, 0x4d99, 0x4da6,
    0x4da9, 0x4daf, 0x4db9, 0x4dbc, 0x4dcf, 0x4dd5, 0x4ddd, 0x4df7, 0x4dfb, 0x4e03, 0x4e09, 0x4e13,
    0x4e63, 0x4e67, 0x4e96, 0x4e97, 0x4e9c, 0x4e9e, 0x4ea9, 0x4ee4, 0x4f08, 0x4f26, 0x4f37, 0x4f62,
    0x4f90, 0x4fa3, 0x4fae, 0x4fe1, 0x508c, 0x508d, 0x5091, 0x50ae, 0x50b1, 0x50b4, 0x50b5, 0x50b6,
    0x50bc, 0x50d6, 0x50e2, 0x5100, 0x5109, 0x5143, 0x514f, 0x5150, 0x5196, 0x51e9, 0x51f1, 0x51fc,
    0x524e, 0x5284, 0x528a, 0x528c, 0x5291, 0x5293, 0x529e, 0x52be, 0x52de, 0x5304, 0x5314, 0x531a,
    0x532c, 0x532d, 0x5338, 0x533c, 0x5341, 0x534c, 0x5356, 0x5357, 0x5375, 0x53df, 0x540a, 0x542e,
    0x542f, 0x5433, 0x548f, 0x5498, 0x54aa, 0x54e5, 0x54e6, 0x557d, 0x5624, 0x5627, 0x5636, 0x5646,
    0x565b, 0x5671, 0x5683, 0x5717, 0x5863, 0x5865, 0x5870, 0x5872, 0x5873, 0x587a, 0x587d, 0x58bf,
    0x58c6, 0x5902, 0x5912, 0x5914, 0x5919, 0x5a99, 0x5aa0, 0x5aa1, 0x5aaf, 0x5ab2, 0x5ad2, 0x5ae5,
    0x5aff, 0x5b02, 0x5b1b, 0x5b26, 0x5b42, 0x5b58, 0x5b5a, 0x5b94, 0x5b98, 0x5bba, 0x5d26, 0x5d2f,
    0x5d3b, 0x5d51, 0x5d79, 0x5d9e, 0x5dbb, 0x5dbc, 0x5dbd, 0x5dd3, 0x5de0, 0x5def, 0x5e00, 0x5e49,
    0x5e68, 0x5eab, 0x5ece, 0x5ed5, 0x5f22, 0x5f34, 0x5f57, 0x5f66, 0x6058, 0x615a, 0x6180, 0x6188,
    0x6189, 0x6194, 0x61a1, 0x6220, 0x6225, 0x6231, 0x6232, 0x6252, 0x62ab, 0x62d5, 0x632a, 0x6482,
    0x64b9, 0x64f9, 0x6502, 0x6518, 0x6529, 0x652e, 0x6530, 0x6532, 0x653f, 0x6557, 0x6571, 0x6578,
    0x6585, 0x658b, 0x65a3, 0x65da, 0x6641, 0x6652, 0x6654, 0x6666, 0x6671, 0x6675, 0x667e, 0x6683,
    0x66ae, 0x66e5, 0x672e, 0x675a, 0x676a, 0x6791, 0x6795, 0x681b, 0x684e, 0x68c6, 0x6a6b, 0x6aac,
    0x6ab8, 0x6b16, 0x6b17, 0x6b18, 0x6b5d, 0x6b60, 0x6b7d, 0x6b90, 0x6bc6, 0x6bea, 0x6bfc, 0x6c02,
    0x6c1e, 0x6c93, 0x6c94, 0x6cc0, 0x6d4e, 0x6e4b, 0x7036, 0x707f, 0x70b0, 0x717f, 0x7190, 0x71a2,
    0x71a4, 0x71b2, 0x71f5, 0x7220, 0x7274, 0x72f9, 0x7468, 0x7471, 0x747e, 0x7483, 0x750e, 0x75c6,
    0x75c7, 0x75cd, 0x7637, 0x7654, 0x7668, 0x7685, 0x76a4, 0x76aa, 0x77b7, 0x7887, 0x78a7, 0x7904,
    0x790a, 0x79c3, 0x79dc, 0x79e0, 0x7a22, 0x7a75, 0x7a92, 0x7a9d, 0x7bbc, 0x7c07, 0x7deb, 0x7e08,
    0x7e1c, 0x7e30, 0x7e36, 0x7eb7, 0x7f4a, 0x7f7c, 0x7fa7, 0x7fd2, 0x8063, 0x8081, 0x8133, 0x81bb,
    0x81fa, 0x827f, 0x8325, 0x8426, 0x8475, 0x8614, 0x8795, 0x87b1, 0x87d4, 0x88d4, 0x890a, 0x8912,
    0x8951, 0x89ba, 0x89e7, 0x89f6, 0x89f9, 0x8aed, 0x8b07, 0x8b16, 0x8b26, 0x8b36, 0x8b3d, 0x8b44,
    0x8b4a, 0x8b6b, 0x8c00, 0x8c6e, 0x8c7e, 0x8cad, 0x8cc0, 0x8cfc, 0x8df4, 0x8e13, 0x8eaf, 0x8eb7,
    0x8ef1, 0x8f02, 0x8f1d, 0x8f22, 0x8f24, 0x8f52, 0x8f96, 0x8f9d, 0x9031, 0x909b, 0x9115, 0x9116,
    0x9117, 0x9118, 0x911a, 0x91c9, 0x93e8, 0x93fa, 0x943f, 0x9462, 0x9490, 0x94c8, 0x94dc, 0x9537,
    0x953d, 0x95ab, 0x9631, 0x9644, 0x969b, 0x96a2, 0x96ab, 0x96bd, 0x96d4, 0x973c, 0x9776, 0x979d,
    0x97e1, 0x97e5, 0x9828, 0x9838, 0x983b, 0x98b6, 0x98b7, 0x990e, 0x99c7, 0x99d5, 0x9a21, 0x9aa3,
    0x9bc5, 0x9c2e, 0x9d68, 0x9d6a, 0x9e0d, 0x9e1a, 0x9e1b, 0x9ec8, 0xfe4a, 0xfe51, 0xfe52, 0xfe55,
    0xfe63, 0xfe64, 0xfe68,
};

static const lv_font_fmt_txt_cmap_t cmaps[] = {
    {
        .range_start = 32, .range_length = 95, .glyph_id_start = 1,
        .unicode_list = NULL, .glyph_id_ofs_list = NULL, .list_length = 0, .type = LV_FONT_FMT_TXT_CMAP_FORMAT0_TINY
    },
    {
        .range_start = 183, .range_length = 65129, .glyph_id_start = 96,
        .unicode_list = unicode_list_1, .glyph_id_ofs_list = NULL, .list_length = 531, .type = LV_FONT_FMT_TXT_CMAP_SPARSE_TINY
    }
};

static const lv_font_fmt_txt_dsc_t font_dsc = {
    .glyph_bitmap = glyph_bitmap,
    .glyph_dsc = glyph_dsc,
    .cmaps = cmaps,
    .kern_dsc = NULL,
    .kern_scale = 0,
    .cmap_num = 2,
    .bpp = 4,
    .kern_classes = 0,
    .bitmap_format = LV_FONT_FMT_TXT_PLAIN,
    .stride = 0,
};

const lv_font_t jp_font_20 = {
    .get_glyph_dsc = lv_font_get_glyph_dsc_fmt_txt,
    .get_glyph_bitmap = lv_font_get_bitmap_fmt_txt,
    .line_height = 25,
    .base_line = 6,
    .subpx = LV_FONT_SUBPX_NONE,
    .underline_position = -2,
    .underline_thickness = 1,
    .dsc = &font_dsc,
    .fallback = NULL,
    .user_data = NULL,
};
